2025-05-24 14:50:25,737 [INFO] Activator:176 - 


2025-05-24 14:50:25,745 [INFO] Activator:177 - !SESSION log4j initialized
2025-05-24 14:50:31,420 [INFO] LogOutputStream:77 - [STDOUT_REDIRECT] 
2025-05-24 14:50:33,407 [ERROR] LogOutputStream:75 - [STDERR_REDIRECT] 
2025-05-24 14:50:37,734 [INFO] LogOutputStream:77 - [STDOUT_REDIRECT] 
2025-05-24 14:50:40,105 [INFO] ApplicationProperties:184 - Using Application install path: /Applications/STM32CubeIDE.app/Contents/Eclipse/plugins/com.st.stm32cube.common.mx_6.13.0.202411220809
2025-05-24 14:50:40,134 [INFO] DbMcusXml:78 - Set database path to: /Applications/STM32CubeIDE.app/Contents/Eclipse/plugins/com.st.stm32cube.common.mx_6.13.0.202411220809//db//mcu/
2025-05-24 14:50:40,135 [INFO] ApiDb:274 - Set plugin database path to: /Applications/STM32CubeIDE.app/Contents/Eclipse/plugins/com.st.stm32cube.common.mx_6.13.0.202411220809//db//plugins/boardmanager/
2025-05-24 14:50:40,136 [WARN] ApiDb:259 - Overriding images path with different value:  => /Applications/STM32CubeIDE.app/Contents/Eclipse/plugins/com.st.stm32cube.common.mx_6.13.0.202411220809//db//plugins/mcufinder/images/
2025-05-24 14:50:40,148 [INFO] ApiDb:250 - Set database path to: /Users/mindhacker999/.stmcufinder/plugins/mcufinder//mcu/
2025-05-24 14:50:40,150 [INFO] DbMcusAds:125 - Set database path to: /Users/mindhacker999/.stmcufinder/plugins/mcufinder//mcu/
2025-05-24 14:50:40,153 [INFO] CrossReferenceDbSqlite:203 - Set database path to: /Users/mindhacker999/.stmcufinder/plugins/mcufinder//mcu/cs/
2025-05-24 14:50:40,421 [INFO] RulesReader:64 - Compatibility file has been processed (297 Rules)
2025-05-24 14:50:40,575 [INFO] DbMcusXml:78 - Set database path to: /Applications/STM32CubeIDE.app/Contents/Eclipse/plugins/com.st.stm32cube.common.mx_6.13.0.202411220809//db//mcu/
2025-05-24 14:50:40,576 [INFO] ApiDb:274 - Set plugin database path to: /Applications/STM32CubeIDE.app/Contents/Eclipse/plugins/com.st.stm32cube.common.mx_6.13.0.202411220809//db//plugins/boardmanager/
2025-05-24 14:50:40,576 [INFO] ApiDb:261 - Set plugin images path to: /Applications/STM32CubeIDE.app/Contents/Eclipse/plugins/com.st.stm32cube.common.mx_6.13.0.202411220809//db//plugins/mcufinder/images/
2025-05-24 14:50:40,577 [WARN] DbFile:41 - Overriding database path with different value: /Users/mindhacker999/.stmcufinder/plugins/mcufinder/ => /Users/mindhacker999/.stmcufinder/plugins/mcufinder
2025-05-24 14:50:40,577 [INFO] ApiDb:250 - Set database path to: /Users/mindhacker999/.stmcufinder/plugins/mcufinder//mcu/
2025-05-24 14:50:40,577 [WARN] DbFile:41 - Overriding database path with different value: /Users/mindhacker999/.stmcufinder/plugins/mcufinder/ => /Users/mindhacker999/.stmcufinder/plugins/mcufinder
2025-05-24 14:50:40,578 [INFO] DbMcusAds:125 - Set database path to: /Users/mindhacker999/.stmcufinder/plugins/mcufinder//mcu/
2025-05-24 14:50:40,578 [WARN] DbFile:41 - Overriding database path with different value: /Users/mindhacker999/.stmcufinder/plugins/mcufinder/ => /Users/mindhacker999/.stmcufinder/plugins/mcufinder
2025-05-24 14:50:40,578 [WARN] DbFile:41 - Overriding database path with different value: /Users/mindhacker999/.stmcufinder/plugins/mcufinder/ => /Users/mindhacker999/.stmcufinder/plugins/mcufinder
2025-05-24 14:50:40,578 [INFO] CrossReferenceDbSqlite:203 - Set database path to: /Users/mindhacker999/.stmcufinder/plugins/mcufinder//mcu/cs/
2025-05-24 14:50:40,684 [INFO] MainPanel:272 - HeapMemory: 293601280
2025-05-24 14:50:41,423 [INFO] DbMcusXml:78 - Set database path to: /Applications/STM32CubeIDE.app/Contents/Eclipse/plugins/com.st.stm32cube.common.mx_6.13.0.202411220809//db//mcu/
2025-05-24 14:50:41,424 [INFO] ApiDb:274 - Set plugin database path to: /Applications/STM32CubeIDE.app/Contents/Eclipse/plugins/com.st.stm32cube.common.mx_6.13.0.202411220809//db//plugins/boardmanager/
2025-05-24 14:50:41,424 [INFO] ApiDb:261 - Set plugin images path to: /Applications/STM32CubeIDE.app/Contents/Eclipse/plugins/com.st.stm32cube.common.mx_6.13.0.202411220809//db//plugins/mcufinder/images/
2025-05-24 14:50:41,424 [WARN] DbFile:41 - Overriding database path with different value: /Users/mindhacker999/.stmcufinder/plugins/mcufinder/ => /Users/mindhacker999/.stmcufinder/plugins/mcufinder
2025-05-24 14:50:41,424 [INFO] ApiDb:250 - Set database path to: /Users/mindhacker999/.stmcufinder/plugins/mcufinder//mcu/
2025-05-24 14:50:41,425 [WARN] DbFile:41 - Overriding database path with different value: /Users/mindhacker999/.stmcufinder/plugins/mcufinder/ => /Users/mindhacker999/.stmcufinder/plugins/mcufinder
2025-05-24 14:50:41,425 [INFO] DbMcusAds:125 - Set database path to: /Users/mindhacker999/.stmcufinder/plugins/mcufinder//mcu/
2025-05-24 14:50:41,425 [WARN] DbFile:41 - Overriding database path with different value: /Users/mindhacker999/.stmcufinder/plugins/mcufinder/ => /Users/mindhacker999/.stmcufinder/plugins/mcufinder
2025-05-24 14:50:41,425 [WARN] DbFile:41 - Overriding database path with different value: /Users/mindhacker999/.stmcufinder/plugins/mcufinder/ => /Users/mindhacker999/.stmcufinder/plugins/mcufinder
2025-05-24 14:50:41,425 [INFO] CrossReferenceDbSqlite:203 - Set database path to: /Users/mindhacker999/.stmcufinder/plugins/mcufinder//mcu/cs/
2025-05-24 14:50:41,455 [INFO] ApplicationProperties:184 - Using Application install path: /Applications/STM32CubeIDE.app/Contents/Eclipse/plugins/com.st.stm32cube.common.mx_6.13.0.202411220809
2025-05-24 14:50:41,457 [INFO] PluginManage:196 - Search for loadable plugins [exclusion list=, ]
2025-05-24 14:50:41,460 [INFO] PluginManage:310 - Check plugin analytics
2025-05-24 14:50:41,758 [INFO] AnalyticsPlugin:253 - Accepted Software Licenses: 
2025-05-24 14:50:41,759 [INFO] AnalyticsPlugin:255 - Accepted CMSIS Pack Licenses: portGmbH.I-Cube-SoM-uGOAL.1.1.0
2025-05-24 14:50:41,759 [INFO] AnalyticsPlugin:257 - Accepted Firmware Licenses: FW.F4.1.28.0
2025-05-24 14:50:41,775 [INFO] PluginManage:359 - Loaded plugin analytics (category:tool,tabindex:-1)
2025-05-24 14:50:41,776 [INFO] PluginManage:310 - Check plugin cadmodel
2025-05-24 14:50:41,798 [INFO] CADModel:105 - Init CAD model plugin
2025-05-24 14:50:41,799 [INFO] PluginManage:359 - Loaded plugin cadmodel (category:power,tabindex:5)
2025-05-24 14:50:41,799 [INFO] PluginManage:310 - Check plugin clock
2025-05-24 14:50:41,813 [INFO] PluginManage:359 - Loaded plugin clock (category:base,tabindex:2)
2025-05-24 14:50:41,813 [INFO] PluginManage:310 - Check plugin ddr
2025-05-24 14:50:41,818 [INFO] PluginManage:359 - Loaded plugin ddr (category:tool,tabindex:6)
2025-05-24 14:50:41,818 [INFO] PluginManage:310 - Check plugin filemanager
2025-05-24 14:50:42,163 [INFO] PluginManage:359 - Loaded plugin filemanager (category:base,tabindex:10)
2025-05-24 14:50:42,163 [INFO] PluginManage:310 - Check plugin ipmanager
2025-05-24 14:50:42,178 [INFO] PluginManage:359 - Loaded plugin ipmanager (category:base,tabindex:5)
2025-05-24 14:50:42,178 [INFO] PluginManage:310 - Check plugin lpbam
2025-05-24 14:50:42,191 [INFO] PluginManage:359 - Loaded plugin lpbam (category:base,tabindex:0)
2025-05-24 14:50:42,192 [INFO] PluginManage:310 - Check plugin memorymap
2025-05-24 14:50:42,206 [INFO] PluginManage:359 - Loaded plugin memorymap (category:base,tabindex:4)
2025-05-24 14:50:42,207 [INFO] PluginManage:310 - Check plugin pinoutandconfiguration
2025-05-24 14:50:42,215 [INFO] PluginManage:359 - Loaded plugin pinoutandconfiguration (category:base,tabindex:1)
2025-05-24 14:50:42,216 [INFO] PluginManage:310 - Check plugin pinoutconfig
2025-05-24 14:50:42,383 [ERROR] LogOutputStream:75 - [STDERR_REDIRECT] [Fatal Error] :2:10: DOCTYPE is disallowed when the feature "http://apache.org/xml/features/disallow-doctype-decl" set to true.
2025-05-24 14:50:42,389 [ERROR] LogOutputStream:75 - [STDERR_REDIRECT] 
2025-05-24 14:50:42,394 [WARN] SupportedApi:132 - Cannot load RTOS API schema: s4s-elt-must-match.1: The content of 'definitions' must match (annotation?, (simpleType | complexType)?, (unique | key | keyref)*)). A problem was found starting at: attribute.
2025-05-24 14:50:42,623 [INFO] PluginManage:359 - Loaded plugin pinoutconfig (category:base,tabindex:0)
2025-05-24 14:50:42,623 [INFO] PluginManage:310 - Check plugin power
2025-05-24 14:50:42,635 [INFO] PluginManage:359 - Loaded plugin power (category:power,tabindex:4)
2025-05-24 14:50:42,635 [INFO] PluginManage:310 - Check plugin projectmanager
2025-05-24 14:50:42,665 [INFO] PluginManage:359 - Loaded plugin projectmanager (category:projectmanager,tabindex:4)
2025-05-24 14:50:42,665 [INFO] PluginManage:310 - Check plugin rif
2025-05-24 14:50:42,674 [INFO] PluginManage:359 - Loaded plugin rif (category:base,tabindex:3)
2025-05-24 14:50:42,674 [INFO] PluginManage:310 - Check plugin thirdparty
2025-05-24 14:50:42,866 [INFO] PluginManage:359 - Loaded plugin thirdparty (category:base,tabindex:-1)
2025-05-24 14:50:42,866 [WARN] IntegrityCheckThread:84 - waiting for thirdparty lock release [integrity check]
2025-05-24 14:50:42,866 [INFO] IntegrityCheckThread:86 - entering critical section [integrity check]
2025-05-24 14:50:42,866 [INFO] PluginManage:310 - Check plugin tools
2025-05-24 14:50:42,868 [INFO] ThirdPartyUpdaterWithRetryManager:70 - Updater plugin not ready yet. [1/15]
2025-05-24 14:50:42,874 [INFO] PluginManage:359 - Loaded plugin tools (category:base,tabindex:7)
2025-05-24 14:50:42,874 [INFO] PluginManage:310 - Check plugin tutovideos
2025-05-24 14:50:43,074 [INFO] PluginManage:359 - Loaded plugin tutovideos (category:base,tabindex:-1)
2025-05-24 14:50:43,074 [INFO] PluginManage:310 - Check plugin updater
2025-05-24 14:50:43,118 [INFO] PluginManage:359 - Loaded plugin updater (category:base,tabindex:12)
2025-05-24 14:50:43,118 [INFO] PluginManage:310 - Check plugin userauth
2025-05-24 14:50:43,126 [INFO] UserAuth:118 - Init User Auth plugin
2025-05-24 14:50:43,129 [INFO] PluginManage:359 - Loaded plugin userauth (category:base,tabindex:14)
2025-05-24 14:50:43,130 [INFO] PluginManage:283 - PluginManage : Loaded plugins [18]
2025-05-24 14:50:43,398 [INFO] PinOutPanel:1589 - setPackage(No Configuration,No Configuration)
2025-05-24 14:50:43,492 [INFO] CADModel:165 - CPN selected for project level
2025-05-24 14:50:43,492 [INFO] CADModel:114 - Register for checkConnection events
2025-05-24 14:50:43,506 [INFO] IPUIPlugin:80 - create IPUIPlugin
2025-05-24 14:50:43,507 [INFO] PluginManager:220 - loadIPPluginJar : add mdma
2025-05-24 14:50:43,513 [INFO] IPUIPlugin:80 - create IPUIPlugin
2025-05-24 14:50:43,513 [INFO] PluginManager:220 - loadIPPluginJar : add freertos
2025-05-24 14:50:43,518 [INFO] IPUIPlugin:80 - create IPUIPlugin
2025-05-24 14:50:43,518 [INFO] PluginManager:220 - loadIPPluginJar : add gic
2025-05-24 14:50:43,527 [INFO] IPUIPlugin:80 - create IPUIPlugin
2025-05-24 14:50:43,528 [INFO] PluginManager:220 - loadIPPluginJar : add adc
2025-05-24 14:50:43,529 [INFO] IPUIPlugin:80 - create IPUIPlugin
2025-05-24 14:50:43,529 [INFO] PluginManager:220 - loadIPPluginJar : add gtzc
2025-05-24 14:50:43,530 [INFO] IPUIPlugin:80 - create IPUIPlugin
2025-05-24 14:50:43,530 [INFO] PluginManager:220 - loadIPPluginJar : add quadspi
2025-05-24 14:50:43,532 [INFO] IPUIPlugin:80 - create IPUIPlugin
2025-05-24 14:50:43,532 [INFO] PluginManager:220 - loadIPPluginJar : add aes
2025-05-24 14:50:43,534 [INFO] IPUIPlugin:80 - create IPUIPlugin
2025-05-24 14:50:43,534 [INFO] PluginManager:220 - loadIPPluginJar : add pdm2pcm
2025-05-24 14:50:43,535 [INFO] IPUIPlugin:80 - create IPUIPlugin
2025-05-24 14:50:43,535 [INFO] PluginManager:220 - loadIPPluginJar : add hash
2025-05-24 14:50:43,536 [INFO] IPUIPlugin:80 - create IPUIPlugin
2025-05-24 14:50:43,536 [INFO] PluginManager:220 - loadIPPluginJar : add tim
2025-05-24 14:50:43,537 [INFO] IPUIPlugin:80 - create IPUIPlugin
2025-05-24 14:50:43,537 [INFO] PluginManager:220 - loadIPPluginJar : add tsc
2025-05-24 14:50:43,540 [INFO] IPUIPlugin:80 - create IPUIPlugin
2025-05-24 14:50:43,540 [INFO] PluginManager:220 - loadIPPluginJar : add extmemmanager
2025-05-24 14:50:43,543 [INFO] IPUIPlugin:80 - create IPUIPlugin
2025-05-24 14:50:43,543 [INFO] PluginManager:220 - loadIPPluginJar : add ts
2025-05-24 14:50:43,545 [INFO] IPUIPlugin:80 - create IPUIPlugin
2025-05-24 14:50:43,545 [INFO] PluginManager:220 - loadIPPluginJar : add radio
2025-05-24 14:50:43,547 [INFO] IPUIPlugin:80 - create IPUIPlugin
2025-05-24 14:50:43,547 [INFO] PluginManager:220 - loadIPPluginJar : add can
2025-05-24 14:50:43,549 [INFO] IPUIPlugin:80 - create IPUIPlugin
2025-05-24 14:50:43,549 [INFO] PluginManager:220 - loadIPPluginJar : add dma3
2025-05-24 14:50:43,551 [INFO] IPUIPlugin:80 - create IPUIPlugin
2025-05-24 14:50:43,551 [INFO] PluginManager:220 - loadIPPluginJar : add dfsdm
2025-05-24 14:50:43,553 [INFO] IPUIPlugin:80 - create IPUIPlugin
2025-05-24 14:50:43,553 [INFO] PluginManager:220 - loadIPPluginJar : add spi
2025-05-24 14:50:43,555 [INFO] IPUIPlugin:80 - create IPUIPlugin
2025-05-24 14:50:43,556 [INFO] PluginManager:220 - loadIPPluginJar : add gfxmmu
2025-05-24 14:50:43,557 [INFO] IPUIPlugin:80 - create IPUIPlugin
2025-05-24 14:50:43,557 [INFO] PluginManager:220 - loadIPPluginJar : add genericplugin
2025-05-24 14:50:43,559 [INFO] IPUIPlugin:80 - create IPUIPlugin
2025-05-24 14:50:43,559 [INFO] PluginManager:220 - loadIPPluginJar : add cryp
2025-05-24 14:50:43,562 [INFO] IPUIPlugin:80 - create IPUIPlugin
2025-05-24 14:50:43,562 [INFO] PluginManager:220 - loadIPPluginJar : add gpio
2025-05-24 14:50:43,564 [INFO] IPUIPlugin:80 - create IPUIPlugin
2025-05-24 14:50:43,565 [INFO] PluginManager:220 - loadIPPluginJar : add ddr_ctrl_phy
2025-05-24 14:50:43,566 [INFO] IPUIPlugin:80 - create IPUIPlugin
2025-05-24 14:50:43,567 [INFO] PluginManager:220 - loadIPPluginJar : add comp
2025-05-24 14:50:43,569 [INFO] IPUIPlugin:80 - create IPUIPlugin
2025-05-24 14:50:43,570 [INFO] PluginManager:220 - loadIPPluginJar : add tracer_emb
2025-05-24 14:50:43,572 [INFO] IPUIPlugin:80 - create IPUIPlugin
2025-05-24 14:50:43,572 [INFO] PluginManager:220 - loadIPPluginJar : add openamp
2025-05-24 14:50:43,577 [INFO] IPUIPlugin:80 - create IPUIPlugin
2025-05-24 14:50:43,577 [INFO] PluginManager:220 - loadIPPluginJar : add stm32_wpan
2025-05-24 14:50:43,584 [INFO] IPUIPlugin:80 - create IPUIPlugin
2025-05-24 14:50:43,587 [INFO] PluginManager:220 - loadIPPluginJar : add plateformsettings
2025-05-24 14:50:43,589 [INFO] IPUIPlugin:80 - create IPUIPlugin
2025-05-24 14:50:43,590 [INFO] PluginManager:220 - loadIPPluginJar : add ipddr
2025-05-24 14:50:43,591 [INFO] IPUIPlugin:80 - create IPUIPlugin
2025-05-24 14:50:43,592 [INFO] PluginManager:220 - loadIPPluginJar : add usart
2025-05-24 14:50:43,592 [INFO] IPUIPlugin:80 - create IPUIPlugin
2025-05-24 14:50:43,592 [INFO] PluginManager:220 - loadIPPluginJar : add ltdc
2025-05-24 14:50:43,594 [INFO] IPUIPlugin:80 - create IPUIPlugin
2025-05-24 14:50:43,594 [INFO] PluginManager:220 - loadIPPluginJar : add nvic
2025-05-24 14:50:43,595 [INFO] IPUIPlugin:80 - create IPUIPlugin
2025-05-24 14:50:43,595 [INFO] PluginManager:220 - loadIPPluginJar : add fatfs
2025-05-24 14:50:43,601 [INFO] IPUIPlugin:80 - create IPUIPlugin
2025-05-24 14:50:43,601 [INFO] PluginManager:220 - loadIPPluginJar : add linkedlist
2025-05-24 14:50:43,606 [INFO] IPUIPlugin:80 - create IPUIPlugin
2025-05-24 14:50:43,606 [INFO] PluginManager:220 - loadIPPluginJar : add dma
2025-05-24 14:50:43,609 [INFO] IPUIPlugin:80 - create IPUIPlugin
2025-05-24 14:50:43,609 [INFO] PluginManager:220 - loadIPPluginJar : add fmc
2025-05-24 14:50:43,611 [INFO] IPUIPlugin:80 - create IPUIPlugin
2025-05-24 14:50:43,611 [INFO] PluginManager:220 - loadIPPluginJar : add i2s
2025-05-24 14:50:43,612 [INFO] IPUIPlugin:80 - create IPUIPlugin
2025-05-24 14:50:43,612 [INFO] PluginManager:220 - loadIPPluginJar : add ucpd
2025-05-24 14:50:43,613 [INFO] IPUIPlugin:80 - create IPUIPlugin
2025-05-24 14:50:43,613 [INFO] PluginManager:220 - loadIPPluginJar : add lorawan
2025-05-24 14:50:43,617 [INFO] IPUIPlugin:80 - create IPUIPlugin
2025-05-24 14:50:43,617 [INFO] PluginManager:220 - loadIPPluginJar : add opamp
2025-05-24 14:50:43,618 [INFO] IPUIPlugin:80 - create IPUIPlugin
2025-05-24 14:50:43,618 [INFO] PluginManager:220 - loadIPPluginJar : add i3c
2025-05-24 14:50:43,620 [INFO] IPUIPlugin:80 - create IPUIPlugin
2025-05-24 14:50:43,620 [INFO] PluginManager:220 - loadIPPluginJar : add touchsensing
2025-05-24 14:50:43,623 [INFO] IPUIPlugin:80 - create IPUIPlugin
2025-05-24 14:50:43,623 [INFO] PluginManager:220 - loadIPPluginJar : add i2c
2025-05-24 14:50:43,626 [INFO] IPUIPlugin:80 - create IPUIPlugin
2025-05-24 14:50:43,626 [INFO] PluginManager:220 - loadIPPluginJar : add resmgrutility
2025-05-24 14:50:43,627 [INFO] IPUIPlugin:80 - create IPUIPlugin
2025-05-24 14:50:43,628 [INFO] PluginManager:220 - loadIPPluginJar : add sai
2025-05-24 14:50:43,629 [INFO] IPUIPlugin:80 - create IPUIPlugin
2025-05-24 14:50:43,629 [INFO] PluginManager:220 - loadIPPluginJar : add usbx
2025-05-24 14:50:43,776 [FATAL] Updater:351 - Updater called before beeing initialized
2025-05-24 14:50:44,177 [INFO] RulesReader:64 - Compatibility file has been processed (297 Rules)
2025-05-24 14:50:44,212 [INFO] RulesReader:64 - Compatibility file has been processed (297 Rules)
2025-05-24 14:50:44,270 [INFO] CADModel:165 - CPN selected for project level
2025-05-24 14:50:44,270 [INFO] CADModel:114 - Register for checkConnection events
2025-05-24 14:50:44,270 [FATAL] Updater:351 - Updater called before beeing initialized
2025-05-24 14:50:44,270 [ERROR] CADModel:125 - Updater not yet initialized, retry later 
2025-05-24 14:50:44,652 [FATAL] Updater:351 - Updater called before beeing initialized
2025-05-24 14:50:44,655 [INFO] CADModel:165 - CPN selected for project level
2025-05-24 14:50:44,657 [INFO] CADModel:114 - Register for checkConnection events
2025-05-24 14:50:44,657 [FATAL] Updater:351 - Updater called before beeing initialized
2025-05-24 14:50:44,657 [ERROR] CADModel:125 - Updater not yet initialized, retry later 
2025-05-24 14:50:44,661 [FATAL] Updater:351 - Updater called before beeing initialized
2025-05-24 14:50:44,848 [FATAL] Updater:351 - Updater called before beeing initialized
2025-05-24 14:50:44,856 [INFO] DbMcusAds:53 - JSON generation date=Thu Mar 06 06:54:22 PST 2025 (1741272862078)
2025-05-24 14:50:44,857 [FATAL] Updater:351 - Updater called before beeing initialized
2025-05-24 14:50:44,964 [WARN] DetailPanel:346 - Failed to get advertising image, set to default
2025-05-24 14:50:45,265 [FATAL] Updater:351 - Updater called before beeing initialized
2025-05-24 14:50:45,268 [FATAL] Updater:351 - Updater called before beeing initialized
2025-05-24 14:50:45,268 [FATAL] Updater:351 - Updater called before beeing initialized
2025-05-24 14:50:45,268 [WARN] DetailPanel:346 - Failed to get advertising image, set to default
2025-05-24 14:50:45,269 [FATAL] Updater:351 - Updater called before beeing initialized
2025-05-24 14:50:45,376 [ERROR] Updater:1198 - MainUpdater not yet initialized. External WinMGr cannot be set.
2025-05-24 14:50:45,393 [INFO] Updater:1134 - Updater Version found : 6.13.0
2025-05-24 14:50:45,415 [INFO] ApplicationProperties:184 - Using Application install path: /Applications/STM32CubeIDE.app/Contents/Eclipse/plugins/com.st.stm32cube.common.mx_6.13.0.202411220809
2025-05-24 14:50:45,877 [INFO] ThirdPartyUpdaterWithRetryManager:70 - Updater plugin not ready yet. [2/15]
2025-05-24 14:50:45,902 [INFO] MainUpdater:2872 - connection check result : 10
2025-05-24 14:50:45,903 [INFO] MainUpdater:289 - Updater Check For Update Now.
2025-05-24 14:50:45,903 [INFO] MicroXplorer:498 - Change Database Version : DB.6.0.130
2025-05-24 14:50:45,917 [INFO] McuFinderGlobals:63 - Set McuFinder mode to 2 (CubeIDE integrated)
2025-05-24 14:50:45,921 [INFO] UserAuth:486 - Internet connection configuration mode: 1
2025-05-24 14:50:45,937 [INFO] JxBrowserEngine:152 - Initiate JxBrowser Engine with user profile folder
2025-05-24 14:50:46,194 [INFO] CheckServerUpdateThread:120 - End of CheckServer Thread
2025-05-24 14:50:49,106 [WARN] PackLoader:240 - Cannot read IP mode file for STMicroelectronics.FP-SNS-MOTENVWB1.1.4.0
2025-05-24 14:50:49,133 [WARN] PackLoader:240 - Cannot read IP mode file for STMicroelectronics.FP-ATR-ASTRA1.2.0.2
2025-05-24 14:50:49,148 [WARN] PackLoader:240 - Cannot read IP mode file for STMicroelectronics.FP-ATR-ASTRA1.2.0.1
2025-05-24 14:50:49,164 [WARN] PackLoader:240 - Cannot read IP mode file for STMicroelectronics.X-CUBE-SMBUS.2.1.0
2025-05-24 14:50:49,176 [WARN] PackLoader:240 - Cannot read IP mode file for STMicroelectronics.X-CUBE-WB05N.1.1.0
2025-05-24 14:50:49,228 [WARN] PackLoader:240 - Cannot read IP mode file for STMicroelectronics.X-CUBE-AZRTOS-F7.1.1.0
2025-05-24 14:50:49,250 [WARN] PackLoader:240 - Cannot read IP mode file for STMicroelectronics.FP-SNS-FLIGHT1.5.0.2
2025-05-24 14:50:49,300 [WARN] PackLoader:240 - Cannot read IP mode file for Infineon.AIROC-Wi-Fi-Bluetooth-STM32.1.7.0
2025-05-24 14:50:49,343 [WARN] PackLoader:240 - Cannot read IP mode file for STMicroelectronics.X-CUBE-DISPLAY.3.0.0
2025-05-24 14:50:49,375 [WARN] PackLoader:240 - Cannot read IP mode file for STMicroelectronics.X-CUBE-BLE1.7.0.0
2025-05-24 14:50:49,391 [WARN] PackLoader:240 - Cannot read IP mode file for STMicroelectronics.X-CUBE-NFC10.1.0.0
2025-05-24 14:50:49,415 [WARN] PackLoader:240 - Cannot read IP mode file for STMicroelectronics.X-CUBE-BLEMGR.4.0.0
2025-05-24 14:50:49,427 [WARN] PackLoader:240 - Cannot read IP mode file for emotas.I-CUBE-CANOPEN.1.3.0
2025-05-24 14:50:49,437 [WARN] PackLoader:240 - Cannot read IP mode file for STMicroelectronics.X-CUBE-AI.10.0.0
2025-05-24 14:50:49,451 [WARN] PackLoader:240 - Cannot read IP mode file for STMicroelectronics.FP-SNS-SMARTAG2.1.2.0
2025-05-24 14:50:49,456 [WARN] PackLoader:240 - Cannot read IP mode file for STMicroelectronics.FP-SNS-FLIGHT1.5.1.0
2025-05-24 14:50:49,559 [WARN] PackLoader:240 - Cannot read IP mode file for STMicroelectronics.X-CUBE-MEMS1.11.1.0
2025-05-24 14:50:49,711 [INFO] LogOutputStream:77 - [STDOUT_REDIRECT] 1 : Invalid condition id : UX_CORESTACK_Condition cause : null
2025-05-24 14:50:49,713 [INFO] LogOutputStream:77 - [STDOUT_REDIRECT] 1 : Invalid condition id : UX_CORESTACK_Condition cause : null
2025-05-24 14:50:49,714 [INFO] LogOutputStream:77 - [STDOUT_REDIRECT] 1 : Invalid condition id : UX_CORESTACK_Condition cause : null
2025-05-24 14:50:49,717 [INFO] LogOutputStream:77 - [STDOUT_REDIRECT] 1 : Invalid condition id : UX_CORESTACK_Condition cause : null
2025-05-24 14:50:49,717 [INFO] LogOutputStream:77 - [STDOUT_REDIRECT] 1 : Invalid condition id : UX_CORESTACK_Condition cause : null
2025-05-24 14:50:49,723 [WARN] PackLoader:240 - Cannot read IP mode file for STMicroelectronics.X-CUBE-AZRTOS-WL.2.0.0
2025-05-24 14:50:49,734 [WARN] PackLoader:240 - Cannot read IP mode file for STMicroelectronics.FP-SNS-MOTENV1.5.0.0
2025-05-24 14:50:49,739 [WARN] PackLoader:240 - Cannot read IP mode file for wolfSSL.I-CUBE-wolfMQTT.1.19.0
2025-05-24 14:50:49,747 [WARN] PackLoader:240 - Cannot read IP mode file for WES.I-CUBE-Cesium.1.3.0
2025-05-24 14:50:49,752 [WARN] PackLoader:240 - Cannot read IP mode file for STMicroelectronics.X-CUBE-BLE2.3.3.0
2025-05-24 14:50:49,764 [WARN] PackLoader:240 - Cannot read IP mode file for STMicroelectronics.X-CUBE-NFC9.1.0.0
2025-05-24 14:50:49,776 [WARN] PackLoader:240 - Cannot read IP mode file for STMicroelectronics.X-CUBE-BLE1.7.1.0
2025-05-24 14:50:49,846 [WARN] PackLoader:240 - Cannot read IP mode file for STMicroelectronics.X-CUBE-MEMS1.11.2.0
2025-05-24 14:50:50,289 [WARN] PackLoader:240 - Cannot read IP mode file for STMicroelectronics.X-CUBE-AZRTOS-G0.1.1.0
2025-05-24 14:50:50,361 [WARN] PackLoader:240 - Cannot read IP mode file for STMicroelectronics.X-CUBE-SAFEA1.1.2.2
2025-05-24 14:50:50,376 [WARN] PackLoader:240 - Cannot read IP mode file for STMicroelectronics.X-CUBE-NFC4.3.0.0
2025-05-24 14:50:50,401 [WARN] PackLoader:240 - Cannot read IP mode file for EmbeddedOffice.I-CUBE-FS-RTOS.1.0.1
2025-05-24 14:50:50,416 [WARN] PackLoader:240 - Cannot read IP mode file for STMicroelectronics.X-CUBE-WB05N.2.0.0
2025-05-24 14:50:50,429 [WARN] PackLoader:240 - Cannot read IP mode file for STMicroelectronics.X-CUBE-TCPP.4.2.0
2025-05-24 14:50:50,437 [WARN] PackLoader:240 - Cannot read IP mode file for RealThread.X-CUBE-RT-Thread_Nano.4.1.1
2025-05-24 14:50:50,443 [WARN] PackLoader:240 - Cannot read IP mode file for STMicroelectronics.FP-ATR-SIGFOX1.3.2.0
2025-05-24 14:50:50,448 [WARN] ConditionMgr:438 - getConditionDescription Invalid condition id : Cortex-A Device cause : null
2025-05-24 14:50:50,530 [WARN] ConditionMgr:1044 - genDependencies : Invalid condition id : Cortex-A Device cause : null
2025-05-24 14:50:50,531 [WARN] ConditionMgr:1044 - genDependencies : Invalid condition id : Cortex-A Device cause : null
2025-05-24 14:50:50,531 [WARN] ConditionMgr:1044 - genDependencies : Invalid condition id : Cortex-A Device cause : null
2025-05-24 14:50:50,541 [WARN] PackLoader:240 - Cannot read IP mode file for STMicroelectronics.X-CUBE-EEPRMA1.5.1.0
2025-05-24 14:50:50,547 [WARN] PackLoader:240 - Cannot read IP mode file for wolfSSL.I-CUBE-wolfSSL.5.7.4
2025-05-24 14:50:50,553 [WARN] PackLoader:240 - Cannot read IP mode file for ITTIA_DB.I-CUBE-ITTIADB.8.9.0
2025-05-24 14:50:50,631 [WARN] PackLoader:240 - Cannot read IP mode file for SEGGER.I-CUBE-embOS.1.3.1
2025-05-24 14:50:50,708 [WARN] PackLoader:240 - Cannot read IP mode file for STMicroelectronics.X-CUBE-ALGOBUILD.1.4.0
2025-05-24 14:50:50,717 [WARN] PackLoader:240 - Cannot read IP mode file for STMicroelectronics.X-CUBE-AI.9.1.0
2025-05-24 14:50:50,745 [WARN] PackLoader:240 - Cannot read IP mode file for STMicroelectronics.X-CUBE-AZRTOS-F4.1.1.0
2025-05-24 14:50:50,755 [WARN] PackLoader:240 - Cannot read IP mode file for Avnet-IotConnect.X-CUBE-IoTC-DA16k-PMOD.1.0.0
2025-05-24 14:50:50,759 [WARN] PackLoader:240 - Cannot read IP mode file for STMicroelectronics.X-CUBE-ISPU.2.1.0
2025-05-24 14:50:50,789 [WARN] PackLoader:240 - Cannot read IP mode file for STMicroelectronics.X-CUBE-AZRTOS-L5.2.0.0
2025-05-24 14:50:50,806 [WARN] PackLoader:240 - Cannot read IP mode file for STMicroelectronics.X-CUBE-NFC6.3.1.0
2025-05-24 14:50:50,822 [WARN] PackLoader:240 - Cannot read IP mode file for STMicroelectronics.X-CUBE-DPower.1.2.0
2025-05-24 14:50:50,837 [WARN] PackLoader:240 - Cannot read IP mode file for STMicroelectronics.X-CUBE-FREERTOS.1.3.1
2025-05-24 14:50:50,854 [WARN] PackLoader:240 - Cannot read IP mode file for STMicroelectronics.X-CUBE-FREERTOS.1.3.0
2025-05-24 14:50:50,879 [WARN] PackLoader:240 - Cannot read IP mode file for STMicroelectronics.X-CUBE-NFC7.1.0.1
2025-05-24 14:50:50,919 [WARN] PackLoader:240 - Cannot read IP mode file for STMicroelectronics.X-CUBE-DPower.1.3.0
2025-05-24 14:50:50,961 [WARN] ConditionMgr:438 - getConditionDescription Invalid condition id : LAN8742 Phy interface Condition cause : null
2025-05-24 14:50:50,964 [WARN] PackLoader:240 - Cannot read IP mode file for STMicroelectronics.X-CUBE-AZRTOS-L4.2.0.0
2025-05-24 14:50:50,974 [WARN] ConditionMgr:1044 - genDependencies : Invalid condition id : LAN8742 Phy interface Condition cause : null
2025-05-24 14:50:50,975 [WARN] ConditionMgr:1044 - genDependencies : Invalid condition id : LAN8742 Phy interface Condition cause : null
2025-05-24 14:50:50,977 [WARN] ConditionMgr:1044 - genDependencies : Invalid condition id : LAN8742 Phy interface Condition cause : null
2025-05-24 14:50:50,992 [WARN] PackLoader:240 - Cannot read IP mode file for STMicroelectronics.X-CUBE-SFXS2LP1.4.0.0
2025-05-24 14:50:51,069 [WARN] PackLoader:240 - Cannot read IP mode file for STMicroelectronics.X-CUBE-AZRTOS-H7.3.3.0
2025-05-24 14:50:51,124 [WARN] ConditionMgr:438 - getConditionDescription Invalid condition id : UX DEVICE CLASS RTOS Condition cause : null
2025-05-24 14:50:51,130 [WARN] ConditionMgr:438 - getConditionDescription Invalid condition id : UX DEVICE CLASS RTOS Condition cause : null
2025-05-24 14:50:51,137 [WARN] PackLoader:240 - Cannot read IP mode file for STMicroelectronics.X-CUBE-AZRTOS-WB.2.0.0
2025-05-24 14:50:51,141 [WARN] ConditionMgr:1044 - genDependencies : Invalid condition id : UX DEVICE CLASS RTOS Condition cause : null
2025-05-24 14:50:51,144 [WARN] ConditionMgr:1044 - genDependencies : Invalid condition id : UX DEVICE CLASS RTOS Condition cause : null
2025-05-24 14:50:51,149 [WARN] ConditionMgr:1044 - genDependencies : Invalid condition id : UX DEVICE CLASS RTOS Condition cause : null
2025-05-24 14:50:51,152 [WARN] ConditionMgr:1044 - genDependencies : Invalid condition id : UX DEVICE CLASS RTOS Condition cause : null
2025-05-24 14:50:51,155 [WARN] ConditionMgr:1044 - genDependencies : Invalid condition id : UX DEVICE CLASS RTOS Condition cause : null
2025-05-24 14:50:51,168 [WARN] PackLoader:240 - Cannot read IP mode file for STMicroelectronics.X-CUBE-GNSS1.7.0.1
2025-05-24 14:50:51,178 [WARN] PackLoader:240 - Cannot read IP mode file for STMicroelectronics.X-CUBE-TOUCHGFX.4.25.0
2025-05-24 14:50:51,189 [WARN] PackLoader:240 - Cannot read IP mode file for STMicroelectronics.FP-SNS-STBOX1.2.0.0
2025-05-24 14:50:51,237 [WARN] PackLoader:240 - Cannot read IP mode file for STMicroelectronics.X-CUBE-SUBG2.5.0.0
2025-05-24 14:50:51,283 [WARN] PackLoader:240 - Cannot read IP mode file for STMicroelectronics.X-CUBE-AZRTOS-H7RS.1.1.0
2025-05-24 14:50:51,296 [WARN] PackLoader:240 - Cannot read IP mode file for Cesanta.I-CUBE-Mongoose.7.13.0
2025-05-24 14:50:51,327 [WARN] PackLoader:240 - Cannot read IP mode file for STMicroelectronics.X-CUBE-AZRTOS-G4.2.0.0
2025-05-24 14:50:51,345 [WARN] PackLoader:240 - Cannot read IP mode file for STMicroelectronics.X-CUBE-NFC7.2.0.0
2025-05-24 14:50:51,385 [WARN] PackLoader:240 - Cannot read IP mode file for STMicroelectronics.X-CUBE-IPS.3.1.0
2025-05-24 14:50:51,401 [WARN] PackLoader:240 - Cannot read IP mode file for STMicroelectronics.X-CUBE-ALS.1.0.2
2025-05-24 14:50:51,409 [WARN] PackLoader:240 - Cannot read IP mode file for STMicroelectronics.X-CUBE-TOUCHGFX.4.24.2
2025-05-24 14:50:51,413 [WARN] PackLoader:240 - Cannot read IP mode file for wolfSSL.I-CUBE-wolfTPM.3.4.0
2025-05-24 14:50:51,430 [WARN] PackLoader:240 - Cannot read IP mode file for portGmbH.I-Cube-SoM-uGOAL.1.1.0
2025-05-24 14:50:51,508 [INFO] WebApp:168 - Instantiating new browser for Auth
2025-05-24 14:50:51,799 [WARN] PackLoader:240 - Cannot read IP mode file for STMicroelectronics.X-CUBE-AZRTOS-H7RS.1.0.0
2025-05-24 14:50:51,832 [WARN] PackLoader:240 - Cannot read IP mode file for STMicroelectronics.X-CUBE-TOF1.3.4.2
2025-05-24 14:50:51,868 [WARN] PackLoader:240 - Cannot read IP mode file for STMicroelectronics.X-CUBE-TOF1.3.4.3
2025-05-24 14:50:51,884 [WARN] PackLoader:240 - Cannot read IP mode file for wolfSSL.I-CUBE-wolfSSH.1.4.17
2025-05-24 14:50:51,886 [INFO] ThirdParty:978 - Integrity check success = true
2025-05-24 14:50:51,886 [INFO] IntegrityCheckThread:100 - exiting critical section [integrity check]
2025-05-24 14:50:51,886 [INFO] IntegrityCheckThread:103 - End integrity checks thread
2025-05-24 14:50:53,492 [INFO] WebApp:449 - Apply proxy settings
2025-05-24 14:50:53,507 [INFO] WebApp:494 - Chromium authenticates against Manually configured proxy
2025-05-24 14:50:53,534 [INFO] WebApp:502 - Username used for proxy authentication: 
2025-05-24 14:50:53,617 [INFO] WebApp:880 - Register for checkConnection events
2025-05-24 14:50:53,618 [INFO] WebApp:449 - Apply proxy settings
2025-05-24 14:50:53,622 [INFO] WebApp:494 - Chromium authenticates against Manually configured proxy
2025-05-24 14:50:53,623 [INFO] WebApp:502 - Username used for proxy authentication: 
2025-05-24 14:50:53,871 [INFO] WebApp:221 - Starting web application
2025-05-24 14:50:53,872 [INFO] WebApp:579 - Web application path used /Applications/STM32CubeIDE.app/Contents/Eclipse/plugins/com.st.stm32cube.common.mx_6.13.0.202411220809/db/plugins/mcufinder/reactClient1/index.html
2025-05-24 14:50:54,300 [INFO] WebApp:187 - Connection restablished
2025-05-24 14:50:55,185 [INFO] UserAuth:486 - Internet connection configuration mode: 1
2025-05-24 17:18:13,978 [INFO] McuFinderGlobals:63 - Set McuFinder mode to 2 (CubeIDE integrated)
2025-05-24 17:18:13,999 [INFO] MainUpdater:2872 - connection check result : 10
2025-05-24 17:18:14,001 [INFO] MainUpdater:2872 - connection check result : 10
2025-05-24 17:18:14,705 [INFO] MicroXplorer:468 - Change Database Path : 
2025-05-24 17:18:14,707 [INFO] MicroXplorer:498 - Change Database Version : DB.6.0.130
2025-05-24 17:18:14,714 [WARN] ThirdParty:871 - waiting for thirdparty lock release [close project]
2025-05-24 17:18:14,714 [INFO] ThirdParty:873 - entering critical section [close project]
2025-05-24 17:18:14,722 [INFO] ThirdParty:883 - exiting critical section [close project]
2025-05-24 17:18:14,728 [INFO] PinOutPanel:1589 - setPackage(No Configuration,No Configuration)
2025-05-24 17:18:14,747 [INFO] UtilMem:75 - Begin LoadConfig() Used Memory: 704090816 Bytes (1073741824)
2025-05-24 17:18:14,750 [INFO] MicroXplorer:468 - Change Database Path : 
2025-05-24 17:18:14,750 [INFO] MicroXplorer:498 - Change Database Version : DB.6.0.130
2025-05-24 17:18:14,750 [INFO] OpenFileManager:332 - Change cursor
2025-05-24 17:18:14,879 [INFO] Mcu:2035 - Initializing MCU STM32F411C(C-E)Ux STM32F411CEUx STM32F411CEU6
2025-05-24 17:18:16,823 [INFO] Context:748 - Trying to add GPIOservice into a context  which must be forbidden
2025-05-24 17:18:17,687 [INFO] RtosManager:555 - Registered RTOS mode: class=CMSIS, group=RTOS, mode=CMSIS_V1, owner=FREERTOS
2025-05-24 17:18:17,690 [INFO] RtosManager:555 - Registered RTOS mode: class=CMSIS, group=RTOS2, mode=CMSIS_V2, owner=FREERTOS
2025-05-24 17:18:17,690 [INFO] RtosManager:555 - Registered RTOS mode: class=RTOS, group=Core, mode=CMSIS_V1, owner=FREERTOS
2025-05-24 17:18:17,690 [INFO] RtosManager:555 - Registered RTOS mode: class=RTOS, group=Core, mode=CMSIS_V2, owner=FREERTOS
2025-05-24 17:18:17,690 [WARN] ModelIntegratedComponent:184 - Missing modes for component STMicroelectronics:FreeRTOS:0.0.1:STMicroelectronics:RTOS:FreeRTOS:Core:::10.2.0:
2025-05-24 17:18:17,717 [WARN] ModelIntegratedComponent:182 - Modes not found for component STMicroelectronics:USB_HOST:1.0.0:STMicroelectronics:USB::USB Host:Audio HS::1.0:USB_HOST_1_0_RESTRICTED_HS
2025-05-24 17:18:17,717 [WARN] ModelIntegratedComponent:188 - Modes not found for component STMicroelectronics:USB_HOST:1.0.0:STMicroelectronics:USB::USB Host:Audio HS::1.0:USB_HOST_1_0_RESTRICTED_HS
2025-05-24 17:18:17,717 [WARN] ModelIntegratedComponent:182 - Modes not found for component STMicroelectronics:USB_HOST:1.0.0:STMicroelectronics:USB::USB Host:CDC HS::1.0:USB_HOST_1_0_RESTRICTED_HS
2025-05-24 17:18:17,717 [WARN] ModelIntegratedComponent:188 - Modes not found for component STMicroelectronics:USB_HOST:1.0.0:STMicroelectronics:USB::USB Host:CDC HS::1.0:USB_HOST_1_0_RESTRICTED_HS
2025-05-24 17:18:17,717 [WARN] ModelIntegratedComponent:182 - Modes not found for component STMicroelectronics:USB_HOST:1.0.0:STMicroelectronics:USB::USB Host:MSC HS::1.0:USB_HOST_1_0_RESTRICTED_HS
2025-05-24 17:18:17,718 [WARN] ModelIntegratedComponent:188 - Modes not found for component STMicroelectronics:USB_HOST:1.0.0:STMicroelectronics:USB::USB Host:MSC HS::1.0:USB_HOST_1_0_RESTRICTED_HS
2025-05-24 17:18:17,718 [WARN] ModelIntegratedComponent:182 - Modes not found for component STMicroelectronics:USB_HOST:1.0.0:STMicroelectronics:USB::USB Host:HID HS::1.0:USB_HOST_1_0_RESTRICTED_HS
2025-05-24 17:18:17,718 [WARN] ModelIntegratedComponent:188 - Modes not found for component STMicroelectronics:USB_HOST:1.0.0:STMicroelectronics:USB::USB Host:HID HS::1.0:USB_HOST_1_0_RESTRICTED_HS
2025-05-24 17:18:17,718 [WARN] ModelIntegratedComponent:182 - Modes not found for component STMicroelectronics:USB_HOST:1.0.0:STMicroelectronics:USB::USB Host:MTP HS::1.0:USB_HOST_1_0_RESTRICTED_HS
2025-05-24 17:18:17,718 [WARN] ModelIntegratedComponent:188 - Modes not found for component STMicroelectronics:USB_HOST:1.0.0:STMicroelectronics:USB::USB Host:MTP HS::1.0:USB_HOST_1_0_RESTRICTED_HS
2025-05-24 17:18:17,743 [WARN] ModelIntegratedComponent:63 - No mode defined for component null
2025-05-24 17:18:17,743 [WARN] ModelIntegratedComponent:63 - No mode defined for component null
2025-05-24 17:18:17,743 [WARN] ModelIntegratedComponent:63 - No mode defined for component null
2025-05-24 17:18:17,743 [WARN] ModelIntegratedComponent:63 - No mode defined for component null
2025-05-24 17:18:17,743 [WARN] ModelIntegratedComponent:63 - No mode defined for component null
2025-05-24 17:18:17,743 [WARN] ModelIntegratedComponent:63 - No mode defined for component null
2025-05-24 17:18:17,743 [WARN] ModelIntegratedComponent:63 - No mode defined for component null
2025-05-24 17:18:17,743 [WARN] ModelIntegratedComponent:63 - No mode defined for component null
2025-05-24 17:18:17,743 [WARN] ModelIntegratedComponent:63 - No mode defined for component null
2025-05-24 17:18:17,743 [WARN] ModelIntegratedComponent:63 - No mode defined for component null
2025-05-24 17:18:17,743 [WARN] ModelIntegratedComponent:63 - No mode defined for component null
2025-05-24 17:18:17,744 [WARN] ModelIntegratedComponent:63 - No mode defined for component null
2025-05-24 17:18:17,744 [WARN] ModelIntegratedComponent:63 - No mode defined for component null
2025-05-24 17:18:17,744 [WARN] ModelIntegratedComponent:63 - No mode defined for component null
2025-05-24 17:18:17,744 [WARN] ModelIntegratedComponent:63 - No mode defined for component null
2025-05-24 17:18:17,744 [WARN] ModelIntegratedComponent:63 - No mode defined for component null
2025-05-24 17:18:17,744 [WARN] ModelIntegratedComponent:63 - No mode defined for component null
2025-05-24 17:18:17,744 [WARN] ModelIntegratedComponent:63 - No mode defined for component null
2025-05-24 17:18:17,744 [WARN] ModelIntegratedComponent:63 - No mode defined for component null
2025-05-24 17:18:17,744 [WARN] ModelIntegratedComponent:63 - No mode defined for component null
2025-05-24 17:18:17,744 [WARN] ModelIntegratedComponent:63 - No mode defined for component null
2025-05-24 17:18:17,744 [WARN] ModelIntegratedComponent:63 - No mode defined for component null
2025-05-24 17:18:17,744 [WARN] ModelIntegratedComponent:63 - No mode defined for component null
2025-05-24 17:18:17,744 [WARN] ModelIntegratedComponent:63 - No mode defined for component null
2025-05-24 17:18:17,744 [WARN] ModelIntegratedComponent:63 - No mode defined for component null
2025-05-24 17:18:17,744 [WARN] ModelIntegratedComponent:63 - No mode defined for component null
2025-05-24 17:18:17,744 [WARN] ModelIntegratedComponent:63 - No mode defined for component null
2025-05-24 17:18:17,744 [WARN] ModelIntegratedComponent:63 - No mode defined for component null
2025-05-24 17:18:17,744 [WARN] ModelIntegratedComponent:63 - No mode defined for component null
2025-05-24 17:18:17,744 [WARN] ModelIntegratedComponent:63 - No mode defined for component null
2025-05-24 17:18:17,744 [WARN] ModelIntegratedComponent:63 - No mode defined for component null
2025-05-24 17:18:17,744 [WARN] ModelIntegratedComponent:63 - No mode defined for component null
2025-05-24 17:18:17,745 [WARN] ModelIntegratedComponent:63 - No mode defined for component null
2025-05-24 17:18:17,745 [WARN] ModelIntegratedComponent:63 - No mode defined for component null
2025-05-24 17:18:17,745 [WARN] ModelIntegratedComponent:63 - No mode defined for component null
2025-05-24 17:18:17,745 [WARN] ModelPack:524 - Component already loaded: STMicroelectronics:HAL Drivers:0.0.0:STMicroelectronics:Device:STMicro_Driver:XSPI:HAL::0.0.1:HAL_XSPI
2025-05-24 17:18:17,827 [WARN] ModelIntegratedComponent:182 - Modes not found for component STMicroelectronics:USB_DEVICE:1.0.0:STMicroelectronics:USB::USB Device:Audio HS::1.0:USB_DEVICE_1_0_RESTRICTED_HS
2025-05-24 17:18:17,828 [WARN] ModelIntegratedComponent:188 - Modes not found for component STMicroelectronics:USB_DEVICE:1.0.0:STMicroelectronics:USB::USB Device:Audio HS::1.0:USB_DEVICE_1_0_RESTRICTED_HS
2025-05-24 17:18:17,828 [WARN] ModelIntegratedComponent:182 - Modes not found for component STMicroelectronics:USB_DEVICE:1.0.0:STMicroelectronics:USB::USB Device:CDC HS::1.0:USB_DEVICE_1_0_RESTRICTED_HS
2025-05-24 17:18:17,828 [WARN] ModelIntegratedComponent:188 - Modes not found for component STMicroelectronics:USB_DEVICE:1.0.0:STMicroelectronics:USB::USB Device:CDC HS::1.0:USB_DEVICE_1_0_RESTRICTED_HS
2025-05-24 17:18:17,828 [WARN] ModelIntegratedComponent:182 - Modes not found for component STMicroelectronics:USB_DEVICE:1.0.0:STMicroelectronics:USB::USB Device:DFU HS::1.0:USB_DEVICE_1_0_RESTRICTED_HS
2025-05-24 17:18:17,828 [WARN] ModelIntegratedComponent:188 - Modes not found for component STMicroelectronics:USB_DEVICE:1.0.0:STMicroelectronics:USB::USB Device:DFU HS::1.0:USB_DEVICE_1_0_RESTRICTED_HS
2025-05-24 17:18:17,828 [WARN] ModelIntegratedComponent:182 - Modes not found for component STMicroelectronics:USB_DEVICE:1.0.0:STMicroelectronics:USB::USB Device:HID HS::1.0:USB_DEVICE_1_0_RESTRICTED_HS
2025-05-24 17:18:17,828 [WARN] ModelIntegratedComponent:188 - Modes not found for component STMicroelectronics:USB_DEVICE:1.0.0:STMicroelectronics:USB::USB Device:HID HS::1.0:USB_DEVICE_1_0_RESTRICTED_HS
2025-05-24 17:18:17,828 [WARN] ModelIntegratedComponent:182 - Modes not found for component STMicroelectronics:USB_DEVICE:1.0.0:STMicroelectronics:USB::USB Device:Custom HID HS::1.0:USB_DEVICE_1_0_RESTRICTED_HS
2025-05-24 17:18:17,828 [WARN] ModelIntegratedComponent:188 - Modes not found for component STMicroelectronics:USB_DEVICE:1.0.0:STMicroelectronics:USB::USB Device:Custom HID HS::1.0:USB_DEVICE_1_0_RESTRICTED_HS
2025-05-24 17:18:17,828 [WARN] ModelIntegratedComponent:182 - Modes not found for component STMicroelectronics:USB_DEVICE:1.0.0:STMicroelectronics:USB::USB Device:MSC HS::1.0:USB_DEVICE_1_0_RESTRICTED_HS
2025-05-24 17:18:17,828 [WARN] ModelIntegratedComponent:188 - Modes not found for component STMicroelectronics:USB_DEVICE:1.0.0:STMicroelectronics:USB::USB Device:MSC HS::1.0:USB_DEVICE_1_0_RESTRICTED_HS
2025-05-24 17:18:17,865 [INFO] ThirdPartyModel:298 - Start build external matchings
2025-05-24 17:18:18,326 [INFO] ThirdPartyModel:316 - End build external matchings
2025-05-24 17:18:18,364 [INFO] ImportTextPane:218 - (OptionalMessage_ERROR) IP (RCC) : Parameter (48MHZClocksFreq_Value) has invalid value (50000000)
2025-05-24 17:18:18,372 [INFO] ImportTextPane:218 - (OptionalMessage_ERROR) IP (RCC) : Parameter (RTCHSEDivFreq_Value) has invalid value (12500000)
2025-05-24 17:18:19,167 [INFO] ApiDb:581 - Connected to CubeFinder SQLite database (/Users/mindhacker999/.stmcufinder/plugins/mcufinder/mcu/cube-finder-db.db)
2025-05-24 17:18:19,250 [INFO] ApiDb:668 - CubeFinder database Data Model version=2.1
2025-05-24 17:18:19,250 [INFO] ApiDb:669 - CubeFinder database Configuration version=3.0.39
2025-05-24 17:18:19,255 [INFO] ApiDb:670 - CubeFinder database generation date=2025-04-23 (1745419778)
2025-05-24 17:18:19,255 [INFO] ApiDb:671 - CubeFinder database FW Pack versions=[FP-ATR-ASTRA1_V2.0.0, FP-SNS-FLIGHT1_V5.1.0, FP-SNS-MOTENV1_V5.0.0, FP-SNS-MOTENVWB1_V1.4.0, FP-SNS-SMARTAG2_V1.2.0, FP-SNS-STBOX1_V2.0.0, STM32Cube_FW_C0_V1.4.0, STM32Cube_FW_F4_V1.28.1, STM32Cube_FW_F7_V1.17.2, STM32Cube_FW_G0_V1.6.2, STM32Cube_FW_G4_V1.6.1, STM32Cube_FW_H5_V1.5.0, STM32Cube_FW_H7RS_V1.2.0, STM32Cube_FW_H7_V1.12.1, STM32Cube_FW_L0_V1.12.2, STM32Cube_FW_L4_V1.18.1, STM32Cube_FW_L5_V1.5.1, STM32Cube_FW_N6_V1.1.1, STM32Cube_FW_U0_V1.2.0, STM32Cube_FW_U3_V1.1.0, STM32Cube_FW_U5_V1.7.0, STM32Cube_FW_WB0_V1.2.0, STM32Cube_FW_WBA_V1.6.0, STM32Cube_FW_WB_V1.22.0, STM32Cube_FW_WL3_V1.1.0, STM32Cube_FW_WL_V1.3.1, X-CUBE-ALGOBUILD_V1.4.0, X-CUBE-ALS_V1.0.2, X-CUBE-AZRTOS-F4_V1.1.0, X-CUBE-AZRTOS-F7_V1.1.0, X-CUBE-AZRTOS-G0_V1.1.0, X-CUBE-AZRTOS-G4_V2.0.0, X-CUBE-AZRTOS-H7RS_V1.1.0, X-CUBE-AZRTOS-H7_V3.3.0, X-CUBE-AZRTOS-L4_V2.0.0, X-CUBE-AZRTOS-L5_V2.0.0, X-CUBE-AZRTOS-WB_V2.0.0, X-CUBE-AZRTOS-WL_V2.0.0, X-CUBE-BLE1_V7.1.0, X-CUBE-BLE2_V3.3.0, X-CUBE-BLEMGR_V4.0.0, X-CUBE-EEPRMA1_V5.1.0, X-CUBE-FREERTOS_V1.3.0, X-CUBE-GNSS1_V6.0.0, X-CUBE-MEMS1_V11.2.0, X-CUBE-NFC4_V3.0.0, X-CUBE-NFC7_V1.0.1, X-CUBE-SFXS2LP1_V4.0.0, X-CUBE-SUBG2_V5.0.0, X-CUBE-TOF1_V3.4.3]
2025-05-24 17:18:19,342 [INFO] DbBoardsSqlite:226 - include board P-NUCLEO-WB55-NUCLEO as a kit item of type 'Nucleo-64'
2025-05-24 17:18:19,343 [INFO] DbBoardsSqlite:226 - include board P-NUCLEO-WB55-USBDONGLE as a kit item of type 'Nucleo USB Dongle'
2025-05-24 17:18:19,344 [INFO] DbBoardsSqlite:226 - include board STEVAL-IDP005V1 as a kit item of type 'Evaluation Board'
2025-05-24 17:18:19,344 [INFO] DbBoardsSqlite:226 - include board STEVAL-IDP005V2 as a kit item of type 'Evaluation Board'
2025-05-24 17:18:19,452 [INFO] ApiDb:240 - Found 858 in-development CPN: [B-G473E-ZEST1S, B-WB1M-WPAN1, B-WBA5M-WPAN, B-WL5M-SUBG1, NUCLEO-C031C6, NUCLEO-C051C8, NUCLEO-C071RB, NUCLEO-C092RC, NUCLEO-H503RB, NUCLEO-H533RE, NUCLEO-H563ZI, NUCLEO-H7S3L8, NUCLEO-N657X0-Q, NUCLEO-U031R8, NUCLEO-U083RC, NUCLEO-U385RG-Q, NUCLEO-U545RE-Q, NUCLEO-U5A5ZJ-Q, NUCLEO-WB05KZ, NUCLEO-WB07CC, NUCLEO-WB09KE, NUCLEO-WBA52CG, NUCLEO-WBA55CG, NUCLEO-WL33CC1, NUCLEO-WL33CC2, STEVAL-PROTEUS1, STEVAL-SMARTAG2, STEVAL-STWINBX1, STM320518-EVAL, STM32C0116-DK, STM32C011D6Y3TR, STM32C011D6Y6TR, STM32C011F4P3, STM32C011F4P6, STM32C011F4U3, STM32C011F4U6TR, STM32C011F6P3, STM32C011F6P6, STM32C011F6U3, STM32C011F6U6TR, STM32C011J4M3, STM32C011J4M6, STM32C011J6M3, STM32C011J6M6, STM32C0316-DK, STM32C031C4T3, STM32C031C4T6, STM32C031C4U3, STM32C031C4U6, STM32C031C6T3, STM32C031C6T6, STM32C031C6U3, STM32C031C6U6, STM32C031F4P3, STM32C031F4P6, STM32C031F6P3, STM32C031F6P6, STM32C031G4U3, STM32C031G4U6, STM32C031G6U3, STM32C031G6U6, STM32C031K4T3, STM32C031K4T6, STM32C031K4U3, STM32C031K4U6, STM32C031K6T3, STM32C031K6T6, STM32C031K6U3, STM32C031K6U6, STM32C051C6T6, STM32C051C6U6, STM32C051C8T6, STM32C051C8U6, STM32C051D8Y6TR, STM32C051F6P6, STM32C051F8P6, STM32C051G6U6, STM32C051G8U6, STM32C051K6T6, STM32C051K6U6, STM32C051K8T6, STM32C071C8T6, STM32C071C8T6N, STM32C071C8U6, STM32C071C8U6N, STM32C071CBT6, STM32C071CBT6N, STM32C071CBU6, STM32C071CBU6N, STM32C071F8P6, STM32C071F8P6N, STM32C071FBP6, STM32C071FBP6N, STM32C071FBY6TR, STM32C071G8U6, STM32C071G8U6N, STM32C071GBU6, STM32C071GBU6N, STM32C071K8T6, STM32C071K8T6N, STM32C071K8U6, STM32C071K8U6N, STM32C071KBT6, STM32C071KBT6N, STM32C071KBU6, STM32C071KBU6N, STM32C071R8T6, STM32C071R8T6N, STM32C071RBI6N, STM32C071RBT6, STM32C071RBT6N, STM32C091CBT6, STM32C091CBU6, STM32C091CCT6, STM32C091CCU6, STM32C091ECY6TR, STM32C091FBP6, STM32C091FCP6, STM32C091GBU6, STM32C091GCU6, STM32C091KBT6, STM32C091KBU6, STM32C091KCT6, STM32C091KCU6, STM32C091RBT6, STM32C091RCI6, STM32C091RCT6, STM32C092CBT6, STM32C092CBU6, STM32C092CCT6, STM32C092CCU6, STM32C092ECY6TR, STM32C092FBP6, STM32C092FCP6, STM32C092GBU6, STM32C092GCU6, STM32C092KBT6, STM32C092KBU6, STM32C092KCT6, STM32C092KCU6, STM32C092RBT6, STM32C092RCI6, STM32C092RCT6, STM32G071K8TXN, STM32G071K8UXN, STM32G081GBU6N, STM32G081KBT6N, STM32G081KBUXN, STM32G0B1CCT6N, STM32G0B1KCT6, STM32G0B1NEY6TR, STM32G0B1RCT6N, STM32G0C1CCT6, STM32G0C1CCT6N, STM32G0C1CCU6N, STM32G0C1CET6N, STM32G0C1CEU6N, STM32G0C1KCT6, STM32G0C1NEY6TR, STM32G0C1RCI6N, STM32G0C1RCT6N, STM32G0C1REI6N, STM32G0C1RET6N, STM32G0C1VCI6, STM32G0C1VEI6, STM32G411C6T3, STM32G411C6T6, STM32G411C6U3, STM32G411C6U6, STM32G411C8T3, STM32G411C8T6, STM32G411C8U3, STM32G411C8U6, STM32G411CBT3, STM32G411CBT6, STM32G411CBU3, STM32G411CBU6, STM32G411CCT3, STM32G411CCT6, STM32G411CCU3, STM32G411CCU6, STM32G411K6T3, STM32G411K6T6, STM32G411K6U3, STM32G411K6U6, STM32G411K8T3, STM32G411K8T6, STM32G411K8U3, STM32G411K8U6, STM32G411KBT3, STM32G411KBT6, STM32G411KBU3, STM32G411KBU6, STM32G411M6T3, STM32G411M6T6, STM32G411M8T3, STM32G411M8T6, STM32G411MBT3, STM32G411MBT6, STM32G411MCT3, STM32G411MCT6, STM32G411R6T3, STM32G411R6T6, STM32G411R8T3, STM32G411R8T6, STM32G411RBT3, STM32G411RBT6, STM32G411RCT3, STM32G411RCT6, STM32G414CBT3, STM32G414CBT6, STM32G414CBU3, STM32G414CBU6, STM32G414CCT3, STM32G414CCT6, STM32G414CCU3, STM32G414CCU6, STM32G414MBT3, STM32G414MBT6, STM32G414MCT3, STM32G414MCT6, STM32G414RBT3, STM32G414RBT6, STM32G414RCT3, STM32G414RCT6, STM32G414VBT3, STM32G414VBT6, STM32G414VCT3, STM32G414VCT6, STM32G431CBT3Z, STM32G431RBT3Z, STM32G471CCT6, STM32G471CCU6, STM32G471CET3, STM32G471CET6, STM32G471CEU3, STM32G471CEU6, STM32G471MCT6, STM32G471MET3, STM32G471MET6, STM32G471MEY6TR, STM32G471QCT6, STM32G471QET3, STM32G471RCT6, STM32G471RET3, STM32G471RET6, STM32G471VCH6, STM32G471VCI6, STM32G471VCT6, STM32G471VEH3, STM32G471VEH6, STM32G471VEI3, STM32G471VEI6, STM32G471VET3, STM32G471VET6, STM32G473QET3Z, STM32G473RET3Z, STM32G474CCT6, STM32G491RET3Z, STM32H503CBT6, STM32H503CBU6, STM32H503EBY6TR, STM32H503KBU6, STM32H503RBT6, STM32H523CCT6, STM32H523CCU6, STM32H523CET6, STM32H523CEU6, STM32H523HEY6TR, STM32H523RCT6, STM32H523RET6, STM32H523VCI6, STM32H523VCT6, STM32H523VEI6, STM32H523VET6, STM32H523ZCJ6, STM32H523ZCT6, STM32H523ZEJ6, STM32H523ZET6, STM32H533CET6, STM32H533CEU6, STM32H533HEY6TR, STM32H533RET6, STM32H533VEI6, STM32H533VET6, STM32H533ZEJ6, STM32H533ZET6, STM32H562AGI6, STM32H562AII6, STM32H562IGK6, STM32H562IGT6, STM32H562IIK6, STM32H562IIT6, STM32H562RGT6, STM32H562RGV6, STM32H562RIT6, STM32H562RIV6, STM32H562VGT6, STM32H562VIT6, STM32H562ZGT6, STM32H562ZIT6, STM32H563AGI6, STM32H563AII3Q, STM32H563AII6, STM32H563IGK6, STM32H563IGT6, STM32H563IIK3Q, STM32H563IIK6, STM32H563IIT3Q, STM32H563IIT6, STM32H563MIY3QTR, STM32H563RGT6, STM32H563RGV6, STM32H563RIT6, STM32H563RIV6, STM32H563VGT6, STM32H563VIT3Q, STM32H563VIT6, STM32H563ZGT6, STM32H563ZIT3Q, STM32H563ZIT6, STM32H573AII3Q, STM32H573AII6, STM32H573I-DK, STM32H573IIK3Q, STM32H573IIK6, STM32H573IIT3Q, STM32H573IIT6, STM32H573MIY3QTR, STM32H573RIT6, STM32H573RIV6, STM32H573VIT3Q, STM32H573VIT6, STM32H573ZIT3Q, STM32H573ZIT6, STM32H7R3A8I6, STM32H7R3I8K6, STM32H7R3I8T6, STM32H7R3L8H6, STM32H7R3L8H6H, STM32H7R3R8V6, STM32H7R3V8H6, STM32H7R3V8T6, STM32H7R3V8Y6TR, STM32H7R3Z8J6, STM32H7R3Z8T6, STM32H7R7A8I6, STM32H7R7I8K6, STM32H7R7I8T6, STM32H7R7L8H6, STM32H7R7L8H6H, STM32H7R7Z8J6, STM32H7S3A8I6, STM32H7S3I8K6, STM32H7S3I8T6, STM32H7S3L8H6, STM32H7S3L8H6H, STM32H7S3R8V6, STM32H7S3V8H6, STM32H7S3V8T6, STM32H7S3V8Y6TR, STM32H7S3Z8J6, STM32H7S3Z8T6, STM32H7S78-DK, STM32H7S7A8I6, STM32H7S7I8K6, STM32H7S7I8T6, STM32H7S7L8H6, STM32H7S7L8H6H, STM32H7S7Z8J6, STM32L4R5QGI6STR, STM32MP131AAE3, STM32MP131AAF3, STM32MP131AAG3, STM32MP131CAE3, STM32MP131CAF3, STM32MP131CAG3, STM32MP131DAE7, STM32MP131DAF7, STM32MP131DAG7, STM32MP131FAE7, STM32MP131FAF7, STM32MP131FAG7, STM32MP133AAE3, STM32MP133AAF3, STM32MP133AAG3, STM32MP133CAE3, STM32MP133CAF3, STM32MP133CAG3, STM32MP133DAE7, STM32MP133DAF7, STM32MP133DAG7, STM32MP133FAE7, STM32MP133FAF7, STM32MP133FAG7, STM32MP135AAE3, STM32MP135AAF3, STM32MP135AAG3, STM32MP135CAE3, STM32MP135CAF3, STM32MP135CAG3, STM32MP135DAE7, STM32MP135DAF7, STM32MP135DAG7, STM32MP135F-DK, STM32MP135FAE7, STM32MP135FAF7, STM32MP135FAF7T, STM32MP135FAF7U, STM32MP135FAG7, STM32MP231AAJ3, STM32MP231AAK3, STM32MP231AAL3, STM32MP231CAJ3, STM32MP231CAK3, STM32MP231CAL3, STM32MP231DAJ3, STM32MP231DAK3, STM32MP231DAL3, STM32MP231FAJ3, STM32MP231FAK3, STM32MP231FAL3, STM32MP233AAJ3, STM32MP233AAK3, STM32MP233AAL3, STM32MP233CAJ3, STM32MP233CAK3, STM32MP233CAL3, STM32MP233DAJ3, STM32MP233DAK3, STM32MP233DAL3, STM32MP233FAJ3, STM32MP233FAK3, STM32MP233FAL3, STM32MP235AAJ3, STM32MP235AAK3, STM32MP235AAL3, STM32MP235CAJ3, STM32MP235CAK3, STM32MP235CAL3, STM32MP235DAJ3, STM32MP235DAK3, STM32MP235DAL3, STM32MP235FAJ3, STM32MP235FAK3, STM32MP235FAL3, STM32MP251AAI3, STM32MP251AAJ3, STM32MP251AAK3, STM32MP251AAL3, STM32MP251CAI3, STM32MP251CAJ3, STM32MP251CAK3, STM32MP251CAL3, STM32MP251DAI3, STM32MP251DAJ3, STM32MP251DAK3, STM32MP251DAL3, STM32MP251FAI3, STM32MP251FAJ3, STM32MP251FAK3, STM32MP251FAL3, STM32MP253AAI3, STM32MP253AAJ3, STM32MP253AAK3, STM32MP253AAL3, STM32MP253CAI3, STM32MP253CAJ3, STM32MP253CAK3, STM32MP253CAL3, STM32MP253DAI3, STM32MP253DAJ3, STM32MP253DAK3, STM32MP253DAL3, STM32MP253FAI3, STM32MP253FAJ3, STM32MP253FAK3, STM32MP253FAL3, STM32MP255AAI3, STM32MP255AAJ3, STM32MP255AAK3, STM32MP255AAL3, STM32MP255CAI3, STM32MP255CAJ3, STM32MP255CAK3, STM32MP255CAL3, STM32MP255DAI3, STM32MP255DAJ3, STM32MP255DAK3, STM32MP255DAL3, STM32MP255FAI3, STM32MP255FAJ3, STM32MP255FAK3, STM32MP255FAL3, STM32MP257AAI3, STM32MP257AAJ3, STM32MP257AAK3, STM32MP257AAL3, STM32MP257CAI3, STM32MP257CAJ3, STM32MP257CAK3, STM32MP257CAL3, STM32MP257DAI3, STM32MP257DAJ3, STM32MP257DAK3, STM32MP257DAL3, STM32MP257F-DK, STM32MP257F-EV1, STM32MP257FAI3, STM32MP257FAJ3, STM32MP257FAK3, STM32MP257FAL3, STM32N645A0H3Q, STM32N645B0H3Q, STM32N645I0H3Q, STM32N645L0H3Q, STM32N645X0H3Q, STM32N645Z0H3Q, STM32N647A0H3Q, STM32N647B0H3Q, STM32N647I0H3Q, STM32N647L0H3Q, STM32N647X0H3Q, STM32N647Z0H3Q, STM32N655A0H3Q, STM32N655B0H3Q, STM32N655I0H3Q, STM32N655L0H3Q, STM32N655X0H3Q, STM32N655Z0H3Q, STM32N6570-DK, STM32N657A0H3Q, STM32N657B0H3Q, STM32N657I0H3Q, STM32N657L0H3Q, STM32N657X0H3Q, STM32N657Z0H3Q, STM32U031C6T6, STM32U031C6U6, STM32U031C8T6, STM32U031C8U6, STM32U031F4P6, STM32U031F6P6, STM32U031F8P6, STM32U031G6Y6TR, STM32U031G8Y6TR, STM32U031K4U6, STM32U031K6U6, STM32U031K8U6, STM32U031R6I6, STM32U031R6T6, STM32U031R8I6, STM32U031R8T6, STM32U073C8T6, STM32U073C8U6, STM32U073CBT6, STM32U073CBU6, STM32U073CCT6, STM32U073CCU6, STM32U073H8Y6TR, STM32U073HBY6TR, STM32U073HCY6TR, STM32U073K8U6, STM32U073KBU6, STM32U073KCU6, STM32U073M8I6, STM32U073M8T6, STM32U073MBI6, STM32U073MBT6, STM32U073MCI6, STM32U073MCT6, STM32U073R8I6, STM32U073R8T6, STM32U073RBI6, STM32U073RBT6, STM32U073RCI6, STM32U073RCT6, STM32U083C-DK, STM32U083CCT6, STM32U083CCU6, STM32U083HCY6TR, STM32U083KCU6, STM32U083MCI6, STM32U083MCT6, STM32U083RCI6, STM32U083RCT6, STM32U375CET6, STM32U375CET6Q, STM32U375CEU6, STM32U375CEU6Q, STM32U375CEY6QTR, STM32U375CGT6, STM32U375CGT6Q, STM32U375CGU6, STM32U375CGU6Q, STM32U375CGY6QTR, STM32U375KEU6, STM32U375KGU6, STM32U375REI6, STM32U375REI6Q, STM32U375RET6, STM32U375RET6Q, STM32U375REY6GTR, STM32U375REY6QTR, STM32U375RGI6, STM32U375RGI6Q, STM32U375RGT6, STM32U375RGT6Q, STM32U375RGY6GTR, STM32U375RGY6QTR, STM32U375VEI6, STM32U375VEI6Q, STM32U375VET6, STM32U375VET6Q, STM32U375VGI6, STM32U375VGI6Q, STM32U375VGT6, STM32U375VGT6Q, STM32U385CGT6, STM32U385CGT6Q, STM32U385CGU6, STM32U385CGU6Q, STM32U385CGY6QTR, STM32U385KGU6, STM32U385RGI6, STM32U385RGI6Q, STM32U385RGT6, STM32U385RGT6Q, STM32U385RGY6GTR, STM32U385RGY6QTR, STM32U385VGI6, STM32U385VGI6Q, STM32U385VGT6, STM32U385VGT6Q, STM32U535CBT6, STM32U535CBT6Q, STM32U535CBU6, STM32U535CBU6Q, STM32U535CCT6, STM32U535CCT6Q, STM32U535CCU6, STM32U535CCU6Q, STM32U535CET6, STM32U535CET6Q, STM32U535CEU6, STM32U535CEU6Q, STM32U535JEY6QTR, STM32U535NCY6QTR, STM32U535NEY6QTR, STM32U535RBI6, STM32U535RBI6Q, STM32U535RBT6, STM32U535RBT6Q, STM32U535RCI6, STM32U535RCI6Q, STM32U535RCT6, STM32U535RCT6Q, STM32U535REI6, STM32U535REI6Q, STM32U535RET6, STM32U535RET6Q, STM32U535VCI6, STM32U535VCI6Q, STM32U535VCT6, STM32U535VCT6Q, STM32U535VEI6, STM32U535VEI6Q, STM32U535VET6, STM32U535VET6Q, STM32U545CET6, STM32U545CET6Q, STM32U545CEU6, STM32U545CEU6Q, STM32U545JEY6QTR, STM32U545NEY6QTR, STM32U545REI6, STM32U545REI6Q, STM32U545RET6, STM32U545RET6Q, STM32U545VEI6, STM32U545VEI6Q, STM32U545VET6, STM32U545VET6Q, STM32U595AIH6, STM32U595AIH6Q, STM32U595AJH6, STM32U595AJH6Q, STM32U595QII6, STM32U595QII6Q, STM32U595QJI6, STM32U595QJI6Q, STM32U595RIT6, STM32U595RIT6Q, STM32U595RJT6, STM32U595RJT6Q, STM32U595VIT6, STM32U595VIT6Q, STM32U595VJT6, STM32U595VJT6Q, STM32U595ZIT6, STM32U595ZIT6Q, STM32U595ZIY6QTR, STM32U595ZJT6, STM32U595ZJT6Q, STM32U595ZJY6QTR, STM32U599BJY6QTR, STM32U599NIH6Q, STM32U599NJH6Q, STM32U599VIT6Q, STM32U599VJT6, STM32U599VJT6Q, STM32U599ZIT6Q, STM32U599ZIY6QTR, STM32U599ZJT6Q, STM32U599ZJY6QTR, STM32U5A5AJH6, STM32U5A5AJH6Q, STM32U5A5QII3Q , STM32U5A5QJI6, STM32U5A5QJI6Q, STM32U5A5RJT6, STM32U5A5RJT6Q, STM32U5A5VJT6, STM32U5A5VJT6Q, STM32U5A5ZJT6, STM32U5A5ZJT6Q, STM32U5A5ZJY6QTR, STM32U5A9BJY6QTR, STM32U5A9J-DK, STM32U5A9NJH6Q, STM32U5A9VJT6Q, STM32U5A9ZJT6Q, STM32U5A9ZJY6QTR, STM32U5F7VIT6, STM32U5F7VIT6Q, STM32U5F7VJT6, STM32U5F7VJT6Q, STM32U5F9BJY6QTR, STM32U5F9NJH6Q, STM32U5F9VIT6Q, STM32U5F9VJT6Q, STM32U5F9ZIJ6QTR, STM32U5F9ZIT6Q, STM32U5F9ZJJ6QTR, STM32U5F9ZJT6Q, STM32U5G7VJT6, STM32U5G7VJT6Q, STM32U5G9BJY6QTR, STM32U5G9J-DK1, STM32U5G9J-DK2, STM32U5G9NJH6Q, STM32U5G9VJT6Q, STM32U5G9ZJJ6QTR, STM32U5G9ZJT6Q, STM32WB05KZV6TR, STM32WB05KZV7TR, STM32WB05TZF6TR, STM32WB05TZF7TR, STM32WB06CCF6TR, STM32WB06CCF7TR, STM32WB06CCV6TR, STM32WB06CCV7TR, STM32WB06KCV6TR, STM32WB06KCV7TR, STM32WB07CCF6TR, STM32WB07CCF7TR, STM32WB07CCV6TR, STM32WB07CCV7TR, STM32WB07KCV6TR, STM32WB07KCV7TR, STM32WB09KEV6TR, STM32WB09KEV7TR, STM32WB09TEF6TR, STM32WB09TEF7TR, STM32WB1MMCH6, STM32WBA50KGU6, STM32WBA50KGU6TR, STM32WBA52CEU6, STM32WBA52CEU6TR, STM32WBA52CEU7, STM32WBA52CEU7TR, STM32WBA52CGU6, STM32WBA52CGU6TR, STM32WBA52CGU6U, STM32WBA52CGU7, STM32WBA52CGU7TR, STM32WBA52KEU6, STM32WBA52KEU6TR, STM32WBA52KGU6, STM32WBA52KGU6TR, STM32WBA54CEU6, STM32WBA54CEU6TR, STM32WBA54CEU7, STM32WBA54CEU7TR, STM32WBA54CGU6, STM32WBA54CGU6TR, STM32WBA54CGU7, STM32WBA54CGU7TR, STM32WBA54KEU6, STM32WBA54KEU6TR, STM32WBA54KEU7, STM32WBA54KEU7TR, STM32WBA54KGU6, STM32WBA54KGU6TR, STM32WBA54KGU7, STM32WBA54KGU7TR, STM32WBA55CEU6, STM32WBA55CEU6TR, STM32WBA55CEU7, STM32WBA55CEU7TR, STM32WBA55CGU6, STM32WBA55CGU6TR, STM32WBA55CGU6U, STM32WBA55CGU7, STM32WBA55CGU7TR, STM32WBA55G-DK1, STM32WBA55HEF6, STM32WBA55HEF7, STM32WBA55HGF6, STM32WBA55HGF7, STM32WBA55UEI6, STM32WBA55UEI6TR, STM32WBA55UEI7, STM32WBA55UEI7TR, STM32WBA55UGI6, STM32WBA55UGI6TR, STM32WBA55UGI7, STM32WBA55UGI7TR, STM32WBA5MJGH6TR, STM32WBA5MJGH6U, STM32WL33C8V6, STM32WL33C8V6TR, STM32WL33C8V7, STM32WL33C8V7TR, STM32WL33CBV6, STM32WL33CBV6TR, STM32WL33CBV7, STM32WL33CBV7TR, STM32WL33CCV6, STM32WL33CCV6TR, STM32WL33CCV7, STM32WL33CCV7A, STM32WL33CCV7ATR, STM32WL33CCV7TR, STM32WL33K8V6, STM32WL33K8V6TR, STM32WL33K8V7, STM32WL33K8V7TR, STM32WL33KBV6, STM32WL33KBV6TR, STM32WL33KBV7, STM32WL33KBV7TR, STM32WL33KCV6, STM32WL33KCV6TR, STM32WL33KCV7, STM32WL33KCV7TR, STM32WL5MOCH6, STM32WL5MOCH6TR]
2025-05-24 17:18:19,575 [INFO] BoardInfo:889 - No configuration file found for board NUCLEO-WBA65RI
2025-05-24 17:18:19,577 [INFO] DbBoards:161 - Board is not supported: NUCLEO-WBA65RI
2025-05-24 17:18:19,584 [INFO] BoardInfo:889 - No configuration file found for board P-NUCLEO-WB55
2025-05-24 17:18:19,584 [INFO] DbBoards:161 - Kit is not supported: P-NUCLEO-WB55
2025-05-24 17:18:19,589 [INFO] BoardInfo:889 - No configuration file found for board STEVAL-BFA001V1B
2025-05-24 17:18:19,589 [INFO] DbBoards:161 - Kit is not supported: STEVAL-BFA001V1B
2025-05-24 17:18:19,590 [INFO] BoardInfo:889 - No configuration file found for board STEVAL-BFA001V2B
2025-05-24 17:18:19,590 [INFO] DbBoards:161 - Kit is not supported: STEVAL-BFA001V2B
2025-05-24 17:18:19,712 [INFO] BoardInfo:889 - No configuration file found for board STM32WBA65I-DK1
2025-05-24 17:18:19,712 [INFO] DbBoards:161 - Board is not supported: STM32WBA65I-DK1
2025-05-24 17:18:19,714 [INFO] DbBoards:168 - Found 211 boards, 206 are supported
2025-05-24 17:18:19,714 [INFO] DbBoards:169 - Found 211 boards, 42 of them is supported for  Bsp
2025-05-24 17:18:19,719 [INFO] ApiDb:668 - CubeFinder database Data Model version=2.1
2025-05-24 17:18:19,719 [INFO] ApiDb:669 - CubeFinder database Configuration version=3.0.39
2025-05-24 17:18:19,719 [INFO] ApiDb:670 - CubeFinder database generation date=2025-04-23 (1745419778)
2025-05-24 17:18:19,719 [INFO] ApiDb:671 - CubeFinder database FW Pack versions=[FP-ATR-ASTRA1_V2.0.0, FP-SNS-FLIGHT1_V5.1.0, FP-SNS-MOTENV1_V5.0.0, FP-SNS-MOTENVWB1_V1.4.0, FP-SNS-SMARTAG2_V1.2.0, FP-SNS-STBOX1_V2.0.0, STM32Cube_FW_C0_V1.4.0, STM32Cube_FW_F4_V1.28.1, STM32Cube_FW_F7_V1.17.2, STM32Cube_FW_G0_V1.6.2, STM32Cube_FW_G4_V1.6.1, STM32Cube_FW_H5_V1.5.0, STM32Cube_FW_H7RS_V1.2.0, STM32Cube_FW_H7_V1.12.1, STM32Cube_FW_L0_V1.12.2, STM32Cube_FW_L4_V1.18.1, STM32Cube_FW_L5_V1.5.1, STM32Cube_FW_N6_V1.1.1, STM32Cube_FW_U0_V1.2.0, STM32Cube_FW_U3_V1.1.0, STM32Cube_FW_U5_V1.7.0, STM32Cube_FW_WB0_V1.2.0, STM32Cube_FW_WBA_V1.6.0, STM32Cube_FW_WB_V1.22.0, STM32Cube_FW_WL3_V1.1.0, STM32Cube_FW_WL_V1.3.1, X-CUBE-ALGOBUILD_V1.4.0, X-CUBE-ALS_V1.0.2, X-CUBE-AZRTOS-F4_V1.1.0, X-CUBE-AZRTOS-F7_V1.1.0, X-CUBE-AZRTOS-G0_V1.1.0, X-CUBE-AZRTOS-G4_V2.0.0, X-CUBE-AZRTOS-H7RS_V1.1.0, X-CUBE-AZRTOS-H7_V3.3.0, X-CUBE-AZRTOS-L4_V2.0.0, X-CUBE-AZRTOS-L5_V2.0.0, X-CUBE-AZRTOS-WB_V2.0.0, X-CUBE-AZRTOS-WL_V2.0.0, X-CUBE-BLE1_V7.1.0, X-CUBE-BLE2_V3.3.0, X-CUBE-BLEMGR_V4.0.0, X-CUBE-EEPRMA1_V5.1.0, X-CUBE-FREERTOS_V1.3.0, X-CUBE-GNSS1_V6.0.0, X-CUBE-MEMS1_V11.2.0, X-CUBE-NFC4_V3.0.0, X-CUBE-NFC7_V1.0.1, X-CUBE-SFXS2LP1_V4.0.0, X-CUBE-SUBG2_V5.0.0, X-CUBE-TOF1_V3.4.3]
2025-05-24 17:18:21,106 [INFO] ApiDb:240 - Found 858 in-development CPN: [B-G473E-ZEST1S, B-WB1M-WPAN1, B-WBA5M-WPAN, B-WL5M-SUBG1, NUCLEO-C031C6, NUCLEO-C051C8, NUCLEO-C071RB, NUCLEO-C092RC, NUCLEO-H503RB, NUCLEO-H533RE, NUCLEO-H563ZI, NUCLEO-H7S3L8, NUCLEO-N657X0-Q, NUCLEO-U031R8, NUCLEO-U083RC, NUCLEO-U385RG-Q, NUCLEO-U545RE-Q, NUCLEO-U5A5ZJ-Q, NUCLEO-WB05KZ, NUCLEO-WB07CC, NUCLEO-WB09KE, NUCLEO-WBA52CG, NUCLEO-WBA55CG, NUCLEO-WL33CC1, NUCLEO-WL33CC2, STEVAL-PROTEUS1, STEVAL-SMARTAG2, STEVAL-STWINBX1, STM320518-EVAL, STM32C0116-DK, STM32C011D6Y3TR, STM32C011D6Y6TR, STM32C011F4P3, STM32C011F4P6, STM32C011F4U3, STM32C011F4U6TR, STM32C011F6P3, STM32C011F6P6, STM32C011F6U3, STM32C011F6U6TR, STM32C011J4M3, STM32C011J4M6, STM32C011J6M3, STM32C011J6M6, STM32C0316-DK, STM32C031C4T3, STM32C031C4T6, STM32C031C4U3, STM32C031C4U6, STM32C031C6T3, STM32C031C6T6, STM32C031C6U3, STM32C031C6U6, STM32C031F4P3, STM32C031F4P6, STM32C031F6P3, STM32C031F6P6, STM32C031G4U3, STM32C031G4U6, STM32C031G6U3, STM32C031G6U6, STM32C031K4T3, STM32C031K4T6, STM32C031K4U3, STM32C031K4U6, STM32C031K6T3, STM32C031K6T6, STM32C031K6U3, STM32C031K6U6, STM32C051C6T6, STM32C051C6U6, STM32C051C8T6, STM32C051C8U6, STM32C051D8Y6TR, STM32C051F6P6, STM32C051F8P6, STM32C051G6U6, STM32C051G8U6, STM32C051K6T6, STM32C051K6U6, STM32C051K8T6, STM32C071C8T6, STM32C071C8T6N, STM32C071C8U6, STM32C071C8U6N, STM32C071CBT6, STM32C071CBT6N, STM32C071CBU6, STM32C071CBU6N, STM32C071F8P6, STM32C071F8P6N, STM32C071FBP6, STM32C071FBP6N, STM32C071FBY6TR, STM32C071G8U6, STM32C071G8U6N, STM32C071GBU6, STM32C071GBU6N, STM32C071K8T6, STM32C071K8T6N, STM32C071K8U6, STM32C071K8U6N, STM32C071KBT6, STM32C071KBT6N, STM32C071KBU6, STM32C071KBU6N, STM32C071R8T6, STM32C071R8T6N, STM32C071RBI6N, STM32C071RBT6, STM32C071RBT6N, STM32C091CBT6, STM32C091CBU6, STM32C091CCT6, STM32C091CCU6, STM32C091ECY6TR, STM32C091FBP6, STM32C091FCP6, STM32C091GBU6, STM32C091GCU6, STM32C091KBT6, STM32C091KBU6, STM32C091KCT6, STM32C091KCU6, STM32C091RBT6, STM32C091RCI6, STM32C091RCT6, STM32C092CBT6, STM32C092CBU6, STM32C092CCT6, STM32C092CCU6, STM32C092ECY6TR, STM32C092FBP6, STM32C092FCP6, STM32C092GBU6, STM32C092GCU6, STM32C092KBT6, STM32C092KBU6, STM32C092KCT6, STM32C092KCU6, STM32C092RBT6, STM32C092RCI6, STM32C092RCT6, STM32G071K8TXN, STM32G071K8UXN, STM32G081GBU6N, STM32G081KBT6N, STM32G081KBUXN, STM32G0B1CCT6N, STM32G0B1KCT6, STM32G0B1NEY6TR, STM32G0B1RCT6N, STM32G0C1CCT6, STM32G0C1CCT6N, STM32G0C1CCU6N, STM32G0C1CET6N, STM32G0C1CEU6N, STM32G0C1KCT6, STM32G0C1NEY6TR, STM32G0C1RCI6N, STM32G0C1RCT6N, STM32G0C1REI6N, STM32G0C1RET6N, STM32G0C1VCI6, STM32G0C1VEI6, STM32G411C6T3, STM32G411C6T6, STM32G411C6U3, STM32G411C6U6, STM32G411C8T3, STM32G411C8T6, STM32G411C8U3, STM32G411C8U6, STM32G411CBT3, STM32G411CBT6, STM32G411CBU3, STM32G411CBU6, STM32G411CCT3, STM32G411CCT6, STM32G411CCU3, STM32G411CCU6, STM32G411K6T3, STM32G411K6T6, STM32G411K6U3, STM32G411K6U6, STM32G411K8T3, STM32G411K8T6, STM32G411K8U3, STM32G411K8U6, STM32G411KBT3, STM32G411KBT6, STM32G411KBU3, STM32G411KBU6, STM32G411M6T3, STM32G411M6T6, STM32G411M8T3, STM32G411M8T6, STM32G411MBT3, STM32G411MBT6, STM32G411MCT3, STM32G411MCT6, STM32G411R6T3, STM32G411R6T6, STM32G411R8T3, STM32G411R8T6, STM32G411RBT3, STM32G411RBT6, STM32G411RCT3, STM32G411RCT6, STM32G414CBT3, STM32G414CBT6, STM32G414CBU3, STM32G414CBU6, STM32G414CCT3, STM32G414CCT6, STM32G414CCU3, STM32G414CCU6, STM32G414MBT3, STM32G414MBT6, STM32G414MCT3, STM32G414MCT6, STM32G414RBT3, STM32G414RBT6, STM32G414RCT3, STM32G414RCT6, STM32G414VBT3, STM32G414VBT6, STM32G414VCT3, STM32G414VCT6, STM32G431CBT3Z, STM32G431RBT3Z, STM32G471CCT6, STM32G471CCU6, STM32G471CET3, STM32G471CET6, STM32G471CEU3, STM32G471CEU6, STM32G471MCT6, STM32G471MET3, STM32G471MET6, STM32G471MEY6TR, STM32G471QCT6, STM32G471QET3, STM32G471RCT6, STM32G471RET3, STM32G471RET6, STM32G471VCH6, STM32G471VCI6, STM32G471VCT6, STM32G471VEH3, STM32G471VEH6, STM32G471VEI3, STM32G471VEI6, STM32G471VET3, STM32G471VET6, STM32G473QET3Z, STM32G473RET3Z, STM32G474CCT6, STM32G491RET3Z, STM32H503CBT6, STM32H503CBU6, STM32H503EBY6TR, STM32H503KBU6, STM32H503RBT6, STM32H523CCT6, STM32H523CCU6, STM32H523CET6, STM32H523CEU6, STM32H523HEY6TR, STM32H523RCT6, STM32H523RET6, STM32H523VCI6, STM32H523VCT6, STM32H523VEI6, STM32H523VET6, STM32H523ZCJ6, STM32H523ZCT6, STM32H523ZEJ6, STM32H523ZET6, STM32H533CET6, STM32H533CEU6, STM32H533HEY6TR, STM32H533RET6, STM32H533VEI6, STM32H533VET6, STM32H533ZEJ6, STM32H533ZET6, STM32H562AGI6, STM32H562AII6, STM32H562IGK6, STM32H562IGT6, STM32H562IIK6, STM32H562IIT6, STM32H562RGT6, STM32H562RGV6, STM32H562RIT6, STM32H562RIV6, STM32H562VGT6, STM32H562VIT6, STM32H562ZGT6, STM32H562ZIT6, STM32H563AGI6, STM32H563AII3Q, STM32H563AII6, STM32H563IGK6, STM32H563IGT6, STM32H563IIK3Q, STM32H563IIK6, STM32H563IIT3Q, STM32H563IIT6, STM32H563MIY3QTR, STM32H563RGT6, STM32H563RGV6, STM32H563RIT6, STM32H563RIV6, STM32H563VGT6, STM32H563VIT3Q, STM32H563VIT6, STM32H563ZGT6, STM32H563ZIT3Q, STM32H563ZIT6, STM32H573AII3Q, STM32H573AII6, STM32H573I-DK, STM32H573IIK3Q, STM32H573IIK6, STM32H573IIT3Q, STM32H573IIT6, STM32H573MIY3QTR, STM32H573RIT6, STM32H573RIV6, STM32H573VIT3Q, STM32H573VIT6, STM32H573ZIT3Q, STM32H573ZIT6, STM32H7R3A8I6, STM32H7R3I8K6, STM32H7R3I8T6, STM32H7R3L8H6, STM32H7R3L8H6H, STM32H7R3R8V6, STM32H7R3V8H6, STM32H7R3V8T6, STM32H7R3V8Y6TR, STM32H7R3Z8J6, STM32H7R3Z8T6, STM32H7R7A8I6, STM32H7R7I8K6, STM32H7R7I8T6, STM32H7R7L8H6, STM32H7R7L8H6H, STM32H7R7Z8J6, STM32H7S3A8I6, STM32H7S3I8K6, STM32H7S3I8T6, STM32H7S3L8H6, STM32H7S3L8H6H, STM32H7S3R8V6, STM32H7S3V8H6, STM32H7S3V8T6, STM32H7S3V8Y6TR, STM32H7S3Z8J6, STM32H7S3Z8T6, STM32H7S78-DK, STM32H7S7A8I6, STM32H7S7I8K6, STM32H7S7I8T6, STM32H7S7L8H6, STM32H7S7L8H6H, STM32H7S7Z8J6, STM32L4R5QGI6STR, STM32MP131AAE3, STM32MP131AAF3, STM32MP131AAG3, STM32MP131CAE3, STM32MP131CAF3, STM32MP131CAG3, STM32MP131DAE7, STM32MP131DAF7, STM32MP131DAG7, STM32MP131FAE7, STM32MP131FAF7, STM32MP131FAG7, STM32MP133AAE3, STM32MP133AAF3, STM32MP133AAG3, STM32MP133CAE3, STM32MP133CAF3, STM32MP133CAG3, STM32MP133DAE7, STM32MP133DAF7, STM32MP133DAG7, STM32MP133FAE7, STM32MP133FAF7, STM32MP133FAG7, STM32MP135AAE3, STM32MP135AAF3, STM32MP135AAG3, STM32MP135CAE3, STM32MP135CAF3, STM32MP135CAG3, STM32MP135DAE7, STM32MP135DAF7, STM32MP135DAG7, STM32MP135F-DK, STM32MP135FAE7, STM32MP135FAF7, STM32MP135FAF7T, STM32MP135FAF7U, STM32MP135FAG7, STM32MP231AAJ3, STM32MP231AAK3, STM32MP231AAL3, STM32MP231CAJ3, STM32MP231CAK3, STM32MP231CAL3, STM32MP231DAJ3, STM32MP231DAK3, STM32MP231DAL3, STM32MP231FAJ3, STM32MP231FAK3, STM32MP231FAL3, STM32MP233AAJ3, STM32MP233AAK3, STM32MP233AAL3, STM32MP233CAJ3, STM32MP233CAK3, STM32MP233CAL3, STM32MP233DAJ3, STM32MP233DAK3, STM32MP233DAL3, STM32MP233FAJ3, STM32MP233FAK3, STM32MP233FAL3, STM32MP235AAJ3, STM32MP235AAK3, STM32MP235AAL3, STM32MP235CAJ3, STM32MP235CAK3, STM32MP235CAL3, STM32MP235DAJ3, STM32MP235DAK3, STM32MP235DAL3, STM32MP235FAJ3, STM32MP235FAK3, STM32MP235FAL3, STM32MP251AAI3, STM32MP251AAJ3, STM32MP251AAK3, STM32MP251AAL3, STM32MP251CAI3, STM32MP251CAJ3, STM32MP251CAK3, STM32MP251CAL3, STM32MP251DAI3, STM32MP251DAJ3, STM32MP251DAK3, STM32MP251DAL3, STM32MP251FAI3, STM32MP251FAJ3, STM32MP251FAK3, STM32MP251FAL3, STM32MP253AAI3, STM32MP253AAJ3, STM32MP253AAK3, STM32MP253AAL3, STM32MP253CAI3, STM32MP253CAJ3, STM32MP253CAK3, STM32MP253CAL3, STM32MP253DAI3, STM32MP253DAJ3, STM32MP253DAK3, STM32MP253DAL3, STM32MP253FAI3, STM32MP253FAJ3, STM32MP253FAK3, STM32MP253FAL3, STM32MP255AAI3, STM32MP255AAJ3, STM32MP255AAK3, STM32MP255AAL3, STM32MP255CAI3, STM32MP255CAJ3, STM32MP255CAK3, STM32MP255CAL3, STM32MP255DAI3, STM32MP255DAJ3, STM32MP255DAK3, STM32MP255DAL3, STM32MP255FAI3, STM32MP255FAJ3, STM32MP255FAK3, STM32MP255FAL3, STM32MP257AAI3, STM32MP257AAJ3, STM32MP257AAK3, STM32MP257AAL3, STM32MP257CAI3, STM32MP257CAJ3, STM32MP257CAK3, STM32MP257CAL3, STM32MP257DAI3, STM32MP257DAJ3, STM32MP257DAK3, STM32MP257DAL3, STM32MP257F-DK, STM32MP257F-EV1, STM32MP257FAI3, STM32MP257FAJ3, STM32MP257FAK3, STM32MP257FAL3, STM32N645A0H3Q, STM32N645B0H3Q, STM32N645I0H3Q, STM32N645L0H3Q, STM32N645X0H3Q, STM32N645Z0H3Q, STM32N647A0H3Q, STM32N647B0H3Q, STM32N647I0H3Q, STM32N647L0H3Q, STM32N647X0H3Q, STM32N647Z0H3Q, STM32N655A0H3Q, STM32N655B0H3Q, STM32N655I0H3Q, STM32N655L0H3Q, STM32N655X0H3Q, STM32N655Z0H3Q, STM32N6570-DK, STM32N657A0H3Q, STM32N657B0H3Q, STM32N657I0H3Q, STM32N657L0H3Q, STM32N657X0H3Q, STM32N657Z0H3Q, STM32U031C6T6, STM32U031C6U6, STM32U031C8T6, STM32U031C8U6, STM32U031F4P6, STM32U031F6P6, STM32U031F8P6, STM32U031G6Y6TR, STM32U031G8Y6TR, STM32U031K4U6, STM32U031K6U6, STM32U031K8U6, STM32U031R6I6, STM32U031R6T6, STM32U031R8I6, STM32U031R8T6, STM32U073C8T6, STM32U073C8U6, STM32U073CBT6, STM32U073CBU6, STM32U073CCT6, STM32U073CCU6, STM32U073H8Y6TR, STM32U073HBY6TR, STM32U073HCY6TR, STM32U073K8U6, STM32U073KBU6, STM32U073KCU6, STM32U073M8I6, STM32U073M8T6, STM32U073MBI6, STM32U073MBT6, STM32U073MCI6, STM32U073MCT6, STM32U073R8I6, STM32U073R8T6, STM32U073RBI6, STM32U073RBT6, STM32U073RCI6, STM32U073RCT6, STM32U083C-DK, STM32U083CCT6, STM32U083CCU6, STM32U083HCY6TR, STM32U083KCU6, STM32U083MCI6, STM32U083MCT6, STM32U083RCI6, STM32U083RCT6, STM32U375CET6, STM32U375CET6Q, STM32U375CEU6, STM32U375CEU6Q, STM32U375CEY6QTR, STM32U375CGT6, STM32U375CGT6Q, STM32U375CGU6, STM32U375CGU6Q, STM32U375CGY6QTR, STM32U375KEU6, STM32U375KGU6, STM32U375REI6, STM32U375REI6Q, STM32U375RET6, STM32U375RET6Q, STM32U375REY6GTR, STM32U375REY6QTR, STM32U375RGI6, STM32U375RGI6Q, STM32U375RGT6, STM32U375RGT6Q, STM32U375RGY6GTR, STM32U375RGY6QTR, STM32U375VEI6, STM32U375VEI6Q, STM32U375VET6, STM32U375VET6Q, STM32U375VGI6, STM32U375VGI6Q, STM32U375VGT6, STM32U375VGT6Q, STM32U385CGT6, STM32U385CGT6Q, STM32U385CGU6, STM32U385CGU6Q, STM32U385CGY6QTR, STM32U385KGU6, STM32U385RGI6, STM32U385RGI6Q, STM32U385RGT6, STM32U385RGT6Q, STM32U385RGY6GTR, STM32U385RGY6QTR, STM32U385VGI6, STM32U385VGI6Q, STM32U385VGT6, STM32U385VGT6Q, STM32U535CBT6, STM32U535CBT6Q, STM32U535CBU6, STM32U535CBU6Q, STM32U535CCT6, STM32U535CCT6Q, STM32U535CCU6, STM32U535CCU6Q, STM32U535CET6, STM32U535CET6Q, STM32U535CEU6, STM32U535CEU6Q, STM32U535JEY6QTR, STM32U535NCY6QTR, STM32U535NEY6QTR, STM32U535RBI6, STM32U535RBI6Q, STM32U535RBT6, STM32U535RBT6Q, STM32U535RCI6, STM32U535RCI6Q, STM32U535RCT6, STM32U535RCT6Q, STM32U535REI6, STM32U535REI6Q, STM32U535RET6, STM32U535RET6Q, STM32U535VCI6, STM32U535VCI6Q, STM32U535VCT6, STM32U535VCT6Q, STM32U535VEI6, STM32U535VEI6Q, STM32U535VET6, STM32U535VET6Q, STM32U545CET6, STM32U545CET6Q, STM32U545CEU6, STM32U545CEU6Q, STM32U545JEY6QTR, STM32U545NEY6QTR, STM32U545REI6, STM32U545REI6Q, STM32U545RET6, STM32U545RET6Q, STM32U545VEI6, STM32U545VEI6Q, STM32U545VET6, STM32U545VET6Q, STM32U595AIH6, STM32U595AIH6Q, STM32U595AJH6, STM32U595AJH6Q, STM32U595QII6, STM32U595QII6Q, STM32U595QJI6, STM32U595QJI6Q, STM32U595RIT6, STM32U595RIT6Q, STM32U595RJT6, STM32U595RJT6Q, STM32U595VIT6, STM32U595VIT6Q, STM32U595VJT6, STM32U595VJT6Q, STM32U595ZIT6, STM32U595ZIT6Q, STM32U595ZIY6QTR, STM32U595ZJT6, STM32U595ZJT6Q, STM32U595ZJY6QTR, STM32U599BJY6QTR, STM32U599NIH6Q, STM32U599NJH6Q, STM32U599VIT6Q, STM32U599VJT6, STM32U599VJT6Q, STM32U599ZIT6Q, STM32U599ZIY6QTR, STM32U599ZJT6Q, STM32U599ZJY6QTR, STM32U5A5AJH6, STM32U5A5AJH6Q, STM32U5A5QII3Q , STM32U5A5QJI6, STM32U5A5QJI6Q, STM32U5A5RJT6, STM32U5A5RJT6Q, STM32U5A5VJT6, STM32U5A5VJT6Q, STM32U5A5ZJT6, STM32U5A5ZJT6Q, STM32U5A5ZJY6QTR, STM32U5A9BJY6QTR, STM32U5A9J-DK, STM32U5A9NJH6Q, STM32U5A9VJT6Q, STM32U5A9ZJT6Q, STM32U5A9ZJY6QTR, STM32U5F7VIT6, STM32U5F7VIT6Q, STM32U5F7VJT6, STM32U5F7VJT6Q, STM32U5F9BJY6QTR, STM32U5F9NJH6Q, STM32U5F9VIT6Q, STM32U5F9VJT6Q, STM32U5F9ZIJ6QTR, STM32U5F9ZIT6Q, STM32U5F9ZJJ6QTR, STM32U5F9ZJT6Q, STM32U5G7VJT6, STM32U5G7VJT6Q, STM32U5G9BJY6QTR, STM32U5G9J-DK1, STM32U5G9J-DK2, STM32U5G9NJH6Q, STM32U5G9VJT6Q, STM32U5G9ZJJ6QTR, STM32U5G9ZJT6Q, STM32WB05KZV6TR, STM32WB05KZV7TR, STM32WB05TZF6TR, STM32WB05TZF7TR, STM32WB06CCF6TR, STM32WB06CCF7TR, STM32WB06CCV6TR, STM32WB06CCV7TR, STM32WB06KCV6TR, STM32WB06KCV7TR, STM32WB07CCF6TR, STM32WB07CCF7TR, STM32WB07CCV6TR, STM32WB07CCV7TR, STM32WB07KCV6TR, STM32WB07KCV7TR, STM32WB09KEV6TR, STM32WB09KEV7TR, STM32WB09TEF6TR, STM32WB09TEF7TR, STM32WB1MMCH6, STM32WBA50KGU6, STM32WBA50KGU6TR, STM32WBA52CEU6, STM32WBA52CEU6TR, STM32WBA52CEU7, STM32WBA52CEU7TR, STM32WBA52CGU6, STM32WBA52CGU6TR, STM32WBA52CGU6U, STM32WBA52CGU7, STM32WBA52CGU7TR, STM32WBA52KEU6, STM32WBA52KEU6TR, STM32WBA52KGU6, STM32WBA52KGU6TR, STM32WBA54CEU6, STM32WBA54CEU6TR, STM32WBA54CEU7, STM32WBA54CEU7TR, STM32WBA54CGU6, STM32WBA54CGU6TR, STM32WBA54CGU7, STM32WBA54CGU7TR, STM32WBA54KEU6, STM32WBA54KEU6TR, STM32WBA54KEU7, STM32WBA54KEU7TR, STM32WBA54KGU6, STM32WBA54KGU6TR, STM32WBA54KGU7, STM32WBA54KGU7TR, STM32WBA55CEU6, STM32WBA55CEU6TR, STM32WBA55CEU7, STM32WBA55CEU7TR, STM32WBA55CGU6, STM32WBA55CGU6TR, STM32WBA55CGU6U, STM32WBA55CGU7, STM32WBA55CGU7TR, STM32WBA55G-DK1, STM32WBA55HEF6, STM32WBA55HEF7, STM32WBA55HGF6, STM32WBA55HGF7, STM32WBA55UEI6, STM32WBA55UEI6TR, STM32WBA55UEI7, STM32WBA55UEI7TR, STM32WBA55UGI6, STM32WBA55UGI6TR, STM32WBA55UGI7, STM32WBA55UGI7TR, STM32WBA5MJGH6TR, STM32WBA5MJGH6U, STM32WL33C8V6, STM32WL33C8V6TR, STM32WL33C8V7, STM32WL33C8V7TR, STM32WL33CBV6, STM32WL33CBV6TR, STM32WL33CBV7, STM32WL33CBV7TR, STM32WL33CCV6, STM32WL33CCV6TR, STM32WL33CCV7, STM32WL33CCV7A, STM32WL33CCV7ATR, STM32WL33CCV7TR, STM32WL33K8V6, STM32WL33K8V6TR, STM32WL33K8V7, STM32WL33K8V7TR, STM32WL33KBV6, STM32WL33KBV6TR, STM32WL33KBV7, STM32WL33KBV7TR, STM32WL33KCV6, STM32WL33KCV6TR, STM32WL33KCV7, STM32WL33KCV7TR, STM32WL5MOCH6, STM32WL5MOCH6TR]
2025-05-24 17:18:21,113 [INFO] DbMcus:218 - Found 4674 MCUs, 4674 are supported
2025-05-24 17:18:21,115 [INFO] ApiDb:423 - Load user favorites file /Users/mindhacker999/.stm32cubeide/favorites.mcus.txt: 0 item(s)
2025-05-24 17:18:21,116 [INFO] ApiDb:427 - User favorites MCUs=[]
2025-05-24 17:18:21,116 [INFO] DbMcus:224 - Set 0 / 0 favorites MCUs
2025-05-24 17:18:21,471 [INFO] ApiDb:423 - Load user favorites file /Users/mindhacker999/.stm32cubeide/favorites.boards.txt: 0 item(s)
2025-05-24 17:18:21,480 [INFO] ApiDb:427 - User favorites Boards=[]
2025-05-24 17:18:21,492 [INFO] DbBoards:198 - Set 0 / 0 favorites Boards
2025-05-24 17:18:21,837 [INFO] UtilMem:75 - End LoadConfig() Used Memory: 607145048 Bytes (1073741824)
2025-05-24 17:18:22,220 [WARN] ThirdParty:833 - waiting for thirdparty lock release [change project]
2025-05-24 17:18:22,231 [INFO] ThirdParty:835 - entering critical section [change project]
2025-05-24 17:18:22,236 [INFO] ThirdParty:1030 - CMSIS Pack Vendor :STMicroelectronics USBPD 4.1
2025-05-24 17:18:22,237 [INFO] ThirdParty:1030 - CMSIS Pack Vendor :STMicroelectronics X-CUBE-AZRTOS-H7 3.3.0
2025-05-24 17:18:22,237 [INFO] ThirdParty:1030 - CMSIS Pack Vendor :STMicroelectronics X-CUBE-NFC9 1.0.0
2025-05-24 17:18:22,237 [INFO] ThirdParty:1030 - CMSIS Pack Vendor :STMicroelectronics USB_HOST 2.0.0
2025-05-24 17:18:22,237 [INFO] ThirdParty:1030 - CMSIS Pack Vendor :STMicroelectronics FP-SNS-MOTENVWB1 1.4.0
2025-05-24 17:18:22,237 [INFO] ThirdParty:1030 - CMSIS Pack Vendor :STMicroelectronics X-CUBE-AZRTOS-F4 1.1.0
2025-05-24 17:18:22,237 [INFO] ThirdParty:1030 - CMSIS Pack Vendor :STMicroelectronics LIBJPEG 8.0.0
2025-05-24 17:18:22,237 [INFO] ThirdParty:1030 - CMSIS Pack Vendor :STMicroelectronics FP-ATR-ASTRA1 2.0.2
2025-05-24 17:18:22,237 [INFO] ThirdParty:1030 - CMSIS Pack Vendor :STMicroelectronics FP-ATR-ASTRA1 2.0.1
2025-05-24 17:18:22,237 [INFO] ThirdParty:1030 - CMSIS Pack Vendor :STMicroelectronics X-CUBE-BLE1 7.1.0
2025-05-24 17:18:22,237 [INFO] ThirdParty:1030 - CMSIS Pack Vendor :Avnet-IotConnect X-CUBE-IoTC-DA16k-PMOD 1.0.0
2025-05-24 17:18:22,237 [INFO] ThirdParty:1030 - CMSIS Pack Vendor :STMicroelectronics X-CUBE-SMBUS 2.1.0
2025-05-24 17:18:22,237 [INFO] ThirdParty:1030 - CMSIS Pack Vendor :STMicroelectronics X-CUBE-WB05N 1.1.0
2025-05-24 17:18:22,237 [INFO] ThirdParty:1030 - CMSIS Pack Vendor :STMicroelectronics USB_DEVICE 3.0.0
2025-05-24 17:18:22,237 [INFO] ThirdParty:1030 - CMSIS Pack Vendor :STMicroelectronics X-CUBE-ISPU 2.1.0
2025-05-24 17:18:22,237 [INFO] ThirdParty:1030 - CMSIS Pack Vendor :STMicroelectronics X-CUBE-AZRTOS-WB 2.0.0
2025-05-24 17:18:22,237 [INFO] ThirdParty:1030 - CMSIS Pack Vendor :STMicroelectronics X-CUBE-GNSS1 7.0.1
2025-05-24 17:18:22,237 [INFO] ThirdParty:1030 - CMSIS Pack Vendor :STMicroelectronics X-CUBE-AZRTOS-F7 1.1.0
2025-05-24 17:18:22,237 [INFO] ThirdParty:1030 - CMSIS Pack Vendor :STMicroelectronics X-CUBE-AZRTOS-L5 2.0.0
2025-05-24 17:18:22,238 [INFO] ThirdParty:1030 - CMSIS Pack Vendor :STMicroelectronics X-CUBE-TOUCHGFX 4.25.0
2025-05-24 17:18:22,238 [INFO] ThirdParty:1030 - CMSIS Pack Vendor :STMicroelectronics USB_DEVICE 2.0.0
2025-05-24 17:18:22,238 [INFO] ThirdParty:1030 - CMSIS Pack Vendor :STMicroelectronics X-CUBE-NFC6 3.1.0
2025-05-24 17:18:22,238 [INFO] ThirdParty:1030 - CMSIS Pack Vendor :STMicroelectronics FP-SNS-STBOX1 2.0.0
2025-05-24 17:18:22,238 [INFO] ThirdParty:1030 - CMSIS Pack Vendor :STMicroelectronics X-CUBE-MEMS1 11.2.0
2025-05-24 17:18:22,238 [INFO] ThirdParty:1030 - CMSIS Pack Vendor :STMicroelectronics FreeRTOS 0.0.1
2025-05-24 17:18:22,238 [INFO] ThirdParty:1030 - CMSIS Pack Vendor :STMicroelectronics X-CUBE-AZRTOS-G0 1.1.0
2025-05-24 17:18:22,238 [INFO] ThirdParty:1030 - CMSIS Pack Vendor :STMicroelectronics X-CUBE-SAFEA1 1.2.2
2025-05-24 17:18:22,238 [INFO] ThirdParty:1030 - CMSIS Pack Vendor :STMicroelectronics X-CUBE-NFC4 3.0.0
2025-05-24 17:18:22,238 [INFO] ThirdParty:1030 - CMSIS Pack Vendor :STMicroelectronics X-CUBE-DPower 1.2.0
2025-05-24 17:18:22,238 [INFO] ThirdParty:1030 - CMSIS Pack Vendor :STMicroelectronics X-CUBE-SUBG2 5.0.0
2025-05-24 17:18:22,238 [INFO] ThirdParty:1030 - CMSIS Pack Vendor :STMicroelectronics X-CUBE-AZRTOS-H7RS 1.1.0
2025-05-24 17:18:22,238 [INFO] ThirdParty:1030 - CMSIS Pack Vendor :STMicroelectronics STM32_WPAN 1.0.0
2025-05-24 17:18:22,238 [INFO] ThirdParty:1030 - CMSIS Pack Vendor :EmbeddedOffice I-CUBE-FS-RTOS 1.0.1
2025-05-24 17:18:22,238 [INFO] ThirdParty:1030 - CMSIS Pack Vendor :STMicroelectronics lwIP 2.0.3
2025-05-24 17:18:22,238 [INFO] ThirdParty:1030 - CMSIS Pack Vendor :STMicroelectronics FP-SNS-FLIGHT1 5.0.2
2025-05-24 17:18:22,238 [INFO] ThirdParty:1030 - CMSIS Pack Vendor :Cesanta I-CUBE-Mongoose 7.13.0
2025-05-24 17:18:22,238 [INFO] ThirdParty:1030 - CMSIS Pack Vendor :STMicroelectronics USB_HOST 1.0.0
2025-05-24 17:18:22,239 [INFO] ThirdParty:1030 - CMSIS Pack Vendor :Infineon AIROC-Wi-Fi-Bluetooth-STM32 1.7.0
2025-05-24 17:18:22,239 [INFO] ThirdParty:1030 - CMSIS Pack Vendor :STMicroelectronics X-CUBE-AZRTOS-G4 2.0.0
2025-05-24 17:18:22,239 [INFO] ThirdParty:1030 - CMSIS Pack Vendor :STMicroelectronics X-CUBE-WB05N 2.0.0
2025-05-24 17:18:22,239 [INFO] ThirdParty:1030 - CMSIS Pack Vendor :STMicroelectronics PDM2PCM 3.1.0
2025-05-24 17:18:22,239 [INFO] ThirdParty:1030 - CMSIS Pack Vendor :STMicroelectronics PDM2PCM 3.3.0
2025-05-24 17:18:22,239 [INFO] ThirdParty:1030 - CMSIS Pack Vendor :STMicroelectronics X-CUBE-DISPLAY 3.0.0
2025-05-24 17:18:22,239 [INFO] ThirdParty:1030 - CMSIS Pack Vendor :STMicroelectronics X-CUBE-NFC7 2.0.0
2025-05-24 17:18:22,239 [INFO] ThirdParty:1030 - CMSIS Pack Vendor :STMicroelectronics X-CUBE-TCPP 4.2.0
2025-05-24 17:18:22,239 [INFO] ThirdParty:1030 - CMSIS Pack Vendor :RealThread X-CUBE-RT-Thread_Nano 4.1.1
2025-05-24 17:18:22,239 [INFO] ThirdParty:1030 - CMSIS Pack Vendor :STMicroelectronics X-CUBE-BLE1 7.0.0
2025-05-24 17:18:22,239 [INFO] ThirdParty:1030 - CMSIS Pack Vendor :STMicroelectronics FP-ATR-SIGFOX1 3.2.0
2025-05-24 17:18:22,239 [INFO] ThirdParty:1030 - CMSIS Pack Vendor :STMicroelectronics X-CUBE-NFC10 1.0.0
2025-05-24 17:18:22,240 [INFO] ThirdParty:1030 - CMSIS Pack Vendor :quantropi X-CUBE-qispace-sdk-base 1.9.3
2025-05-24 17:18:22,241 [INFO] ThirdParty:1030 - CMSIS Pack Vendor :STMicroelectronics X-CUBE-BLEMGR 4.0.0
2025-05-24 17:18:22,242 [INFO] ThirdParty:1030 - CMSIS Pack Vendor :STMicroelectronics X-CUBE-EEPRMA1 5.1.0
2025-05-24 17:18:22,242 [INFO] ThirdParty:1030 - CMSIS Pack Vendor :STMicroelectronics X-CUBE-FREERTOS 1.3.1
2025-05-24 17:18:22,243 [INFO] ThirdParty:1030 - CMSIS Pack Vendor :STMicroelectronics HAL Drivers 0.0.0
2025-05-24 17:18:22,243 [INFO] ThirdParty:1030 - CMSIS Pack Vendor :STMicroelectronics MBEDTLS 2.16.2
2025-05-24 17:18:22,243 [INFO] ThirdParty:1030 - CMSIS Pack Vendor :STMicroelectronics X-CUBE-IPS 3.1.0
2025-05-24 17:18:22,243 [INFO] ThirdParty:1030 - CMSIS Pack Vendor :STMicroelectronics X-CUBE-ALS 1.0.2
2025-05-24 17:18:22,243 [INFO] ThirdParty:1030 - CMSIS Pack Vendor :emotas I-CUBE-CANOPEN 1.3.0
2025-05-24 17:18:22,243 [INFO] ThirdParty:1030 - CMSIS Pack Vendor :STMicroelectronics X-CUBE-FREERTOS 1.3.0
2025-05-24 17:18:22,243 [INFO] ThirdParty:1030 - CMSIS Pack Vendor :wolfSSL I-CUBE-wolfSSL 5.7.4
2025-05-24 17:18:22,243 [INFO] ThirdParty:1030 - CMSIS Pack Vendor :STMicroelectronics X-CUBE-NFC7 1.0.1
2025-05-24 17:18:22,243 [INFO] ThirdParty:1030 - CMSIS Pack Vendor :STMicroelectronics MBEDTLS 2.14.1
2025-05-24 17:18:22,243 [INFO] ThirdParty:1030 - CMSIS Pack Vendor :ITTIA_DB I-CUBE-ITTIADB 8.9.0
2025-05-24 17:18:22,243 [INFO] ThirdParty:1030 - CMSIS Pack Vendor :STMicroelectronics X-CUBE-TOUCHGFX 4.24.2
2025-05-24 17:18:22,243 [INFO] ThirdParty:1030 - CMSIS Pack Vendor :wolfSSL I-CUBE-wolfTPM 3.4.0
2025-05-24 17:18:22,243 [INFO] ThirdParty:1030 - CMSIS Pack Vendor :portGmbH I-Cube-SoM-uGOAL 1.1.0
2025-05-24 17:18:22,243 [INFO] ThirdParty:1030 - CMSIS Pack Vendor :STMicroelectronics X-CUBE-AI 10.0.0
2025-05-24 17:18:22,243 [INFO] ThirdParty:1030 - CMSIS Pack Vendor :STMicroelectronics ThreadX 1.0.0
2025-05-24 17:18:22,243 [INFO] ThirdParty:1030 - CMSIS Pack Vendor :STMicroelectronics FP-SNS-SMARTAG2 1.2.0
2025-05-24 17:18:22,243 [INFO] ThirdParty:1030 - CMSIS Pack Vendor :STMicroelectronics FP-SNS-FLIGHT1 5.1.0
2025-05-24 17:18:22,243 [INFO] ThirdParty:1030 - CMSIS Pack Vendor :STMicroelectronics X-CUBE-MEMS1 11.1.0
2025-05-24 17:18:22,244 [INFO] ThirdParty:1030 - CMSIS Pack Vendor :STMicroelectronics X-CUBE-AZRTOS-WL 2.0.0
2025-05-24 17:18:22,244 [INFO] ThirdParty:1030 - CMSIS Pack Vendor :SEGGER I-CUBE-embOS 1.3.1
2025-05-24 17:18:22,244 [INFO] ThirdParty:1030 - CMSIS Pack Vendor :STMicroelectronics X-CUBE-ALGOBUILD 1.4.0
2025-05-24 17:18:22,244 [INFO] ThirdParty:1030 - CMSIS Pack Vendor :STMicroelectronics X-CUBE-DPower 1.3.0
2025-05-24 17:18:22,244 [INFO] ThirdParty:1030 - CMSIS Pack Vendor :STMicroelectronics FP-SNS-MOTENV1 5.0.0
2025-05-24 17:18:22,244 [INFO] ThirdParty:1030 - CMSIS Pack Vendor :STMicroelectronics USB_DEVICE 1.0.0
2025-05-24 17:18:22,244 [INFO] ThirdParty:1030 - CMSIS Pack Vendor :STMicroelectronics X-CUBE-AZRTOS-H7RS 1.0.0
2025-05-24 17:18:22,244 [INFO] ThirdParty:1030 - CMSIS Pack Vendor :wolfSSL I-CUBE-wolfMQTT 1.19.0
2025-05-24 17:18:22,244 [INFO] ThirdParty:1030 - CMSIS Pack Vendor :STMicroelectronics X-CUBE-AZRTOS-L4 2.0.0
2025-05-24 17:18:22,244 [INFO] ThirdParty:1030 - CMSIS Pack Vendor :STMicroelectronics ThreadX 0.0.2
2025-05-24 17:18:22,244 [INFO] ThirdParty:1030 - CMSIS Pack Vendor :WES I-CUBE-Cesium 1.3.0
2025-05-24 17:18:22,244 [INFO] ThirdParty:1030 - CMSIS Pack Vendor :STMicroelectronics lwIP 2.1.2
2025-05-24 17:18:22,244 [INFO] ThirdParty:1030 - CMSIS Pack Vendor :STMicroelectronics X-CUBE-SFXS2LP1 4.0.0
2025-05-24 17:18:22,244 [INFO] ThirdParty:1030 - CMSIS Pack Vendor :STMicroelectronics X-CUBE-BLE2 3.3.0
2025-05-24 17:18:22,244 [INFO] ThirdParty:1030 - CMSIS Pack Vendor :STMicroelectronics X-CUBE-TOF1 3.4.2
2025-05-24 17:18:22,244 [INFO] ThirdParty:1030 - CMSIS Pack Vendor :STMicroelectronics X-CUBE-TOF1 3.4.3
2025-05-24 17:18:22,245 [INFO] ThirdParty:1030 - CMSIS Pack Vendor :STMicroelectronics X-CUBE-AI 9.1.0
2025-05-24 17:18:22,252 [INFO] ThirdParty:1030 - CMSIS Pack Vendor :STMicroelectronics PDM2PCM 3.2.0
2025-05-24 17:18:22,259 [INFO] ThirdParty:1030 - CMSIS Pack Vendor :wolfSSL I-CUBE-wolfSSH 1.4.17
2025-05-24 17:18:22,268 [INFO] ThirdParty:841 - exiting critical section [change project]
2025-05-24 17:18:23,144 [INFO] PinOutPanel:1589 - setPackage(No Configuration,No Configuration)
2025-05-24 17:18:23,152 [INFO] PinOutPanel:1589 - setPackage(STM32F411CEUx,UFQFPN48)
2025-05-24 17:18:24,071 [INFO] UtilMem:75 - Before build in PCC Used Memory: 923763400 Bytes (1073741824)
2025-05-24 17:18:25,158 [INFO] UtilMem:75 - After build in PCC Used Memory: 761097776 Bytes (1073741824)
2025-05-24 17:18:25,218 [INFO] IPUIPlugin:80 - create IPUIPlugin
2025-05-24 17:18:25,219 [INFO] IPUIPlugin:80 - create IPUIPlugin
2025-05-24 17:18:25,220 [INFO] IPUIPlugin:80 - create IPUIPlugin
2025-05-24 17:18:25,220 [INFO] IPUIPlugin:80 - create IPUIPlugin
2025-05-24 17:18:25,220 [INFO] IPUIPlugin:80 - create IPUIPlugin
2025-05-24 17:18:25,221 [INFO] IPUIPlugin:80 - create IPUIPlugin
2025-05-24 17:18:25,222 [INFO] IPUIPlugin:80 - create IPUIPlugin
2025-05-24 17:18:25,222 [INFO] IPUIPlugin:80 - create IPUIPlugin
2025-05-24 17:18:25,222 [INFO] IPUIPlugin:80 - create IPUIPlugin
2025-05-24 17:18:25,222 [INFO] IPUIPlugin:80 - create IPUIPlugin
2025-05-24 17:18:25,222 [INFO] IPUIPlugin:80 - create IPUIPlugin
2025-05-24 17:18:25,223 [INFO] IPUIPlugin:80 - create IPUIPlugin
2025-05-24 17:18:25,223 [INFO] IPUIPlugin:80 - create IPUIPlugin
2025-05-24 17:18:25,223 [INFO] IPUIPlugin:80 - create IPUIPlugin
2025-05-24 17:18:25,223 [INFO] IPUIPlugin:80 - create IPUIPlugin
2025-05-24 17:18:25,223 [INFO] IPUIPlugin:80 - create IPUIPlugin
2025-05-24 17:18:25,223 [INFO] IPUIPlugin:80 - create IPUIPlugin
2025-05-24 17:18:25,224 [INFO] IPUIPlugin:80 - create IPUIPlugin
2025-05-24 17:18:25,225 [INFO] IPUIPlugin:80 - create IPUIPlugin
2025-05-24 17:18:25,226 [INFO] IPUIPlugin:80 - create IPUIPlugin
2025-05-24 17:18:25,226 [INFO] IPUIPlugin:80 - create IPUIPlugin
2025-05-24 17:18:25,226 [INFO] IPUIPlugin:80 - create IPUIPlugin
2025-05-24 17:18:25,226 [INFO] IPUIPlugin:80 - create IPUIPlugin
2025-05-24 17:18:25,226 [INFO] IPUIPlugin:80 - create IPUIPlugin
2025-05-24 17:18:25,226 [INFO] IPUIPlugin:80 - create IPUIPlugin
2025-05-24 17:18:25,226 [INFO] IPUIPlugin:80 - create IPUIPlugin
2025-05-24 17:18:25,226 [INFO] IPUIPlugin:80 - create IPUIPlugin
2025-05-24 17:18:25,227 [INFO] IPUIPlugin:80 - create IPUIPlugin
2025-05-24 17:18:25,227 [INFO] IPUIPlugin:80 - create IPUIPlugin
2025-05-24 17:18:25,227 [INFO] IPUIPlugin:80 - create IPUIPlugin
2025-05-24 17:18:25,227 [INFO] IPUIPlugin:80 - create IPUIPlugin
2025-05-24 17:18:25,227 [INFO] IPUIPlugin:80 - create IPUIPlugin
2025-05-24 17:18:25,227 [INFO] IPUIPlugin:80 - create IPUIPlugin
2025-05-24 17:18:25,227 [INFO] IPUIPlugin:80 - create IPUIPlugin
2025-05-24 17:18:25,227 [INFO] IPUIPlugin:80 - create IPUIPlugin
2025-05-24 17:18:25,227 [INFO] IPUIPlugin:80 - create IPUIPlugin
2025-05-24 17:18:25,227 [INFO] IPUIPlugin:80 - create IPUIPlugin
2025-05-24 17:18:25,227 [INFO] IPUIPlugin:80 - create IPUIPlugin
2025-05-24 17:18:25,228 [INFO] IPUIPlugin:80 - create IPUIPlugin
2025-05-24 17:18:25,228 [INFO] IPUIPlugin:80 - create IPUIPlugin
2025-05-24 17:18:25,228 [INFO] IPUIPlugin:80 - create IPUIPlugin
2025-05-24 17:18:25,228 [INFO] IPUIPlugin:80 - create IPUIPlugin
2025-05-24 17:18:25,228 [INFO] IPUIPlugin:80 - create IPUIPlugin
2025-05-24 17:18:25,287 [INFO] ApiDbMcu:508 - Load IP Config File for PDM2PCM
2025-05-24 17:18:25,303 [WARN] IP:2251 - I2C_Coeff_DF not found: check if there is a RefParameter without a condition.
2025-05-24 17:18:25,303 [WARN] IP:2251 - Analog_Filter not found: check if there is a RefParameter without a condition.
2025-05-24 17:18:25,619 [INFO] CADModel:165 - CPN selected for project levelSTM32F411CEU6
2025-05-24 17:18:25,620 [INFO] CADModel:114 - Register for checkConnection events
2025-05-24 17:18:25,667 [INFO] OpenFileManager:363 - Restore cursor
2025-05-24 17:18:25,927 [WARN] IP:2251 - I2C_Coeff_DF not found: check if there is a RefParameter without a condition.
2025-05-24 17:18:25,927 [WARN] IP:2251 - Analog_Filter not found: check if there is a RefParameter without a condition.
2025-05-24 17:18:25,928 [WARN] IP:2251 - I2C_Coeff_DF not found: check if there is a RefParameter without a condition.
2025-05-24 17:18:25,928 [WARN] IP:2251 - Analog_Filter not found: check if there is a RefParameter without a condition.
2025-05-24 17:32:51,675 [INFO] MainUpdater:2872 - connection check result : 10
2025-05-24 17:32:51,680 [INFO] MainUpdater:2872 - connection check result : 10
2025-05-24 17:32:52,211 [INFO] MicroXplorer:468 - Change Database Path : 
2025-05-24 17:32:52,211 [INFO] MicroXplorer:498 - Change Database Version : DB.6.0.130
2025-05-24 17:32:52,297 [ERROR] ProjectManagerView:394 - 
java.lang.NullPointerException: Cannot invoke "javax.swing.JTextField.getText()" because the return value of "java.util.List.get(int)" is null
	at com.st.microxplorer.plugins.projectmanager.gui.ProjectChoiceTab$9.caretUpdate(ProjectChoiceTab.java:2616) ~[filemanager.jar:?]
	at javax.swing.text.JTextComponent.fireCaretUpdate(JTextComponent.java:408) ~[?:?]
	at javax.swing.text.JTextComponent$MutableCaretEvent.fire(JTextComponent.java:4484) ~[?:?]
	at javax.swing.text.JTextComponent$MutableCaretEvent.stateChanged(JTextComponent.java:4506) ~[?:?]
	at javax.swing.text.DefaultCaret.fireStateChanged(DefaultCaret.java:857) ~[?:?]
	at javax.swing.text.DefaultCaret.changeCaretPosition(DefaultCaret.java:1343) ~[?:?]
	at javax.swing.text.DefaultCaret.handleSetDot(DefaultCaret.java:1242) ~[?:?]
	at javax.swing.text.DefaultCaret.setDot(DefaultCaret.java:1223) ~[?:?]
	at javax.swing.text.DefaultCaret$Handler.insertUpdate(DefaultCaret.java:1819) ~[?:?]
	at javax.swing.text.AbstractDocument.fireInsertUpdate(AbstractDocument.java:227) ~[?:?]
	at javax.swing.text.AbstractDocument.handleInsertString(AbstractDocument.java:781) ~[?:?]
	at javax.swing.text.AbstractDocument.insertString(AbstractDocument.java:740) ~[?:?]
	at javax.swing.text.PlainDocument.insertString(PlainDocument.java:131) ~[?:?]
	at javax.swing.text.AbstractDocument.replace(AbstractDocument.java:699) ~[?:?]
	at javax.swing.text.JTextComponent.setText(JTextComponent.java:1725) ~[?:?]
	at com.st.microxplorer.plugins.projectmanager.gui.ProjectChoiceTab.createHeapStackFields(ProjectChoiceTab.java:975) ~[filemanager.jar:?]
	at com.st.microxplorer.plugins.projectmanager.gui.ProjectChoiceTab.buildLinkSettingsPanel(ProjectChoiceTab.java:3666) ~[filemanager.jar:?]
	at com.st.microxplorer.plugins.projectmanager.gui.ProjectChoiceTab.defineWindowsFields(ProjectChoiceTab.java:1934) ~[filemanager.jar:?]
	at com.st.microxplorer.plugins.projectmanager.gui.ProjectChoiceTab.updateSettings(ProjectChoiceTab.java:553) ~[filemanager.jar:?]
	at com.st.microxplorer.plugins.projectmanager.gui.ProjectSettingsPanel.UpdateDialog(ProjectSettingsPanel.java:245) ~[filemanager.jar:?]
	at com.st.microxplorer.plugins.projectmanager.ProjectManagerView.propertyChange(ProjectManagerView.java:391) ~[filemanager.jar:?]
	at java.beans.PropertyChangeSupport.fire(PropertyChangeSupport.java:343) ~[?:?]
	at java.beans.PropertyChangeSupport.firePropertyChange(PropertyChangeSupport.java:335) ~[?:?]
	at java.beans.PropertyChangeSupport.firePropertyChange(PropertyChangeSupport.java:268) ~[?:?]
	at com.st.microxplorer.util.MXPropertyChangeSupport.firePropertyChange(MXPropertyChangeSupport.java:54) ~[STM32CubeMX.jar:?]
	at com.st.microxplorer.mxsystem.MxSystem.closeConfig(MxSystem.java:899) ~[STM32CubeMX.jar:?]
	at com.st.microxplorer.maingui.MainPanel.closeConfig(MainPanel.java:789) ~[STM32CubeMX.jar:?]
	at com.st.microxplorer.plugins.filemanager.engine.OpenFileManager.loadConfigurationFile(OpenFileManager.java:265) ~[filemanager.jar:?]
	at com.st.microxplorer.plugins.filemanager.engine.MainFileManager.userLoadConfig(MainFileManager.java:340) ~[filemanager.jar:?]
	at com.st.microxplorer.plugins.filemanager.engine.MainFileManager.userLoadConfig(MainFileManager.java:318) ~[filemanager.jar:?]
	at com.st.microxplorer.plugins.filemanager.FileManagerView.getSpecificTask(FileManagerView.java:246) ~[filemanager.jar:?]
	at com.st.stm32cube.common.mx.editor.CubeMxEditor.getMxTabbedPaneInstance(CubeMxEditor.java:1198) ~[com.st.stm32cube.common.mx_6.13.0.202411220809/:?]
	at com.st.stm32cube.common.mx.editor.CubeMxEditor$12$1.createSwingComponent(CubeMxEditor.java:1068) ~[com.st.stm32cube.common.mx_6.13.0.202411220809/:?]
	at com.st.stm32cube.common.mx.oss.core.awtswtbridge.EmbeddedSwingComposite.doComponentCreation(EmbeddedSwingComposite.java:492) ~[com.st.stm32cube.common.mx.oss_6.13.0.202411220809/:?]
	at com.st.stm32cube.common.mx.oss.core.awtswtbridge.EmbeddedSwingComposite$4.run(EmbeddedSwingComposite.java:291) ~[com.st.stm32cube.common.mx.oss_6.13.0.202411220809/:?]
	at com.st.stm32cube.common.mx.oss.core.awtswtbridge.AwtEnvironment$2.run(AwtEnvironment.java:166) ~[com.st.stm32cube.common.mx.oss_6.13.0.202411220809/:?]
	at java.awt.event.InvocationEvent.dispatch(InvocationEvent.java:318) ~[?:?]
	at java.awt.EventQueue.dispatchEventImpl(EventQueue.java:773) ~[?:?]
	at java.awt.EventQueue$4.run(EventQueue.java:720) ~[?:?]
	at java.awt.EventQueue$4.run(EventQueue.java:714) ~[?:?]
	at java.security.AccessController.doPrivileged(AccessController.java:400) ~[?:?]
	at java.security.ProtectionDomain$JavaSecurityAccessImpl.doIntersectionPrivilege(ProtectionDomain.java:87) ~[?:?]
	at java.awt.EventQueue.dispatchEvent(EventQueue.java:742) ~[?:?]
	at java.awt.EventDispatchThread.pumpOneEventForFilters(EventDispatchThread.java:203) ~[?:?]
	at java.awt.EventDispatchThread.pumpEventsForFilter(EventDispatchThread.java:124) ~[?:?]
	at java.awt.EventDispatchThread.pumpEventsForHierarchy(EventDispatchThread.java:113) ~[?:?]
	at java.awt.EventDispatchThread.pumpEvents(EventDispatchThread.java:109) ~[?:?]
	at java.awt.EventDispatchThread.pumpEvents(EventDispatchThread.java:101) ~[?:?]
	at java.awt.EventDispatchThread.run(EventDispatchThread.java:90) ~[?:?]
2025-05-24 17:32:52,306 [WARN] ThirdParty:871 - waiting for thirdparty lock release [close project]
2025-05-24 17:32:52,306 [INFO] ThirdParty:873 - entering critical section [close project]
2025-05-24 17:32:52,307 [INFO] ThirdParty:883 - exiting critical section [close project]
2025-05-24 17:32:52,309 [INFO] PinOutPanel:1589 - setPackage(No Configuration,No Configuration)
2025-05-24 17:32:52,354 [WARN] IpParametersView:154 - Warning: This peripheral hasn't parameters
2025-05-24 17:32:52,385 [WARN] MainPanel:289 - <html><b><center>Warning: This peripheral has no parameters to be configured<br></b></html>
2025-05-24 17:32:52,392 [ERROR] MainPanel:599 - java.lang.IndexOutOfBoundsException: Index: 0, Tab count: 0
2025-05-24 17:32:52,408 [INFO] UtilMem:75 - Begin LoadConfig() Used Memory: 924257584 Bytes (1073741824)
2025-05-24 17:32:52,410 [INFO] MicroXplorer:468 - Change Database Path : 
2025-05-24 17:32:52,410 [INFO] MicroXplorer:498 - Change Database Version : DB.6.0.130
2025-05-24 17:32:52,410 [INFO] OpenFileManager:332 - Change cursor
2025-05-24 17:32:52,444 [INFO] Mcu:2035 - Initializing MCU STM32F411C(C-E)Ux STM32F411CEUx STM32F411CEU6
2025-05-24 17:32:53,514 [INFO] Context:748 - Trying to add GPIOservice into a context  which must be forbidden
2025-05-24 17:32:54,469 [INFO] RtosManager:555 - Registered RTOS mode: class=CMSIS, group=RTOS, mode=CMSIS_V1, owner=FREERTOS
2025-05-24 17:32:54,478 [INFO] RtosManager:555 - Registered RTOS mode: class=CMSIS, group=RTOS2, mode=CMSIS_V2, owner=FREERTOS
2025-05-24 17:32:54,481 [INFO] RtosManager:555 - Registered RTOS mode: class=RTOS, group=Core, mode=CMSIS_V1, owner=FREERTOS
2025-05-24 17:32:54,481 [INFO] RtosManager:555 - Registered RTOS mode: class=RTOS, group=Core, mode=CMSIS_V2, owner=FREERTOS
2025-05-24 17:32:54,481 [WARN] ModelIntegratedComponent:184 - Missing modes for component STMicroelectronics:FreeRTOS:0.0.1:STMicroelectronics:RTOS:FreeRTOS:Core:::10.2.0:
2025-05-24 17:32:54,485 [WARN] ModelIntegratedComponent:182 - Modes not found for component STMicroelectronics:USB_HOST:1.0.0:STMicroelectronics:USB::USB Host:Audio HS::1.0:USB_HOST_1_0_RESTRICTED_HS
2025-05-24 17:32:54,485 [WARN] ModelIntegratedComponent:188 - Modes not found for component STMicroelectronics:USB_HOST:1.0.0:STMicroelectronics:USB::USB Host:Audio HS::1.0:USB_HOST_1_0_RESTRICTED_HS
2025-05-24 17:32:54,486 [WARN] ModelIntegratedComponent:182 - Modes not found for component STMicroelectronics:USB_HOST:1.0.0:STMicroelectronics:USB::USB Host:CDC HS::1.0:USB_HOST_1_0_RESTRICTED_HS
2025-05-24 17:32:54,486 [WARN] ModelIntegratedComponent:188 - Modes not found for component STMicroelectronics:USB_HOST:1.0.0:STMicroelectronics:USB::USB Host:CDC HS::1.0:USB_HOST_1_0_RESTRICTED_HS
2025-05-24 17:32:54,486 [WARN] ModelIntegratedComponent:182 - Modes not found for component STMicroelectronics:USB_HOST:1.0.0:STMicroelectronics:USB::USB Host:MSC HS::1.0:USB_HOST_1_0_RESTRICTED_HS
2025-05-24 17:32:54,486 [WARN] ModelIntegratedComponent:188 - Modes not found for component STMicroelectronics:USB_HOST:1.0.0:STMicroelectronics:USB::USB Host:MSC HS::1.0:USB_HOST_1_0_RESTRICTED_HS
2025-05-24 17:32:54,486 [WARN] ModelIntegratedComponent:182 - Modes not found for component STMicroelectronics:USB_HOST:1.0.0:STMicroelectronics:USB::USB Host:HID HS::1.0:USB_HOST_1_0_RESTRICTED_HS
2025-05-24 17:32:54,486 [WARN] ModelIntegratedComponent:188 - Modes not found for component STMicroelectronics:USB_HOST:1.0.0:STMicroelectronics:USB::USB Host:HID HS::1.0:USB_HOST_1_0_RESTRICTED_HS
2025-05-24 17:32:54,486 [WARN] ModelIntegratedComponent:182 - Modes not found for component STMicroelectronics:USB_HOST:1.0.0:STMicroelectronics:USB::USB Host:MTP HS::1.0:USB_HOST_1_0_RESTRICTED_HS
2025-05-24 17:32:54,486 [WARN] ModelIntegratedComponent:188 - Modes not found for component STMicroelectronics:USB_HOST:1.0.0:STMicroelectronics:USB::USB Host:MTP HS::1.0:USB_HOST_1_0_RESTRICTED_HS
2025-05-24 17:32:54,495 [WARN] ModelIntegratedComponent:63 - No mode defined for component null
2025-05-24 17:32:54,495 [WARN] ModelIntegratedComponent:63 - No mode defined for component null
2025-05-24 17:32:54,495 [WARN] ModelIntegratedComponent:63 - No mode defined for component null
2025-05-24 17:32:54,495 [WARN] ModelIntegratedComponent:63 - No mode defined for component null
2025-05-24 17:32:54,496 [WARN] ModelIntegratedComponent:63 - No mode defined for component null
2025-05-24 17:32:54,496 [WARN] ModelIntegratedComponent:63 - No mode defined for component null
2025-05-24 17:32:54,496 [WARN] ModelIntegratedComponent:63 - No mode defined for component null
2025-05-24 17:32:54,496 [WARN] ModelIntegratedComponent:63 - No mode defined for component null
2025-05-24 17:32:54,496 [WARN] ModelIntegratedComponent:63 - No mode defined for component null
2025-05-24 17:32:54,496 [WARN] ModelIntegratedComponent:63 - No mode defined for component null
2025-05-24 17:32:54,496 [WARN] ModelIntegratedComponent:63 - No mode defined for component null
2025-05-24 17:32:54,496 [WARN] ModelIntegratedComponent:63 - No mode defined for component null
2025-05-24 17:32:54,496 [WARN] ModelIntegratedComponent:63 - No mode defined for component null
2025-05-24 17:32:54,496 [WARN] ModelIntegratedComponent:63 - No mode defined for component null
2025-05-24 17:32:54,496 [WARN] ModelIntegratedComponent:63 - No mode defined for component null
2025-05-24 17:32:54,496 [WARN] ModelIntegratedComponent:63 - No mode defined for component null
2025-05-24 17:32:54,496 [WARN] ModelIntegratedComponent:63 - No mode defined for component null
2025-05-24 17:32:54,496 [WARN] ModelIntegratedComponent:63 - No mode defined for component null
2025-05-24 17:32:54,496 [WARN] ModelIntegratedComponent:63 - No mode defined for component null
2025-05-24 17:32:54,496 [WARN] ModelIntegratedComponent:63 - No mode defined for component null
2025-05-24 17:32:54,496 [WARN] ModelIntegratedComponent:63 - No mode defined for component null
2025-05-24 17:32:54,496 [WARN] ModelIntegratedComponent:63 - No mode defined for component null
2025-05-24 17:32:54,496 [WARN] ModelIntegratedComponent:63 - No mode defined for component null
2025-05-24 17:32:54,496 [WARN] ModelIntegratedComponent:63 - No mode defined for component null
2025-05-24 17:32:54,496 [WARN] ModelIntegratedComponent:63 - No mode defined for component null
2025-05-24 17:32:54,496 [WARN] ModelIntegratedComponent:63 - No mode defined for component null
2025-05-24 17:32:54,496 [WARN] ModelIntegratedComponent:63 - No mode defined for component null
2025-05-24 17:32:54,496 [WARN] ModelIntegratedComponent:63 - No mode defined for component null
2025-05-24 17:32:54,496 [WARN] ModelIntegratedComponent:63 - No mode defined for component null
2025-05-24 17:32:54,496 [WARN] ModelIntegratedComponent:63 - No mode defined for component null
2025-05-24 17:32:54,496 [WARN] ModelIntegratedComponent:63 - No mode defined for component null
2025-05-24 17:32:54,496 [WARN] ModelIntegratedComponent:63 - No mode defined for component null
2025-05-24 17:32:54,496 [WARN] ModelIntegratedComponent:63 - No mode defined for component null
2025-05-24 17:32:54,496 [WARN] ModelIntegratedComponent:63 - No mode defined for component null
2025-05-24 17:32:54,497 [WARN] ModelIntegratedComponent:63 - No mode defined for component null
2025-05-24 17:32:54,498 [WARN] ModelPack:524 - Component already loaded: STMicroelectronics:HAL Drivers:0.0.0:STMicroelectronics:Device:STMicro_Driver:XSPI:HAL::0.0.1:HAL_XSPI
2025-05-24 17:32:54,568 [WARN] ModelIntegratedComponent:182 - Modes not found for component STMicroelectronics:USB_DEVICE:1.0.0:STMicroelectronics:USB::USB Device:Audio HS::1.0:USB_DEVICE_1_0_RESTRICTED_HS
2025-05-24 17:32:54,571 [WARN] ModelIntegratedComponent:188 - Modes not found for component STMicroelectronics:USB_DEVICE:1.0.0:STMicroelectronics:USB::USB Device:Audio HS::1.0:USB_DEVICE_1_0_RESTRICTED_HS
2025-05-24 17:32:54,571 [WARN] ModelIntegratedComponent:182 - Modes not found for component STMicroelectronics:USB_DEVICE:1.0.0:STMicroelectronics:USB::USB Device:CDC HS::1.0:USB_DEVICE_1_0_RESTRICTED_HS
2025-05-24 17:32:54,572 [WARN] ModelIntegratedComponent:188 - Modes not found for component STMicroelectronics:USB_DEVICE:1.0.0:STMicroelectronics:USB::USB Device:CDC HS::1.0:USB_DEVICE_1_0_RESTRICTED_HS
2025-05-24 17:32:54,572 [WARN] ModelIntegratedComponent:182 - Modes not found for component STMicroelectronics:USB_DEVICE:1.0.0:STMicroelectronics:USB::USB Device:DFU HS::1.0:USB_DEVICE_1_0_RESTRICTED_HS
2025-05-24 17:32:54,572 [WARN] ModelIntegratedComponent:188 - Modes not found for component STMicroelectronics:USB_DEVICE:1.0.0:STMicroelectronics:USB::USB Device:DFU HS::1.0:USB_DEVICE_1_0_RESTRICTED_HS
2025-05-24 17:32:54,572 [WARN] ModelIntegratedComponent:182 - Modes not found for component STMicroelectronics:USB_DEVICE:1.0.0:STMicroelectronics:USB::USB Device:HID HS::1.0:USB_DEVICE_1_0_RESTRICTED_HS
2025-05-24 17:32:54,572 [WARN] ModelIntegratedComponent:188 - Modes not found for component STMicroelectronics:USB_DEVICE:1.0.0:STMicroelectronics:USB::USB Device:HID HS::1.0:USB_DEVICE_1_0_RESTRICTED_HS
2025-05-24 17:32:54,572 [WARN] ModelIntegratedComponent:182 - Modes not found for component STMicroelectronics:USB_DEVICE:1.0.0:STMicroelectronics:USB::USB Device:Custom HID HS::1.0:USB_DEVICE_1_0_RESTRICTED_HS
2025-05-24 17:32:54,572 [WARN] ModelIntegratedComponent:188 - Modes not found for component STMicroelectronics:USB_DEVICE:1.0.0:STMicroelectronics:USB::USB Device:Custom HID HS::1.0:USB_DEVICE_1_0_RESTRICTED_HS
2025-05-24 17:32:54,572 [WARN] ModelIntegratedComponent:182 - Modes not found for component STMicroelectronics:USB_DEVICE:1.0.0:STMicroelectronics:USB::USB Device:MSC HS::1.0:USB_DEVICE_1_0_RESTRICTED_HS
2025-05-24 17:32:54,572 [WARN] ModelIntegratedComponent:188 - Modes not found for component STMicroelectronics:USB_DEVICE:1.0.0:STMicroelectronics:USB::USB Device:MSC HS::1.0:USB_DEVICE_1_0_RESTRICTED_HS
2025-05-24 17:32:54,590 [INFO] ThirdPartyModel:298 - Start build external matchings
2025-05-24 17:32:55,021 [INFO] ThirdPartyModel:316 - End build external matchings
2025-05-24 17:32:55,050 [INFO] RtosManager:922 - Current active RTOS is FREERTOS [Cortex-M4NS]
2025-05-24 17:32:55,111 [INFO] ImportTextPane:218 - (OptionalMessage_ERROR) IP (DMA) : Parameter (Instance) has Id (USART1_RX) currently not set
2025-05-24 17:32:55,111 [INFO] ImportTextPane:218 - (OptionalMessage_ERROR) IP (DMA) : Parameter (Channel) has Id (USART1_RX) currently not set
2025-05-24 17:32:55,111 [INFO] ImportTextPane:218 - (OptionalMessage_ERROR) IP (DMA) : Parameter (Direction) has Id (USART1_RX) currently not set
2025-05-24 17:32:55,112 [INFO] ImportTextPane:218 - (OptionalMessage_ERROR) IP (DMA) : Parameter (PeriphInc) has Id (USART1_RX) currently not set
2025-05-24 17:32:55,112 [INFO] ImportTextPane:218 - (OptionalMessage_ERROR) IP (DMA) : Parameter (MemInc) has Id (USART1_RX) currently not set
2025-05-24 17:32:55,112 [INFO] ImportTextPane:218 - (OptionalMessage_ERROR) IP (DMA) : Parameter (PeriphDataAlignment) has Id (USART1_RX) currently not set
2025-05-24 17:32:55,112 [INFO] ImportTextPane:218 - (OptionalMessage_ERROR) IP (DMA) : Parameter (MemDataAlignment) has Id (USART1_RX) currently not set
2025-05-24 17:32:55,112 [INFO] ImportTextPane:218 - (OptionalMessage_ERROR) IP (DMA) : Parameter (Mode) has Id (USART1_RX) currently not set
2025-05-24 17:32:55,112 [INFO] ImportTextPane:218 - (OptionalMessage_ERROR) IP (DMA) : Parameter (Priority) has Id (USART1_RX) currently not set
2025-05-24 17:32:55,112 [INFO] ImportTextPane:218 - (OptionalMessage_ERROR) IP (DMA) : Parameter (FIFOMode) has Id (USART1_RX) currently not set
2025-05-24 17:32:55,127 [INFO] ImportTextPane:218 - (OptionalMessage_ERROR) IP (RCC) : Parameter (48MHZClocksFreq_Value) has invalid value (50000000)
2025-05-24 17:32:55,133 [INFO] ImportTextPane:218 - (OptionalMessage_ERROR) IP (RCC) : Parameter (RTCHSEDivFreq_Value) has invalid value (12500000)
2025-05-24 17:32:55,372 [INFO] UtilMem:75 - End LoadConfig() Used Memory: 958380856 Bytes (1073741824)
2025-05-24 17:32:55,619 [WARN] ThirdParty:833 - waiting for thirdparty lock release [change project]
2025-05-24 17:32:55,632 [INFO] ThirdParty:835 - entering critical section [change project]
2025-05-24 17:32:55,632 [INFO] ThirdParty:1030 - CMSIS Pack Vendor :STMicroelectronics USBPD 4.1
2025-05-24 17:32:55,632 [INFO] ThirdParty:1030 - CMSIS Pack Vendor :STMicroelectronics X-CUBE-AZRTOS-H7 3.3.0
2025-05-24 17:32:55,632 [INFO] ThirdParty:1030 - CMSIS Pack Vendor :STMicroelectronics X-CUBE-NFC9 1.0.0
2025-05-24 17:32:55,633 [INFO] ThirdParty:1030 - CMSIS Pack Vendor :STMicroelectronics USB_HOST 2.0.0
2025-05-24 17:32:55,633 [INFO] ThirdParty:1030 - CMSIS Pack Vendor :STMicroelectronics FP-SNS-MOTENVWB1 1.4.0
2025-05-24 17:32:55,633 [INFO] ThirdParty:1030 - CMSIS Pack Vendor :STMicroelectronics X-CUBE-AZRTOS-F4 1.1.0
2025-05-24 17:32:55,633 [INFO] ThirdParty:1030 - CMSIS Pack Vendor :STMicroelectronics LIBJPEG 8.0.0
2025-05-24 17:32:55,633 [INFO] ThirdParty:1030 - CMSIS Pack Vendor :STMicroelectronics FP-ATR-ASTRA1 2.0.2
2025-05-24 17:32:55,633 [INFO] ThirdParty:1030 - CMSIS Pack Vendor :STMicroelectronics FP-ATR-ASTRA1 2.0.1
2025-05-24 17:32:55,633 [INFO] ThirdParty:1030 - CMSIS Pack Vendor :STMicroelectronics X-CUBE-BLE1 7.1.0
2025-05-24 17:32:55,633 [INFO] ThirdParty:1030 - CMSIS Pack Vendor :Avnet-IotConnect X-CUBE-IoTC-DA16k-PMOD 1.0.0
2025-05-24 17:32:55,633 [INFO] ThirdParty:1030 - CMSIS Pack Vendor :STMicroelectronics X-CUBE-SMBUS 2.1.0
2025-05-24 17:32:55,633 [INFO] ThirdParty:1030 - CMSIS Pack Vendor :STMicroelectronics X-CUBE-WB05N 1.1.0
2025-05-24 17:32:55,633 [INFO] ThirdParty:1030 - CMSIS Pack Vendor :STMicroelectronics USB_DEVICE 3.0.0
2025-05-24 17:32:55,633 [INFO] ThirdParty:1030 - CMSIS Pack Vendor :STMicroelectronics X-CUBE-ISPU 2.1.0
2025-05-24 17:32:55,633 [INFO] ThirdParty:1030 - CMSIS Pack Vendor :STMicroelectronics X-CUBE-AZRTOS-WB 2.0.0
2025-05-24 17:32:55,633 [INFO] ThirdParty:1030 - CMSIS Pack Vendor :STMicroelectronics X-CUBE-GNSS1 7.0.1
2025-05-24 17:32:55,633 [INFO] ThirdParty:1030 - CMSIS Pack Vendor :STMicroelectronics X-CUBE-AZRTOS-F7 1.1.0
2025-05-24 17:32:55,633 [INFO] ThirdParty:1030 - CMSIS Pack Vendor :STMicroelectronics X-CUBE-AZRTOS-L5 2.0.0
2025-05-24 17:32:55,633 [INFO] ThirdParty:1030 - CMSIS Pack Vendor :STMicroelectronics X-CUBE-TOUCHGFX 4.25.0
2025-05-24 17:32:55,633 [INFO] ThirdParty:1030 - CMSIS Pack Vendor :STMicroelectronics USB_DEVICE 2.0.0
2025-05-24 17:32:55,633 [INFO] ThirdParty:1030 - CMSIS Pack Vendor :STMicroelectronics X-CUBE-NFC6 3.1.0
2025-05-24 17:32:55,633 [INFO] ThirdParty:1030 - CMSIS Pack Vendor :STMicroelectronics FP-SNS-STBOX1 2.0.0
2025-05-24 17:32:55,633 [INFO] ThirdParty:1030 - CMSIS Pack Vendor :STMicroelectronics X-CUBE-MEMS1 11.2.0
2025-05-24 17:32:55,633 [INFO] ThirdParty:1030 - CMSIS Pack Vendor :STMicroelectronics FreeRTOS 0.0.1
2025-05-24 17:32:55,633 [INFO] ThirdParty:1030 - CMSIS Pack Vendor :STMicroelectronics X-CUBE-AZRTOS-G0 1.1.0
2025-05-24 17:32:55,633 [INFO] ThirdParty:1030 - CMSIS Pack Vendor :STMicroelectronics X-CUBE-SAFEA1 1.2.2
2025-05-24 17:32:55,633 [INFO] ThirdParty:1030 - CMSIS Pack Vendor :STMicroelectronics X-CUBE-NFC4 3.0.0
2025-05-24 17:32:55,633 [INFO] ThirdParty:1030 - CMSIS Pack Vendor :STMicroelectronics X-CUBE-DPower 1.2.0
2025-05-24 17:32:55,633 [INFO] ThirdParty:1030 - CMSIS Pack Vendor :STMicroelectronics X-CUBE-SUBG2 5.0.0
2025-05-24 17:32:55,633 [INFO] ThirdParty:1030 - CMSIS Pack Vendor :STMicroelectronics X-CUBE-AZRTOS-H7RS 1.1.0
2025-05-24 17:32:55,633 [INFO] ThirdParty:1030 - CMSIS Pack Vendor :STMicroelectronics STM32_WPAN 1.0.0
2025-05-24 17:32:55,633 [INFO] ThirdParty:1030 - CMSIS Pack Vendor :EmbeddedOffice I-CUBE-FS-RTOS 1.0.1
2025-05-24 17:32:55,633 [INFO] ThirdParty:1030 - CMSIS Pack Vendor :STMicroelectronics lwIP 2.0.3
2025-05-24 17:32:55,633 [INFO] ThirdParty:1030 - CMSIS Pack Vendor :STMicroelectronics FP-SNS-FLIGHT1 5.0.2
2025-05-24 17:32:55,633 [INFO] ThirdParty:1030 - CMSIS Pack Vendor :Cesanta I-CUBE-Mongoose 7.13.0
2025-05-24 17:32:55,633 [INFO] ThirdParty:1030 - CMSIS Pack Vendor :STMicroelectronics USB_HOST 1.0.0
2025-05-24 17:32:55,633 [INFO] ThirdParty:1030 - CMSIS Pack Vendor :Infineon AIROC-Wi-Fi-Bluetooth-STM32 1.7.0
2025-05-24 17:32:55,633 [INFO] ThirdParty:1030 - CMSIS Pack Vendor :STMicroelectronics X-CUBE-AZRTOS-G4 2.0.0
2025-05-24 17:32:55,633 [INFO] ThirdParty:1030 - CMSIS Pack Vendor :STMicroelectronics X-CUBE-WB05N 2.0.0
2025-05-24 17:32:55,633 [INFO] ThirdParty:1030 - CMSIS Pack Vendor :STMicroelectronics PDM2PCM 3.1.0
2025-05-24 17:32:55,633 [INFO] ThirdParty:1030 - CMSIS Pack Vendor :STMicroelectronics PDM2PCM 3.3.0
2025-05-24 17:32:55,633 [INFO] ThirdParty:1030 - CMSIS Pack Vendor :STMicroelectronics X-CUBE-DISPLAY 3.0.0
2025-05-24 17:32:55,633 [INFO] ThirdParty:1030 - CMSIS Pack Vendor :STMicroelectronics X-CUBE-NFC7 2.0.0
2025-05-24 17:32:55,633 [INFO] ThirdParty:1030 - CMSIS Pack Vendor :STMicroelectronics X-CUBE-TCPP 4.2.0
2025-05-24 17:32:55,633 [INFO] ThirdParty:1030 - CMSIS Pack Vendor :RealThread X-CUBE-RT-Thread_Nano 4.1.1
2025-05-24 17:32:55,634 [INFO] ThirdParty:1030 - CMSIS Pack Vendor :STMicroelectronics X-CUBE-BLE1 7.0.0
2025-05-24 17:32:55,634 [INFO] ThirdParty:1030 - CMSIS Pack Vendor :STMicroelectronics FP-ATR-SIGFOX1 3.2.0
2025-05-24 17:32:55,634 [INFO] ThirdParty:1030 - CMSIS Pack Vendor :STMicroelectronics X-CUBE-NFC10 1.0.0
2025-05-24 17:32:55,634 [INFO] ThirdParty:1030 - CMSIS Pack Vendor :quantropi X-CUBE-qispace-sdk-base 1.9.3
2025-05-24 17:32:55,634 [INFO] ThirdParty:1030 - CMSIS Pack Vendor :STMicroelectronics X-CUBE-BLEMGR 4.0.0
2025-05-24 17:32:55,634 [INFO] ThirdParty:1030 - CMSIS Pack Vendor :STMicroelectronics X-CUBE-EEPRMA1 5.1.0
2025-05-24 17:32:55,634 [INFO] ThirdParty:1030 - CMSIS Pack Vendor :STMicroelectronics X-CUBE-FREERTOS 1.3.1
2025-05-24 17:32:55,634 [INFO] ThirdParty:1030 - CMSIS Pack Vendor :STMicroelectronics HAL Drivers 0.0.0
2025-05-24 17:32:55,634 [INFO] ThirdParty:1030 - CMSIS Pack Vendor :STMicroelectronics MBEDTLS 2.16.2
2025-05-24 17:32:55,634 [INFO] ThirdParty:1030 - CMSIS Pack Vendor :STMicroelectronics X-CUBE-IPS 3.1.0
2025-05-24 17:32:55,634 [INFO] ThirdParty:1030 - CMSIS Pack Vendor :STMicroelectronics X-CUBE-ALS 1.0.2
2025-05-24 17:32:55,634 [INFO] ThirdParty:1030 - CMSIS Pack Vendor :emotas I-CUBE-CANOPEN 1.3.0
2025-05-24 17:32:55,634 [INFO] ThirdParty:1030 - CMSIS Pack Vendor :STMicroelectronics X-CUBE-FREERTOS 1.3.0
2025-05-24 17:32:55,634 [INFO] ThirdParty:1030 - CMSIS Pack Vendor :wolfSSL I-CUBE-wolfSSL 5.7.4
2025-05-24 17:32:55,634 [INFO] ThirdParty:1030 - CMSIS Pack Vendor :STMicroelectronics X-CUBE-NFC7 1.0.1
2025-05-24 17:32:55,634 [INFO] ThirdParty:1030 - CMSIS Pack Vendor :STMicroelectronics MBEDTLS 2.14.1
2025-05-24 17:32:55,634 [INFO] ThirdParty:1030 - CMSIS Pack Vendor :ITTIA_DB I-CUBE-ITTIADB 8.9.0
2025-05-24 17:32:55,634 [INFO] ThirdParty:1030 - CMSIS Pack Vendor :STMicroelectronics X-CUBE-TOUCHGFX 4.24.2
2025-05-24 17:32:55,634 [INFO] ThirdParty:1030 - CMSIS Pack Vendor :wolfSSL I-CUBE-wolfTPM 3.4.0
2025-05-24 17:32:55,634 [INFO] ThirdParty:1030 - CMSIS Pack Vendor :portGmbH I-Cube-SoM-uGOAL 1.1.0
2025-05-24 17:32:55,634 [INFO] ThirdParty:1030 - CMSIS Pack Vendor :STMicroelectronics X-CUBE-AI 10.0.0
2025-05-24 17:32:55,634 [INFO] ThirdParty:1030 - CMSIS Pack Vendor :STMicroelectronics ThreadX 1.0.0
2025-05-24 17:32:55,634 [INFO] ThirdParty:1030 - CMSIS Pack Vendor :STMicroelectronics FP-SNS-SMARTAG2 1.2.0
2025-05-24 17:32:55,634 [INFO] ThirdParty:1030 - CMSIS Pack Vendor :STMicroelectronics FP-SNS-FLIGHT1 5.1.0
2025-05-24 17:32:55,634 [INFO] ThirdParty:1030 - CMSIS Pack Vendor :STMicroelectronics X-CUBE-MEMS1 11.1.0
2025-05-24 17:32:55,634 [INFO] ThirdParty:1030 - CMSIS Pack Vendor :STMicroelectronics X-CUBE-AZRTOS-WL 2.0.0
2025-05-24 17:32:55,634 [INFO] ThirdParty:1030 - CMSIS Pack Vendor :SEGGER I-CUBE-embOS 1.3.1
2025-05-24 17:32:55,634 [INFO] ThirdParty:1030 - CMSIS Pack Vendor :STMicroelectronics X-CUBE-ALGOBUILD 1.4.0
2025-05-24 17:32:55,634 [INFO] ThirdParty:1030 - CMSIS Pack Vendor :STMicroelectronics X-CUBE-DPower 1.3.0
2025-05-24 17:32:55,634 [INFO] ThirdParty:1030 - CMSIS Pack Vendor :STMicroelectronics FP-SNS-MOTENV1 5.0.0
2025-05-24 17:32:55,634 [INFO] ThirdParty:1030 - CMSIS Pack Vendor :STMicroelectronics USB_DEVICE 1.0.0
2025-05-24 17:32:55,634 [INFO] ThirdParty:1030 - CMSIS Pack Vendor :STMicroelectronics X-CUBE-AZRTOS-H7RS 1.0.0
2025-05-24 17:32:55,634 [INFO] ThirdParty:1030 - CMSIS Pack Vendor :wolfSSL I-CUBE-wolfMQTT 1.19.0
2025-05-24 17:32:55,634 [INFO] ThirdParty:1030 - CMSIS Pack Vendor :STMicroelectronics X-CUBE-AZRTOS-L4 2.0.0
2025-05-24 17:32:55,634 [INFO] ThirdParty:1030 - CMSIS Pack Vendor :STMicroelectronics ThreadX 0.0.2
2025-05-24 17:32:55,634 [INFO] ThirdParty:1030 - CMSIS Pack Vendor :WES I-CUBE-Cesium 1.3.0
2025-05-24 17:32:55,634 [INFO] ThirdParty:1030 - CMSIS Pack Vendor :STMicroelectronics lwIP 2.1.2
2025-05-24 17:32:55,634 [INFO] ThirdParty:1030 - CMSIS Pack Vendor :STMicroelectronics X-CUBE-SFXS2LP1 4.0.0
2025-05-24 17:32:55,634 [INFO] ThirdParty:1030 - CMSIS Pack Vendor :STMicroelectronics X-CUBE-BLE2 3.3.0
2025-05-24 17:32:55,634 [INFO] ThirdParty:1030 - CMSIS Pack Vendor :STMicroelectronics X-CUBE-TOF1 3.4.2
2025-05-24 17:32:55,634 [INFO] ThirdParty:1030 - CMSIS Pack Vendor :STMicroelectronics X-CUBE-TOF1 3.4.3
2025-05-24 17:32:55,634 [INFO] ThirdParty:1030 - CMSIS Pack Vendor :STMicroelectronics X-CUBE-AI 9.1.0
2025-05-24 17:32:55,634 [INFO] ThirdParty:1030 - CMSIS Pack Vendor :STMicroelectronics PDM2PCM 3.2.0
2025-05-24 17:32:55,634 [INFO] ThirdParty:1030 - CMSIS Pack Vendor :wolfSSL I-CUBE-wolfSSH 1.4.17
2025-05-24 17:32:55,635 [INFO] ThirdParty:841 - exiting critical section [change project]
2025-05-24 17:32:56,169 [INFO] PinOutPanel:1589 - setPackage(No Configuration,No Configuration)
2025-05-24 17:32:56,173 [INFO] PinOutPanel:1589 - setPackage(STM32F411CEUx,UFQFPN48)
2025-05-24 17:32:56,678 [INFO] UtilMem:75 - Before build in PCC Used Memory: 783775120 Bytes (1073741824)
2025-05-24 17:32:57,073 [INFO] UtilMem:75 - After build in PCC Used Memory: 827281296 Bytes (1073741824)
2025-05-24 17:32:57,180 [INFO] ApiDbMcu:508 - Load IP Config File for FREERTOS
2025-05-24 17:32:57,216 [INFO] IPUIPlugin:80 - create IPUIPlugin
2025-05-24 17:32:57,217 [INFO] IPUIPlugin:80 - create IPUIPlugin
2025-05-24 17:32:57,218 [INFO] IPUIPlugin:80 - create IPUIPlugin
2025-05-24 17:32:57,219 [INFO] IPUIPlugin:80 - create IPUIPlugin
2025-05-24 17:32:57,219 [INFO] IPUIPlugin:80 - create IPUIPlugin
2025-05-24 17:32:57,220 [INFO] IPUIPlugin:80 - create IPUIPlugin
2025-05-24 17:32:57,220 [INFO] IPUIPlugin:80 - create IPUIPlugin
2025-05-24 17:32:57,221 [INFO] IPUIPlugin:80 - create IPUIPlugin
2025-05-24 17:32:57,222 [INFO] IPUIPlugin:80 - create IPUIPlugin
2025-05-24 17:32:57,222 [INFO] IPUIPlugin:80 - create IPUIPlugin
2025-05-24 17:32:57,222 [INFO] IPUIPlugin:80 - create IPUIPlugin
2025-05-24 17:32:57,223 [INFO] IPUIPlugin:80 - create IPUIPlugin
2025-05-24 17:32:57,223 [INFO] IPUIPlugin:80 - create IPUIPlugin
2025-05-24 17:32:57,223 [INFO] IPUIPlugin:80 - create IPUIPlugin
2025-05-24 17:32:57,223 [INFO] IPUIPlugin:80 - create IPUIPlugin
2025-05-24 17:32:57,223 [INFO] IPUIPlugin:80 - create IPUIPlugin
2025-05-24 17:32:57,223 [INFO] IPUIPlugin:80 - create IPUIPlugin
2025-05-24 17:32:57,223 [INFO] IPUIPlugin:80 - create IPUIPlugin
2025-05-24 17:32:57,223 [INFO] IPUIPlugin:80 - create IPUIPlugin
2025-05-24 17:32:57,223 [INFO] IPUIPlugin:80 - create IPUIPlugin
2025-05-24 17:32:57,224 [INFO] IPUIPlugin:80 - create IPUIPlugin
2025-05-24 17:32:57,224 [INFO] IPUIPlugin:80 - create IPUIPlugin
2025-05-24 17:32:57,224 [INFO] IPUIPlugin:80 - create IPUIPlugin
2025-05-24 17:32:57,224 [INFO] IPUIPlugin:80 - create IPUIPlugin
2025-05-24 17:32:57,224 [INFO] IPUIPlugin:80 - create IPUIPlugin
2025-05-24 17:32:57,224 [INFO] IPUIPlugin:80 - create IPUIPlugin
2025-05-24 17:32:57,224 [INFO] IPUIPlugin:80 - create IPUIPlugin
2025-05-24 17:32:57,224 [INFO] IPUIPlugin:80 - create IPUIPlugin
2025-05-24 17:32:57,224 [INFO] IPUIPlugin:80 - create IPUIPlugin
2025-05-24 17:32:57,224 [INFO] IPUIPlugin:80 - create IPUIPlugin
2025-05-24 17:32:57,224 [INFO] IPUIPlugin:80 - create IPUIPlugin
2025-05-24 17:32:57,224 [INFO] IPUIPlugin:80 - create IPUIPlugin
2025-05-24 17:32:57,225 [INFO] IPUIPlugin:80 - create IPUIPlugin
2025-05-24 17:32:57,225 [INFO] IPUIPlugin:80 - create IPUIPlugin
2025-05-24 17:32:57,225 [INFO] IPUIPlugin:80 - create IPUIPlugin
2025-05-24 17:32:57,225 [INFO] IPUIPlugin:80 - create IPUIPlugin
2025-05-24 17:32:57,225 [INFO] IPUIPlugin:80 - create IPUIPlugin
2025-05-24 17:32:57,225 [INFO] IPUIPlugin:80 - create IPUIPlugin
2025-05-24 17:32:57,225 [INFO] IPUIPlugin:80 - create IPUIPlugin
2025-05-24 17:32:57,225 [INFO] IPUIPlugin:80 - create IPUIPlugin
2025-05-24 17:32:57,225 [INFO] IPUIPlugin:80 - create IPUIPlugin
2025-05-24 17:32:57,226 [INFO] IPUIPlugin:80 - create IPUIPlugin
2025-05-24 17:32:57,226 [INFO] IPUIPlugin:80 - create IPUIPlugin
2025-05-24 17:32:57,240 [INFO] ApiDbMcu:508 - Load IP Config File for PDM2PCM
2025-05-24 17:32:57,305 [WARN] FreeRTOS:1023 - Null or empty value: should not occur! (nothing added to the table)
2025-05-24 17:32:57,431 [INFO] CADModel:165 - CPN selected for project levelSTM32F411CEU6
2025-05-24 17:32:57,431 [INFO] CADModel:114 - Register for checkConnection events
2025-05-24 17:32:57,433 [INFO] RtosManager:697 - Active RTOS found at IOC load: FREERTOS [Cortex-M4NS]
2025-05-24 17:32:57,480 [INFO] OpenFileManager:363 - Restore cursor
2025-05-24 17:40:14,473 [INFO] MainUpdater:2872 - connection check result : 10
2025-05-24 17:40:14,475 [INFO] MainUpdater:2872 - connection check result : 10
2025-05-24 17:40:14,999 [INFO] MicroXplorer:468 - Change Database Path : 
2025-05-24 17:40:14,999 [INFO] MicroXplorer:498 - Change Database Version : DB.6.0.130
2025-05-24 17:40:15,021 [ERROR] ProjectManagerView:394 - 
java.lang.NullPointerException: Cannot invoke "javax.swing.JTextField.getText()" because the return value of "java.util.List.get(int)" is null
	at com.st.microxplorer.plugins.projectmanager.gui.ProjectChoiceTab$9.caretUpdate(ProjectChoiceTab.java:2616) ~[filemanager.jar:?]
	at javax.swing.text.JTextComponent.fireCaretUpdate(JTextComponent.java:408) ~[?:?]
	at javax.swing.text.JTextComponent$MutableCaretEvent.fire(JTextComponent.java:4484) ~[?:?]
	at javax.swing.text.JTextComponent$MutableCaretEvent.stateChanged(JTextComponent.java:4506) ~[?:?]
	at javax.swing.text.DefaultCaret.fireStateChanged(DefaultCaret.java:857) ~[?:?]
	at javax.swing.text.DefaultCaret.changeCaretPosition(DefaultCaret.java:1343) ~[?:?]
	at javax.swing.text.DefaultCaret.handleSetDot(DefaultCaret.java:1242) ~[?:?]
	at javax.swing.text.DefaultCaret.setDot(DefaultCaret.java:1223) ~[?:?]
	at javax.swing.text.DefaultCaret$Handler.insertUpdate(DefaultCaret.java:1819) ~[?:?]
	at javax.swing.text.AbstractDocument.fireInsertUpdate(AbstractDocument.java:227) ~[?:?]
	at javax.swing.text.AbstractDocument.handleInsertString(AbstractDocument.java:781) ~[?:?]
	at javax.swing.text.AbstractDocument.insertString(AbstractDocument.java:740) ~[?:?]
	at javax.swing.text.PlainDocument.insertString(PlainDocument.java:131) ~[?:?]
	at javax.swing.text.AbstractDocument.replace(AbstractDocument.java:699) ~[?:?]
	at javax.swing.text.JTextComponent.setText(JTextComponent.java:1725) ~[?:?]
	at com.st.microxplorer.plugins.projectmanager.gui.ProjectChoiceTab.createHeapStackFields(ProjectChoiceTab.java:975) ~[filemanager.jar:?]
	at com.st.microxplorer.plugins.projectmanager.gui.ProjectChoiceTab.buildLinkSettingsPanel(ProjectChoiceTab.java:3666) ~[filemanager.jar:?]
	at com.st.microxplorer.plugins.projectmanager.gui.ProjectChoiceTab.defineWindowsFields(ProjectChoiceTab.java:1934) ~[filemanager.jar:?]
	at com.st.microxplorer.plugins.projectmanager.gui.ProjectChoiceTab.updateSettings(ProjectChoiceTab.java:553) ~[filemanager.jar:?]
	at com.st.microxplorer.plugins.projectmanager.gui.ProjectSettingsPanel.UpdateDialog(ProjectSettingsPanel.java:245) ~[filemanager.jar:?]
	at com.st.microxplorer.plugins.projectmanager.ProjectManagerView.propertyChange(ProjectManagerView.java:391) ~[filemanager.jar:?]
	at java.beans.PropertyChangeSupport.fire(PropertyChangeSupport.java:343) ~[?:?]
	at java.beans.PropertyChangeSupport.firePropertyChange(PropertyChangeSupport.java:335) ~[?:?]
	at java.beans.PropertyChangeSupport.firePropertyChange(PropertyChangeSupport.java:268) ~[?:?]
	at com.st.microxplorer.util.MXPropertyChangeSupport.firePropertyChange(MXPropertyChangeSupport.java:54) ~[STM32CubeMX.jar:?]
	at com.st.microxplorer.mxsystem.MxSystem.closeConfig(MxSystem.java:899) ~[STM32CubeMX.jar:?]
	at com.st.microxplorer.maingui.MainPanel.closeConfig(MainPanel.java:789) ~[STM32CubeMX.jar:?]
	at com.st.microxplorer.plugins.filemanager.engine.OpenFileManager.loadConfigurationFile(OpenFileManager.java:265) ~[filemanager.jar:?]
	at com.st.microxplorer.plugins.filemanager.engine.MainFileManager.userLoadConfig(MainFileManager.java:340) ~[filemanager.jar:?]
	at com.st.microxplorer.plugins.filemanager.engine.MainFileManager.userLoadConfig(MainFileManager.java:318) ~[filemanager.jar:?]
	at com.st.microxplorer.plugins.filemanager.FileManagerView.getSpecificTask(FileManagerView.java:246) ~[filemanager.jar:?]
	at com.st.stm32cube.common.mx.editor.CubeMxEditor.getMxTabbedPaneInstance(CubeMxEditor.java:1198) ~[com.st.stm32cube.common.mx_6.13.0.202411220809/:?]
	at com.st.stm32cube.common.mx.editor.CubeMxEditor$12$1.createSwingComponent(CubeMxEditor.java:1068) ~[com.st.stm32cube.common.mx_6.13.0.202411220809/:?]
	at com.st.stm32cube.common.mx.oss.core.awtswtbridge.EmbeddedSwingComposite.doComponentCreation(EmbeddedSwingComposite.java:492) ~[com.st.stm32cube.common.mx.oss_6.13.0.202411220809/:?]
	at com.st.stm32cube.common.mx.oss.core.awtswtbridge.EmbeddedSwingComposite$4.run(EmbeddedSwingComposite.java:291) ~[com.st.stm32cube.common.mx.oss_6.13.0.202411220809/:?]
	at com.st.stm32cube.common.mx.oss.core.awtswtbridge.AwtEnvironment$2.run(AwtEnvironment.java:166) ~[com.st.stm32cube.common.mx.oss_6.13.0.202411220809/:?]
	at java.awt.event.InvocationEvent.dispatch(InvocationEvent.java:318) ~[?:?]
	at java.awt.EventQueue.dispatchEventImpl(EventQueue.java:773) ~[?:?]
	at java.awt.EventQueue$4.run(EventQueue.java:720) ~[?:?]
	at java.awt.EventQueue$4.run(EventQueue.java:714) ~[?:?]
	at java.security.AccessController.doPrivileged(AccessController.java:400) ~[?:?]
	at java.security.ProtectionDomain$JavaSecurityAccessImpl.doIntersectionPrivilege(ProtectionDomain.java:87) ~[?:?]
	at java.awt.EventQueue.dispatchEvent(EventQueue.java:742) ~[?:?]
	at java.awt.EventDispatchThread.pumpOneEventForFilters(EventDispatchThread.java:203) ~[?:?]
	at java.awt.EventDispatchThread.pumpEventsForFilter(EventDispatchThread.java:124) ~[?:?]
	at java.awt.EventDispatchThread.pumpEventsForHierarchy(EventDispatchThread.java:113) ~[?:?]
	at java.awt.EventDispatchThread.pumpEvents(EventDispatchThread.java:109) ~[?:?]
	at java.awt.EventDispatchThread.pumpEvents(EventDispatchThread.java:101) ~[?:?]
	at java.awt.EventDispatchThread.run(EventDispatchThread.java:90) ~[?:?]
2025-05-24 17:40:15,023 [WARN] ThirdParty:871 - waiting for thirdparty lock release [close project]
2025-05-24 17:40:15,023 [INFO] ThirdParty:873 - entering critical section [close project]
2025-05-24 17:40:15,023 [INFO] ThirdParty:883 - exiting critical section [close project]
2025-05-24 17:40:15,024 [INFO] PinOutPanel:1589 - setPackage(No Configuration,No Configuration)
2025-05-24 17:40:15,045 [WARN] IpParametersView:154 - Warning: This peripheral hasn't parameters
2025-05-24 17:40:15,055 [WARN] MainPanel:289 - <html><b><center>Warning: This peripheral has no parameters to be configured<br></b></html>
2025-05-24 17:40:15,056 [ERROR] MainPanel:599 - java.lang.IndexOutOfBoundsException: Index: 0, Tab count: 0
2025-05-24 17:40:15,061 [INFO] UtilMem:75 - Begin LoadConfig() Used Memory: 680044984 Bytes (1073741824)
2025-05-24 17:40:15,062 [INFO] MicroXplorer:468 - Change Database Path : 
2025-05-24 17:40:15,062 [INFO] MicroXplorer:498 - Change Database Version : DB.6.0.130
2025-05-24 17:40:15,063 [INFO] OpenFileManager:332 - Change cursor
2025-05-24 17:40:15,074 [INFO] Mcu:2035 - Initializing MCU STM32F411C(C-E)Ux STM32F411CEUx STM32F411CEU6
2025-05-24 17:40:16,331 [INFO] Context:748 - Trying to add GPIOservice into a context  which must be forbidden
2025-05-24 17:40:16,773 [INFO] RtosManager:555 - Registered RTOS mode: class=CMSIS, group=RTOS, mode=CMSIS_V1, owner=FREERTOS
2025-05-24 17:40:16,776 [INFO] RtosManager:555 - Registered RTOS mode: class=CMSIS, group=RTOS2, mode=CMSIS_V2, owner=FREERTOS
2025-05-24 17:40:16,776 [INFO] RtosManager:555 - Registered RTOS mode: class=RTOS, group=Core, mode=CMSIS_V1, owner=FREERTOS
2025-05-24 17:40:16,776 [INFO] RtosManager:555 - Registered RTOS mode: class=RTOS, group=Core, mode=CMSIS_V2, owner=FREERTOS
2025-05-24 17:40:16,777 [WARN] ModelIntegratedComponent:184 - Missing modes for component STMicroelectronics:FreeRTOS:0.0.1:STMicroelectronics:RTOS:FreeRTOS:Core:::10.2.0:
2025-05-24 17:40:16,783 [WARN] ModelIntegratedComponent:182 - Modes not found for component STMicroelectronics:USB_HOST:1.0.0:STMicroelectronics:USB::USB Host:Audio HS::1.0:USB_HOST_1_0_RESTRICTED_HS
2025-05-24 17:40:16,783 [WARN] ModelIntegratedComponent:188 - Modes not found for component STMicroelectronics:USB_HOST:1.0.0:STMicroelectronics:USB::USB Host:Audio HS::1.0:USB_HOST_1_0_RESTRICTED_HS
2025-05-24 17:40:16,783 [WARN] ModelIntegratedComponent:182 - Modes not found for component STMicroelectronics:USB_HOST:1.0.0:STMicroelectronics:USB::USB Host:CDC HS::1.0:USB_HOST_1_0_RESTRICTED_HS
2025-05-24 17:40:16,783 [WARN] ModelIntegratedComponent:188 - Modes not found for component STMicroelectronics:USB_HOST:1.0.0:STMicroelectronics:USB::USB Host:CDC HS::1.0:USB_HOST_1_0_RESTRICTED_HS
2025-05-24 17:40:16,783 [WARN] ModelIntegratedComponent:182 - Modes not found for component STMicroelectronics:USB_HOST:1.0.0:STMicroelectronics:USB::USB Host:MSC HS::1.0:USB_HOST_1_0_RESTRICTED_HS
2025-05-24 17:40:16,784 [WARN] ModelIntegratedComponent:188 - Modes not found for component STMicroelectronics:USB_HOST:1.0.0:STMicroelectronics:USB::USB Host:MSC HS::1.0:USB_HOST_1_0_RESTRICTED_HS
2025-05-24 17:40:16,784 [WARN] ModelIntegratedComponent:182 - Modes not found for component STMicroelectronics:USB_HOST:1.0.0:STMicroelectronics:USB::USB Host:HID HS::1.0:USB_HOST_1_0_RESTRICTED_HS
2025-05-24 17:40:16,784 [WARN] ModelIntegratedComponent:188 - Modes not found for component STMicroelectronics:USB_HOST:1.0.0:STMicroelectronics:USB::USB Host:HID HS::1.0:USB_HOST_1_0_RESTRICTED_HS
2025-05-24 17:40:16,784 [WARN] ModelIntegratedComponent:182 - Modes not found for component STMicroelectronics:USB_HOST:1.0.0:STMicroelectronics:USB::USB Host:MTP HS::1.0:USB_HOST_1_0_RESTRICTED_HS
2025-05-24 17:40:16,784 [WARN] ModelIntegratedComponent:188 - Modes not found for component STMicroelectronics:USB_HOST:1.0.0:STMicroelectronics:USB::USB Host:MTP HS::1.0:USB_HOST_1_0_RESTRICTED_HS
2025-05-24 17:40:16,787 [WARN] ModelIntegratedComponent:63 - No mode defined for component null
2025-05-24 17:40:16,787 [WARN] ModelIntegratedComponent:63 - No mode defined for component null
2025-05-24 17:40:16,787 [WARN] ModelIntegratedComponent:63 - No mode defined for component null
2025-05-24 17:40:16,787 [WARN] ModelIntegratedComponent:63 - No mode defined for component null
2025-05-24 17:40:16,787 [WARN] ModelIntegratedComponent:63 - No mode defined for component null
2025-05-24 17:40:16,787 [WARN] ModelIntegratedComponent:63 - No mode defined for component null
2025-05-24 17:40:16,787 [WARN] ModelIntegratedComponent:63 - No mode defined for component null
2025-05-24 17:40:16,787 [WARN] ModelIntegratedComponent:63 - No mode defined for component null
2025-05-24 17:40:16,787 [WARN] ModelIntegratedComponent:63 - No mode defined for component null
2025-05-24 17:40:16,787 [WARN] ModelIntegratedComponent:63 - No mode defined for component null
2025-05-24 17:40:16,787 [WARN] ModelIntegratedComponent:63 - No mode defined for component null
2025-05-24 17:40:16,787 [WARN] ModelIntegratedComponent:63 - No mode defined for component null
2025-05-24 17:40:16,787 [WARN] ModelIntegratedComponent:63 - No mode defined for component null
2025-05-24 17:40:16,787 [WARN] ModelIntegratedComponent:63 - No mode defined for component null
2025-05-24 17:40:16,787 [WARN] ModelIntegratedComponent:63 - No mode defined for component null
2025-05-24 17:40:16,787 [WARN] ModelIntegratedComponent:63 - No mode defined for component null
2025-05-24 17:40:16,787 [WARN] ModelIntegratedComponent:63 - No mode defined for component null
2025-05-24 17:40:16,787 [WARN] ModelIntegratedComponent:63 - No mode defined for component null
2025-05-24 17:40:16,787 [WARN] ModelIntegratedComponent:63 - No mode defined for component null
2025-05-24 17:40:16,788 [WARN] ModelIntegratedComponent:63 - No mode defined for component null
2025-05-24 17:40:16,788 [WARN] ModelIntegratedComponent:63 - No mode defined for component null
2025-05-24 17:40:16,788 [WARN] ModelIntegratedComponent:63 - No mode defined for component null
2025-05-24 17:40:16,788 [WARN] ModelIntegratedComponent:63 - No mode defined for component null
2025-05-24 17:40:16,788 [WARN] ModelIntegratedComponent:63 - No mode defined for component null
2025-05-24 17:40:16,788 [WARN] ModelIntegratedComponent:63 - No mode defined for component null
2025-05-24 17:40:16,788 [WARN] ModelIntegratedComponent:63 - No mode defined for component null
2025-05-24 17:40:16,788 [WARN] ModelIntegratedComponent:63 - No mode defined for component null
2025-05-24 17:40:16,788 [WARN] ModelIntegratedComponent:63 - No mode defined for component null
2025-05-24 17:40:16,788 [WARN] ModelIntegratedComponent:63 - No mode defined for component null
2025-05-24 17:40:16,788 [WARN] ModelIntegratedComponent:63 - No mode defined for component null
2025-05-24 17:40:16,788 [WARN] ModelIntegratedComponent:63 - No mode defined for component null
2025-05-24 17:40:16,788 [WARN] ModelIntegratedComponent:63 - No mode defined for component null
2025-05-24 17:40:16,788 [WARN] ModelIntegratedComponent:63 - No mode defined for component null
2025-05-24 17:40:16,788 [WARN] ModelIntegratedComponent:63 - No mode defined for component null
2025-05-24 17:40:16,788 [WARN] ModelIntegratedComponent:63 - No mode defined for component null
2025-05-24 17:40:16,788 [WARN] ModelPack:524 - Component already loaded: STMicroelectronics:HAL Drivers:0.0.0:STMicroelectronics:Device:STMicro_Driver:XSPI:HAL::0.0.1:HAL_XSPI
2025-05-24 17:40:16,838 [WARN] ModelIntegratedComponent:182 - Modes not found for component STMicroelectronics:USB_DEVICE:1.0.0:STMicroelectronics:USB::USB Device:Audio HS::1.0:USB_DEVICE_1_0_RESTRICTED_HS
2025-05-24 17:40:16,838 [WARN] ModelIntegratedComponent:188 - Modes not found for component STMicroelectronics:USB_DEVICE:1.0.0:STMicroelectronics:USB::USB Device:Audio HS::1.0:USB_DEVICE_1_0_RESTRICTED_HS
2025-05-24 17:40:16,839 [WARN] ModelIntegratedComponent:182 - Modes not found for component STMicroelectronics:USB_DEVICE:1.0.0:STMicroelectronics:USB::USB Device:CDC HS::1.0:USB_DEVICE_1_0_RESTRICTED_HS
2025-05-24 17:40:16,839 [WARN] ModelIntegratedComponent:188 - Modes not found for component STMicroelectronics:USB_DEVICE:1.0.0:STMicroelectronics:USB::USB Device:CDC HS::1.0:USB_DEVICE_1_0_RESTRICTED_HS
2025-05-24 17:40:16,839 [WARN] ModelIntegratedComponent:182 - Modes not found for component STMicroelectronics:USB_DEVICE:1.0.0:STMicroelectronics:USB::USB Device:DFU HS::1.0:USB_DEVICE_1_0_RESTRICTED_HS
2025-05-24 17:40:16,839 [WARN] ModelIntegratedComponent:188 - Modes not found for component STMicroelectronics:USB_DEVICE:1.0.0:STMicroelectronics:USB::USB Device:DFU HS::1.0:USB_DEVICE_1_0_RESTRICTED_HS
2025-05-24 17:40:16,839 [WARN] ModelIntegratedComponent:182 - Modes not found for component STMicroelectronics:USB_DEVICE:1.0.0:STMicroelectronics:USB::USB Device:HID HS::1.0:USB_DEVICE_1_0_RESTRICTED_HS
2025-05-24 17:40:16,839 [WARN] ModelIntegratedComponent:188 - Modes not found for component STMicroelectronics:USB_DEVICE:1.0.0:STMicroelectronics:USB::USB Device:HID HS::1.0:USB_DEVICE_1_0_RESTRICTED_HS
2025-05-24 17:40:16,839 [WARN] ModelIntegratedComponent:182 - Modes not found for component STMicroelectronics:USB_DEVICE:1.0.0:STMicroelectronics:USB::USB Device:Custom HID HS::1.0:USB_DEVICE_1_0_RESTRICTED_HS
2025-05-24 17:40:16,839 [WARN] ModelIntegratedComponent:188 - Modes not found for component STMicroelectronics:USB_DEVICE:1.0.0:STMicroelectronics:USB::USB Device:Custom HID HS::1.0:USB_DEVICE_1_0_RESTRICTED_HS
2025-05-24 17:40:16,839 [WARN] ModelIntegratedComponent:182 - Modes not found for component STMicroelectronics:USB_DEVICE:1.0.0:STMicroelectronics:USB::USB Device:MSC HS::1.0:USB_DEVICE_1_0_RESTRICTED_HS
2025-05-24 17:40:16,839 [WARN] ModelIntegratedComponent:188 - Modes not found for component STMicroelectronics:USB_DEVICE:1.0.0:STMicroelectronics:USB::USB Device:MSC HS::1.0:USB_DEVICE_1_0_RESTRICTED_HS
2025-05-24 17:40:16,858 [INFO] ThirdPartyModel:298 - Start build external matchings
2025-05-24 17:40:17,279 [INFO] ThirdPartyModel:316 - End build external matchings
2025-05-24 17:40:17,305 [INFO] ImportTextPane:218 - (OptionalMessage_ERROR) IP (RCC) : Parameter (48MHZClocksFreq_Value) has invalid value (50000000)
2025-05-24 17:40:17,308 [INFO] ImportTextPane:218 - (OptionalMessage_ERROR) IP (RCC) : Parameter (RTCHSEDivFreq_Value) has invalid value (12500000)
2025-05-24 17:40:17,502 [INFO] UtilMem:75 - End LoadConfig() Used Memory: 908879416 Bytes (1073741824)
2025-05-24 17:40:17,736 [WARN] ThirdParty:833 - waiting for thirdparty lock release [change project]
2025-05-24 17:40:17,748 [INFO] ThirdParty:835 - entering critical section [change project]
2025-05-24 17:40:17,748 [INFO] ThirdParty:1030 - CMSIS Pack Vendor :STMicroelectronics USBPD 4.1
2025-05-24 17:40:17,748 [INFO] ThirdParty:1030 - CMSIS Pack Vendor :STMicroelectronics X-CUBE-AZRTOS-H7 3.3.0
2025-05-24 17:40:17,748 [INFO] ThirdParty:1030 - CMSIS Pack Vendor :STMicroelectronics X-CUBE-NFC9 1.0.0
2025-05-24 17:40:17,748 [INFO] ThirdParty:1030 - CMSIS Pack Vendor :STMicroelectronics USB_HOST 2.0.0
2025-05-24 17:40:17,749 [INFO] ThirdParty:1030 - CMSIS Pack Vendor :STMicroelectronics FP-SNS-MOTENVWB1 1.4.0
2025-05-24 17:40:17,749 [INFO] ThirdParty:1030 - CMSIS Pack Vendor :STMicroelectronics X-CUBE-AZRTOS-F4 1.1.0
2025-05-24 17:40:17,749 [INFO] ThirdParty:1030 - CMSIS Pack Vendor :STMicroelectronics LIBJPEG 8.0.0
2025-05-24 17:40:17,749 [INFO] ThirdParty:1030 - CMSIS Pack Vendor :STMicroelectronics FP-ATR-ASTRA1 2.0.2
2025-05-24 17:40:17,749 [INFO] ThirdParty:1030 - CMSIS Pack Vendor :STMicroelectronics FP-ATR-ASTRA1 2.0.1
2025-05-24 17:40:17,749 [INFO] ThirdParty:1030 - CMSIS Pack Vendor :STMicroelectronics X-CUBE-BLE1 7.1.0
2025-05-24 17:40:17,749 [INFO] ThirdParty:1030 - CMSIS Pack Vendor :Avnet-IotConnect X-CUBE-IoTC-DA16k-PMOD 1.0.0
2025-05-24 17:40:17,749 [INFO] ThirdParty:1030 - CMSIS Pack Vendor :STMicroelectronics X-CUBE-SMBUS 2.1.0
2025-05-24 17:40:17,749 [INFO] ThirdParty:1030 - CMSIS Pack Vendor :STMicroelectronics X-CUBE-WB05N 1.1.0
2025-05-24 17:40:17,749 [INFO] ThirdParty:1030 - CMSIS Pack Vendor :STMicroelectronics USB_DEVICE 3.0.0
2025-05-24 17:40:17,749 [INFO] ThirdParty:1030 - CMSIS Pack Vendor :STMicroelectronics X-CUBE-ISPU 2.1.0
2025-05-24 17:40:17,749 [INFO] ThirdParty:1030 - CMSIS Pack Vendor :STMicroelectronics X-CUBE-AZRTOS-WB 2.0.0
2025-05-24 17:40:17,749 [INFO] ThirdParty:1030 - CMSIS Pack Vendor :STMicroelectronics X-CUBE-GNSS1 7.0.1
2025-05-24 17:40:17,749 [INFO] ThirdParty:1030 - CMSIS Pack Vendor :STMicroelectronics X-CUBE-AZRTOS-F7 1.1.0
2025-05-24 17:40:17,749 [INFO] ThirdParty:1030 - CMSIS Pack Vendor :STMicroelectronics X-CUBE-AZRTOS-L5 2.0.0
2025-05-24 17:40:17,749 [INFO] ThirdParty:1030 - CMSIS Pack Vendor :STMicroelectronics X-CUBE-TOUCHGFX 4.25.0
2025-05-24 17:40:17,749 [INFO] ThirdParty:1030 - CMSIS Pack Vendor :STMicroelectronics USB_DEVICE 2.0.0
2025-05-24 17:40:17,749 [INFO] ThirdParty:1030 - CMSIS Pack Vendor :STMicroelectronics X-CUBE-NFC6 3.1.0
2025-05-24 17:40:17,749 [INFO] ThirdParty:1030 - CMSIS Pack Vendor :STMicroelectronics FP-SNS-STBOX1 2.0.0
2025-05-24 17:40:17,749 [INFO] ThirdParty:1030 - CMSIS Pack Vendor :STMicroelectronics X-CUBE-MEMS1 11.2.0
2025-05-24 17:40:17,749 [INFO] ThirdParty:1030 - CMSIS Pack Vendor :STMicroelectronics FreeRTOS 0.0.1
2025-05-24 17:40:17,749 [INFO] ThirdParty:1030 - CMSIS Pack Vendor :STMicroelectronics X-CUBE-AZRTOS-G0 1.1.0
2025-05-24 17:40:17,749 [INFO] ThirdParty:1030 - CMSIS Pack Vendor :STMicroelectronics X-CUBE-SAFEA1 1.2.2
2025-05-24 17:40:17,749 [INFO] ThirdParty:1030 - CMSIS Pack Vendor :STMicroelectronics X-CUBE-NFC4 3.0.0
2025-05-24 17:40:17,749 [INFO] ThirdParty:1030 - CMSIS Pack Vendor :STMicroelectronics X-CUBE-DPower 1.2.0
2025-05-24 17:40:17,749 [INFO] ThirdParty:1030 - CMSIS Pack Vendor :STMicroelectronics X-CUBE-SUBG2 5.0.0
2025-05-24 17:40:17,749 [INFO] ThirdParty:1030 - CMSIS Pack Vendor :STMicroelectronics X-CUBE-AZRTOS-H7RS 1.1.0
2025-05-24 17:40:17,749 [INFO] ThirdParty:1030 - CMSIS Pack Vendor :STMicroelectronics STM32_WPAN 1.0.0
2025-05-24 17:40:17,749 [INFO] ThirdParty:1030 - CMSIS Pack Vendor :EmbeddedOffice I-CUBE-FS-RTOS 1.0.1
2025-05-24 17:40:17,749 [INFO] ThirdParty:1030 - CMSIS Pack Vendor :STMicroelectronics lwIP 2.0.3
2025-05-24 17:40:17,749 [INFO] ThirdParty:1030 - CMSIS Pack Vendor :STMicroelectronics FP-SNS-FLIGHT1 5.0.2
2025-05-24 17:40:17,749 [INFO] ThirdParty:1030 - CMSIS Pack Vendor :Cesanta I-CUBE-Mongoose 7.13.0
2025-05-24 17:40:17,749 [INFO] ThirdParty:1030 - CMSIS Pack Vendor :STMicroelectronics USB_HOST 1.0.0
2025-05-24 17:40:17,749 [INFO] ThirdParty:1030 - CMSIS Pack Vendor :Infineon AIROC-Wi-Fi-Bluetooth-STM32 1.7.0
2025-05-24 17:40:17,749 [INFO] ThirdParty:1030 - CMSIS Pack Vendor :STMicroelectronics X-CUBE-AZRTOS-G4 2.0.0
2025-05-24 17:40:17,749 [INFO] ThirdParty:1030 - CMSIS Pack Vendor :STMicroelectronics X-CUBE-WB05N 2.0.0
2025-05-24 17:40:17,749 [INFO] ThirdParty:1030 - CMSIS Pack Vendor :STMicroelectronics PDM2PCM 3.1.0
2025-05-24 17:40:17,749 [INFO] ThirdParty:1030 - CMSIS Pack Vendor :STMicroelectronics PDM2PCM 3.3.0
2025-05-24 17:40:17,749 [INFO] ThirdParty:1030 - CMSIS Pack Vendor :STMicroelectronics X-CUBE-DISPLAY 3.0.0
2025-05-24 17:40:17,749 [INFO] ThirdParty:1030 - CMSIS Pack Vendor :STMicroelectronics X-CUBE-NFC7 2.0.0
2025-05-24 17:40:17,749 [INFO] ThirdParty:1030 - CMSIS Pack Vendor :STMicroelectronics X-CUBE-TCPP 4.2.0
2025-05-24 17:40:17,749 [INFO] ThirdParty:1030 - CMSIS Pack Vendor :RealThread X-CUBE-RT-Thread_Nano 4.1.1
2025-05-24 17:40:17,749 [INFO] ThirdParty:1030 - CMSIS Pack Vendor :STMicroelectronics X-CUBE-BLE1 7.0.0
2025-05-24 17:40:17,749 [INFO] ThirdParty:1030 - CMSIS Pack Vendor :STMicroelectronics FP-ATR-SIGFOX1 3.2.0
2025-05-24 17:40:17,749 [INFO] ThirdParty:1030 - CMSIS Pack Vendor :STMicroelectronics X-CUBE-NFC10 1.0.0
2025-05-24 17:40:17,749 [INFO] ThirdParty:1030 - CMSIS Pack Vendor :quantropi X-CUBE-qispace-sdk-base 1.9.3
2025-05-24 17:40:17,749 [INFO] ThirdParty:1030 - CMSIS Pack Vendor :STMicroelectronics X-CUBE-BLEMGR 4.0.0
2025-05-24 17:40:17,749 [INFO] ThirdParty:1030 - CMSIS Pack Vendor :STMicroelectronics X-CUBE-EEPRMA1 5.1.0
2025-05-24 17:40:17,749 [INFO] ThirdParty:1030 - CMSIS Pack Vendor :STMicroelectronics X-CUBE-FREERTOS 1.3.1
2025-05-24 17:40:17,749 [INFO] ThirdParty:1030 - CMSIS Pack Vendor :STMicroelectronics HAL Drivers 0.0.0
2025-05-24 17:40:17,750 [INFO] ThirdParty:1030 - CMSIS Pack Vendor :STMicroelectronics MBEDTLS 2.16.2
2025-05-24 17:40:17,750 [INFO] ThirdParty:1030 - CMSIS Pack Vendor :STMicroelectronics X-CUBE-IPS 3.1.0
2025-05-24 17:40:17,750 [INFO] ThirdParty:1030 - CMSIS Pack Vendor :STMicroelectronics X-CUBE-ALS 1.0.2
2025-05-24 17:40:17,750 [INFO] ThirdParty:1030 - CMSIS Pack Vendor :emotas I-CUBE-CANOPEN 1.3.0
2025-05-24 17:40:17,750 [INFO] ThirdParty:1030 - CMSIS Pack Vendor :STMicroelectronics X-CUBE-FREERTOS 1.3.0
2025-05-24 17:40:17,750 [INFO] ThirdParty:1030 - CMSIS Pack Vendor :wolfSSL I-CUBE-wolfSSL 5.7.4
2025-05-24 17:40:17,750 [INFO] ThirdParty:1030 - CMSIS Pack Vendor :STMicroelectronics X-CUBE-NFC7 1.0.1
2025-05-24 17:40:17,750 [INFO] ThirdParty:1030 - CMSIS Pack Vendor :STMicroelectronics MBEDTLS 2.14.1
2025-05-24 17:40:17,750 [INFO] ThirdParty:1030 - CMSIS Pack Vendor :ITTIA_DB I-CUBE-ITTIADB 8.9.0
2025-05-24 17:40:17,750 [INFO] ThirdParty:1030 - CMSIS Pack Vendor :STMicroelectronics X-CUBE-TOUCHGFX 4.24.2
2025-05-24 17:40:17,750 [INFO] ThirdParty:1030 - CMSIS Pack Vendor :wolfSSL I-CUBE-wolfTPM 3.4.0
2025-05-24 17:40:17,750 [INFO] ThirdParty:1030 - CMSIS Pack Vendor :portGmbH I-Cube-SoM-uGOAL 1.1.0
2025-05-24 17:40:17,750 [INFO] ThirdParty:1030 - CMSIS Pack Vendor :STMicroelectronics X-CUBE-AI 10.0.0
2025-05-24 17:40:17,750 [INFO] ThirdParty:1030 - CMSIS Pack Vendor :STMicroelectronics ThreadX 1.0.0
2025-05-24 17:40:17,750 [INFO] ThirdParty:1030 - CMSIS Pack Vendor :STMicroelectronics FP-SNS-SMARTAG2 1.2.0
2025-05-24 17:40:17,750 [INFO] ThirdParty:1030 - CMSIS Pack Vendor :STMicroelectronics FP-SNS-FLIGHT1 5.1.0
2025-05-24 17:40:17,750 [INFO] ThirdParty:1030 - CMSIS Pack Vendor :STMicroelectronics X-CUBE-MEMS1 11.1.0
2025-05-24 17:40:17,750 [INFO] ThirdParty:1030 - CMSIS Pack Vendor :STMicroelectronics X-CUBE-AZRTOS-WL 2.0.0
2025-05-24 17:40:17,750 [INFO] ThirdParty:1030 - CMSIS Pack Vendor :SEGGER I-CUBE-embOS 1.3.1
2025-05-24 17:40:17,750 [INFO] ThirdParty:1030 - CMSIS Pack Vendor :STMicroelectronics X-CUBE-ALGOBUILD 1.4.0
2025-05-24 17:40:17,750 [INFO] ThirdParty:1030 - CMSIS Pack Vendor :STMicroelectronics X-CUBE-DPower 1.3.0
2025-05-24 17:40:17,750 [INFO] ThirdParty:1030 - CMSIS Pack Vendor :STMicroelectronics FP-SNS-MOTENV1 5.0.0
2025-05-24 17:40:17,750 [INFO] ThirdParty:1030 - CMSIS Pack Vendor :STMicroelectronics USB_DEVICE 1.0.0
2025-05-24 17:40:17,750 [INFO] ThirdParty:1030 - CMSIS Pack Vendor :STMicroelectronics X-CUBE-AZRTOS-H7RS 1.0.0
2025-05-24 17:40:17,750 [INFO] ThirdParty:1030 - CMSIS Pack Vendor :wolfSSL I-CUBE-wolfMQTT 1.19.0
2025-05-24 17:40:17,750 [INFO] ThirdParty:1030 - CMSIS Pack Vendor :STMicroelectronics X-CUBE-AZRTOS-L4 2.0.0
2025-05-24 17:40:17,750 [INFO] ThirdParty:1030 - CMSIS Pack Vendor :STMicroelectronics ThreadX 0.0.2
2025-05-24 17:40:17,750 [INFO] ThirdParty:1030 - CMSIS Pack Vendor :WES I-CUBE-Cesium 1.3.0
2025-05-24 17:40:17,750 [INFO] ThirdParty:1030 - CMSIS Pack Vendor :STMicroelectronics lwIP 2.1.2
2025-05-24 17:40:17,750 [INFO] ThirdParty:1030 - CMSIS Pack Vendor :STMicroelectronics X-CUBE-SFXS2LP1 4.0.0
2025-05-24 17:40:17,750 [INFO] ThirdParty:1030 - CMSIS Pack Vendor :STMicroelectronics X-CUBE-BLE2 3.3.0
2025-05-24 17:40:17,750 [INFO] ThirdParty:1030 - CMSIS Pack Vendor :STMicroelectronics X-CUBE-TOF1 3.4.2
2025-05-24 17:40:17,750 [INFO] ThirdParty:1030 - CMSIS Pack Vendor :STMicroelectronics X-CUBE-TOF1 3.4.3
2025-05-24 17:40:17,750 [INFO] ThirdParty:1030 - CMSIS Pack Vendor :STMicroelectronics X-CUBE-AI 9.1.0
2025-05-24 17:40:17,750 [INFO] ThirdParty:1030 - CMSIS Pack Vendor :STMicroelectronics PDM2PCM 3.2.0
2025-05-24 17:40:17,750 [INFO] ThirdParty:1030 - CMSIS Pack Vendor :wolfSSL I-CUBE-wolfSSH 1.4.17
2025-05-24 17:40:17,751 [INFO] ThirdParty:841 - exiting critical section [change project]
2025-05-24 17:40:18,107 [INFO] PinOutPanel:1589 - setPackage(No Configuration,No Configuration)
2025-05-24 17:40:18,111 [INFO] PinOutPanel:1589 - setPackage(STM32F411CEUx,UFQFPN48)
2025-05-24 17:40:19,142 [INFO] UtilMem:75 - Before build in PCC Used Memory: 747691192 Bytes (1073741824)
2025-05-24 17:40:19,795 [INFO] UtilMem:75 - After build in PCC Used Memory: 791205048 Bytes (1073741824)
2025-05-24 17:40:19,851 [INFO] IPUIPlugin:80 - create IPUIPlugin
2025-05-24 17:40:19,851 [INFO] IPUIPlugin:80 - create IPUIPlugin
2025-05-24 17:40:19,851 [INFO] IPUIPlugin:80 - create IPUIPlugin
2025-05-24 17:40:19,852 [INFO] IPUIPlugin:80 - create IPUIPlugin
2025-05-24 17:40:19,852 [INFO] IPUIPlugin:80 - create IPUIPlugin
2025-05-24 17:40:19,852 [INFO] IPUIPlugin:80 - create IPUIPlugin
2025-05-24 17:40:19,852 [INFO] IPUIPlugin:80 - create IPUIPlugin
2025-05-24 17:40:19,852 [INFO] IPUIPlugin:80 - create IPUIPlugin
2025-05-24 17:40:19,852 [INFO] IPUIPlugin:80 - create IPUIPlugin
2025-05-24 17:40:19,852 [INFO] IPUIPlugin:80 - create IPUIPlugin
2025-05-24 17:40:19,853 [INFO] IPUIPlugin:80 - create IPUIPlugin
2025-05-24 17:40:19,853 [INFO] IPUIPlugin:80 - create IPUIPlugin
2025-05-24 17:40:19,853 [INFO] IPUIPlugin:80 - create IPUIPlugin
2025-05-24 17:40:19,853 [INFO] IPUIPlugin:80 - create IPUIPlugin
2025-05-24 17:40:19,853 [INFO] IPUIPlugin:80 - create IPUIPlugin
2025-05-24 17:40:19,853 [INFO] IPUIPlugin:80 - create IPUIPlugin
2025-05-24 17:40:19,853 [INFO] IPUIPlugin:80 - create IPUIPlugin
2025-05-24 17:40:19,853 [INFO] IPUIPlugin:80 - create IPUIPlugin
2025-05-24 17:40:19,854 [INFO] IPUIPlugin:80 - create IPUIPlugin
2025-05-24 17:40:19,854 [INFO] IPUIPlugin:80 - create IPUIPlugin
2025-05-24 17:40:19,854 [INFO] IPUIPlugin:80 - create IPUIPlugin
2025-05-24 17:40:19,854 [INFO] IPUIPlugin:80 - create IPUIPlugin
2025-05-24 17:40:19,854 [INFO] IPUIPlugin:80 - create IPUIPlugin
2025-05-24 17:40:19,854 [INFO] IPUIPlugin:80 - create IPUIPlugin
2025-05-24 17:40:19,854 [INFO] IPUIPlugin:80 - create IPUIPlugin
2025-05-24 17:40:19,854 [INFO] IPUIPlugin:80 - create IPUIPlugin
2025-05-24 17:40:19,854 [INFO] IPUIPlugin:80 - create IPUIPlugin
2025-05-24 17:40:19,854 [INFO] IPUIPlugin:80 - create IPUIPlugin
2025-05-24 17:40:19,855 [INFO] IPUIPlugin:80 - create IPUIPlugin
2025-05-24 17:40:19,855 [INFO] IPUIPlugin:80 - create IPUIPlugin
2025-05-24 17:40:19,855 [INFO] IPUIPlugin:80 - create IPUIPlugin
2025-05-24 17:40:19,855 [INFO] IPUIPlugin:80 - create IPUIPlugin
2025-05-24 17:40:19,855 [INFO] IPUIPlugin:80 - create IPUIPlugin
2025-05-24 17:40:19,855 [INFO] IPUIPlugin:80 - create IPUIPlugin
2025-05-24 17:40:19,855 [INFO] IPUIPlugin:80 - create IPUIPlugin
2025-05-24 17:40:19,855 [INFO] IPUIPlugin:80 - create IPUIPlugin
2025-05-24 17:40:19,855 [INFO] IPUIPlugin:80 - create IPUIPlugin
2025-05-24 17:40:19,855 [INFO] IPUIPlugin:80 - create IPUIPlugin
2025-05-24 17:40:19,856 [INFO] IPUIPlugin:80 - create IPUIPlugin
2025-05-24 17:40:19,859 [INFO] IPUIPlugin:80 - create IPUIPlugin
2025-05-24 17:40:19,860 [INFO] IPUIPlugin:80 - create IPUIPlugin
2025-05-24 17:40:19,860 [INFO] IPUIPlugin:80 - create IPUIPlugin
2025-05-24 17:40:19,861 [INFO] IPUIPlugin:80 - create IPUIPlugin
2025-05-24 17:40:19,879 [INFO] ApiDbMcu:508 - Load IP Config File for PDM2PCM
2025-05-24 17:40:19,885 [WARN] IP:2251 - I2C_Coeff_DF not found: check if there is a RefParameter without a condition.
2025-05-24 17:40:19,885 [WARN] IP:2251 - Analog_Filter not found: check if there is a RefParameter without a condition.
2025-05-24 17:40:19,994 [INFO] CADModel:165 - CPN selected for project levelSTM32F411CEU6
2025-05-24 17:40:19,994 [INFO] CADModel:114 - Register for checkConnection events
2025-05-24 17:40:20,053 [INFO] OpenFileManager:363 - Restore cursor
2025-05-24 17:40:20,284 [WARN] IP:2251 - I2C_Coeff_DF not found: check if there is a RefParameter without a condition.
2025-05-24 17:40:20,284 [WARN] IP:2251 - Analog_Filter not found: check if there is a RefParameter without a condition.
2025-05-24 17:40:20,285 [WARN] IP:2251 - I2C_Coeff_DF not found: check if there is a RefParameter without a condition.
2025-05-24 17:40:20,285 [WARN] IP:2251 - Analog_Filter not found: check if there is a RefParameter without a condition.
2025-05-24 17:51:17,346 [INFO] MainUpdater:2872 - connection check result : 10
2025-05-24 17:51:17,348 [INFO] MainUpdater:2872 - connection check result : 10
2025-05-24 17:51:17,503 [INFO] MicroXplorer:468 - Change Database Path : 
2025-05-24 17:51:17,504 [INFO] MicroXplorer:498 - Change Database Version : DB.6.0.130
2025-05-24 17:51:17,529 [ERROR] ProjectManagerView:394 - 
java.lang.NullPointerException: Cannot invoke "javax.swing.JTextField.getText()" because the return value of "java.util.List.get(int)" is null
	at com.st.microxplorer.plugins.projectmanager.gui.ProjectChoiceTab$9.caretUpdate(ProjectChoiceTab.java:2616) ~[filemanager.jar:?]
	at javax.swing.text.JTextComponent.fireCaretUpdate(JTextComponent.java:408) ~[?:?]
	at javax.swing.text.JTextComponent$MutableCaretEvent.fire(JTextComponent.java:4484) ~[?:?]
	at javax.swing.text.JTextComponent$MutableCaretEvent.stateChanged(JTextComponent.java:4506) ~[?:?]
	at javax.swing.text.DefaultCaret.fireStateChanged(DefaultCaret.java:857) ~[?:?]
	at javax.swing.text.DefaultCaret.changeCaretPosition(DefaultCaret.java:1343) ~[?:?]
	at javax.swing.text.DefaultCaret.handleSetDot(DefaultCaret.java:1242) ~[?:?]
	at javax.swing.text.DefaultCaret.setDot(DefaultCaret.java:1223) ~[?:?]
	at javax.swing.text.DefaultCaret$Handler.insertUpdate(DefaultCaret.java:1819) ~[?:?]
	at javax.swing.text.AbstractDocument.fireInsertUpdate(AbstractDocument.java:227) ~[?:?]
	at javax.swing.text.AbstractDocument.handleInsertString(AbstractDocument.java:781) ~[?:?]
	at javax.swing.text.AbstractDocument.insertString(AbstractDocument.java:740) ~[?:?]
	at javax.swing.text.PlainDocument.insertString(PlainDocument.java:131) ~[?:?]
	at javax.swing.text.AbstractDocument.replace(AbstractDocument.java:699) ~[?:?]
	at javax.swing.text.JTextComponent.setText(JTextComponent.java:1725) ~[?:?]
	at com.st.microxplorer.plugins.projectmanager.gui.ProjectChoiceTab.createHeapStackFields(ProjectChoiceTab.java:975) ~[filemanager.jar:?]
	at com.st.microxplorer.plugins.projectmanager.gui.ProjectChoiceTab.buildLinkSettingsPanel(ProjectChoiceTab.java:3666) ~[filemanager.jar:?]
	at com.st.microxplorer.plugins.projectmanager.gui.ProjectChoiceTab.defineWindowsFields(ProjectChoiceTab.java:1934) ~[filemanager.jar:?]
	at com.st.microxplorer.plugins.projectmanager.gui.ProjectChoiceTab.updateSettings(ProjectChoiceTab.java:553) ~[filemanager.jar:?]
	at com.st.microxplorer.plugins.projectmanager.gui.ProjectSettingsPanel.UpdateDialog(ProjectSettingsPanel.java:245) ~[filemanager.jar:?]
	at com.st.microxplorer.plugins.projectmanager.ProjectManagerView.propertyChange(ProjectManagerView.java:391) ~[filemanager.jar:?]
	at java.beans.PropertyChangeSupport.fire(PropertyChangeSupport.java:343) ~[?:?]
	at java.beans.PropertyChangeSupport.firePropertyChange(PropertyChangeSupport.java:335) ~[?:?]
	at java.beans.PropertyChangeSupport.firePropertyChange(PropertyChangeSupport.java:268) ~[?:?]
	at com.st.microxplorer.util.MXPropertyChangeSupport.firePropertyChange(MXPropertyChangeSupport.java:54) ~[STM32CubeMX.jar:?]
	at com.st.microxplorer.mxsystem.MxSystem.closeConfig(MxSystem.java:899) ~[STM32CubeMX.jar:?]
	at com.st.microxplorer.maingui.MainPanel.closeConfig(MainPanel.java:789) ~[STM32CubeMX.jar:?]
	at com.st.microxplorer.plugins.filemanager.engine.OpenFileManager.loadConfigurationFile(OpenFileManager.java:265) ~[filemanager.jar:?]
	at com.st.microxplorer.plugins.filemanager.engine.MainFileManager.userLoadConfig(MainFileManager.java:340) ~[filemanager.jar:?]
	at com.st.microxplorer.plugins.filemanager.engine.MainFileManager.userLoadConfig(MainFileManager.java:318) ~[filemanager.jar:?]
	at com.st.microxplorer.plugins.filemanager.FileManagerView.getSpecificTask(FileManagerView.java:246) ~[filemanager.jar:?]
	at com.st.stm32cube.common.mx.editor.CubeMxEditor.getMxTabbedPaneInstance(CubeMxEditor.java:1198) ~[com.st.stm32cube.common.mx_6.13.0.202411220809/:?]
	at com.st.stm32cube.common.mx.editor.CubeMxEditor$12$1.createSwingComponent(CubeMxEditor.java:1068) ~[com.st.stm32cube.common.mx_6.13.0.202411220809/:?]
	at com.st.stm32cube.common.mx.oss.core.awtswtbridge.EmbeddedSwingComposite.doComponentCreation(EmbeddedSwingComposite.java:492) ~[com.st.stm32cube.common.mx.oss_6.13.0.202411220809/:?]
	at com.st.stm32cube.common.mx.oss.core.awtswtbridge.EmbeddedSwingComposite$4.run(EmbeddedSwingComposite.java:291) ~[com.st.stm32cube.common.mx.oss_6.13.0.202411220809/:?]
	at com.st.stm32cube.common.mx.oss.core.awtswtbridge.AwtEnvironment$2.run(AwtEnvironment.java:166) ~[com.st.stm32cube.common.mx.oss_6.13.0.202411220809/:?]
	at java.awt.event.InvocationEvent.dispatch(InvocationEvent.java:318) ~[?:?]
	at java.awt.EventQueue.dispatchEventImpl(EventQueue.java:773) ~[?:?]
	at java.awt.EventQueue$4.run(EventQueue.java:720) ~[?:?]
	at java.awt.EventQueue$4.run(EventQueue.java:714) ~[?:?]
	at java.security.AccessController.doPrivileged(AccessController.java:400) ~[?:?]
	at java.security.ProtectionDomain$JavaSecurityAccessImpl.doIntersectionPrivilege(ProtectionDomain.java:87) ~[?:?]
	at java.awt.EventQueue.dispatchEvent(EventQueue.java:742) ~[?:?]
	at java.awt.EventDispatchThread.pumpOneEventForFilters(EventDispatchThread.java:203) ~[?:?]
	at java.awt.EventDispatchThread.pumpEventsForFilter(EventDispatchThread.java:124) ~[?:?]
	at java.awt.EventDispatchThread.pumpEventsForHierarchy(EventDispatchThread.java:113) ~[?:?]
	at java.awt.EventDispatchThread.pumpEvents(EventDispatchThread.java:109) ~[?:?]
	at java.awt.EventDispatchThread.pumpEvents(EventDispatchThread.java:101) ~[?:?]
	at java.awt.EventDispatchThread.run(EventDispatchThread.java:90) ~[?:?]
2025-05-24 17:51:17,535 [WARN] ThirdParty:871 - waiting for thirdparty lock release [close project]
2025-05-24 17:51:17,535 [INFO] ThirdParty:873 - entering critical section [close project]
2025-05-24 17:51:17,535 [INFO] ThirdParty:883 - exiting critical section [close project]
2025-05-24 17:51:17,536 [INFO] PinOutPanel:1589 - setPackage(No Configuration,No Configuration)
2025-05-24 17:51:17,550 [WARN] IpParametersView:154 - Warning: This peripheral hasn't parameters
2025-05-24 17:51:17,555 [WARN] MainPanel:289 - <html><b><center>Warning: This peripheral has no parameters to be configured<br></b></html>
2025-05-24 17:51:17,556 [ERROR] MainPanel:599 - java.lang.IndexOutOfBoundsException: Index: 0, Tab count: 0
2025-05-24 17:51:17,558 [INFO] UtilMem:75 - Begin LoadConfig() Used Memory: 763942072 Bytes (1073741824)
2025-05-24 17:51:17,560 [INFO] MicroXplorer:468 - Change Database Path : 
2025-05-24 17:51:17,561 [INFO] MicroXplorer:498 - Change Database Version : DB.6.0.130
2025-05-24 17:51:17,561 [INFO] OpenFileManager:332 - Change cursor
2025-05-24 17:51:17,571 [INFO] Mcu:2035 - Initializing MCU STM32F411C(C-E)Ux STM32F411CEUx STM32F411CEU6
2025-05-24 17:51:18,168 [INFO] Context:748 - Trying to add GPIOservice into a context  which must be forbidden
2025-05-24 17:51:19,031 [INFO] RtosManager:555 - Registered RTOS mode: class=CMSIS, group=RTOS, mode=CMSIS_V1, owner=FREERTOS
2025-05-24 17:51:19,080 [INFO] RtosManager:555 - Registered RTOS mode: class=CMSIS, group=RTOS2, mode=CMSIS_V2, owner=FREERTOS
2025-05-24 17:51:19,083 [INFO] RtosManager:555 - Registered RTOS mode: class=RTOS, group=Core, mode=CMSIS_V1, owner=FREERTOS
2025-05-24 17:51:19,083 [INFO] RtosManager:555 - Registered RTOS mode: class=RTOS, group=Core, mode=CMSIS_V2, owner=FREERTOS
2025-05-24 17:51:19,083 [WARN] ModelIntegratedComponent:184 - Missing modes for component STMicroelectronics:FreeRTOS:0.0.1:STMicroelectronics:RTOS:FreeRTOS:Core:::10.2.0:
2025-05-24 17:51:19,092 [WARN] ModelIntegratedComponent:182 - Modes not found for component STMicroelectronics:USB_HOST:1.0.0:STMicroelectronics:USB::USB Host:Audio HS::1.0:USB_HOST_1_0_RESTRICTED_HS
2025-05-24 17:51:19,092 [WARN] ModelIntegratedComponent:188 - Modes not found for component STMicroelectronics:USB_HOST:1.0.0:STMicroelectronics:USB::USB Host:Audio HS::1.0:USB_HOST_1_0_RESTRICTED_HS
2025-05-24 17:51:19,092 [WARN] ModelIntegratedComponent:182 - Modes not found for component STMicroelectronics:USB_HOST:1.0.0:STMicroelectronics:USB::USB Host:CDC HS::1.0:USB_HOST_1_0_RESTRICTED_HS
2025-05-24 17:51:19,092 [WARN] ModelIntegratedComponent:188 - Modes not found for component STMicroelectronics:USB_HOST:1.0.0:STMicroelectronics:USB::USB Host:CDC HS::1.0:USB_HOST_1_0_RESTRICTED_HS
2025-05-24 17:51:19,092 [WARN] ModelIntegratedComponent:182 - Modes not found for component STMicroelectronics:USB_HOST:1.0.0:STMicroelectronics:USB::USB Host:MSC HS::1.0:USB_HOST_1_0_RESTRICTED_HS
2025-05-24 17:51:19,092 [WARN] ModelIntegratedComponent:188 - Modes not found for component STMicroelectronics:USB_HOST:1.0.0:STMicroelectronics:USB::USB Host:MSC HS::1.0:USB_HOST_1_0_RESTRICTED_HS
2025-05-24 17:51:19,092 [WARN] ModelIntegratedComponent:182 - Modes not found for component STMicroelectronics:USB_HOST:1.0.0:STMicroelectronics:USB::USB Host:HID HS::1.0:USB_HOST_1_0_RESTRICTED_HS
2025-05-24 17:51:19,092 [WARN] ModelIntegratedComponent:188 - Modes not found for component STMicroelectronics:USB_HOST:1.0.0:STMicroelectronics:USB::USB Host:HID HS::1.0:USB_HOST_1_0_RESTRICTED_HS
2025-05-24 17:51:19,092 [WARN] ModelIntegratedComponent:182 - Modes not found for component STMicroelectronics:USB_HOST:1.0.0:STMicroelectronics:USB::USB Host:MTP HS::1.0:USB_HOST_1_0_RESTRICTED_HS
2025-05-24 17:51:19,092 [WARN] ModelIntegratedComponent:188 - Modes not found for component STMicroelectronics:USB_HOST:1.0.0:STMicroelectronics:USB::USB Host:MTP HS::1.0:USB_HOST_1_0_RESTRICTED_HS
2025-05-24 17:51:19,096 [WARN] ModelIntegratedComponent:63 - No mode defined for component null
2025-05-24 17:51:19,096 [WARN] ModelIntegratedComponent:63 - No mode defined for component null
2025-05-24 17:51:19,096 [WARN] ModelIntegratedComponent:63 - No mode defined for component null
2025-05-24 17:51:19,096 [WARN] ModelIntegratedComponent:63 - No mode defined for component null
2025-05-24 17:51:19,096 [WARN] ModelIntegratedComponent:63 - No mode defined for component null
2025-05-24 17:51:19,096 [WARN] ModelIntegratedComponent:63 - No mode defined for component null
2025-05-24 17:51:19,096 [WARN] ModelIntegratedComponent:63 - No mode defined for component null
2025-05-24 17:51:19,096 [WARN] ModelIntegratedComponent:63 - No mode defined for component null
2025-05-24 17:51:19,096 [WARN] ModelIntegratedComponent:63 - No mode defined for component null
2025-05-24 17:51:19,096 [WARN] ModelIntegratedComponent:63 - No mode defined for component null
2025-05-24 17:51:19,096 [WARN] ModelIntegratedComponent:63 - No mode defined for component null
2025-05-24 17:51:19,096 [WARN] ModelIntegratedComponent:63 - No mode defined for component null
2025-05-24 17:51:19,096 [WARN] ModelIntegratedComponent:63 - No mode defined for component null
2025-05-24 17:51:19,096 [WARN] ModelIntegratedComponent:63 - No mode defined for component null
2025-05-24 17:51:19,096 [WARN] ModelIntegratedComponent:63 - No mode defined for component null
2025-05-24 17:51:19,096 [WARN] ModelIntegratedComponent:63 - No mode defined for component null
2025-05-24 17:51:19,096 [WARN] ModelIntegratedComponent:63 - No mode defined for component null
2025-05-24 17:51:19,096 [WARN] ModelIntegratedComponent:63 - No mode defined for component null
2025-05-24 17:51:19,096 [WARN] ModelIntegratedComponent:63 - No mode defined for component null
2025-05-24 17:51:19,096 [WARN] ModelIntegratedComponent:63 - No mode defined for component null
2025-05-24 17:51:19,096 [WARN] ModelIntegratedComponent:63 - No mode defined for component null
2025-05-24 17:51:19,097 [WARN] ModelIntegratedComponent:63 - No mode defined for component null
2025-05-24 17:51:19,097 [WARN] ModelIntegratedComponent:63 - No mode defined for component null
2025-05-24 17:51:19,097 [WARN] ModelIntegratedComponent:63 - No mode defined for component null
2025-05-24 17:51:19,097 [WARN] ModelIntegratedComponent:63 - No mode defined for component null
2025-05-24 17:51:19,097 [WARN] ModelIntegratedComponent:63 - No mode defined for component null
2025-05-24 17:51:19,097 [WARN] ModelIntegratedComponent:63 - No mode defined for component null
2025-05-24 17:51:19,097 [WARN] ModelIntegratedComponent:63 - No mode defined for component null
2025-05-24 17:51:19,097 [WARN] ModelIntegratedComponent:63 - No mode defined for component null
2025-05-24 17:51:19,097 [WARN] ModelIntegratedComponent:63 - No mode defined for component null
2025-05-24 17:51:19,097 [WARN] ModelIntegratedComponent:63 - No mode defined for component null
2025-05-24 17:51:19,097 [WARN] ModelIntegratedComponent:63 - No mode defined for component null
2025-05-24 17:51:19,097 [WARN] ModelIntegratedComponent:63 - No mode defined for component null
2025-05-24 17:51:19,097 [WARN] ModelIntegratedComponent:63 - No mode defined for component null
2025-05-24 17:51:19,097 [WARN] ModelIntegratedComponent:63 - No mode defined for component null
2025-05-24 17:51:19,097 [WARN] ModelPack:524 - Component already loaded: STMicroelectronics:HAL Drivers:0.0.0:STMicroelectronics:Device:STMicro_Driver:XSPI:HAL::0.0.1:HAL_XSPI
2025-05-24 17:51:19,141 [WARN] ModelIntegratedComponent:182 - Modes not found for component STMicroelectronics:USB_DEVICE:1.0.0:STMicroelectronics:USB::USB Device:Audio HS::1.0:USB_DEVICE_1_0_RESTRICTED_HS
2025-05-24 17:51:19,141 [WARN] ModelIntegratedComponent:188 - Modes not found for component STMicroelectronics:USB_DEVICE:1.0.0:STMicroelectronics:USB::USB Device:Audio HS::1.0:USB_DEVICE_1_0_RESTRICTED_HS
2025-05-24 17:51:19,141 [WARN] ModelIntegratedComponent:182 - Modes not found for component STMicroelectronics:USB_DEVICE:1.0.0:STMicroelectronics:USB::USB Device:CDC HS::1.0:USB_DEVICE_1_0_RESTRICTED_HS
2025-05-24 17:51:19,141 [WARN] ModelIntegratedComponent:188 - Modes not found for component STMicroelectronics:USB_DEVICE:1.0.0:STMicroelectronics:USB::USB Device:CDC HS::1.0:USB_DEVICE_1_0_RESTRICTED_HS
2025-05-24 17:51:19,141 [WARN] ModelIntegratedComponent:182 - Modes not found for component STMicroelectronics:USB_DEVICE:1.0.0:STMicroelectronics:USB::USB Device:DFU HS::1.0:USB_DEVICE_1_0_RESTRICTED_HS
2025-05-24 17:51:19,141 [WARN] ModelIntegratedComponent:188 - Modes not found for component STMicroelectronics:USB_DEVICE:1.0.0:STMicroelectronics:USB::USB Device:DFU HS::1.0:USB_DEVICE_1_0_RESTRICTED_HS
2025-05-24 17:51:19,141 [WARN] ModelIntegratedComponent:182 - Modes not found for component STMicroelectronics:USB_DEVICE:1.0.0:STMicroelectronics:USB::USB Device:HID HS::1.0:USB_DEVICE_1_0_RESTRICTED_HS
2025-05-24 17:51:19,141 [WARN] ModelIntegratedComponent:188 - Modes not found for component STMicroelectronics:USB_DEVICE:1.0.0:STMicroelectronics:USB::USB Device:HID HS::1.0:USB_DEVICE_1_0_RESTRICTED_HS
2025-05-24 17:51:19,141 [WARN] ModelIntegratedComponent:182 - Modes not found for component STMicroelectronics:USB_DEVICE:1.0.0:STMicroelectronics:USB::USB Device:Custom HID HS::1.0:USB_DEVICE_1_0_RESTRICTED_HS
2025-05-24 17:51:19,141 [WARN] ModelIntegratedComponent:188 - Modes not found for component STMicroelectronics:USB_DEVICE:1.0.0:STMicroelectronics:USB::USB Device:Custom HID HS::1.0:USB_DEVICE_1_0_RESTRICTED_HS
2025-05-24 17:51:19,141 [WARN] ModelIntegratedComponent:182 - Modes not found for component STMicroelectronics:USB_DEVICE:1.0.0:STMicroelectronics:USB::USB Device:MSC HS::1.0:USB_DEVICE_1_0_RESTRICTED_HS
2025-05-24 17:51:19,141 [WARN] ModelIntegratedComponent:188 - Modes not found for component STMicroelectronics:USB_DEVICE:1.0.0:STMicroelectronics:USB::USB Device:MSC HS::1.0:USB_DEVICE_1_0_RESTRICTED_HS
2025-05-24 17:51:19,158 [INFO] ThirdPartyModel:298 - Start build external matchings
2025-05-24 17:51:19,570 [INFO] ThirdPartyModel:316 - End build external matchings
2025-05-24 17:51:19,593 [INFO] RtosManager:922 - Current active RTOS is FREERTOS [Cortex-M4NS]
2025-05-24 17:51:19,613 [INFO] ImportTextPane:218 - (OptionalMessage_ERROR) IP (DMA) : Parameter (Instance) has Id (USART1_RX) currently not set
2025-05-24 17:51:19,614 [INFO] ImportTextPane:218 - (OptionalMessage_ERROR) IP (DMA) : Parameter (Channel) has Id (USART1_RX) currently not set
2025-05-24 17:51:19,614 [INFO] ImportTextPane:218 - (OptionalMessage_ERROR) IP (DMA) : Parameter (Direction) has Id (USART1_RX) currently not set
2025-05-24 17:51:19,614 [INFO] ImportTextPane:218 - (OptionalMessage_ERROR) IP (DMA) : Parameter (PeriphInc) has Id (USART1_RX) currently not set
2025-05-24 17:51:19,614 [INFO] ImportTextPane:218 - (OptionalMessage_ERROR) IP (DMA) : Parameter (MemInc) has Id (USART1_RX) currently not set
2025-05-24 17:51:19,614 [INFO] ImportTextPane:218 - (OptionalMessage_ERROR) IP (DMA) : Parameter (PeriphDataAlignment) has Id (USART1_RX) currently not set
2025-05-24 17:51:19,614 [INFO] ImportTextPane:218 - (OptionalMessage_ERROR) IP (DMA) : Parameter (MemDataAlignment) has Id (USART1_RX) currently not set
2025-05-24 17:51:19,614 [INFO] ImportTextPane:218 - (OptionalMessage_ERROR) IP (DMA) : Parameter (Mode) has Id (USART1_RX) currently not set
2025-05-24 17:51:19,614 [INFO] ImportTextPane:218 - (OptionalMessage_ERROR) IP (DMA) : Parameter (Priority) has Id (USART1_RX) currently not set
2025-05-24 17:51:19,614 [INFO] ImportTextPane:218 - (OptionalMessage_ERROR) IP (DMA) : Parameter (FIFOMode) has Id (USART1_RX) currently not set
2025-05-24 17:51:19,626 [INFO] ImportTextPane:218 - (OptionalMessage_ERROR) IP (RCC) : Parameter (48MHZClocksFreq_Value) has invalid value (50000000)
2025-05-24 17:51:19,628 [INFO] ImportTextPane:218 - (OptionalMessage_ERROR) IP (RCC) : Parameter (RTCHSEDivFreq_Value) has invalid value (12500000)
2025-05-24 17:51:19,807 [INFO] UtilMem:75 - End LoadConfig() Used Memory: 862230520 Bytes (1073741824)
2025-05-24 17:51:19,956 [WARN] ThirdParty:833 - waiting for thirdparty lock release [change project]
2025-05-24 17:51:19,965 [INFO] ThirdParty:835 - entering critical section [change project]
2025-05-24 17:51:19,965 [INFO] ThirdParty:1030 - CMSIS Pack Vendor :STMicroelectronics USBPD 4.1
2025-05-24 17:51:19,965 [INFO] ThirdParty:1030 - CMSIS Pack Vendor :STMicroelectronics X-CUBE-AZRTOS-H7 3.3.0
2025-05-24 17:51:19,965 [INFO] ThirdParty:1030 - CMSIS Pack Vendor :STMicroelectronics X-CUBE-NFC9 1.0.0
2025-05-24 17:51:19,965 [INFO] ThirdParty:1030 - CMSIS Pack Vendor :STMicroelectronics USB_HOST 2.0.0
2025-05-24 17:51:19,965 [INFO] ThirdParty:1030 - CMSIS Pack Vendor :STMicroelectronics FP-SNS-MOTENVWB1 1.4.0
2025-05-24 17:51:19,965 [INFO] ThirdParty:1030 - CMSIS Pack Vendor :STMicroelectronics X-CUBE-AZRTOS-F4 1.1.0
2025-05-24 17:51:19,965 [INFO] ThirdParty:1030 - CMSIS Pack Vendor :STMicroelectronics LIBJPEG 8.0.0
2025-05-24 17:51:19,965 [INFO] ThirdParty:1030 - CMSIS Pack Vendor :STMicroelectronics FP-ATR-ASTRA1 2.0.2
2025-05-24 17:51:19,965 [INFO] ThirdParty:1030 - CMSIS Pack Vendor :STMicroelectronics FP-ATR-ASTRA1 2.0.1
2025-05-24 17:51:19,966 [INFO] ThirdParty:1030 - CMSIS Pack Vendor :STMicroelectronics X-CUBE-BLE1 7.1.0
2025-05-24 17:51:19,966 [INFO] ThirdParty:1030 - CMSIS Pack Vendor :Avnet-IotConnect X-CUBE-IoTC-DA16k-PMOD 1.0.0
2025-05-24 17:51:19,966 [INFO] ThirdParty:1030 - CMSIS Pack Vendor :STMicroelectronics X-CUBE-SMBUS 2.1.0
2025-05-24 17:51:19,966 [INFO] ThirdParty:1030 - CMSIS Pack Vendor :STMicroelectronics X-CUBE-WB05N 1.1.0
2025-05-24 17:51:19,966 [INFO] ThirdParty:1030 - CMSIS Pack Vendor :STMicroelectronics USB_DEVICE 3.0.0
2025-05-24 17:51:19,966 [INFO] ThirdParty:1030 - CMSIS Pack Vendor :STMicroelectronics X-CUBE-ISPU 2.1.0
2025-05-24 17:51:19,966 [INFO] ThirdParty:1030 - CMSIS Pack Vendor :STMicroelectronics X-CUBE-AZRTOS-WB 2.0.0
2025-05-24 17:51:19,966 [INFO] ThirdParty:1030 - CMSIS Pack Vendor :STMicroelectronics X-CUBE-GNSS1 7.0.1
2025-05-24 17:51:19,966 [INFO] ThirdParty:1030 - CMSIS Pack Vendor :STMicroelectronics X-CUBE-AZRTOS-F7 1.1.0
2025-05-24 17:51:19,966 [INFO] ThirdParty:1030 - CMSIS Pack Vendor :STMicroelectronics X-CUBE-AZRTOS-L5 2.0.0
2025-05-24 17:51:19,966 [INFO] ThirdParty:1030 - CMSIS Pack Vendor :STMicroelectronics X-CUBE-TOUCHGFX 4.25.0
2025-05-24 17:51:19,966 [INFO] ThirdParty:1030 - CMSIS Pack Vendor :STMicroelectronics USB_DEVICE 2.0.0
2025-05-24 17:51:19,966 [INFO] ThirdParty:1030 - CMSIS Pack Vendor :STMicroelectronics X-CUBE-NFC6 3.1.0
2025-05-24 17:51:19,966 [INFO] ThirdParty:1030 - CMSIS Pack Vendor :STMicroelectronics FP-SNS-STBOX1 2.0.0
2025-05-24 17:51:19,966 [INFO] ThirdParty:1030 - CMSIS Pack Vendor :STMicroelectronics X-CUBE-MEMS1 11.2.0
2025-05-24 17:51:19,966 [INFO] ThirdParty:1030 - CMSIS Pack Vendor :STMicroelectronics FreeRTOS 0.0.1
2025-05-24 17:51:19,966 [INFO] ThirdParty:1030 - CMSIS Pack Vendor :STMicroelectronics X-CUBE-AZRTOS-G0 1.1.0
2025-05-24 17:51:19,966 [INFO] ThirdParty:1030 - CMSIS Pack Vendor :STMicroelectronics X-CUBE-SAFEA1 1.2.2
2025-05-24 17:51:19,966 [INFO] ThirdParty:1030 - CMSIS Pack Vendor :STMicroelectronics X-CUBE-NFC4 3.0.0
2025-05-24 17:51:19,966 [INFO] ThirdParty:1030 - CMSIS Pack Vendor :STMicroelectronics X-CUBE-DPower 1.2.0
2025-05-24 17:51:19,966 [INFO] ThirdParty:1030 - CMSIS Pack Vendor :STMicroelectronics X-CUBE-SUBG2 5.0.0
2025-05-24 17:51:19,966 [INFO] ThirdParty:1030 - CMSIS Pack Vendor :STMicroelectronics X-CUBE-AZRTOS-H7RS 1.1.0
2025-05-24 17:51:19,966 [INFO] ThirdParty:1030 - CMSIS Pack Vendor :STMicroelectronics STM32_WPAN 1.0.0
2025-05-24 17:51:19,966 [INFO] ThirdParty:1030 - CMSIS Pack Vendor :EmbeddedOffice I-CUBE-FS-RTOS 1.0.1
2025-05-24 17:51:19,966 [INFO] ThirdParty:1030 - CMSIS Pack Vendor :STMicroelectronics lwIP 2.0.3
2025-05-24 17:51:19,966 [INFO] ThirdParty:1030 - CMSIS Pack Vendor :STMicroelectronics FP-SNS-FLIGHT1 5.0.2
2025-05-24 17:51:19,966 [INFO] ThirdParty:1030 - CMSIS Pack Vendor :Cesanta I-CUBE-Mongoose 7.13.0
2025-05-24 17:51:19,966 [INFO] ThirdParty:1030 - CMSIS Pack Vendor :STMicroelectronics USB_HOST 1.0.0
2025-05-24 17:51:19,966 [INFO] ThirdParty:1030 - CMSIS Pack Vendor :Infineon AIROC-Wi-Fi-Bluetooth-STM32 1.7.0
2025-05-24 17:51:19,966 [INFO] ThirdParty:1030 - CMSIS Pack Vendor :STMicroelectronics X-CUBE-AZRTOS-G4 2.0.0
2025-05-24 17:51:19,966 [INFO] ThirdParty:1030 - CMSIS Pack Vendor :STMicroelectronics X-CUBE-WB05N 2.0.0
2025-05-24 17:51:19,966 [INFO] ThirdParty:1030 - CMSIS Pack Vendor :STMicroelectronics PDM2PCM 3.1.0
2025-05-24 17:51:19,966 [INFO] ThirdParty:1030 - CMSIS Pack Vendor :STMicroelectronics PDM2PCM 3.3.0
2025-05-24 17:51:19,966 [INFO] ThirdParty:1030 - CMSIS Pack Vendor :STMicroelectronics X-CUBE-DISPLAY 3.0.0
2025-05-24 17:51:19,966 [INFO] ThirdParty:1030 - CMSIS Pack Vendor :STMicroelectronics X-CUBE-NFC7 2.0.0
2025-05-24 17:51:19,966 [INFO] ThirdParty:1030 - CMSIS Pack Vendor :STMicroelectronics X-CUBE-TCPP 4.2.0
2025-05-24 17:51:19,966 [INFO] ThirdParty:1030 - CMSIS Pack Vendor :RealThread X-CUBE-RT-Thread_Nano 4.1.1
2025-05-24 17:51:19,966 [INFO] ThirdParty:1030 - CMSIS Pack Vendor :STMicroelectronics X-CUBE-BLE1 7.0.0
2025-05-24 17:51:19,966 [INFO] ThirdParty:1030 - CMSIS Pack Vendor :STMicroelectronics FP-ATR-SIGFOX1 3.2.0
2025-05-24 17:51:19,966 [INFO] ThirdParty:1030 - CMSIS Pack Vendor :STMicroelectronics X-CUBE-NFC10 1.0.0
2025-05-24 17:51:19,966 [INFO] ThirdParty:1030 - CMSIS Pack Vendor :quantropi X-CUBE-qispace-sdk-base 1.9.3
2025-05-24 17:51:19,966 [INFO] ThirdParty:1030 - CMSIS Pack Vendor :STMicroelectronics X-CUBE-BLEMGR 4.0.0
2025-05-24 17:51:19,966 [INFO] ThirdParty:1030 - CMSIS Pack Vendor :STMicroelectronics X-CUBE-EEPRMA1 5.1.0
2025-05-24 17:51:19,966 [INFO] ThirdParty:1030 - CMSIS Pack Vendor :STMicroelectronics X-CUBE-FREERTOS 1.3.1
2025-05-24 17:51:19,966 [INFO] ThirdParty:1030 - CMSIS Pack Vendor :STMicroelectronics HAL Drivers 0.0.0
2025-05-24 17:51:19,966 [INFO] ThirdParty:1030 - CMSIS Pack Vendor :STMicroelectronics MBEDTLS 2.16.2
2025-05-24 17:51:19,966 [INFO] ThirdParty:1030 - CMSIS Pack Vendor :STMicroelectronics X-CUBE-IPS 3.1.0
2025-05-24 17:51:19,966 [INFO] ThirdParty:1030 - CMSIS Pack Vendor :STMicroelectronics X-CUBE-ALS 1.0.2
2025-05-24 17:51:19,966 [INFO] ThirdParty:1030 - CMSIS Pack Vendor :emotas I-CUBE-CANOPEN 1.3.0
2025-05-24 17:51:19,966 [INFO] ThirdParty:1030 - CMSIS Pack Vendor :STMicroelectronics X-CUBE-FREERTOS 1.3.0
2025-05-24 17:51:19,966 [INFO] ThirdParty:1030 - CMSIS Pack Vendor :wolfSSL I-CUBE-wolfSSL 5.7.4
2025-05-24 17:51:19,966 [INFO] ThirdParty:1030 - CMSIS Pack Vendor :STMicroelectronics X-CUBE-NFC7 1.0.1
2025-05-24 17:51:19,966 [INFO] ThirdParty:1030 - CMSIS Pack Vendor :STMicroelectronics MBEDTLS 2.14.1
2025-05-24 17:51:19,966 [INFO] ThirdParty:1030 - CMSIS Pack Vendor :ITTIA_DB I-CUBE-ITTIADB 8.9.0
2025-05-24 17:51:19,966 [INFO] ThirdParty:1030 - CMSIS Pack Vendor :STMicroelectronics X-CUBE-TOUCHGFX 4.24.2
2025-05-24 17:51:19,966 [INFO] ThirdParty:1030 - CMSIS Pack Vendor :wolfSSL I-CUBE-wolfTPM 3.4.0
2025-05-24 17:51:19,967 [INFO] ThirdParty:1030 - CMSIS Pack Vendor :portGmbH I-Cube-SoM-uGOAL 1.1.0
2025-05-24 17:51:19,967 [INFO] ThirdParty:1030 - CMSIS Pack Vendor :STMicroelectronics X-CUBE-AI 10.0.0
2025-05-24 17:51:19,967 [INFO] ThirdParty:1030 - CMSIS Pack Vendor :STMicroelectronics ThreadX 1.0.0
2025-05-24 17:51:19,967 [INFO] ThirdParty:1030 - CMSIS Pack Vendor :STMicroelectronics FP-SNS-SMARTAG2 1.2.0
2025-05-24 17:51:19,967 [INFO] ThirdParty:1030 - CMSIS Pack Vendor :STMicroelectronics FP-SNS-FLIGHT1 5.1.0
2025-05-24 17:51:19,967 [INFO] ThirdParty:1030 - CMSIS Pack Vendor :STMicroelectronics X-CUBE-MEMS1 11.1.0
2025-05-24 17:51:19,967 [INFO] ThirdParty:1030 - CMSIS Pack Vendor :STMicroelectronics X-CUBE-AZRTOS-WL 2.0.0
2025-05-24 17:51:19,967 [INFO] ThirdParty:1030 - CMSIS Pack Vendor :SEGGER I-CUBE-embOS 1.3.1
2025-05-24 17:51:19,967 [INFO] ThirdParty:1030 - CMSIS Pack Vendor :STMicroelectronics X-CUBE-ALGOBUILD 1.4.0
2025-05-24 17:51:19,967 [INFO] ThirdParty:1030 - CMSIS Pack Vendor :STMicroelectronics X-CUBE-DPower 1.3.0
2025-05-24 17:51:19,967 [INFO] ThirdParty:1030 - CMSIS Pack Vendor :STMicroelectronics FP-SNS-MOTENV1 5.0.0
2025-05-24 17:51:19,967 [INFO] ThirdParty:1030 - CMSIS Pack Vendor :STMicroelectronics USB_DEVICE 1.0.0
2025-05-24 17:51:19,967 [INFO] ThirdParty:1030 - CMSIS Pack Vendor :STMicroelectronics X-CUBE-AZRTOS-H7RS 1.0.0
2025-05-24 17:51:19,967 [INFO] ThirdParty:1030 - CMSIS Pack Vendor :wolfSSL I-CUBE-wolfMQTT 1.19.0
2025-05-24 17:51:19,967 [INFO] ThirdParty:1030 - CMSIS Pack Vendor :STMicroelectronics X-CUBE-AZRTOS-L4 2.0.0
2025-05-24 17:51:19,967 [INFO] ThirdParty:1030 - CMSIS Pack Vendor :STMicroelectronics ThreadX 0.0.2
2025-05-24 17:51:19,967 [INFO] ThirdParty:1030 - CMSIS Pack Vendor :WES I-CUBE-Cesium 1.3.0
2025-05-24 17:51:19,967 [INFO] ThirdParty:1030 - CMSIS Pack Vendor :STMicroelectronics lwIP 2.1.2
2025-05-24 17:51:19,967 [INFO] ThirdParty:1030 - CMSIS Pack Vendor :STMicroelectronics X-CUBE-SFXS2LP1 4.0.0
2025-05-24 17:51:19,967 [INFO] ThirdParty:1030 - CMSIS Pack Vendor :STMicroelectronics X-CUBE-BLE2 3.3.0
2025-05-24 17:51:19,967 [INFO] ThirdParty:1030 - CMSIS Pack Vendor :STMicroelectronics X-CUBE-TOF1 3.4.2
2025-05-24 17:51:19,967 [INFO] ThirdParty:1030 - CMSIS Pack Vendor :STMicroelectronics X-CUBE-TOF1 3.4.3
2025-05-24 17:51:19,967 [INFO] ThirdParty:1030 - CMSIS Pack Vendor :STMicroelectronics X-CUBE-AI 9.1.0
2025-05-24 17:51:19,967 [INFO] ThirdParty:1030 - CMSIS Pack Vendor :STMicroelectronics PDM2PCM 3.2.0
2025-05-24 17:51:19,967 [INFO] ThirdParty:1030 - CMSIS Pack Vendor :wolfSSL I-CUBE-wolfSSH 1.4.17
2025-05-24 17:51:19,968 [INFO] ThirdParty:841 - exiting critical section [change project]
2025-05-24 17:51:20,408 [INFO] PinOutPanel:1589 - setPackage(No Configuration,No Configuration)
2025-05-24 17:51:20,414 [INFO] PinOutPanel:1589 - setPackage(STM32F411CEUx,UFQFPN48)
2025-05-24 17:51:20,868 [INFO] UtilMem:75 - Before build in PCC Used Memory: 707100984 Bytes (1073741824)
2025-05-24 17:51:21,167 [INFO] UtilMem:75 - After build in PCC Used Memory: 750614840 Bytes (1073741824)
2025-05-24 17:51:21,261 [INFO] ApiDbMcu:508 - Load IP Config File for FREERTOS
2025-05-24 17:51:21,293 [INFO] IPUIPlugin:80 - create IPUIPlugin
2025-05-24 17:51:21,293 [INFO] IPUIPlugin:80 - create IPUIPlugin
2025-05-24 17:51:21,294 [INFO] IPUIPlugin:80 - create IPUIPlugin
2025-05-24 17:51:21,294 [INFO] IPUIPlugin:80 - create IPUIPlugin
2025-05-24 17:51:21,294 [INFO] IPUIPlugin:80 - create IPUIPlugin
2025-05-24 17:51:21,294 [INFO] IPUIPlugin:80 - create IPUIPlugin
2025-05-24 17:51:21,294 [INFO] IPUIPlugin:80 - create IPUIPlugin
2025-05-24 17:51:21,295 [INFO] IPUIPlugin:80 - create IPUIPlugin
2025-05-24 17:51:21,295 [INFO] IPUIPlugin:80 - create IPUIPlugin
2025-05-24 17:51:21,295 [INFO] IPUIPlugin:80 - create IPUIPlugin
2025-05-24 17:51:21,295 [INFO] IPUIPlugin:80 - create IPUIPlugin
2025-05-24 17:51:21,295 [INFO] IPUIPlugin:80 - create IPUIPlugin
2025-05-24 17:51:21,295 [INFO] IPUIPlugin:80 - create IPUIPlugin
2025-05-24 17:51:21,295 [INFO] IPUIPlugin:80 - create IPUIPlugin
2025-05-24 17:51:21,295 [INFO] IPUIPlugin:80 - create IPUIPlugin
2025-05-24 17:51:21,295 [INFO] IPUIPlugin:80 - create IPUIPlugin
2025-05-24 17:51:21,295 [INFO] IPUIPlugin:80 - create IPUIPlugin
2025-05-24 17:51:21,295 [INFO] IPUIPlugin:80 - create IPUIPlugin
2025-05-24 17:51:21,296 [INFO] IPUIPlugin:80 - create IPUIPlugin
2025-05-24 17:51:21,296 [INFO] IPUIPlugin:80 - create IPUIPlugin
2025-05-24 17:51:21,296 [INFO] IPUIPlugin:80 - create IPUIPlugin
2025-05-24 17:51:21,296 [INFO] IPUIPlugin:80 - create IPUIPlugin
2025-05-24 17:51:21,296 [INFO] IPUIPlugin:80 - create IPUIPlugin
2025-05-24 17:51:21,296 [INFO] IPUIPlugin:80 - create IPUIPlugin
2025-05-24 17:51:21,296 [INFO] IPUIPlugin:80 - create IPUIPlugin
2025-05-24 17:51:21,296 [INFO] IPUIPlugin:80 - create IPUIPlugin
2025-05-24 17:51:21,296 [INFO] IPUIPlugin:80 - create IPUIPlugin
2025-05-24 17:51:21,296 [INFO] IPUIPlugin:80 - create IPUIPlugin
2025-05-24 17:51:21,296 [INFO] IPUIPlugin:80 - create IPUIPlugin
2025-05-24 17:51:21,296 [INFO] IPUIPlugin:80 - create IPUIPlugin
2025-05-24 17:51:21,297 [INFO] IPUIPlugin:80 - create IPUIPlugin
2025-05-24 17:51:21,297 [INFO] IPUIPlugin:80 - create IPUIPlugin
2025-05-24 17:51:21,297 [INFO] IPUIPlugin:80 - create IPUIPlugin
2025-05-24 17:51:21,297 [INFO] IPUIPlugin:80 - create IPUIPlugin
2025-05-24 17:51:21,297 [INFO] IPUIPlugin:80 - create IPUIPlugin
2025-05-24 17:51:21,297 [INFO] IPUIPlugin:80 - create IPUIPlugin
2025-05-24 17:51:21,297 [INFO] IPUIPlugin:80 - create IPUIPlugin
2025-05-24 17:51:21,297 [INFO] IPUIPlugin:80 - create IPUIPlugin
2025-05-24 17:51:21,297 [INFO] IPUIPlugin:80 - create IPUIPlugin
2025-05-24 17:51:21,297 [INFO] IPUIPlugin:80 - create IPUIPlugin
2025-05-24 17:51:21,297 [INFO] IPUIPlugin:80 - create IPUIPlugin
2025-05-24 17:51:21,298 [INFO] IPUIPlugin:80 - create IPUIPlugin
2025-05-24 17:51:21,298 [INFO] IPUIPlugin:80 - create IPUIPlugin
2025-05-24 17:51:21,305 [INFO] ApiDbMcu:508 - Load IP Config File for PDM2PCM
2025-05-24 17:51:21,324 [WARN] FreeRTOS:1023 - Null or empty value: should not occur! (nothing added to the table)
2025-05-24 17:51:21,409 [INFO] CADModel:165 - CPN selected for project levelSTM32F411CEU6
2025-05-24 17:51:21,409 [INFO] CADModel:114 - Register for checkConnection events
2025-05-24 17:51:21,410 [INFO] RtosManager:697 - Active RTOS found at IOC load: FREERTOS [Cortex-M4NS]
2025-05-24 17:51:21,452 [INFO] OpenFileManager:363 - Restore cursor
2025-05-24 18:30:53,073 [INFO] MainUpdater:2872 - connection check result : 10
2025-05-24 18:30:53,075 [INFO] MainUpdater:2872 - connection check result : 10
2025-05-24 18:30:53,272 [INFO] MicroXplorer:468 - Change Database Path : 
2025-05-24 18:30:53,273 [INFO] MicroXplorer:498 - Change Database Version : DB.6.0.130
2025-05-24 18:30:53,323 [ERROR] ProjectManagerView:394 - 
java.lang.NullPointerException: Cannot invoke "javax.swing.JTextField.getText()" because the return value of "java.util.List.get(int)" is null
	at com.st.microxplorer.plugins.projectmanager.gui.ProjectChoiceTab$9.caretUpdate(ProjectChoiceTab.java:2616) ~[filemanager.jar:?]
	at javax.swing.text.JTextComponent.fireCaretUpdate(JTextComponent.java:408) ~[?:?]
	at javax.swing.text.JTextComponent$MutableCaretEvent.fire(JTextComponent.java:4484) ~[?:?]
	at javax.swing.text.JTextComponent$MutableCaretEvent.stateChanged(JTextComponent.java:4506) ~[?:?]
	at javax.swing.text.DefaultCaret.fireStateChanged(DefaultCaret.java:857) ~[?:?]
	at javax.swing.text.DefaultCaret.changeCaretPosition(DefaultCaret.java:1343) ~[?:?]
	at javax.swing.text.DefaultCaret.handleSetDot(DefaultCaret.java:1242) ~[?:?]
	at javax.swing.text.DefaultCaret.setDot(DefaultCaret.java:1223) ~[?:?]
	at javax.swing.text.DefaultCaret$Handler.insertUpdate(DefaultCaret.java:1819) ~[?:?]
	at javax.swing.text.AbstractDocument.fireInsertUpdate(AbstractDocument.java:227) ~[?:?]
	at javax.swing.text.AbstractDocument.handleInsertString(AbstractDocument.java:781) ~[?:?]
	at javax.swing.text.AbstractDocument.insertString(AbstractDocument.java:740) ~[?:?]
	at javax.swing.text.PlainDocument.insertString(PlainDocument.java:131) ~[?:?]
	at javax.swing.text.AbstractDocument.replace(AbstractDocument.java:699) ~[?:?]
	at javax.swing.text.JTextComponent.setText(JTextComponent.java:1725) ~[?:?]
	at com.st.microxplorer.plugins.projectmanager.gui.ProjectChoiceTab.createHeapStackFields(ProjectChoiceTab.java:975) ~[filemanager.jar:?]
	at com.st.microxplorer.plugins.projectmanager.gui.ProjectChoiceTab.buildLinkSettingsPanel(ProjectChoiceTab.java:3666) ~[filemanager.jar:?]
	at com.st.microxplorer.plugins.projectmanager.gui.ProjectChoiceTab.defineWindowsFields(ProjectChoiceTab.java:1934) ~[filemanager.jar:?]
	at com.st.microxplorer.plugins.projectmanager.gui.ProjectChoiceTab.updateSettings(ProjectChoiceTab.java:553) ~[filemanager.jar:?]
	at com.st.microxplorer.plugins.projectmanager.gui.ProjectSettingsPanel.UpdateDialog(ProjectSettingsPanel.java:245) ~[filemanager.jar:?]
	at com.st.microxplorer.plugins.projectmanager.ProjectManagerView.propertyChange(ProjectManagerView.java:391) ~[filemanager.jar:?]
	at java.beans.PropertyChangeSupport.fire(PropertyChangeSupport.java:343) ~[?:?]
	at java.beans.PropertyChangeSupport.firePropertyChange(PropertyChangeSupport.java:335) ~[?:?]
	at java.beans.PropertyChangeSupport.firePropertyChange(PropertyChangeSupport.java:268) ~[?:?]
	at com.st.microxplorer.util.MXPropertyChangeSupport.firePropertyChange(MXPropertyChangeSupport.java:54) ~[STM32CubeMX.jar:?]
	at com.st.microxplorer.mxsystem.MxSystem.closeConfig(MxSystem.java:899) ~[STM32CubeMX.jar:?]
	at com.st.microxplorer.maingui.MainPanel.closeConfig(MainPanel.java:789) ~[STM32CubeMX.jar:?]
	at com.st.microxplorer.plugins.filemanager.engine.OpenFileManager.loadConfigurationFile(OpenFileManager.java:265) ~[filemanager.jar:?]
	at com.st.microxplorer.plugins.filemanager.engine.MainFileManager.userLoadConfig(MainFileManager.java:340) ~[filemanager.jar:?]
	at com.st.microxplorer.plugins.filemanager.engine.MainFileManager.userLoadConfig(MainFileManager.java:318) ~[filemanager.jar:?]
	at com.st.microxplorer.plugins.filemanager.FileManagerView.getSpecificTask(FileManagerView.java:246) ~[filemanager.jar:?]
	at com.st.stm32cube.common.mx.editor.CubeMxEditor.getMxTabbedPaneInstance(CubeMxEditor.java:1198) ~[com.st.stm32cube.common.mx_6.13.0.202411220809/:?]
	at com.st.stm32cube.common.mx.editor.CubeMxEditor$12$1.createSwingComponent(CubeMxEditor.java:1068) ~[com.st.stm32cube.common.mx_6.13.0.202411220809/:?]
	at com.st.stm32cube.common.mx.oss.core.awtswtbridge.EmbeddedSwingComposite.doComponentCreation(EmbeddedSwingComposite.java:492) ~[com.st.stm32cube.common.mx.oss_6.13.0.202411220809/:?]
	at com.st.stm32cube.common.mx.oss.core.awtswtbridge.EmbeddedSwingComposite$4.run(EmbeddedSwingComposite.java:291) ~[com.st.stm32cube.common.mx.oss_6.13.0.202411220809/:?]
	at com.st.stm32cube.common.mx.oss.core.awtswtbridge.AwtEnvironment$2.run(AwtEnvironment.java:166) ~[com.st.stm32cube.common.mx.oss_6.13.0.202411220809/:?]
	at java.awt.event.InvocationEvent.dispatch(InvocationEvent.java:318) ~[?:?]
	at java.awt.EventQueue.dispatchEventImpl(EventQueue.java:773) ~[?:?]
	at java.awt.EventQueue$4.run(EventQueue.java:720) ~[?:?]
	at java.awt.EventQueue$4.run(EventQueue.java:714) ~[?:?]
	at java.security.AccessController.doPrivileged(AccessController.java:400) ~[?:?]
	at java.security.ProtectionDomain$JavaSecurityAccessImpl.doIntersectionPrivilege(ProtectionDomain.java:87) ~[?:?]
	at java.awt.EventQueue.dispatchEvent(EventQueue.java:742) ~[?:?]
	at java.awt.EventDispatchThread.pumpOneEventForFilters(EventDispatchThread.java:203) ~[?:?]
	at java.awt.EventDispatchThread.pumpEventsForFilter(EventDispatchThread.java:124) ~[?:?]
	at java.awt.EventDispatchThread.pumpEventsForHierarchy(EventDispatchThread.java:113) ~[?:?]
	at java.awt.EventDispatchThread.pumpEvents(EventDispatchThread.java:109) ~[?:?]
	at java.awt.EventDispatchThread.pumpEvents(EventDispatchThread.java:101) ~[?:?]
	at java.awt.EventDispatchThread.run(EventDispatchThread.java:90) ~[?:?]
2025-05-24 18:30:53,326 [WARN] ThirdParty:871 - waiting for thirdparty lock release [close project]
2025-05-24 18:30:53,326 [INFO] ThirdParty:873 - entering critical section [close project]
2025-05-24 18:30:53,327 [INFO] ThirdParty:883 - exiting critical section [close project]
2025-05-24 18:30:53,332 [INFO] PinOutPanel:1589 - setPackage(No Configuration,No Configuration)
2025-05-24 18:30:53,358 [WARN] IpParametersView:154 - Warning: This peripheral hasn't parameters
2025-05-24 18:30:53,376 [WARN] MainPanel:289 - <html><b><center>Warning: This peripheral has no parameters to be configured<br></b></html>
2025-05-24 18:30:53,378 [ERROR] MainPanel:599 - java.lang.IndexOutOfBoundsException: Index: 0, Tab count: 0
2025-05-24 18:30:53,385 [INFO] UtilMem:75 - Begin LoadConfig() Used Memory: 979808672 Bytes (1073741824)
2025-05-24 18:30:53,387 [INFO] MicroXplorer:468 - Change Database Path : 
2025-05-24 18:30:53,387 [INFO] MicroXplorer:498 - Change Database Version : DB.6.0.130
2025-05-24 18:30:53,387 [INFO] OpenFileManager:332 - Change cursor
2025-05-24 18:30:53,461 [INFO] Mcu:2035 - Initializing MCU STM32F411C(C-E)Ux STM32F411CEUx STM32F411CEU6
2025-05-24 18:30:55,043 [INFO] Context:748 - Trying to add GPIOservice into a context  which must be forbidden
2025-05-24 18:30:56,515 [INFO] RtosManager:555 - Registered RTOS mode: class=CMSIS, group=RTOS, mode=CMSIS_V1, owner=FREERTOS
2025-05-24 18:30:56,521 [INFO] RtosManager:555 - Registered RTOS mode: class=CMSIS, group=RTOS2, mode=CMSIS_V2, owner=FREERTOS
2025-05-24 18:30:56,523 [INFO] RtosManager:555 - Registered RTOS mode: class=RTOS, group=Core, mode=CMSIS_V1, owner=FREERTOS
2025-05-24 18:30:56,523 [INFO] RtosManager:555 - Registered RTOS mode: class=RTOS, group=Core, mode=CMSIS_V2, owner=FREERTOS
2025-05-24 18:30:56,523 [WARN] ModelIntegratedComponent:184 - Missing modes for component STMicroelectronics:FreeRTOS:0.0.1:STMicroelectronics:RTOS:FreeRTOS:Core:::10.2.0:
2025-05-24 18:30:56,542 [WARN] ModelIntegratedComponent:182 - Modes not found for component STMicroelectronics:USB_HOST:1.0.0:STMicroelectronics:USB::USB Host:Audio HS::1.0:USB_HOST_1_0_RESTRICTED_HS
2025-05-24 18:30:56,543 [WARN] ModelIntegratedComponent:188 - Modes not found for component STMicroelectronics:USB_HOST:1.0.0:STMicroelectronics:USB::USB Host:Audio HS::1.0:USB_HOST_1_0_RESTRICTED_HS
2025-05-24 18:30:56,543 [WARN] ModelIntegratedComponent:182 - Modes not found for component STMicroelectronics:USB_HOST:1.0.0:STMicroelectronics:USB::USB Host:CDC HS::1.0:USB_HOST_1_0_RESTRICTED_HS
2025-05-24 18:30:56,543 [WARN] ModelIntegratedComponent:188 - Modes not found for component STMicroelectronics:USB_HOST:1.0.0:STMicroelectronics:USB::USB Host:CDC HS::1.0:USB_HOST_1_0_RESTRICTED_HS
2025-05-24 18:30:56,543 [WARN] ModelIntegratedComponent:182 - Modes not found for component STMicroelectronics:USB_HOST:1.0.0:STMicroelectronics:USB::USB Host:MSC HS::1.0:USB_HOST_1_0_RESTRICTED_HS
2025-05-24 18:30:56,543 [WARN] ModelIntegratedComponent:188 - Modes not found for component STMicroelectronics:USB_HOST:1.0.0:STMicroelectronics:USB::USB Host:MSC HS::1.0:USB_HOST_1_0_RESTRICTED_HS
2025-05-24 18:30:56,543 [WARN] ModelIntegratedComponent:182 - Modes not found for component STMicroelectronics:USB_HOST:1.0.0:STMicroelectronics:USB::USB Host:HID HS::1.0:USB_HOST_1_0_RESTRICTED_HS
2025-05-24 18:30:56,543 [WARN] ModelIntegratedComponent:188 - Modes not found for component STMicroelectronics:USB_HOST:1.0.0:STMicroelectronics:USB::USB Host:HID HS::1.0:USB_HOST_1_0_RESTRICTED_HS
2025-05-24 18:30:56,543 [WARN] ModelIntegratedComponent:182 - Modes not found for component STMicroelectronics:USB_HOST:1.0.0:STMicroelectronics:USB::USB Host:MTP HS::1.0:USB_HOST_1_0_RESTRICTED_HS
2025-05-24 18:30:56,544 [WARN] ModelIntegratedComponent:188 - Modes not found for component STMicroelectronics:USB_HOST:1.0.0:STMicroelectronics:USB::USB Host:MTP HS::1.0:USB_HOST_1_0_RESTRICTED_HS
2025-05-24 18:30:56,557 [WARN] ModelIntegratedComponent:63 - No mode defined for component null
2025-05-24 18:30:56,557 [WARN] ModelIntegratedComponent:63 - No mode defined for component null
2025-05-24 18:30:56,558 [WARN] ModelIntegratedComponent:63 - No mode defined for component null
2025-05-24 18:30:56,558 [WARN] ModelIntegratedComponent:63 - No mode defined for component null
2025-05-24 18:30:56,558 [WARN] ModelIntegratedComponent:63 - No mode defined for component null
2025-05-24 18:30:56,558 [WARN] ModelIntegratedComponent:63 - No mode defined for component null
2025-05-24 18:30:56,558 [WARN] ModelIntegratedComponent:63 - No mode defined for component null
2025-05-24 18:30:56,558 [WARN] ModelIntegratedComponent:63 - No mode defined for component null
2025-05-24 18:30:56,558 [WARN] ModelIntegratedComponent:63 - No mode defined for component null
2025-05-24 18:30:56,559 [WARN] ModelIntegratedComponent:63 - No mode defined for component null
2025-05-24 18:30:56,559 [WARN] ModelIntegratedComponent:63 - No mode defined for component null
2025-05-24 18:30:56,559 [WARN] ModelIntegratedComponent:63 - No mode defined for component null
2025-05-24 18:30:56,559 [WARN] ModelIntegratedComponent:63 - No mode defined for component null
2025-05-24 18:30:56,560 [WARN] ModelIntegratedComponent:63 - No mode defined for component null
2025-05-24 18:30:56,561 [WARN] ModelIntegratedComponent:63 - No mode defined for component null
2025-05-24 18:30:56,562 [WARN] ModelIntegratedComponent:63 - No mode defined for component null
2025-05-24 18:30:56,562 [WARN] ModelIntegratedComponent:63 - No mode defined for component null
2025-05-24 18:30:56,562 [WARN] ModelIntegratedComponent:63 - No mode defined for component null
2025-05-24 18:30:56,563 [WARN] ModelIntegratedComponent:63 - No mode defined for component null
2025-05-24 18:30:56,563 [WARN] ModelIntegratedComponent:63 - No mode defined for component null
2025-05-24 18:30:56,563 [WARN] ModelIntegratedComponent:63 - No mode defined for component null
2025-05-24 18:30:56,564 [WARN] ModelIntegratedComponent:63 - No mode defined for component null
2025-05-24 18:30:56,564 [WARN] ModelIntegratedComponent:63 - No mode defined for component null
2025-05-24 18:30:56,564 [WARN] ModelIntegratedComponent:63 - No mode defined for component null
2025-05-24 18:30:56,564 [WARN] ModelIntegratedComponent:63 - No mode defined for component null
2025-05-24 18:30:56,564 [WARN] ModelIntegratedComponent:63 - No mode defined for component null
2025-05-24 18:30:56,564 [WARN] ModelIntegratedComponent:63 - No mode defined for component null
2025-05-24 18:30:56,564 [WARN] ModelIntegratedComponent:63 - No mode defined for component null
2025-05-24 18:30:56,565 [WARN] ModelIntegratedComponent:63 - No mode defined for component null
2025-05-24 18:30:56,565 [WARN] ModelIntegratedComponent:63 - No mode defined for component null
2025-05-24 18:30:56,565 [WARN] ModelIntegratedComponent:63 - No mode defined for component null
2025-05-24 18:30:56,565 [WARN] ModelIntegratedComponent:63 - No mode defined for component null
2025-05-24 18:30:56,565 [WARN] ModelIntegratedComponent:63 - No mode defined for component null
2025-05-24 18:30:56,565 [WARN] ModelIntegratedComponent:63 - No mode defined for component null
2025-05-24 18:30:56,565 [WARN] ModelIntegratedComponent:63 - No mode defined for component null
2025-05-24 18:30:56,567 [WARN] ModelPack:524 - Component already loaded: STMicroelectronics:HAL Drivers:0.0.0:STMicroelectronics:Device:STMicro_Driver:XSPI:HAL::0.0.1:HAL_XSPI
2025-05-24 18:30:56,767 [WARN] ModelIntegratedComponent:182 - Modes not found for component STMicroelectronics:USB_DEVICE:1.0.0:STMicroelectronics:USB::USB Device:Audio HS::1.0:USB_DEVICE_1_0_RESTRICTED_HS
2025-05-24 18:30:56,768 [WARN] ModelIntegratedComponent:188 - Modes not found for component STMicroelectronics:USB_DEVICE:1.0.0:STMicroelectronics:USB::USB Device:Audio HS::1.0:USB_DEVICE_1_0_RESTRICTED_HS
2025-05-24 18:30:56,768 [WARN] ModelIntegratedComponent:182 - Modes not found for component STMicroelectronics:USB_DEVICE:1.0.0:STMicroelectronics:USB::USB Device:CDC HS::1.0:USB_DEVICE_1_0_RESTRICTED_HS
2025-05-24 18:30:56,768 [WARN] ModelIntegratedComponent:188 - Modes not found for component STMicroelectronics:USB_DEVICE:1.0.0:STMicroelectronics:USB::USB Device:CDC HS::1.0:USB_DEVICE_1_0_RESTRICTED_HS
2025-05-24 18:30:56,769 [WARN] ModelIntegratedComponent:182 - Modes not found for component STMicroelectronics:USB_DEVICE:1.0.0:STMicroelectronics:USB::USB Device:DFU HS::1.0:USB_DEVICE_1_0_RESTRICTED_HS
2025-05-24 18:30:56,769 [WARN] ModelIntegratedComponent:188 - Modes not found for component STMicroelectronics:USB_DEVICE:1.0.0:STMicroelectronics:USB::USB Device:DFU HS::1.0:USB_DEVICE_1_0_RESTRICTED_HS
2025-05-24 18:30:56,770 [WARN] ModelIntegratedComponent:182 - Modes not found for component STMicroelectronics:USB_DEVICE:1.0.0:STMicroelectronics:USB::USB Device:HID HS::1.0:USB_DEVICE_1_0_RESTRICTED_HS
2025-05-24 18:30:56,770 [WARN] ModelIntegratedComponent:188 - Modes not found for component STMicroelectronics:USB_DEVICE:1.0.0:STMicroelectronics:USB::USB Device:HID HS::1.0:USB_DEVICE_1_0_RESTRICTED_HS
2025-05-24 18:30:56,771 [WARN] ModelIntegratedComponent:182 - Modes not found for component STMicroelectronics:USB_DEVICE:1.0.0:STMicroelectronics:USB::USB Device:Custom HID HS::1.0:USB_DEVICE_1_0_RESTRICTED_HS
2025-05-24 18:30:56,771 [WARN] ModelIntegratedComponent:188 - Modes not found for component STMicroelectronics:USB_DEVICE:1.0.0:STMicroelectronics:USB::USB Device:Custom HID HS::1.0:USB_DEVICE_1_0_RESTRICTED_HS
2025-05-24 18:30:56,771 [WARN] ModelIntegratedComponent:182 - Modes not found for component STMicroelectronics:USB_DEVICE:1.0.0:STMicroelectronics:USB::USB Device:MSC HS::1.0:USB_DEVICE_1_0_RESTRICTED_HS
2025-05-24 18:30:56,771 [WARN] ModelIntegratedComponent:188 - Modes not found for component STMicroelectronics:USB_DEVICE:1.0.0:STMicroelectronics:USB::USB Device:MSC HS::1.0:USB_DEVICE_1_0_RESTRICTED_HS
2025-05-24 18:30:56,811 [INFO] ThirdPartyModel:298 - Start build external matchings
2025-05-24 18:30:57,642 [INFO] ThirdPartyModel:316 - End build external matchings
2025-05-24 18:30:57,672 [INFO] ImportTextPane:218 - (OptionalMessage_ERROR) IP (RCC) : Parameter (48MHZClocksFreq_Value) has invalid value (50000000)
2025-05-24 18:30:57,680 [INFO] ImportTextPane:218 - (OptionalMessage_ERROR) IP (RCC) : Parameter (RTCHSEDivFreq_Value) has invalid value (12500000)
2025-05-24 18:30:57,901 [INFO] UtilMem:75 - End LoadConfig() Used Memory: 964320792 Bytes (1073741824)
2025-05-24 18:30:57,966 [WARN] ThirdParty:833 - waiting for thirdparty lock release [change project]
2025-05-24 18:30:57,976 [INFO] ThirdParty:835 - entering critical section [change project]
2025-05-24 18:30:57,976 [INFO] ThirdParty:1030 - CMSIS Pack Vendor :STMicroelectronics USBPD 4.1
2025-05-24 18:30:57,976 [INFO] ThirdParty:1030 - CMSIS Pack Vendor :STMicroelectronics X-CUBE-AZRTOS-H7 3.3.0
2025-05-24 18:30:57,977 [INFO] ThirdParty:1030 - CMSIS Pack Vendor :STMicroelectronics X-CUBE-NFC9 1.0.0
2025-05-24 18:30:57,977 [INFO] ThirdParty:1030 - CMSIS Pack Vendor :STMicroelectronics USB_HOST 2.0.0
2025-05-24 18:30:57,978 [INFO] ThirdParty:1030 - CMSIS Pack Vendor :STMicroelectronics FP-SNS-MOTENVWB1 1.4.0
2025-05-24 18:30:57,978 [INFO] ThirdParty:1030 - CMSIS Pack Vendor :STMicroelectronics X-CUBE-AZRTOS-F4 1.1.0
2025-05-24 18:30:57,978 [INFO] ThirdParty:1030 - CMSIS Pack Vendor :STMicroelectronics LIBJPEG 8.0.0
2025-05-24 18:30:57,978 [INFO] ThirdParty:1030 - CMSIS Pack Vendor :STMicroelectronics FP-ATR-ASTRA1 2.0.2
2025-05-24 18:30:57,978 [INFO] ThirdParty:1030 - CMSIS Pack Vendor :STMicroelectronics FP-ATR-ASTRA1 2.0.1
2025-05-24 18:30:57,978 [INFO] ThirdParty:1030 - CMSIS Pack Vendor :STMicroelectronics X-CUBE-BLE1 7.1.0
2025-05-24 18:30:57,978 [INFO] ThirdParty:1030 - CMSIS Pack Vendor :Avnet-IotConnect X-CUBE-IoTC-DA16k-PMOD 1.0.0
2025-05-24 18:30:57,978 [INFO] ThirdParty:1030 - CMSIS Pack Vendor :STMicroelectronics X-CUBE-SMBUS 2.1.0
2025-05-24 18:30:57,978 [INFO] ThirdParty:1030 - CMSIS Pack Vendor :STMicroelectronics X-CUBE-WB05N 1.1.0
2025-05-24 18:30:57,978 [INFO] ThirdParty:1030 - CMSIS Pack Vendor :STMicroelectronics USB_DEVICE 3.0.0
2025-05-24 18:30:57,978 [INFO] ThirdParty:1030 - CMSIS Pack Vendor :STMicroelectronics X-CUBE-ISPU 2.1.0
2025-05-24 18:30:57,978 [INFO] ThirdParty:1030 - CMSIS Pack Vendor :STMicroelectronics X-CUBE-AZRTOS-WB 2.0.0
2025-05-24 18:30:57,978 [INFO] ThirdParty:1030 - CMSIS Pack Vendor :STMicroelectronics X-CUBE-GNSS1 7.0.1
2025-05-24 18:30:57,978 [INFO] ThirdParty:1030 - CMSIS Pack Vendor :STMicroelectronics X-CUBE-AZRTOS-F7 1.1.0
2025-05-24 18:30:57,978 [INFO] ThirdParty:1030 - CMSIS Pack Vendor :STMicroelectronics X-CUBE-AZRTOS-L5 2.0.0
2025-05-24 18:30:57,978 [INFO] ThirdParty:1030 - CMSIS Pack Vendor :STMicroelectronics X-CUBE-TOUCHGFX 4.25.0
2025-05-24 18:30:57,978 [INFO] ThirdParty:1030 - CMSIS Pack Vendor :STMicroelectronics USB_DEVICE 2.0.0
2025-05-24 18:30:57,978 [INFO] ThirdParty:1030 - CMSIS Pack Vendor :STMicroelectronics X-CUBE-NFC6 3.1.0
2025-05-24 18:30:57,978 [INFO] ThirdParty:1030 - CMSIS Pack Vendor :STMicroelectronics FP-SNS-STBOX1 2.0.0
2025-05-24 18:30:57,978 [INFO] ThirdParty:1030 - CMSIS Pack Vendor :STMicroelectronics X-CUBE-MEMS1 11.2.0
2025-05-24 18:30:57,979 [INFO] ThirdParty:1030 - CMSIS Pack Vendor :STMicroelectronics FreeRTOS 0.0.1
2025-05-24 18:30:57,979 [INFO] ThirdParty:1030 - CMSIS Pack Vendor :STMicroelectronics X-CUBE-AZRTOS-G0 1.1.0
2025-05-24 18:30:57,979 [INFO] ThirdParty:1030 - CMSIS Pack Vendor :STMicroelectronics X-CUBE-SAFEA1 1.2.2
2025-05-24 18:30:57,979 [INFO] ThirdParty:1030 - CMSIS Pack Vendor :STMicroelectronics X-CUBE-NFC4 3.0.0
2025-05-24 18:30:57,979 [INFO] ThirdParty:1030 - CMSIS Pack Vendor :STMicroelectronics X-CUBE-DPower 1.2.0
2025-05-24 18:30:57,979 [INFO] ThirdParty:1030 - CMSIS Pack Vendor :STMicroelectronics X-CUBE-SUBG2 5.0.0
2025-05-24 18:30:57,980 [INFO] ThirdParty:1030 - CMSIS Pack Vendor :STMicroelectronics X-CUBE-AZRTOS-H7RS 1.1.0
2025-05-24 18:30:57,980 [INFO] ThirdParty:1030 - CMSIS Pack Vendor :STMicroelectronics STM32_WPAN 1.0.0
2025-05-24 18:30:57,981 [INFO] ThirdParty:1030 - CMSIS Pack Vendor :EmbeddedOffice I-CUBE-FS-RTOS 1.0.1
2025-05-24 18:30:57,981 [INFO] ThirdParty:1030 - CMSIS Pack Vendor :STMicroelectronics lwIP 2.0.3
2025-05-24 18:30:57,981 [INFO] ThirdParty:1030 - CMSIS Pack Vendor :STMicroelectronics FP-SNS-FLIGHT1 5.0.2
2025-05-24 18:30:57,982 [INFO] ThirdParty:1030 - CMSIS Pack Vendor :Cesanta I-CUBE-Mongoose 7.13.0
2025-05-24 18:30:57,982 [INFO] ThirdParty:1030 - CMSIS Pack Vendor :STMicroelectronics USB_HOST 1.0.0
2025-05-24 18:30:57,982 [INFO] ThirdParty:1030 - CMSIS Pack Vendor :Infineon AIROC-Wi-Fi-Bluetooth-STM32 1.7.0
2025-05-24 18:30:57,983 [INFO] ThirdParty:1030 - CMSIS Pack Vendor :STMicroelectronics X-CUBE-AZRTOS-G4 2.0.0
2025-05-24 18:30:57,984 [INFO] ThirdParty:1030 - CMSIS Pack Vendor :STMicroelectronics X-CUBE-WB05N 2.0.0
2025-05-24 18:30:57,985 [INFO] ThirdParty:1030 - CMSIS Pack Vendor :STMicroelectronics PDM2PCM 3.1.0
2025-05-24 18:30:57,986 [INFO] ThirdParty:1030 - CMSIS Pack Vendor :STMicroelectronics PDM2PCM 3.3.0
2025-05-24 18:30:57,986 [INFO] ThirdParty:1030 - CMSIS Pack Vendor :STMicroelectronics X-CUBE-DISPLAY 3.0.0
2025-05-24 18:30:57,987 [INFO] ThirdParty:1030 - CMSIS Pack Vendor :STMicroelectronics X-CUBE-NFC7 2.0.0
2025-05-24 18:30:57,988 [INFO] ThirdParty:1030 - CMSIS Pack Vendor :STMicroelectronics X-CUBE-TCPP 4.2.0
2025-05-24 18:30:57,989 [INFO] ThirdParty:1030 - CMSIS Pack Vendor :RealThread X-CUBE-RT-Thread_Nano 4.1.1
2025-05-24 18:30:57,991 [INFO] ThirdParty:1030 - CMSIS Pack Vendor :STMicroelectronics X-CUBE-BLE1 7.0.0
2025-05-24 18:30:57,992 [INFO] ThirdParty:1030 - CMSIS Pack Vendor :STMicroelectronics FP-ATR-SIGFOX1 3.2.0
2025-05-24 18:30:57,992 [INFO] ThirdParty:1030 - CMSIS Pack Vendor :STMicroelectronics X-CUBE-NFC10 1.0.0
2025-05-24 18:30:57,993 [INFO] ThirdParty:1030 - CMSIS Pack Vendor :quantropi X-CUBE-qispace-sdk-base 1.9.3
2025-05-24 18:30:57,993 [INFO] ThirdParty:1030 - CMSIS Pack Vendor :STMicroelectronics X-CUBE-BLEMGR 4.0.0
2025-05-24 18:30:57,993 [INFO] ThirdParty:1030 - CMSIS Pack Vendor :STMicroelectronics X-CUBE-EEPRMA1 5.1.0
2025-05-24 18:30:57,993 [INFO] ThirdParty:1030 - CMSIS Pack Vendor :STMicroelectronics X-CUBE-FREERTOS 1.3.1
2025-05-24 18:30:57,993 [INFO] ThirdParty:1030 - CMSIS Pack Vendor :STMicroelectronics HAL Drivers 0.0.0
2025-05-24 18:30:57,993 [INFO] ThirdParty:1030 - CMSIS Pack Vendor :STMicroelectronics MBEDTLS 2.16.2
2025-05-24 18:30:57,993 [INFO] ThirdParty:1030 - CMSIS Pack Vendor :STMicroelectronics X-CUBE-IPS 3.1.0
2025-05-24 18:30:57,993 [INFO] ThirdParty:1030 - CMSIS Pack Vendor :STMicroelectronics X-CUBE-ALS 1.0.2
2025-05-24 18:30:57,993 [INFO] ThirdParty:1030 - CMSIS Pack Vendor :emotas I-CUBE-CANOPEN 1.3.0
2025-05-24 18:30:57,993 [INFO] ThirdParty:1030 - CMSIS Pack Vendor :STMicroelectronics X-CUBE-FREERTOS 1.3.0
2025-05-24 18:30:57,993 [INFO] ThirdParty:1030 - CMSIS Pack Vendor :wolfSSL I-CUBE-wolfSSL 5.7.4
2025-05-24 18:30:57,993 [INFO] ThirdParty:1030 - CMSIS Pack Vendor :STMicroelectronics X-CUBE-NFC7 1.0.1
2025-05-24 18:30:57,993 [INFO] ThirdParty:1030 - CMSIS Pack Vendor :STMicroelectronics MBEDTLS 2.14.1
2025-05-24 18:30:57,993 [INFO] ThirdParty:1030 - CMSIS Pack Vendor :ITTIA_DB I-CUBE-ITTIADB 8.9.0
2025-05-24 18:30:57,993 [INFO] ThirdParty:1030 - CMSIS Pack Vendor :STMicroelectronics X-CUBE-TOUCHGFX 4.24.2
2025-05-24 18:30:57,993 [INFO] ThirdParty:1030 - CMSIS Pack Vendor :wolfSSL I-CUBE-wolfTPM 3.4.0
2025-05-24 18:30:57,993 [INFO] ThirdParty:1030 - CMSIS Pack Vendor :portGmbH I-Cube-SoM-uGOAL 1.1.0
2025-05-24 18:30:57,993 [INFO] ThirdParty:1030 - CMSIS Pack Vendor :STMicroelectronics X-CUBE-AI 10.0.0
2025-05-24 18:30:57,993 [INFO] ThirdParty:1030 - CMSIS Pack Vendor :STMicroelectronics ThreadX 1.0.0
2025-05-24 18:30:57,993 [INFO] ThirdParty:1030 - CMSIS Pack Vendor :STMicroelectronics FP-SNS-SMARTAG2 1.2.0
2025-05-24 18:30:57,993 [INFO] ThirdParty:1030 - CMSIS Pack Vendor :STMicroelectronics FP-SNS-FLIGHT1 5.1.0
2025-05-24 18:30:57,993 [INFO] ThirdParty:1030 - CMSIS Pack Vendor :STMicroelectronics X-CUBE-MEMS1 11.1.0
2025-05-24 18:30:57,993 [INFO] ThirdParty:1030 - CMSIS Pack Vendor :STMicroelectronics X-CUBE-AZRTOS-WL 2.0.0
2025-05-24 18:30:57,993 [INFO] ThirdParty:1030 - CMSIS Pack Vendor :SEGGER I-CUBE-embOS 1.3.1
2025-05-24 18:30:57,993 [INFO] ThirdParty:1030 - CMSIS Pack Vendor :STMicroelectronics X-CUBE-ALGOBUILD 1.4.0
2025-05-24 18:30:57,993 [INFO] ThirdParty:1030 - CMSIS Pack Vendor :STMicroelectronics X-CUBE-DPower 1.3.0
2025-05-24 18:30:57,993 [INFO] ThirdParty:1030 - CMSIS Pack Vendor :STMicroelectronics FP-SNS-MOTENV1 5.0.0
2025-05-24 18:30:57,993 [INFO] ThirdParty:1030 - CMSIS Pack Vendor :STMicroelectronics USB_DEVICE 1.0.0
2025-05-24 18:30:57,993 [INFO] ThirdParty:1030 - CMSIS Pack Vendor :STMicroelectronics X-CUBE-AZRTOS-H7RS 1.0.0
2025-05-24 18:30:57,993 [INFO] ThirdParty:1030 - CMSIS Pack Vendor :wolfSSL I-CUBE-wolfMQTT 1.19.0
2025-05-24 18:30:57,993 [INFO] ThirdParty:1030 - CMSIS Pack Vendor :STMicroelectronics X-CUBE-AZRTOS-L4 2.0.0
2025-05-24 18:30:57,993 [INFO] ThirdParty:1030 - CMSIS Pack Vendor :STMicroelectronics ThreadX 0.0.2
2025-05-24 18:30:57,993 [INFO] ThirdParty:1030 - CMSIS Pack Vendor :WES I-CUBE-Cesium 1.3.0
2025-05-24 18:30:57,993 [INFO] ThirdParty:1030 - CMSIS Pack Vendor :STMicroelectronics lwIP 2.1.2
2025-05-24 18:30:57,993 [INFO] ThirdParty:1030 - CMSIS Pack Vendor :STMicroelectronics X-CUBE-SFXS2LP1 4.0.0
2025-05-24 18:30:57,993 [INFO] ThirdParty:1030 - CMSIS Pack Vendor :STMicroelectronics X-CUBE-BLE2 3.3.0
2025-05-24 18:30:57,993 [INFO] ThirdParty:1030 - CMSIS Pack Vendor :STMicroelectronics X-CUBE-TOF1 3.4.2
2025-05-24 18:30:57,993 [INFO] ThirdParty:1030 - CMSIS Pack Vendor :STMicroelectronics X-CUBE-TOF1 3.4.3
2025-05-24 18:30:57,994 [INFO] ThirdParty:1030 - CMSIS Pack Vendor :STMicroelectronics X-CUBE-AI 9.1.0
2025-05-24 18:30:57,994 [INFO] ThirdParty:1030 - CMSIS Pack Vendor :STMicroelectronics PDM2PCM 3.2.0
2025-05-24 18:30:57,994 [INFO] ThirdParty:1030 - CMSIS Pack Vendor :wolfSSL I-CUBE-wolfSSH 1.4.17
2025-05-24 18:30:57,995 [INFO] ThirdParty:841 - exiting critical section [change project]
2025-05-24 18:30:58,616 [INFO] PinOutPanel:1589 - setPackage(No Configuration,No Configuration)
2025-05-24 18:30:58,625 [INFO] PinOutPanel:1589 - setPackage(STM32F411CEUx,UFQFPN48)
2025-05-24 18:30:59,215 [INFO] UtilMem:75 - Before build in PCC Used Memory: 842241320 Bytes (1073741824)
2025-05-24 18:31:00,392 [INFO] UtilMem:75 - After build in PCC Used Memory: 885937024 Bytes (1073741824)
2025-05-24 18:31:00,424 [INFO] IPUIPlugin:80 - create IPUIPlugin
2025-05-24 18:31:00,425 [INFO] IPUIPlugin:80 - create IPUIPlugin
2025-05-24 18:31:00,425 [INFO] IPUIPlugin:80 - create IPUIPlugin
2025-05-24 18:31:00,425 [INFO] IPUIPlugin:80 - create IPUIPlugin
2025-05-24 18:31:00,426 [INFO] IPUIPlugin:80 - create IPUIPlugin
2025-05-24 18:31:00,426 [INFO] IPUIPlugin:80 - create IPUIPlugin
2025-05-24 18:31:00,426 [INFO] IPUIPlugin:80 - create IPUIPlugin
2025-05-24 18:31:00,426 [INFO] IPUIPlugin:80 - create IPUIPlugin
2025-05-24 18:31:00,428 [INFO] IPUIPlugin:80 - create IPUIPlugin
2025-05-24 18:31:00,428 [INFO] IPUIPlugin:80 - create IPUIPlugin
2025-05-24 18:31:00,428 [INFO] IPUIPlugin:80 - create IPUIPlugin
2025-05-24 18:31:00,429 [INFO] IPUIPlugin:80 - create IPUIPlugin
2025-05-24 18:31:00,429 [INFO] IPUIPlugin:80 - create IPUIPlugin
2025-05-24 18:31:00,429 [INFO] IPUIPlugin:80 - create IPUIPlugin
2025-05-24 18:31:00,429 [INFO] IPUIPlugin:80 - create IPUIPlugin
2025-05-24 18:31:00,429 [INFO] IPUIPlugin:80 - create IPUIPlugin
2025-05-24 18:31:00,429 [INFO] IPUIPlugin:80 - create IPUIPlugin
2025-05-24 18:31:00,429 [INFO] IPUIPlugin:80 - create IPUIPlugin
2025-05-24 18:31:00,429 [INFO] IPUIPlugin:80 - create IPUIPlugin
2025-05-24 18:31:00,429 [INFO] IPUIPlugin:80 - create IPUIPlugin
2025-05-24 18:31:00,430 [INFO] IPUIPlugin:80 - create IPUIPlugin
2025-05-24 18:31:00,430 [INFO] IPUIPlugin:80 - create IPUIPlugin
2025-05-24 18:31:00,431 [INFO] IPUIPlugin:80 - create IPUIPlugin
2025-05-24 18:31:00,431 [INFO] IPUIPlugin:80 - create IPUIPlugin
2025-05-24 18:31:00,431 [INFO] IPUIPlugin:80 - create IPUIPlugin
2025-05-24 18:31:00,431 [INFO] IPUIPlugin:80 - create IPUIPlugin
2025-05-24 18:31:00,431 [INFO] IPUIPlugin:80 - create IPUIPlugin
2025-05-24 18:31:00,431 [INFO] IPUIPlugin:80 - create IPUIPlugin
2025-05-24 18:31:00,431 [INFO] IPUIPlugin:80 - create IPUIPlugin
2025-05-24 18:31:00,431 [INFO] IPUIPlugin:80 - create IPUIPlugin
2025-05-24 18:31:00,431 [INFO] IPUIPlugin:80 - create IPUIPlugin
2025-05-24 18:31:00,431 [INFO] IPUIPlugin:80 - create IPUIPlugin
2025-05-24 18:31:00,432 [INFO] IPUIPlugin:80 - create IPUIPlugin
2025-05-24 18:31:00,432 [INFO] IPUIPlugin:80 - create IPUIPlugin
2025-05-24 18:31:00,432 [INFO] IPUIPlugin:80 - create IPUIPlugin
2025-05-24 18:31:00,432 [INFO] IPUIPlugin:80 - create IPUIPlugin
2025-05-24 18:31:00,432 [INFO] IPUIPlugin:80 - create IPUIPlugin
2025-05-24 18:31:00,432 [INFO] IPUIPlugin:80 - create IPUIPlugin
2025-05-24 18:31:00,432 [INFO] IPUIPlugin:80 - create IPUIPlugin
2025-05-24 18:31:00,432 [INFO] IPUIPlugin:80 - create IPUIPlugin
2025-05-24 18:31:00,433 [INFO] IPUIPlugin:80 - create IPUIPlugin
2025-05-24 18:31:00,433 [INFO] IPUIPlugin:80 - create IPUIPlugin
2025-05-24 18:31:00,433 [INFO] IPUIPlugin:80 - create IPUIPlugin
2025-05-24 18:31:00,442 [INFO] ApiDbMcu:508 - Load IP Config File for PDM2PCM
2025-05-24 18:31:00,457 [WARN] IP:2251 - I2C_Coeff_DF not found: check if there is a RefParameter without a condition.
2025-05-24 18:31:00,458 [WARN] IP:2251 - Analog_Filter not found: check if there is a RefParameter without a condition.
2025-05-24 18:31:00,590 [INFO] CADModel:165 - CPN selected for project levelSTM32F411CEU6
2025-05-24 18:31:00,590 [INFO] CADModel:114 - Register for checkConnection events
2025-05-24 18:31:00,641 [INFO] OpenFileManager:363 - Restore cursor
2025-05-24 18:31:00,902 [WARN] IP:2251 - I2C_Coeff_DF not found: check if there is a RefParameter without a condition.
2025-05-24 18:31:00,902 [WARN] IP:2251 - Analog_Filter not found: check if there is a RefParameter without a condition.
2025-05-24 18:31:00,903 [WARN] IP:2251 - I2C_Coeff_DF not found: check if there is a RefParameter without a condition.
2025-05-24 18:31:00,903 [WARN] IP:2251 - Analog_Filter not found: check if there is a RefParameter without a condition.
2025-05-24 18:31:53,173 [INFO] MainUpdater:2872 - connection check result : 10
2025-05-24 18:31:53,179 [INFO] MainUpdater:2872 - connection check result : 10
2025-05-24 18:31:53,357 [INFO] MicroXplorer:468 - Change Database Path : 
2025-05-24 18:31:53,358 [INFO] MicroXplorer:498 - Change Database Version : DB.6.0.130
2025-05-24 18:31:53,503 [ERROR] ProjectManagerView:394 - 
java.lang.NullPointerException: Cannot invoke "javax.swing.JTextField.getText()" because the return value of "java.util.List.get(int)" is null
	at com.st.microxplorer.plugins.projectmanager.gui.ProjectChoiceTab$9.caretUpdate(ProjectChoiceTab.java:2616) ~[filemanager.jar:?]
	at javax.swing.text.JTextComponent.fireCaretUpdate(JTextComponent.java:408) ~[?:?]
	at javax.swing.text.JTextComponent$MutableCaretEvent.fire(JTextComponent.java:4484) ~[?:?]
	at javax.swing.text.JTextComponent$MutableCaretEvent.stateChanged(JTextComponent.java:4506) ~[?:?]
	at javax.swing.text.DefaultCaret.fireStateChanged(DefaultCaret.java:857) ~[?:?]
	at javax.swing.text.DefaultCaret.changeCaretPosition(DefaultCaret.java:1343) ~[?:?]
	at javax.swing.text.DefaultCaret.handleSetDot(DefaultCaret.java:1242) ~[?:?]
	at javax.swing.text.DefaultCaret.setDot(DefaultCaret.java:1223) ~[?:?]
	at javax.swing.text.DefaultCaret$Handler.insertUpdate(DefaultCaret.java:1819) ~[?:?]
	at javax.swing.text.AbstractDocument.fireInsertUpdate(AbstractDocument.java:227) ~[?:?]
	at javax.swing.text.AbstractDocument.handleInsertString(AbstractDocument.java:781) ~[?:?]
	at javax.swing.text.AbstractDocument.insertString(AbstractDocument.java:740) ~[?:?]
	at javax.swing.text.PlainDocument.insertString(PlainDocument.java:131) ~[?:?]
	at javax.swing.text.AbstractDocument.replace(AbstractDocument.java:699) ~[?:?]
	at javax.swing.text.JTextComponent.setText(JTextComponent.java:1725) ~[?:?]
	at com.st.microxplorer.plugins.projectmanager.gui.ProjectChoiceTab.createHeapStackFields(ProjectChoiceTab.java:975) ~[filemanager.jar:?]
	at com.st.microxplorer.plugins.projectmanager.gui.ProjectChoiceTab.buildLinkSettingsPanel(ProjectChoiceTab.java:3666) ~[filemanager.jar:?]
	at com.st.microxplorer.plugins.projectmanager.gui.ProjectChoiceTab.defineWindowsFields(ProjectChoiceTab.java:1934) ~[filemanager.jar:?]
	at com.st.microxplorer.plugins.projectmanager.gui.ProjectChoiceTab.updateSettings(ProjectChoiceTab.java:553) ~[filemanager.jar:?]
	at com.st.microxplorer.plugins.projectmanager.gui.ProjectSettingsPanel.UpdateDialog(ProjectSettingsPanel.java:245) ~[filemanager.jar:?]
	at com.st.microxplorer.plugins.projectmanager.ProjectManagerView.propertyChange(ProjectManagerView.java:391) ~[filemanager.jar:?]
	at java.beans.PropertyChangeSupport.fire(PropertyChangeSupport.java:343) ~[?:?]
	at java.beans.PropertyChangeSupport.firePropertyChange(PropertyChangeSupport.java:335) ~[?:?]
	at java.beans.PropertyChangeSupport.firePropertyChange(PropertyChangeSupport.java:268) ~[?:?]
	at com.st.microxplorer.util.MXPropertyChangeSupport.firePropertyChange(MXPropertyChangeSupport.java:54) ~[STM32CubeMX.jar:?]
	at com.st.microxplorer.mxsystem.MxSystem.closeConfig(MxSystem.java:899) ~[STM32CubeMX.jar:?]
	at com.st.microxplorer.maingui.MainPanel.closeConfig(MainPanel.java:789) ~[STM32CubeMX.jar:?]
	at com.st.microxplorer.plugins.filemanager.engine.OpenFileManager.loadConfigurationFile(OpenFileManager.java:265) ~[filemanager.jar:?]
	at com.st.microxplorer.plugins.filemanager.engine.MainFileManager.userLoadConfig(MainFileManager.java:340) ~[filemanager.jar:?]
	at com.st.microxplorer.plugins.filemanager.engine.MainFileManager.userLoadConfig(MainFileManager.java:318) ~[filemanager.jar:?]
	at com.st.microxplorer.plugins.filemanager.FileManagerView.getSpecificTask(FileManagerView.java:246) ~[filemanager.jar:?]
	at com.st.stm32cube.common.mx.editor.CubeMxEditor.getMxTabbedPaneInstance(CubeMxEditor.java:1198) ~[com.st.stm32cube.common.mx_6.13.0.202411220809/:?]
	at com.st.stm32cube.common.mx.editor.CubeMxEditor$12$1.createSwingComponent(CubeMxEditor.java:1068) ~[com.st.stm32cube.common.mx_6.13.0.202411220809/:?]
	at com.st.stm32cube.common.mx.oss.core.awtswtbridge.EmbeddedSwingComposite.doComponentCreation(EmbeddedSwingComposite.java:492) ~[com.st.stm32cube.common.mx.oss_6.13.0.202411220809/:?]
	at com.st.stm32cube.common.mx.oss.core.awtswtbridge.EmbeddedSwingComposite$4.run(EmbeddedSwingComposite.java:291) ~[com.st.stm32cube.common.mx.oss_6.13.0.202411220809/:?]
	at com.st.stm32cube.common.mx.oss.core.awtswtbridge.AwtEnvironment$2.run(AwtEnvironment.java:166) ~[com.st.stm32cube.common.mx.oss_6.13.0.202411220809/:?]
	at java.awt.event.InvocationEvent.dispatch(InvocationEvent.java:318) ~[?:?]
	at java.awt.EventQueue.dispatchEventImpl(EventQueue.java:773) ~[?:?]
	at java.awt.EventQueue$4.run(EventQueue.java:720) ~[?:?]
	at java.awt.EventQueue$4.run(EventQueue.java:714) ~[?:?]
	at java.security.AccessController.doPrivileged(AccessController.java:400) ~[?:?]
	at java.security.ProtectionDomain$JavaSecurityAccessImpl.doIntersectionPrivilege(ProtectionDomain.java:87) ~[?:?]
	at java.awt.EventQueue.dispatchEvent(EventQueue.java:742) ~[?:?]
	at java.awt.EventDispatchThread.pumpOneEventForFilters(EventDispatchThread.java:203) ~[?:?]
	at java.awt.EventDispatchThread.pumpEventsForFilter(EventDispatchThread.java:124) ~[?:?]
	at java.awt.EventDispatchThread.pumpEventsForHierarchy(EventDispatchThread.java:113) ~[?:?]
	at java.awt.EventDispatchThread.pumpEvents(EventDispatchThread.java:109) ~[?:?]
	at java.awt.EventDispatchThread.pumpEvents(EventDispatchThread.java:101) ~[?:?]
	at java.awt.EventDispatchThread.run(EventDispatchThread.java:90) ~[?:?]
2025-05-24 18:31:53,533 [WARN] ThirdParty:871 - waiting for thirdparty lock release [close project]
2025-05-24 18:31:53,536 [INFO] ThirdParty:873 - entering critical section [close project]
2025-05-24 18:31:53,537 [INFO] ThirdParty:883 - exiting critical section [close project]
2025-05-24 18:31:53,545 [INFO] PinOutPanel:1589 - setPackage(No Configuration,No Configuration)
2025-05-24 18:31:53,602 [WARN] IpParametersView:154 - Warning: This peripheral hasn't parameters
2025-05-24 18:31:53,637 [WARN] MainPanel:289 - <html><b><center>Warning: This peripheral has no parameters to be configured<br></b></html>
2025-05-24 18:31:53,640 [ERROR] MainPanel:599 - java.lang.IndexOutOfBoundsException: Index: 0, Tab count: 0
2025-05-24 18:31:53,650 [INFO] UtilMem:75 - Begin LoadConfig() Used Memory: 917007000 Bytes (1073741824)
2025-05-24 18:31:53,652 [INFO] MicroXplorer:468 - Change Database Path : 
2025-05-24 18:31:53,652 [INFO] MicroXplorer:498 - Change Database Version : DB.6.0.130
2025-05-24 18:31:53,653 [INFO] OpenFileManager:332 - Change cursor
2025-05-24 18:31:53,681 [INFO] Mcu:2035 - Initializing MCU STM32F411C(C-E)Ux STM32F411CEUx STM32F411CEU6
2025-05-24 18:31:54,353 [INFO] Context:748 - Trying to add GPIOservice into a context  which must be forbidden
2025-05-24 18:31:54,731 [INFO] RtosManager:555 - Registered RTOS mode: class=CMSIS, group=RTOS, mode=CMSIS_V1, owner=FREERTOS
2025-05-24 18:31:54,732 [INFO] RtosManager:555 - Registered RTOS mode: class=CMSIS, group=RTOS2, mode=CMSIS_V2, owner=FREERTOS
2025-05-24 18:31:54,732 [INFO] RtosManager:555 - Registered RTOS mode: class=RTOS, group=Core, mode=CMSIS_V1, owner=FREERTOS
2025-05-24 18:31:54,732 [INFO] RtosManager:555 - Registered RTOS mode: class=RTOS, group=Core, mode=CMSIS_V2, owner=FREERTOS
2025-05-24 18:31:54,732 [WARN] ModelIntegratedComponent:184 - Missing modes for component STMicroelectronics:FreeRTOS:0.0.1:STMicroelectronics:RTOS:FreeRTOS:Core:::10.2.0:
2025-05-24 18:31:54,739 [WARN] ModelIntegratedComponent:182 - Modes not found for component STMicroelectronics:USB_HOST:1.0.0:STMicroelectronics:USB::USB Host:Audio HS::1.0:USB_HOST_1_0_RESTRICTED_HS
2025-05-24 18:31:54,739 [WARN] ModelIntegratedComponent:188 - Modes not found for component STMicroelectronics:USB_HOST:1.0.0:STMicroelectronics:USB::USB Host:Audio HS::1.0:USB_HOST_1_0_RESTRICTED_HS
2025-05-24 18:31:54,740 [WARN] ModelIntegratedComponent:182 - Modes not found for component STMicroelectronics:USB_HOST:1.0.0:STMicroelectronics:USB::USB Host:CDC HS::1.0:USB_HOST_1_0_RESTRICTED_HS
2025-05-24 18:31:54,740 [WARN] ModelIntegratedComponent:188 - Modes not found for component STMicroelectronics:USB_HOST:1.0.0:STMicroelectronics:USB::USB Host:CDC HS::1.0:USB_HOST_1_0_RESTRICTED_HS
2025-05-24 18:31:54,740 [WARN] ModelIntegratedComponent:182 - Modes not found for component STMicroelectronics:USB_HOST:1.0.0:STMicroelectronics:USB::USB Host:MSC HS::1.0:USB_HOST_1_0_RESTRICTED_HS
2025-05-24 18:31:54,740 [WARN] ModelIntegratedComponent:188 - Modes not found for component STMicroelectronics:USB_HOST:1.0.0:STMicroelectronics:USB::USB Host:MSC HS::1.0:USB_HOST_1_0_RESTRICTED_HS
2025-05-24 18:31:54,740 [WARN] ModelIntegratedComponent:182 - Modes not found for component STMicroelectronics:USB_HOST:1.0.0:STMicroelectronics:USB::USB Host:HID HS::1.0:USB_HOST_1_0_RESTRICTED_HS
2025-05-24 18:31:54,740 [WARN] ModelIntegratedComponent:188 - Modes not found for component STMicroelectronics:USB_HOST:1.0.0:STMicroelectronics:USB::USB Host:HID HS::1.0:USB_HOST_1_0_RESTRICTED_HS
2025-05-24 18:31:54,740 [WARN] ModelIntegratedComponent:182 - Modes not found for component STMicroelectronics:USB_HOST:1.0.0:STMicroelectronics:USB::USB Host:MTP HS::1.0:USB_HOST_1_0_RESTRICTED_HS
2025-05-24 18:31:54,741 [WARN] ModelIntegratedComponent:188 - Modes not found for component STMicroelectronics:USB_HOST:1.0.0:STMicroelectronics:USB::USB Host:MTP HS::1.0:USB_HOST_1_0_RESTRICTED_HS
2025-05-24 18:31:54,746 [WARN] ModelIntegratedComponent:63 - No mode defined for component null
2025-05-24 18:31:54,747 [WARN] ModelIntegratedComponent:63 - No mode defined for component null
2025-05-24 18:31:54,747 [WARN] ModelIntegratedComponent:63 - No mode defined for component null
2025-05-24 18:31:54,747 [WARN] ModelIntegratedComponent:63 - No mode defined for component null
2025-05-24 18:31:54,747 [WARN] ModelIntegratedComponent:63 - No mode defined for component null
2025-05-24 18:31:54,747 [WARN] ModelIntegratedComponent:63 - No mode defined for component null
2025-05-24 18:31:54,747 [WARN] ModelIntegratedComponent:63 - No mode defined for component null
2025-05-24 18:31:54,747 [WARN] ModelIntegratedComponent:63 - No mode defined for component null
2025-05-24 18:31:54,747 [WARN] ModelIntegratedComponent:63 - No mode defined for component null
2025-05-24 18:31:54,747 [WARN] ModelIntegratedComponent:63 - No mode defined for component null
2025-05-24 18:31:54,747 [WARN] ModelIntegratedComponent:63 - No mode defined for component null
2025-05-24 18:31:54,747 [WARN] ModelIntegratedComponent:63 - No mode defined for component null
2025-05-24 18:31:54,747 [WARN] ModelIntegratedComponent:63 - No mode defined for component null
2025-05-24 18:31:54,747 [WARN] ModelIntegratedComponent:63 - No mode defined for component null
2025-05-24 18:31:54,747 [WARN] ModelIntegratedComponent:63 - No mode defined for component null
2025-05-24 18:31:54,747 [WARN] ModelIntegratedComponent:63 - No mode defined for component null
2025-05-24 18:31:54,747 [WARN] ModelIntegratedComponent:63 - No mode defined for component null
2025-05-24 18:31:54,747 [WARN] ModelIntegratedComponent:63 - No mode defined for component null
2025-05-24 18:31:54,747 [WARN] ModelIntegratedComponent:63 - No mode defined for component null
2025-05-24 18:31:54,747 [WARN] ModelIntegratedComponent:63 - No mode defined for component null
2025-05-24 18:31:54,747 [WARN] ModelIntegratedComponent:63 - No mode defined for component null
2025-05-24 18:31:54,747 [WARN] ModelIntegratedComponent:63 - No mode defined for component null
2025-05-24 18:31:54,747 [WARN] ModelIntegratedComponent:63 - No mode defined for component null
2025-05-24 18:31:54,747 [WARN] ModelIntegratedComponent:63 - No mode defined for component null
2025-05-24 18:31:54,747 [WARN] ModelIntegratedComponent:63 - No mode defined for component null
2025-05-24 18:31:54,747 [WARN] ModelIntegratedComponent:63 - No mode defined for component null
2025-05-24 18:31:54,747 [WARN] ModelIntegratedComponent:63 - No mode defined for component null
2025-05-24 18:31:54,747 [WARN] ModelIntegratedComponent:63 - No mode defined for component null
2025-05-24 18:31:54,747 [WARN] ModelIntegratedComponent:63 - No mode defined for component null
2025-05-24 18:31:54,747 [WARN] ModelIntegratedComponent:63 - No mode defined for component null
2025-05-24 18:31:54,747 [WARN] ModelIntegratedComponent:63 - No mode defined for component null
2025-05-24 18:31:54,747 [WARN] ModelIntegratedComponent:63 - No mode defined for component null
2025-05-24 18:31:54,747 [WARN] ModelIntegratedComponent:63 - No mode defined for component null
2025-05-24 18:31:54,747 [WARN] ModelIntegratedComponent:63 - No mode defined for component null
2025-05-24 18:31:54,747 [WARN] ModelIntegratedComponent:63 - No mode defined for component null
2025-05-24 18:31:54,747 [WARN] ModelPack:524 - Component already loaded: STMicroelectronics:HAL Drivers:0.0.0:STMicroelectronics:Device:STMicro_Driver:XSPI:HAL::0.0.1:HAL_XSPI
2025-05-24 18:31:54,794 [WARN] ModelIntegratedComponent:182 - Modes not found for component STMicroelectronics:USB_DEVICE:1.0.0:STMicroelectronics:USB::USB Device:Audio HS::1.0:USB_DEVICE_1_0_RESTRICTED_HS
2025-05-24 18:31:54,794 [WARN] ModelIntegratedComponent:188 - Modes not found for component STMicroelectronics:USB_DEVICE:1.0.0:STMicroelectronics:USB::USB Device:Audio HS::1.0:USB_DEVICE_1_0_RESTRICTED_HS
2025-05-24 18:31:54,794 [WARN] ModelIntegratedComponent:182 - Modes not found for component STMicroelectronics:USB_DEVICE:1.0.0:STMicroelectronics:USB::USB Device:CDC HS::1.0:USB_DEVICE_1_0_RESTRICTED_HS
2025-05-24 18:31:54,794 [WARN] ModelIntegratedComponent:188 - Modes not found for component STMicroelectronics:USB_DEVICE:1.0.0:STMicroelectronics:USB::USB Device:CDC HS::1.0:USB_DEVICE_1_0_RESTRICTED_HS
2025-05-24 18:31:54,794 [WARN] ModelIntegratedComponent:182 - Modes not found for component STMicroelectronics:USB_DEVICE:1.0.0:STMicroelectronics:USB::USB Device:DFU HS::1.0:USB_DEVICE_1_0_RESTRICTED_HS
2025-05-24 18:31:54,794 [WARN] ModelIntegratedComponent:188 - Modes not found for component STMicroelectronics:USB_DEVICE:1.0.0:STMicroelectronics:USB::USB Device:DFU HS::1.0:USB_DEVICE_1_0_RESTRICTED_HS
2025-05-24 18:31:54,794 [WARN] ModelIntegratedComponent:182 - Modes not found for component STMicroelectronics:USB_DEVICE:1.0.0:STMicroelectronics:USB::USB Device:HID HS::1.0:USB_DEVICE_1_0_RESTRICTED_HS
2025-05-24 18:31:54,794 [WARN] ModelIntegratedComponent:188 - Modes not found for component STMicroelectronics:USB_DEVICE:1.0.0:STMicroelectronics:USB::USB Device:HID HS::1.0:USB_DEVICE_1_0_RESTRICTED_HS
2025-05-24 18:31:54,794 [WARN] ModelIntegratedComponent:182 - Modes not found for component STMicroelectronics:USB_DEVICE:1.0.0:STMicroelectronics:USB::USB Device:Custom HID HS::1.0:USB_DEVICE_1_0_RESTRICTED_HS
2025-05-24 18:31:54,794 [WARN] ModelIntegratedComponent:188 - Modes not found for component STMicroelectronics:USB_DEVICE:1.0.0:STMicroelectronics:USB::USB Device:Custom HID HS::1.0:USB_DEVICE_1_0_RESTRICTED_HS
2025-05-24 18:31:54,794 [WARN] ModelIntegratedComponent:182 - Modes not found for component STMicroelectronics:USB_DEVICE:1.0.0:STMicroelectronics:USB::USB Device:MSC HS::1.0:USB_DEVICE_1_0_RESTRICTED_HS
2025-05-24 18:31:54,794 [WARN] ModelIntegratedComponent:188 - Modes not found for component STMicroelectronics:USB_DEVICE:1.0.0:STMicroelectronics:USB::USB Device:MSC HS::1.0:USB_DEVICE_1_0_RESTRICTED_HS
2025-05-24 18:31:54,808 [INFO] ThirdPartyModel:298 - Start build external matchings
2025-05-24 18:31:55,239 [INFO] ThirdPartyModel:316 - End build external matchings
2025-05-24 18:31:55,251 [INFO] RtosManager:922 - Current active RTOS is FREERTOS [Cortex-M4NS]
2025-05-24 18:31:55,262 [INFO] ImportTextPane:218 - (OptionalMessage_ERROR) IP (DMA) : Parameter (Instance) has Id (USART1_RX) currently not set
2025-05-24 18:31:55,263 [INFO] ImportTextPane:218 - (OptionalMessage_ERROR) IP (DMA) : Parameter (Channel) has Id (USART1_RX) currently not set
2025-05-24 18:31:55,263 [INFO] ImportTextPane:218 - (OptionalMessage_ERROR) IP (DMA) : Parameter (Direction) has Id (USART1_RX) currently not set
2025-05-24 18:31:55,263 [INFO] ImportTextPane:218 - (OptionalMessage_ERROR) IP (DMA) : Parameter (PeriphInc) has Id (USART1_RX) currently not set
2025-05-24 18:31:55,263 [INFO] ImportTextPane:218 - (OptionalMessage_ERROR) IP (DMA) : Parameter (MemInc) has Id (USART1_RX) currently not set
2025-05-24 18:31:55,263 [INFO] ImportTextPane:218 - (OptionalMessage_ERROR) IP (DMA) : Parameter (PeriphDataAlignment) has Id (USART1_RX) currently not set
2025-05-24 18:31:55,264 [INFO] ImportTextPane:218 - (OptionalMessage_ERROR) IP (DMA) : Parameter (MemDataAlignment) has Id (USART1_RX) currently not set
2025-05-24 18:31:55,264 [INFO] ImportTextPane:218 - (OptionalMessage_ERROR) IP (DMA) : Parameter (Mode) has Id (USART1_RX) currently not set
2025-05-24 18:31:55,264 [INFO] ImportTextPane:218 - (OptionalMessage_ERROR) IP (DMA) : Parameter (Priority) has Id (USART1_RX) currently not set
2025-05-24 18:31:55,264 [INFO] ImportTextPane:218 - (OptionalMessage_ERROR) IP (DMA) : Parameter (FIFOMode) has Id (USART1_RX) currently not set
2025-05-24 18:31:55,274 [INFO] ImportTextPane:218 - (OptionalMessage_ERROR) IP (RCC) : Parameter (48MHZClocksFreq_Value) has invalid value (50000000)
2025-05-24 18:31:55,275 [INFO] ImportTextPane:218 - (OptionalMessage_ERROR) IP (RCC) : Parameter (RTCHSEDivFreq_Value) has invalid value (12500000)
2025-05-24 18:31:55,547 [INFO] UtilMem:75 - End LoadConfig() Used Memory: 717555944 Bytes (1073741824)
2025-05-24 18:31:55,629 [WARN] ThirdParty:833 - waiting for thirdparty lock release [change project]
2025-05-24 18:31:55,632 [INFO] ThirdParty:835 - entering critical section [change project]
2025-05-24 18:31:55,633 [INFO] ThirdParty:1030 - CMSIS Pack Vendor :STMicroelectronics USBPD 4.1
2025-05-24 18:31:55,634 [INFO] ThirdParty:1030 - CMSIS Pack Vendor :STMicroelectronics X-CUBE-AZRTOS-H7 3.3.0
2025-05-24 18:31:55,634 [INFO] ThirdParty:1030 - CMSIS Pack Vendor :STMicroelectronics X-CUBE-NFC9 1.0.0
2025-05-24 18:31:55,634 [INFO] ThirdParty:1030 - CMSIS Pack Vendor :STMicroelectronics USB_HOST 2.0.0
2025-05-24 18:31:55,634 [INFO] ThirdParty:1030 - CMSIS Pack Vendor :STMicroelectronics FP-SNS-MOTENVWB1 1.4.0
2025-05-24 18:31:55,634 [INFO] ThirdParty:1030 - CMSIS Pack Vendor :STMicroelectronics X-CUBE-AZRTOS-F4 1.1.0
2025-05-24 18:31:55,634 [INFO] ThirdParty:1030 - CMSIS Pack Vendor :STMicroelectronics LIBJPEG 8.0.0
2025-05-24 18:31:55,634 [INFO] ThirdParty:1030 - CMSIS Pack Vendor :STMicroelectronics FP-ATR-ASTRA1 2.0.2
2025-05-24 18:31:55,634 [INFO] ThirdParty:1030 - CMSIS Pack Vendor :STMicroelectronics FP-ATR-ASTRA1 2.0.1
2025-05-24 18:31:55,634 [INFO] ThirdParty:1030 - CMSIS Pack Vendor :STMicroelectronics X-CUBE-BLE1 7.1.0
2025-05-24 18:31:55,634 [INFO] ThirdParty:1030 - CMSIS Pack Vendor :Avnet-IotConnect X-CUBE-IoTC-DA16k-PMOD 1.0.0
2025-05-24 18:31:55,634 [INFO] ThirdParty:1030 - CMSIS Pack Vendor :STMicroelectronics X-CUBE-SMBUS 2.1.0
2025-05-24 18:31:55,634 [INFO] ThirdParty:1030 - CMSIS Pack Vendor :STMicroelectronics X-CUBE-WB05N 1.1.0
2025-05-24 18:31:55,634 [INFO] ThirdParty:1030 - CMSIS Pack Vendor :STMicroelectronics USB_DEVICE 3.0.0
2025-05-24 18:31:55,634 [INFO] ThirdParty:1030 - CMSIS Pack Vendor :STMicroelectronics X-CUBE-ISPU 2.1.0
2025-05-24 18:31:55,634 [INFO] ThirdParty:1030 - CMSIS Pack Vendor :STMicroelectronics X-CUBE-AZRTOS-WB 2.0.0
2025-05-24 18:31:55,634 [INFO] ThirdParty:1030 - CMSIS Pack Vendor :STMicroelectronics X-CUBE-GNSS1 7.0.1
2025-05-24 18:31:55,634 [INFO] ThirdParty:1030 - CMSIS Pack Vendor :STMicroelectronics X-CUBE-AZRTOS-F7 1.1.0
2025-05-24 18:31:55,634 [INFO] ThirdParty:1030 - CMSIS Pack Vendor :STMicroelectronics X-CUBE-AZRTOS-L5 2.0.0
2025-05-24 18:31:55,634 [INFO] ThirdParty:1030 - CMSIS Pack Vendor :STMicroelectronics X-CUBE-TOUCHGFX 4.25.0
2025-05-24 18:31:55,634 [INFO] ThirdParty:1030 - CMSIS Pack Vendor :STMicroelectronics USB_DEVICE 2.0.0
2025-05-24 18:31:55,634 [INFO] ThirdParty:1030 - CMSIS Pack Vendor :STMicroelectronics X-CUBE-NFC6 3.1.0
2025-05-24 18:31:55,634 [INFO] ThirdParty:1030 - CMSIS Pack Vendor :STMicroelectronics FP-SNS-STBOX1 2.0.0
2025-05-24 18:31:55,634 [INFO] ThirdParty:1030 - CMSIS Pack Vendor :STMicroelectronics X-CUBE-MEMS1 11.2.0
2025-05-24 18:31:55,634 [INFO] ThirdParty:1030 - CMSIS Pack Vendor :STMicroelectronics FreeRTOS 0.0.1
2025-05-24 18:31:55,634 [INFO] ThirdParty:1030 - CMSIS Pack Vendor :STMicroelectronics X-CUBE-AZRTOS-G0 1.1.0
2025-05-24 18:31:55,634 [INFO] ThirdParty:1030 - CMSIS Pack Vendor :STMicroelectronics X-CUBE-SAFEA1 1.2.2
2025-05-24 18:31:55,634 [INFO] ThirdParty:1030 - CMSIS Pack Vendor :STMicroelectronics X-CUBE-NFC4 3.0.0
2025-05-24 18:31:55,634 [INFO] ThirdParty:1030 - CMSIS Pack Vendor :STMicroelectronics X-CUBE-DPower 1.2.0
2025-05-24 18:31:55,634 [INFO] ThirdParty:1030 - CMSIS Pack Vendor :STMicroelectronics X-CUBE-SUBG2 5.0.0
2025-05-24 18:31:55,634 [INFO] ThirdParty:1030 - CMSIS Pack Vendor :STMicroelectronics X-CUBE-AZRTOS-H7RS 1.1.0
2025-05-24 18:31:55,634 [INFO] ThirdParty:1030 - CMSIS Pack Vendor :STMicroelectronics STM32_WPAN 1.0.0
2025-05-24 18:31:55,634 [INFO] ThirdParty:1030 - CMSIS Pack Vendor :EmbeddedOffice I-CUBE-FS-RTOS 1.0.1
2025-05-24 18:31:55,634 [INFO] ThirdParty:1030 - CMSIS Pack Vendor :STMicroelectronics lwIP 2.0.3
2025-05-24 18:31:55,634 [INFO] ThirdParty:1030 - CMSIS Pack Vendor :STMicroelectronics FP-SNS-FLIGHT1 5.0.2
2025-05-24 18:31:55,634 [INFO] ThirdParty:1030 - CMSIS Pack Vendor :Cesanta I-CUBE-Mongoose 7.13.0
2025-05-24 18:31:55,634 [INFO] ThirdParty:1030 - CMSIS Pack Vendor :STMicroelectronics USB_HOST 1.0.0
2025-05-24 18:31:55,634 [INFO] ThirdParty:1030 - CMSIS Pack Vendor :Infineon AIROC-Wi-Fi-Bluetooth-STM32 1.7.0
2025-05-24 18:31:55,634 [INFO] ThirdParty:1030 - CMSIS Pack Vendor :STMicroelectronics X-CUBE-AZRTOS-G4 2.0.0
2025-05-24 18:31:55,634 [INFO] ThirdParty:1030 - CMSIS Pack Vendor :STMicroelectronics X-CUBE-WB05N 2.0.0
2025-05-24 18:31:55,634 [INFO] ThirdParty:1030 - CMSIS Pack Vendor :STMicroelectronics PDM2PCM 3.1.0
2025-05-24 18:31:55,634 [INFO] ThirdParty:1030 - CMSIS Pack Vendor :STMicroelectronics PDM2PCM 3.3.0
2025-05-24 18:31:55,634 [INFO] ThirdParty:1030 - CMSIS Pack Vendor :STMicroelectronics X-CUBE-DISPLAY 3.0.0
2025-05-24 18:31:55,634 [INFO] ThirdParty:1030 - CMSIS Pack Vendor :STMicroelectronics X-CUBE-NFC7 2.0.0
2025-05-24 18:31:55,634 [INFO] ThirdParty:1030 - CMSIS Pack Vendor :STMicroelectronics X-CUBE-TCPP 4.2.0
2025-05-24 18:31:55,635 [INFO] ThirdParty:1030 - CMSIS Pack Vendor :RealThread X-CUBE-RT-Thread_Nano 4.1.1
2025-05-24 18:31:55,635 [INFO] ThirdParty:1030 - CMSIS Pack Vendor :STMicroelectronics X-CUBE-BLE1 7.0.0
2025-05-24 18:31:55,635 [INFO] ThirdParty:1030 - CMSIS Pack Vendor :STMicroelectronics FP-ATR-SIGFOX1 3.2.0
2025-05-24 18:31:55,635 [INFO] ThirdParty:1030 - CMSIS Pack Vendor :STMicroelectronics X-CUBE-NFC10 1.0.0
2025-05-24 18:31:55,635 [INFO] ThirdParty:1030 - CMSIS Pack Vendor :quantropi X-CUBE-qispace-sdk-base 1.9.3
2025-05-24 18:31:55,635 [INFO] ThirdParty:1030 - CMSIS Pack Vendor :STMicroelectronics X-CUBE-BLEMGR 4.0.0
2025-05-24 18:31:55,635 [INFO] ThirdParty:1030 - CMSIS Pack Vendor :STMicroelectronics X-CUBE-EEPRMA1 5.1.0
2025-05-24 18:31:55,635 [INFO] ThirdParty:1030 - CMSIS Pack Vendor :STMicroelectronics X-CUBE-FREERTOS 1.3.1
2025-05-24 18:31:55,635 [INFO] ThirdParty:1030 - CMSIS Pack Vendor :STMicroelectronics HAL Drivers 0.0.0
2025-05-24 18:31:55,635 [INFO] ThirdParty:1030 - CMSIS Pack Vendor :STMicroelectronics MBEDTLS 2.16.2
2025-05-24 18:31:55,635 [INFO] ThirdParty:1030 - CMSIS Pack Vendor :STMicroelectronics X-CUBE-IPS 3.1.0
2025-05-24 18:31:55,635 [INFO] ThirdParty:1030 - CMSIS Pack Vendor :STMicroelectronics X-CUBE-ALS 1.0.2
2025-05-24 18:31:55,635 [INFO] ThirdParty:1030 - CMSIS Pack Vendor :emotas I-CUBE-CANOPEN 1.3.0
2025-05-24 18:31:55,635 [INFO] ThirdParty:1030 - CMSIS Pack Vendor :STMicroelectronics X-CUBE-FREERTOS 1.3.0
2025-05-24 18:31:55,635 [INFO] ThirdParty:1030 - CMSIS Pack Vendor :wolfSSL I-CUBE-wolfSSL 5.7.4
2025-05-24 18:31:55,635 [INFO] ThirdParty:1030 - CMSIS Pack Vendor :STMicroelectronics X-CUBE-NFC7 1.0.1
2025-05-24 18:31:55,635 [INFO] ThirdParty:1030 - CMSIS Pack Vendor :STMicroelectronics MBEDTLS 2.14.1
2025-05-24 18:31:55,635 [INFO] ThirdParty:1030 - CMSIS Pack Vendor :ITTIA_DB I-CUBE-ITTIADB 8.9.0
2025-05-24 18:31:55,635 [INFO] ThirdParty:1030 - CMSIS Pack Vendor :STMicroelectronics X-CUBE-TOUCHGFX 4.24.2
2025-05-24 18:31:55,635 [INFO] ThirdParty:1030 - CMSIS Pack Vendor :wolfSSL I-CUBE-wolfTPM 3.4.0
2025-05-24 18:31:55,635 [INFO] ThirdParty:1030 - CMSIS Pack Vendor :portGmbH I-Cube-SoM-uGOAL 1.1.0
2025-05-24 18:31:55,635 [INFO] ThirdParty:1030 - CMSIS Pack Vendor :STMicroelectronics X-CUBE-AI 10.0.0
2025-05-24 18:31:55,635 [INFO] ThirdParty:1030 - CMSIS Pack Vendor :STMicroelectronics ThreadX 1.0.0
2025-05-24 18:31:55,635 [INFO] ThirdParty:1030 - CMSIS Pack Vendor :STMicroelectronics FP-SNS-SMARTAG2 1.2.0
2025-05-24 18:31:55,635 [INFO] ThirdParty:1030 - CMSIS Pack Vendor :STMicroelectronics FP-SNS-FLIGHT1 5.1.0
2025-05-24 18:31:55,635 [INFO] ThirdParty:1030 - CMSIS Pack Vendor :STMicroelectronics X-CUBE-MEMS1 11.1.0
2025-05-24 18:31:55,635 [INFO] ThirdParty:1030 - CMSIS Pack Vendor :STMicroelectronics X-CUBE-AZRTOS-WL 2.0.0
2025-05-24 18:31:55,635 [INFO] ThirdParty:1030 - CMSIS Pack Vendor :SEGGER I-CUBE-embOS 1.3.1
2025-05-24 18:31:55,635 [INFO] ThirdParty:1030 - CMSIS Pack Vendor :STMicroelectronics X-CUBE-ALGOBUILD 1.4.0
2025-05-24 18:31:55,635 [INFO] ThirdParty:1030 - CMSIS Pack Vendor :STMicroelectronics X-CUBE-DPower 1.3.0
2025-05-24 18:31:55,635 [INFO] ThirdParty:1030 - CMSIS Pack Vendor :STMicroelectronics FP-SNS-MOTENV1 5.0.0
2025-05-24 18:31:55,635 [INFO] ThirdParty:1030 - CMSIS Pack Vendor :STMicroelectronics USB_DEVICE 1.0.0
2025-05-24 18:31:55,635 [INFO] ThirdParty:1030 - CMSIS Pack Vendor :STMicroelectronics X-CUBE-AZRTOS-H7RS 1.0.0
2025-05-24 18:31:55,635 [INFO] ThirdParty:1030 - CMSIS Pack Vendor :wolfSSL I-CUBE-wolfMQTT 1.19.0
2025-05-24 18:31:55,636 [INFO] ThirdParty:1030 - CMSIS Pack Vendor :STMicroelectronics X-CUBE-AZRTOS-L4 2.0.0
2025-05-24 18:31:55,638 [INFO] ThirdParty:1030 - CMSIS Pack Vendor :STMicroelectronics ThreadX 0.0.2
2025-05-24 18:31:55,638 [INFO] ThirdParty:1030 - CMSIS Pack Vendor :WES I-CUBE-Cesium 1.3.0
2025-05-24 18:31:55,639 [INFO] ThirdParty:1030 - CMSIS Pack Vendor :STMicroelectronics lwIP 2.1.2
2025-05-24 18:31:55,640 [INFO] ThirdParty:1030 - CMSIS Pack Vendor :STMicroelectronics X-CUBE-SFXS2LP1 4.0.0
2025-05-24 18:31:55,640 [INFO] ThirdParty:1030 - CMSIS Pack Vendor :STMicroelectronics X-CUBE-BLE2 3.3.0
2025-05-24 18:31:55,640 [INFO] ThirdParty:1030 - CMSIS Pack Vendor :STMicroelectronics X-CUBE-TOF1 3.4.2
2025-05-24 18:31:55,640 [INFO] ThirdParty:1030 - CMSIS Pack Vendor :STMicroelectronics X-CUBE-TOF1 3.4.3
2025-05-24 18:31:55,640 [INFO] ThirdParty:1030 - CMSIS Pack Vendor :STMicroelectronics X-CUBE-AI 9.1.0
2025-05-24 18:31:55,640 [INFO] ThirdParty:1030 - CMSIS Pack Vendor :STMicroelectronics PDM2PCM 3.2.0
2025-05-24 18:31:55,640 [INFO] ThirdParty:1030 - CMSIS Pack Vendor :wolfSSL I-CUBE-wolfSSH 1.4.17
2025-05-24 18:31:55,652 [INFO] ThirdParty:841 - exiting critical section [change project]
2025-05-24 18:31:56,529 [INFO] PinOutPanel:1589 - setPackage(No Configuration,No Configuration)
2025-05-24 18:31:56,546 [INFO] PinOutPanel:1589 - setPackage(STM32F411CEUx,UFQFPN48)
2025-05-24 18:31:57,073 [INFO] UtilMem:75 - Before build in PCC Used Memory: 874009992 Bytes (1073741824)
2025-05-24 18:31:57,376 [INFO] UtilMem:75 - After build in PCC Used Memory: 916479368 Bytes (1073741824)
2025-05-24 18:31:57,487 [INFO] ApiDbMcu:508 - Load IP Config File for FREERTOS
2025-05-24 18:31:57,527 [INFO] IPUIPlugin:80 - create IPUIPlugin
2025-05-24 18:31:57,528 [INFO] IPUIPlugin:80 - create IPUIPlugin
2025-05-24 18:31:57,528 [INFO] IPUIPlugin:80 - create IPUIPlugin
2025-05-24 18:31:57,528 [INFO] IPUIPlugin:80 - create IPUIPlugin
2025-05-24 18:31:57,528 [INFO] IPUIPlugin:80 - create IPUIPlugin
2025-05-24 18:31:57,528 [INFO] IPUIPlugin:80 - create IPUIPlugin
2025-05-24 18:31:57,529 [INFO] IPUIPlugin:80 - create IPUIPlugin
2025-05-24 18:31:57,529 [INFO] IPUIPlugin:80 - create IPUIPlugin
2025-05-24 18:31:57,529 [INFO] IPUIPlugin:80 - create IPUIPlugin
2025-05-24 18:31:57,529 [INFO] IPUIPlugin:80 - create IPUIPlugin
2025-05-24 18:31:57,529 [INFO] IPUIPlugin:80 - create IPUIPlugin
2025-05-24 18:31:57,529 [INFO] IPUIPlugin:80 - create IPUIPlugin
2025-05-24 18:31:57,529 [INFO] IPUIPlugin:80 - create IPUIPlugin
2025-05-24 18:31:57,529 [INFO] IPUIPlugin:80 - create IPUIPlugin
2025-05-24 18:31:57,529 [INFO] IPUIPlugin:80 - create IPUIPlugin
2025-05-24 18:31:57,529 [INFO] IPUIPlugin:80 - create IPUIPlugin
2025-05-24 18:31:57,529 [INFO] IPUIPlugin:80 - create IPUIPlugin
2025-05-24 18:31:57,530 [INFO] IPUIPlugin:80 - create IPUIPlugin
2025-05-24 18:31:57,530 [INFO] IPUIPlugin:80 - create IPUIPlugin
2025-05-24 18:31:57,530 [INFO] IPUIPlugin:80 - create IPUIPlugin
2025-05-24 18:31:57,530 [INFO] IPUIPlugin:80 - create IPUIPlugin
2025-05-24 18:31:57,530 [INFO] IPUIPlugin:80 - create IPUIPlugin
2025-05-24 18:31:57,530 [INFO] IPUIPlugin:80 - create IPUIPlugin
2025-05-24 18:31:57,530 [INFO] IPUIPlugin:80 - create IPUIPlugin
2025-05-24 18:31:57,530 [INFO] IPUIPlugin:80 - create IPUIPlugin
2025-05-24 18:31:57,530 [INFO] IPUIPlugin:80 - create IPUIPlugin
2025-05-24 18:31:57,530 [INFO] IPUIPlugin:80 - create IPUIPlugin
2025-05-24 18:31:57,530 [INFO] IPUIPlugin:80 - create IPUIPlugin
2025-05-24 18:31:57,530 [INFO] IPUIPlugin:80 - create IPUIPlugin
2025-05-24 18:31:57,530 [INFO] IPUIPlugin:80 - create IPUIPlugin
2025-05-24 18:31:57,530 [INFO] IPUIPlugin:80 - create IPUIPlugin
2025-05-24 18:31:57,531 [INFO] IPUIPlugin:80 - create IPUIPlugin
2025-05-24 18:31:57,531 [INFO] IPUIPlugin:80 - create IPUIPlugin
2025-05-24 18:31:57,531 [INFO] IPUIPlugin:80 - create IPUIPlugin
2025-05-24 18:31:57,531 [INFO] IPUIPlugin:80 - create IPUIPlugin
2025-05-24 18:31:57,531 [INFO] IPUIPlugin:80 - create IPUIPlugin
2025-05-24 18:31:57,531 [INFO] IPUIPlugin:80 - create IPUIPlugin
2025-05-24 18:31:57,531 [INFO] IPUIPlugin:80 - create IPUIPlugin
2025-05-24 18:31:57,531 [INFO] IPUIPlugin:80 - create IPUIPlugin
2025-05-24 18:31:57,531 [INFO] IPUIPlugin:80 - create IPUIPlugin
2025-05-24 18:31:57,531 [INFO] IPUIPlugin:80 - create IPUIPlugin
2025-05-24 18:31:57,532 [INFO] IPUIPlugin:80 - create IPUIPlugin
2025-05-24 18:31:57,532 [INFO] IPUIPlugin:80 - create IPUIPlugin
2025-05-24 18:31:57,543 [INFO] ApiDbMcu:508 - Load IP Config File for PDM2PCM
2025-05-24 18:31:57,563 [WARN] FreeRTOS:1023 - Null or empty value: should not occur! (nothing added to the table)
2025-05-24 18:31:57,647 [INFO] CADModel:165 - CPN selected for project levelSTM32F411CEU6
2025-05-24 18:31:57,647 [INFO] CADModel:114 - Register for checkConnection events
2025-05-24 18:31:57,651 [INFO] RtosManager:697 - Active RTOS found at IOC load: FREERTOS [Cortex-M4NS]
2025-05-24 18:31:57,713 [INFO] OpenFileManager:363 - Restore cursor
2025-05-24 18:38:24,552 [INFO] MainUpdater:2872 - connection check result : 10
2025-05-24 18:38:24,562 [INFO] MainUpdater:2872 - connection check result : 10
2025-05-24 18:38:25,155 [INFO] MicroXplorer:468 - Change Database Path : 
2025-05-24 18:38:25,156 [INFO] MicroXplorer:498 - Change Database Version : DB.6.0.130
2025-05-24 18:38:25,286 [ERROR] ProjectManagerView:394 - 
java.lang.NullPointerException: Cannot invoke "javax.swing.JTextField.getText()" because the return value of "java.util.List.get(int)" is null
	at com.st.microxplorer.plugins.projectmanager.gui.ProjectChoiceTab$9.caretUpdate(ProjectChoiceTab.java:2616) ~[filemanager.jar:?]
	at javax.swing.text.JTextComponent.fireCaretUpdate(JTextComponent.java:408) ~[?:?]
	at javax.swing.text.JTextComponent$MutableCaretEvent.fire(JTextComponent.java:4484) ~[?:?]
	at javax.swing.text.JTextComponent$MutableCaretEvent.stateChanged(JTextComponent.java:4506) ~[?:?]
	at javax.swing.text.DefaultCaret.fireStateChanged(DefaultCaret.java:857) ~[?:?]
	at javax.swing.text.DefaultCaret.changeCaretPosition(DefaultCaret.java:1343) ~[?:?]
	at javax.swing.text.DefaultCaret.handleSetDot(DefaultCaret.java:1242) ~[?:?]
	at javax.swing.text.DefaultCaret.setDot(DefaultCaret.java:1223) ~[?:?]
	at javax.swing.text.DefaultCaret$Handler.insertUpdate(DefaultCaret.java:1819) ~[?:?]
	at javax.swing.text.AbstractDocument.fireInsertUpdate(AbstractDocument.java:227) ~[?:?]
	at javax.swing.text.AbstractDocument.handleInsertString(AbstractDocument.java:781) ~[?:?]
	at javax.swing.text.AbstractDocument.insertString(AbstractDocument.java:740) ~[?:?]
	at javax.swing.text.PlainDocument.insertString(PlainDocument.java:131) ~[?:?]
	at javax.swing.text.AbstractDocument.replace(AbstractDocument.java:699) ~[?:?]
	at javax.swing.text.JTextComponent.setText(JTextComponent.java:1725) ~[?:?]
	at com.st.microxplorer.plugins.projectmanager.gui.ProjectChoiceTab.createHeapStackFields(ProjectChoiceTab.java:975) ~[filemanager.jar:?]
	at com.st.microxplorer.plugins.projectmanager.gui.ProjectChoiceTab.buildLinkSettingsPanel(ProjectChoiceTab.java:3666) ~[filemanager.jar:?]
	at com.st.microxplorer.plugins.projectmanager.gui.ProjectChoiceTab.defineWindowsFields(ProjectChoiceTab.java:1934) ~[filemanager.jar:?]
	at com.st.microxplorer.plugins.projectmanager.gui.ProjectChoiceTab.updateSettings(ProjectChoiceTab.java:553) ~[filemanager.jar:?]
	at com.st.microxplorer.plugins.projectmanager.gui.ProjectSettingsPanel.UpdateDialog(ProjectSettingsPanel.java:245) ~[filemanager.jar:?]
	at com.st.microxplorer.plugins.projectmanager.ProjectManagerView.propertyChange(ProjectManagerView.java:391) ~[filemanager.jar:?]
	at java.beans.PropertyChangeSupport.fire(PropertyChangeSupport.java:343) ~[?:?]
	at java.beans.PropertyChangeSupport.firePropertyChange(PropertyChangeSupport.java:335) ~[?:?]
	at java.beans.PropertyChangeSupport.firePropertyChange(PropertyChangeSupport.java:268) ~[?:?]
	at com.st.microxplorer.util.MXPropertyChangeSupport.firePropertyChange(MXPropertyChangeSupport.java:54) ~[STM32CubeMX.jar:?]
	at com.st.microxplorer.mxsystem.MxSystem.closeConfig(MxSystem.java:899) ~[STM32CubeMX.jar:?]
	at com.st.microxplorer.maingui.MainPanel.closeConfig(MainPanel.java:789) ~[STM32CubeMX.jar:?]
	at com.st.microxplorer.plugins.filemanager.engine.OpenFileManager.loadConfigurationFile(OpenFileManager.java:265) ~[filemanager.jar:?]
	at com.st.microxplorer.plugins.filemanager.engine.MainFileManager.userLoadConfig(MainFileManager.java:340) ~[filemanager.jar:?]
	at com.st.microxplorer.plugins.filemanager.engine.MainFileManager.userLoadConfig(MainFileManager.java:318) ~[filemanager.jar:?]
	at com.st.microxplorer.plugins.filemanager.FileManagerView.getSpecificTask(FileManagerView.java:246) ~[filemanager.jar:?]
	at com.st.stm32cube.common.mx.editor.CubeMxEditor.getMxTabbedPaneInstance(CubeMxEditor.java:1198) ~[com.st.stm32cube.common.mx_6.13.0.202411220809/:?]
	at com.st.stm32cube.common.mx.editor.CubeMxEditor$12$1.createSwingComponent(CubeMxEditor.java:1068) ~[com.st.stm32cube.common.mx_6.13.0.202411220809/:?]
	at com.st.stm32cube.common.mx.oss.core.awtswtbridge.EmbeddedSwingComposite.doComponentCreation(EmbeddedSwingComposite.java:492) ~[com.st.stm32cube.common.mx.oss_6.13.0.202411220809/:?]
	at com.st.stm32cube.common.mx.oss.core.awtswtbridge.EmbeddedSwingComposite$4.run(EmbeddedSwingComposite.java:291) ~[com.st.stm32cube.common.mx.oss_6.13.0.202411220809/:?]
	at com.st.stm32cube.common.mx.oss.core.awtswtbridge.AwtEnvironment$2.run(AwtEnvironment.java:166) ~[com.st.stm32cube.common.mx.oss_6.13.0.202411220809/:?]
	at java.awt.event.InvocationEvent.dispatch(InvocationEvent.java:318) ~[?:?]
	at java.awt.EventQueue.dispatchEventImpl(EventQueue.java:773) ~[?:?]
	at java.awt.EventQueue$4.run(EventQueue.java:720) ~[?:?]
	at java.awt.EventQueue$4.run(EventQueue.java:714) ~[?:?]
	at java.security.AccessController.doPrivileged(AccessController.java:400) ~[?:?]
	at java.security.ProtectionDomain$JavaSecurityAccessImpl.doIntersectionPrivilege(ProtectionDomain.java:87) ~[?:?]
	at java.awt.EventQueue.dispatchEvent(EventQueue.java:742) ~[?:?]
	at java.awt.EventDispatchThread.pumpOneEventForFilters(EventDispatchThread.java:203) ~[?:?]
	at java.awt.EventDispatchThread.pumpEventsForFilter(EventDispatchThread.java:124) ~[?:?]
	at java.awt.EventDispatchThread.pumpEventsForHierarchy(EventDispatchThread.java:113) ~[?:?]
	at java.awt.EventDispatchThread.pumpEvents(EventDispatchThread.java:109) ~[?:?]
	at java.awt.EventDispatchThread.pumpEvents(EventDispatchThread.java:101) ~[?:?]
	at java.awt.EventDispatchThread.run(EventDispatchThread.java:90) ~[?:?]
2025-05-24 18:38:25,290 [WARN] ThirdParty:871 - waiting for thirdparty lock release [close project]
2025-05-24 18:38:25,290 [INFO] ThirdParty:873 - entering critical section [close project]
2025-05-24 18:38:25,290 [INFO] ThirdParty:883 - exiting critical section [close project]
2025-05-24 18:38:25,294 [INFO] PinOutPanel:1589 - setPackage(No Configuration,No Configuration)
2025-05-24 18:38:25,326 [WARN] IpParametersView:154 - Warning: This peripheral hasn't parameters
2025-05-24 18:38:25,343 [WARN] MainPanel:289 - <html><b><center>Warning: This peripheral has no parameters to be configured<br></b></html>
2025-05-24 18:38:25,346 [ERROR] MainPanel:599 - java.lang.IndexOutOfBoundsException: Index: 0, Tab count: 0
2025-05-24 18:38:25,354 [INFO] UtilMem:75 - Begin LoadConfig() Used Memory: 781126280 Bytes (1073741824)
2025-05-24 18:38:25,355 [INFO] MicroXplorer:468 - Change Database Path : 
2025-05-24 18:38:25,356 [INFO] MicroXplorer:498 - Change Database Version : DB.6.0.130
2025-05-24 18:38:25,356 [INFO] OpenFileManager:332 - Change cursor
2025-05-24 18:38:25,395 [INFO] Mcu:2035 - Initializing MCU STM32F411C(C-E)Ux STM32F411CEUx STM32F411CEU6
2025-05-24 18:38:26,086 [INFO] Context:748 - Trying to add GPIOservice into a context  which must be forbidden
2025-05-24 18:38:26,481 [INFO] RtosManager:555 - Registered RTOS mode: class=CMSIS, group=RTOS, mode=CMSIS_V1, owner=FREERTOS
2025-05-24 18:38:26,482 [INFO] RtosManager:555 - Registered RTOS mode: class=CMSIS, group=RTOS2, mode=CMSIS_V2, owner=FREERTOS
2025-05-24 18:38:26,482 [INFO] RtosManager:555 - Registered RTOS mode: class=RTOS, group=Core, mode=CMSIS_V1, owner=FREERTOS
2025-05-24 18:38:26,482 [INFO] RtosManager:555 - Registered RTOS mode: class=RTOS, group=Core, mode=CMSIS_V2, owner=FREERTOS
2025-05-24 18:38:26,482 [WARN] ModelIntegratedComponent:184 - Missing modes for component STMicroelectronics:FreeRTOS:0.0.1:STMicroelectronics:RTOS:FreeRTOS:Core:::10.2.0:
2025-05-24 18:38:26,487 [WARN] ModelIntegratedComponent:182 - Modes not found for component STMicroelectronics:USB_HOST:1.0.0:STMicroelectronics:USB::USB Host:Audio HS::1.0:USB_HOST_1_0_RESTRICTED_HS
2025-05-24 18:38:26,487 [WARN] ModelIntegratedComponent:188 - Modes not found for component STMicroelectronics:USB_HOST:1.0.0:STMicroelectronics:USB::USB Host:Audio HS::1.0:USB_HOST_1_0_RESTRICTED_HS
2025-05-24 18:38:26,487 [WARN] ModelIntegratedComponent:182 - Modes not found for component STMicroelectronics:USB_HOST:1.0.0:STMicroelectronics:USB::USB Host:CDC HS::1.0:USB_HOST_1_0_RESTRICTED_HS
2025-05-24 18:38:26,487 [WARN] ModelIntegratedComponent:188 - Modes not found for component STMicroelectronics:USB_HOST:1.0.0:STMicroelectronics:USB::USB Host:CDC HS::1.0:USB_HOST_1_0_RESTRICTED_HS
2025-05-24 18:38:26,487 [WARN] ModelIntegratedComponent:182 - Modes not found for component STMicroelectronics:USB_HOST:1.0.0:STMicroelectronics:USB::USB Host:MSC HS::1.0:USB_HOST_1_0_RESTRICTED_HS
2025-05-24 18:38:26,487 [WARN] ModelIntegratedComponent:188 - Modes not found for component STMicroelectronics:USB_HOST:1.0.0:STMicroelectronics:USB::USB Host:MSC HS::1.0:USB_HOST_1_0_RESTRICTED_HS
2025-05-24 18:38:26,487 [WARN] ModelIntegratedComponent:182 - Modes not found for component STMicroelectronics:USB_HOST:1.0.0:STMicroelectronics:USB::USB Host:HID HS::1.0:USB_HOST_1_0_RESTRICTED_HS
2025-05-24 18:38:26,487 [WARN] ModelIntegratedComponent:188 - Modes not found for component STMicroelectronics:USB_HOST:1.0.0:STMicroelectronics:USB::USB Host:HID HS::1.0:USB_HOST_1_0_RESTRICTED_HS
2025-05-24 18:38:26,487 [WARN] ModelIntegratedComponent:182 - Modes not found for component STMicroelectronics:USB_HOST:1.0.0:STMicroelectronics:USB::USB Host:MTP HS::1.0:USB_HOST_1_0_RESTRICTED_HS
2025-05-24 18:38:26,487 [WARN] ModelIntegratedComponent:188 - Modes not found for component STMicroelectronics:USB_HOST:1.0.0:STMicroelectronics:USB::USB Host:MTP HS::1.0:USB_HOST_1_0_RESTRICTED_HS
2025-05-24 18:38:26,492 [WARN] ModelIntegratedComponent:63 - No mode defined for component null
2025-05-24 18:38:26,492 [WARN] ModelIntegratedComponent:63 - No mode defined for component null
2025-05-24 18:38:26,492 [WARN] ModelIntegratedComponent:63 - No mode defined for component null
2025-05-24 18:38:26,492 [WARN] ModelIntegratedComponent:63 - No mode defined for component null
2025-05-24 18:38:26,492 [WARN] ModelIntegratedComponent:63 - No mode defined for component null
2025-05-24 18:38:26,492 [WARN] ModelIntegratedComponent:63 - No mode defined for component null
2025-05-24 18:38:26,492 [WARN] ModelIntegratedComponent:63 - No mode defined for component null
2025-05-24 18:38:26,492 [WARN] ModelIntegratedComponent:63 - No mode defined for component null
2025-05-24 18:38:26,492 [WARN] ModelIntegratedComponent:63 - No mode defined for component null
2025-05-24 18:38:26,492 [WARN] ModelIntegratedComponent:63 - No mode defined for component null
2025-05-24 18:38:26,492 [WARN] ModelIntegratedComponent:63 - No mode defined for component null
2025-05-24 18:38:26,492 [WARN] ModelIntegratedComponent:63 - No mode defined for component null
2025-05-24 18:38:26,492 [WARN] ModelIntegratedComponent:63 - No mode defined for component null
2025-05-24 18:38:26,492 [WARN] ModelIntegratedComponent:63 - No mode defined for component null
2025-05-24 18:38:26,492 [WARN] ModelIntegratedComponent:63 - No mode defined for component null
2025-05-24 18:38:26,492 [WARN] ModelIntegratedComponent:63 - No mode defined for component null
2025-05-24 18:38:26,492 [WARN] ModelIntegratedComponent:63 - No mode defined for component null
2025-05-24 18:38:26,492 [WARN] ModelIntegratedComponent:63 - No mode defined for component null
2025-05-24 18:38:26,492 [WARN] ModelIntegratedComponent:63 - No mode defined for component null
2025-05-24 18:38:26,492 [WARN] ModelIntegratedComponent:63 - No mode defined for component null
2025-05-24 18:38:26,492 [WARN] ModelIntegratedComponent:63 - No mode defined for component null
2025-05-24 18:38:26,492 [WARN] ModelIntegratedComponent:63 - No mode defined for component null
2025-05-24 18:38:26,492 [WARN] ModelIntegratedComponent:63 - No mode defined for component null
2025-05-24 18:38:26,492 [WARN] ModelIntegratedComponent:63 - No mode defined for component null
2025-05-24 18:38:26,492 [WARN] ModelIntegratedComponent:63 - No mode defined for component null
2025-05-24 18:38:26,492 [WARN] ModelIntegratedComponent:63 - No mode defined for component null
2025-05-24 18:38:26,493 [WARN] ModelIntegratedComponent:63 - No mode defined for component null
2025-05-24 18:38:26,493 [WARN] ModelIntegratedComponent:63 - No mode defined for component null
2025-05-24 18:38:26,493 [WARN] ModelIntegratedComponent:63 - No mode defined for component null
2025-05-24 18:38:26,493 [WARN] ModelIntegratedComponent:63 - No mode defined for component null
2025-05-24 18:38:26,493 [WARN] ModelIntegratedComponent:63 - No mode defined for component null
2025-05-24 18:38:26,493 [WARN] ModelIntegratedComponent:63 - No mode defined for component null
2025-05-24 18:38:26,493 [WARN] ModelIntegratedComponent:63 - No mode defined for component null
2025-05-24 18:38:26,493 [WARN] ModelIntegratedComponent:63 - No mode defined for component null
2025-05-24 18:38:26,493 [WARN] ModelIntegratedComponent:63 - No mode defined for component null
2025-05-24 18:38:26,493 [WARN] ModelPack:524 - Component already loaded: STMicroelectronics:HAL Drivers:0.0.0:STMicroelectronics:Device:STMicro_Driver:XSPI:HAL::0.0.1:HAL_XSPI
2025-05-24 18:38:26,539 [WARN] ModelIntegratedComponent:182 - Modes not found for component STMicroelectronics:USB_DEVICE:1.0.0:STMicroelectronics:USB::USB Device:Audio HS::1.0:USB_DEVICE_1_0_RESTRICTED_HS
2025-05-24 18:38:26,539 [WARN] ModelIntegratedComponent:188 - Modes not found for component STMicroelectronics:USB_DEVICE:1.0.0:STMicroelectronics:USB::USB Device:Audio HS::1.0:USB_DEVICE_1_0_RESTRICTED_HS
2025-05-24 18:38:26,539 [WARN] ModelIntegratedComponent:182 - Modes not found for component STMicroelectronics:USB_DEVICE:1.0.0:STMicroelectronics:USB::USB Device:CDC HS::1.0:USB_DEVICE_1_0_RESTRICTED_HS
2025-05-24 18:38:26,539 [WARN] ModelIntegratedComponent:188 - Modes not found for component STMicroelectronics:USB_DEVICE:1.0.0:STMicroelectronics:USB::USB Device:CDC HS::1.0:USB_DEVICE_1_0_RESTRICTED_HS
2025-05-24 18:38:26,539 [WARN] ModelIntegratedComponent:182 - Modes not found for component STMicroelectronics:USB_DEVICE:1.0.0:STMicroelectronics:USB::USB Device:DFU HS::1.0:USB_DEVICE_1_0_RESTRICTED_HS
2025-05-24 18:38:26,540 [WARN] ModelIntegratedComponent:188 - Modes not found for component STMicroelectronics:USB_DEVICE:1.0.0:STMicroelectronics:USB::USB Device:DFU HS::1.0:USB_DEVICE_1_0_RESTRICTED_HS
2025-05-24 18:38:26,540 [WARN] ModelIntegratedComponent:182 - Modes not found for component STMicroelectronics:USB_DEVICE:1.0.0:STMicroelectronics:USB::USB Device:HID HS::1.0:USB_DEVICE_1_0_RESTRICTED_HS
2025-05-24 18:38:26,540 [WARN] ModelIntegratedComponent:188 - Modes not found for component STMicroelectronics:USB_DEVICE:1.0.0:STMicroelectronics:USB::USB Device:HID HS::1.0:USB_DEVICE_1_0_RESTRICTED_HS
2025-05-24 18:38:26,540 [WARN] ModelIntegratedComponent:182 - Modes not found for component STMicroelectronics:USB_DEVICE:1.0.0:STMicroelectronics:USB::USB Device:Custom HID HS::1.0:USB_DEVICE_1_0_RESTRICTED_HS
2025-05-24 18:38:26,540 [WARN] ModelIntegratedComponent:188 - Modes not found for component STMicroelectronics:USB_DEVICE:1.0.0:STMicroelectronics:USB::USB Device:Custom HID HS::1.0:USB_DEVICE_1_0_RESTRICTED_HS
2025-05-24 18:38:26,540 [WARN] ModelIntegratedComponent:182 - Modes not found for component STMicroelectronics:USB_DEVICE:1.0.0:STMicroelectronics:USB::USB Device:MSC HS::1.0:USB_DEVICE_1_0_RESTRICTED_HS
2025-05-24 18:38:26,540 [WARN] ModelIntegratedComponent:188 - Modes not found for component STMicroelectronics:USB_DEVICE:1.0.0:STMicroelectronics:USB::USB Device:MSC HS::1.0:USB_DEVICE_1_0_RESTRICTED_HS
2025-05-24 18:38:26,552 [INFO] ThirdPartyModel:298 - Start build external matchings
2025-05-24 18:38:26,973 [INFO] ThirdPartyModel:316 - End build external matchings
2025-05-24 18:38:26,998 [INFO] ImportTextPane:218 - (OptionalMessage_ERROR) IP (RCC) : Parameter (48MHZClocksFreq_Value) has invalid value (50000000)
2025-05-24 18:38:26,999 [INFO] ImportTextPane:218 - (OptionalMessage_ERROR) IP (RCC) : Parameter (RTCHSEDivFreq_Value) has invalid value (12500000)
2025-05-24 18:38:27,142 [INFO] UtilMem:75 - End LoadConfig() Used Memory: 842837752 Bytes (1073741824)
2025-05-24 18:38:27,199 [WARN] ThirdParty:833 - waiting for thirdparty lock release [change project]
2025-05-24 18:38:27,199 [INFO] ThirdParty:835 - entering critical section [change project]
2025-05-24 18:38:27,199 [INFO] ThirdParty:1030 - CMSIS Pack Vendor :STMicroelectronics USBPD 4.1
2025-05-24 18:38:27,200 [INFO] ThirdParty:1030 - CMSIS Pack Vendor :STMicroelectronics X-CUBE-AZRTOS-H7 3.3.0
2025-05-24 18:38:27,200 [INFO] ThirdParty:1030 - CMSIS Pack Vendor :STMicroelectronics X-CUBE-NFC9 1.0.0
2025-05-24 18:38:27,200 [INFO] ThirdParty:1030 - CMSIS Pack Vendor :STMicroelectronics USB_HOST 2.0.0
2025-05-24 18:38:27,200 [INFO] ThirdParty:1030 - CMSIS Pack Vendor :STMicroelectronics FP-SNS-MOTENVWB1 1.4.0
2025-05-24 18:38:27,200 [INFO] ThirdParty:1030 - CMSIS Pack Vendor :STMicroelectronics X-CUBE-AZRTOS-F4 1.1.0
2025-05-24 18:38:27,200 [INFO] ThirdParty:1030 - CMSIS Pack Vendor :STMicroelectronics LIBJPEG 8.0.0
2025-05-24 18:38:27,200 [INFO] ThirdParty:1030 - CMSIS Pack Vendor :STMicroelectronics FP-ATR-ASTRA1 2.0.2
2025-05-24 18:38:27,200 [INFO] ThirdParty:1030 - CMSIS Pack Vendor :STMicroelectronics FP-ATR-ASTRA1 2.0.1
2025-05-24 18:38:27,200 [INFO] ThirdParty:1030 - CMSIS Pack Vendor :STMicroelectronics X-CUBE-BLE1 7.1.0
2025-05-24 18:38:27,200 [INFO] ThirdParty:1030 - CMSIS Pack Vendor :Avnet-IotConnect X-CUBE-IoTC-DA16k-PMOD 1.0.0
2025-05-24 18:38:27,200 [INFO] ThirdParty:1030 - CMSIS Pack Vendor :STMicroelectronics X-CUBE-SMBUS 2.1.0
2025-05-24 18:38:27,200 [INFO] ThirdParty:1030 - CMSIS Pack Vendor :STMicroelectronics X-CUBE-WB05N 1.1.0
2025-05-24 18:38:27,200 [INFO] ThirdParty:1030 - CMSIS Pack Vendor :STMicroelectronics USB_DEVICE 3.0.0
2025-05-24 18:38:27,200 [INFO] ThirdParty:1030 - CMSIS Pack Vendor :STMicroelectronics X-CUBE-ISPU 2.1.0
2025-05-24 18:38:27,200 [INFO] ThirdParty:1030 - CMSIS Pack Vendor :STMicroelectronics X-CUBE-AZRTOS-WB 2.0.0
2025-05-24 18:38:27,200 [INFO] ThirdParty:1030 - CMSIS Pack Vendor :STMicroelectronics X-CUBE-GNSS1 7.0.1
2025-05-24 18:38:27,200 [INFO] ThirdParty:1030 - CMSIS Pack Vendor :STMicroelectronics X-CUBE-AZRTOS-F7 1.1.0
2025-05-24 18:38:27,200 [INFO] ThirdParty:1030 - CMSIS Pack Vendor :STMicroelectronics X-CUBE-AZRTOS-L5 2.0.0
2025-05-24 18:38:27,200 [INFO] ThirdParty:1030 - CMSIS Pack Vendor :STMicroelectronics X-CUBE-TOUCHGFX 4.25.0
2025-05-24 18:38:27,200 [INFO] ThirdParty:1030 - CMSIS Pack Vendor :STMicroelectronics USB_DEVICE 2.0.0
2025-05-24 18:38:27,200 [INFO] ThirdParty:1030 - CMSIS Pack Vendor :STMicroelectronics X-CUBE-NFC6 3.1.0
2025-05-24 18:38:27,200 [INFO] ThirdParty:1030 - CMSIS Pack Vendor :STMicroelectronics FP-SNS-STBOX1 2.0.0
2025-05-24 18:38:27,200 [INFO] ThirdParty:1030 - CMSIS Pack Vendor :STMicroelectronics X-CUBE-MEMS1 11.2.0
2025-05-24 18:38:27,200 [INFO] ThirdParty:1030 - CMSIS Pack Vendor :STMicroelectronics FreeRTOS 0.0.1
2025-05-24 18:38:27,200 [INFO] ThirdParty:1030 - CMSIS Pack Vendor :STMicroelectronics X-CUBE-AZRTOS-G0 1.1.0
2025-05-24 18:38:27,200 [INFO] ThirdParty:1030 - CMSIS Pack Vendor :STMicroelectronics X-CUBE-SAFEA1 1.2.2
2025-05-24 18:38:27,200 [INFO] ThirdParty:1030 - CMSIS Pack Vendor :STMicroelectronics X-CUBE-NFC4 3.0.0
2025-05-24 18:38:27,200 [INFO] ThirdParty:1030 - CMSIS Pack Vendor :STMicroelectronics X-CUBE-DPower 1.2.0
2025-05-24 18:38:27,200 [INFO] ThirdParty:1030 - CMSIS Pack Vendor :STMicroelectronics X-CUBE-SUBG2 5.0.0
2025-05-24 18:38:27,200 [INFO] ThirdParty:1030 - CMSIS Pack Vendor :STMicroelectronics X-CUBE-AZRTOS-H7RS 1.1.0
2025-05-24 18:38:27,200 [INFO] ThirdParty:1030 - CMSIS Pack Vendor :STMicroelectronics STM32_WPAN 1.0.0
2025-05-24 18:38:27,200 [INFO] ThirdParty:1030 - CMSIS Pack Vendor :EmbeddedOffice I-CUBE-FS-RTOS 1.0.1
2025-05-24 18:38:27,200 [INFO] ThirdParty:1030 - CMSIS Pack Vendor :STMicroelectronics lwIP 2.0.3
2025-05-24 18:38:27,200 [INFO] ThirdParty:1030 - CMSIS Pack Vendor :STMicroelectronics FP-SNS-FLIGHT1 5.0.2
2025-05-24 18:38:27,200 [INFO] ThirdParty:1030 - CMSIS Pack Vendor :Cesanta I-CUBE-Mongoose 7.13.0
2025-05-24 18:38:27,200 [INFO] ThirdParty:1030 - CMSIS Pack Vendor :STMicroelectronics USB_HOST 1.0.0
2025-05-24 18:38:27,200 [INFO] ThirdParty:1030 - CMSIS Pack Vendor :Infineon AIROC-Wi-Fi-Bluetooth-STM32 1.7.0
2025-05-24 18:38:27,200 [INFO] ThirdParty:1030 - CMSIS Pack Vendor :STMicroelectronics X-CUBE-AZRTOS-G4 2.0.0
2025-05-24 18:38:27,200 [INFO] ThirdParty:1030 - CMSIS Pack Vendor :STMicroelectronics X-CUBE-WB05N 2.0.0
2025-05-24 18:38:27,200 [INFO] ThirdParty:1030 - CMSIS Pack Vendor :STMicroelectronics PDM2PCM 3.1.0
2025-05-24 18:38:27,201 [INFO] ThirdParty:1030 - CMSIS Pack Vendor :STMicroelectronics PDM2PCM 3.3.0
2025-05-24 18:38:27,201 [INFO] ThirdParty:1030 - CMSIS Pack Vendor :STMicroelectronics X-CUBE-DISPLAY 3.0.0
2025-05-24 18:38:27,201 [INFO] ThirdParty:1030 - CMSIS Pack Vendor :STMicroelectronics X-CUBE-NFC7 2.0.0
2025-05-24 18:38:27,201 [INFO] ThirdParty:1030 - CMSIS Pack Vendor :STMicroelectronics X-CUBE-TCPP 4.2.0
2025-05-24 18:38:27,201 [INFO] ThirdParty:1030 - CMSIS Pack Vendor :RealThread X-CUBE-RT-Thread_Nano 4.1.1
2025-05-24 18:38:27,201 [INFO] ThirdParty:1030 - CMSIS Pack Vendor :STMicroelectronics X-CUBE-BLE1 7.0.0
2025-05-24 18:38:27,201 [INFO] ThirdParty:1030 - CMSIS Pack Vendor :STMicroelectronics FP-ATR-SIGFOX1 3.2.0
2025-05-24 18:38:27,201 [INFO] ThirdParty:1030 - CMSIS Pack Vendor :STMicroelectronics X-CUBE-NFC10 1.0.0
2025-05-24 18:38:27,201 [INFO] ThirdParty:1030 - CMSIS Pack Vendor :quantropi X-CUBE-qispace-sdk-base 1.9.3
2025-05-24 18:38:27,201 [INFO] ThirdParty:1030 - CMSIS Pack Vendor :STMicroelectronics X-CUBE-BLEMGR 4.0.0
2025-05-24 18:38:27,201 [INFO] ThirdParty:1030 - CMSIS Pack Vendor :STMicroelectronics X-CUBE-EEPRMA1 5.1.0
2025-05-24 18:38:27,201 [INFO] ThirdParty:1030 - CMSIS Pack Vendor :STMicroelectronics X-CUBE-FREERTOS 1.3.1
2025-05-24 18:38:27,201 [INFO] ThirdParty:1030 - CMSIS Pack Vendor :STMicroelectronics HAL Drivers 0.0.0
2025-05-24 18:38:27,201 [INFO] ThirdParty:1030 - CMSIS Pack Vendor :STMicroelectronics MBEDTLS 2.16.2
2025-05-24 18:38:27,201 [INFO] ThirdParty:1030 - CMSIS Pack Vendor :STMicroelectronics X-CUBE-IPS 3.1.0
2025-05-24 18:38:27,201 [INFO] ThirdParty:1030 - CMSIS Pack Vendor :STMicroelectronics X-CUBE-ALS 1.0.2
2025-05-24 18:38:27,201 [INFO] ThirdParty:1030 - CMSIS Pack Vendor :emotas I-CUBE-CANOPEN 1.3.0
2025-05-24 18:38:27,201 [INFO] ThirdParty:1030 - CMSIS Pack Vendor :STMicroelectronics X-CUBE-FREERTOS 1.3.0
2025-05-24 18:38:27,201 [INFO] ThirdParty:1030 - CMSIS Pack Vendor :wolfSSL I-CUBE-wolfSSL 5.7.4
2025-05-24 18:38:27,201 [INFO] ThirdParty:1030 - CMSIS Pack Vendor :STMicroelectronics X-CUBE-NFC7 1.0.1
2025-05-24 18:38:27,201 [INFO] ThirdParty:1030 - CMSIS Pack Vendor :STMicroelectronics MBEDTLS 2.14.1
2025-05-24 18:38:27,201 [INFO] ThirdParty:1030 - CMSIS Pack Vendor :ITTIA_DB I-CUBE-ITTIADB 8.9.0
2025-05-24 18:38:27,201 [INFO] ThirdParty:1030 - CMSIS Pack Vendor :STMicroelectronics X-CUBE-TOUCHGFX 4.24.2
2025-05-24 18:38:27,201 [INFO] ThirdParty:1030 - CMSIS Pack Vendor :wolfSSL I-CUBE-wolfTPM 3.4.0
2025-05-24 18:38:27,201 [INFO] ThirdParty:1030 - CMSIS Pack Vendor :portGmbH I-Cube-SoM-uGOAL 1.1.0
2025-05-24 18:38:27,201 [INFO] ThirdParty:1030 - CMSIS Pack Vendor :STMicroelectronics X-CUBE-AI 10.0.0
2025-05-24 18:38:27,201 [INFO] ThirdParty:1030 - CMSIS Pack Vendor :STMicroelectronics ThreadX 1.0.0
2025-05-24 18:38:27,201 [INFO] ThirdParty:1030 - CMSIS Pack Vendor :STMicroelectronics FP-SNS-SMARTAG2 1.2.0
2025-05-24 18:38:27,201 [INFO] ThirdParty:1030 - CMSIS Pack Vendor :STMicroelectronics FP-SNS-FLIGHT1 5.1.0
2025-05-24 18:38:27,201 [INFO] ThirdParty:1030 - CMSIS Pack Vendor :STMicroelectronics X-CUBE-MEMS1 11.1.0
2025-05-24 18:38:27,202 [INFO] ThirdParty:1030 - CMSIS Pack Vendor :STMicroelectronics X-CUBE-AZRTOS-WL 2.0.0
2025-05-24 18:38:27,202 [INFO] ThirdParty:1030 - CMSIS Pack Vendor :SEGGER I-CUBE-embOS 1.3.1
2025-05-24 18:38:27,202 [INFO] ThirdParty:1030 - CMSIS Pack Vendor :STMicroelectronics X-CUBE-ALGOBUILD 1.4.0
2025-05-24 18:38:27,202 [INFO] ThirdParty:1030 - CMSIS Pack Vendor :STMicroelectronics X-CUBE-DPower 1.3.0
2025-05-24 18:38:27,202 [INFO] ThirdParty:1030 - CMSIS Pack Vendor :STMicroelectronics FP-SNS-MOTENV1 5.0.0
2025-05-24 18:38:27,202 [INFO] ThirdParty:1030 - CMSIS Pack Vendor :STMicroelectronics USB_DEVICE 1.0.0
2025-05-24 18:38:27,202 [INFO] ThirdParty:1030 - CMSIS Pack Vendor :STMicroelectronics X-CUBE-AZRTOS-H7RS 1.0.0
2025-05-24 18:38:27,202 [INFO] ThirdParty:1030 - CMSIS Pack Vendor :wolfSSL I-CUBE-wolfMQTT 1.19.0
2025-05-24 18:38:27,202 [INFO] ThirdParty:1030 - CMSIS Pack Vendor :STMicroelectronics X-CUBE-AZRTOS-L4 2.0.0
2025-05-24 18:38:27,202 [INFO] ThirdParty:1030 - CMSIS Pack Vendor :STMicroelectronics ThreadX 0.0.2
2025-05-24 18:38:27,202 [INFO] ThirdParty:1030 - CMSIS Pack Vendor :WES I-CUBE-Cesium 1.3.0
2025-05-24 18:38:27,202 [INFO] ThirdParty:1030 - CMSIS Pack Vendor :STMicroelectronics lwIP 2.1.2
2025-05-24 18:38:27,202 [INFO] ThirdParty:1030 - CMSIS Pack Vendor :STMicroelectronics X-CUBE-SFXS2LP1 4.0.0
2025-05-24 18:38:27,202 [INFO] ThirdParty:1030 - CMSIS Pack Vendor :STMicroelectronics X-CUBE-BLE2 3.3.0
2025-05-24 18:38:27,202 [INFO] ThirdParty:1030 - CMSIS Pack Vendor :STMicroelectronics X-CUBE-TOF1 3.4.2
2025-05-24 18:38:27,202 [INFO] ThirdParty:1030 - CMSIS Pack Vendor :STMicroelectronics X-CUBE-TOF1 3.4.3
2025-05-24 18:38:27,202 [INFO] ThirdParty:1030 - CMSIS Pack Vendor :STMicroelectronics X-CUBE-AI 9.1.0
2025-05-24 18:38:27,202 [INFO] ThirdParty:1030 - CMSIS Pack Vendor :STMicroelectronics PDM2PCM 3.2.0
2025-05-24 18:38:27,202 [INFO] ThirdParty:1030 - CMSIS Pack Vendor :wolfSSL I-CUBE-wolfSSH 1.4.17
2025-05-24 18:38:27,203 [INFO] ThirdParty:841 - exiting critical section [change project]
2025-05-24 18:38:27,519 [INFO] PinOutPanel:1589 - setPackage(No Configuration,No Configuration)
2025-05-24 18:38:27,522 [INFO] PinOutPanel:1589 - setPackage(STM32F411CEUx,UFQFPN48)
2025-05-24 18:38:28,435 [INFO] UtilMem:75 - Before build in PCC Used Memory: 772111608 Bytes (1073741824)
2025-05-24 18:38:29,080 [INFO] UtilMem:75 - After build in PCC Used Memory: 814580984 Bytes (1073741824)
2025-05-24 18:38:29,144 [INFO] IPUIPlugin:80 - create IPUIPlugin
2025-05-24 18:38:29,145 [INFO] IPUIPlugin:80 - create IPUIPlugin
2025-05-24 18:38:29,146 [INFO] IPUIPlugin:80 - create IPUIPlugin
2025-05-24 18:38:29,146 [INFO] IPUIPlugin:80 - create IPUIPlugin
2025-05-24 18:38:29,146 [INFO] IPUIPlugin:80 - create IPUIPlugin
2025-05-24 18:38:29,146 [INFO] IPUIPlugin:80 - create IPUIPlugin
2025-05-24 18:38:29,146 [INFO] IPUIPlugin:80 - create IPUIPlugin
2025-05-24 18:38:29,146 [INFO] IPUIPlugin:80 - create IPUIPlugin
2025-05-24 18:38:29,146 [INFO] IPUIPlugin:80 - create IPUIPlugin
2025-05-24 18:38:29,146 [INFO] IPUIPlugin:80 - create IPUIPlugin
2025-05-24 18:38:29,147 [INFO] IPUIPlugin:80 - create IPUIPlugin
2025-05-24 18:38:29,147 [INFO] IPUIPlugin:80 - create IPUIPlugin
2025-05-24 18:38:29,147 [INFO] IPUIPlugin:80 - create IPUIPlugin
2025-05-24 18:38:29,147 [INFO] IPUIPlugin:80 - create IPUIPlugin
2025-05-24 18:38:29,147 [INFO] IPUIPlugin:80 - create IPUIPlugin
2025-05-24 18:38:29,147 [INFO] IPUIPlugin:80 - create IPUIPlugin
2025-05-24 18:38:29,147 [INFO] IPUIPlugin:80 - create IPUIPlugin
2025-05-24 18:38:29,147 [INFO] IPUIPlugin:80 - create IPUIPlugin
2025-05-24 18:38:29,147 [INFO] IPUIPlugin:80 - create IPUIPlugin
2025-05-24 18:38:29,147 [INFO] IPUIPlugin:80 - create IPUIPlugin
2025-05-24 18:38:29,147 [INFO] IPUIPlugin:80 - create IPUIPlugin
2025-05-24 18:38:29,148 [INFO] IPUIPlugin:80 - create IPUIPlugin
2025-05-24 18:38:29,148 [INFO] IPUIPlugin:80 - create IPUIPlugin
2025-05-24 18:38:29,148 [INFO] IPUIPlugin:80 - create IPUIPlugin
2025-05-24 18:38:29,148 [INFO] IPUIPlugin:80 - create IPUIPlugin
2025-05-24 18:38:29,148 [INFO] IPUIPlugin:80 - create IPUIPlugin
2025-05-24 18:38:29,148 [INFO] IPUIPlugin:80 - create IPUIPlugin
2025-05-24 18:38:29,148 [INFO] IPUIPlugin:80 - create IPUIPlugin
2025-05-24 18:38:29,148 [INFO] IPUIPlugin:80 - create IPUIPlugin
2025-05-24 18:38:29,148 [INFO] IPUIPlugin:80 - create IPUIPlugin
2025-05-24 18:38:29,148 [INFO] IPUIPlugin:80 - create IPUIPlugin
2025-05-24 18:38:29,148 [INFO] IPUIPlugin:80 - create IPUIPlugin
2025-05-24 18:38:29,148 [INFO] IPUIPlugin:80 - create IPUIPlugin
2025-05-24 18:38:29,148 [INFO] IPUIPlugin:80 - create IPUIPlugin
2025-05-24 18:38:29,148 [INFO] IPUIPlugin:80 - create IPUIPlugin
2025-05-24 18:38:29,148 [INFO] IPUIPlugin:80 - create IPUIPlugin
2025-05-24 18:38:29,149 [INFO] IPUIPlugin:80 - create IPUIPlugin
2025-05-24 18:38:29,149 [INFO] IPUIPlugin:80 - create IPUIPlugin
2025-05-24 18:38:29,149 [INFO] IPUIPlugin:80 - create IPUIPlugin
2025-05-24 18:38:29,149 [INFO] IPUIPlugin:80 - create IPUIPlugin
2025-05-24 18:38:29,149 [INFO] IPUIPlugin:80 - create IPUIPlugin
2025-05-24 18:38:29,150 [INFO] IPUIPlugin:80 - create IPUIPlugin
2025-05-24 18:38:29,150 [INFO] IPUIPlugin:80 - create IPUIPlugin
2025-05-24 18:38:29,173 [INFO] ApiDbMcu:508 - Load IP Config File for PDM2PCM
2025-05-24 18:38:29,181 [WARN] IP:2251 - I2C_Coeff_DF not found: check if there is a RefParameter without a condition.
2025-05-24 18:38:29,181 [WARN] IP:2251 - Analog_Filter not found: check if there is a RefParameter without a condition.
2025-05-24 18:38:29,273 [INFO] CADModel:165 - CPN selected for project levelSTM32F411CEU6
2025-05-24 18:38:29,274 [INFO] CADModel:114 - Register for checkConnection events
2025-05-24 18:38:29,331 [INFO] OpenFileManager:363 - Restore cursor
2025-05-24 18:38:29,575 [WARN] IP:2251 - I2C_Coeff_DF not found: check if there is a RefParameter without a condition.
2025-05-24 18:38:29,575 [WARN] IP:2251 - Analog_Filter not found: check if there is a RefParameter without a condition.
2025-05-24 18:38:29,575 [WARN] IP:2251 - I2C_Coeff_DF not found: check if there is a RefParameter without a condition.
2025-05-24 18:38:29,575 [WARN] IP:2251 - Analog_Filter not found: check if there is a RefParameter without a condition.
2025-05-24 18:38:45,121 [INFO] MainUpdater:2872 - connection check result : 10
2025-05-24 18:38:45,124 [INFO] MainUpdater:2872 - connection check result : 10
2025-05-24 18:38:45,602 [INFO] MicroXplorer:468 - Change Database Path : 
2025-05-24 18:38:45,602 [INFO] MicroXplorer:498 - Change Database Version : DB.6.0.130
2025-05-24 18:38:45,624 [ERROR] ProjectManagerView:394 - 
java.lang.NullPointerException: Cannot invoke "javax.swing.JTextField.getText()" because the return value of "java.util.List.get(int)" is null
	at com.st.microxplorer.plugins.projectmanager.gui.ProjectChoiceTab$9.caretUpdate(ProjectChoiceTab.java:2616) ~[filemanager.jar:?]
	at javax.swing.text.JTextComponent.fireCaretUpdate(JTextComponent.java:408) ~[?:?]
	at javax.swing.text.JTextComponent$MutableCaretEvent.fire(JTextComponent.java:4484) ~[?:?]
	at javax.swing.text.JTextComponent$MutableCaretEvent.stateChanged(JTextComponent.java:4506) ~[?:?]
	at javax.swing.text.DefaultCaret.fireStateChanged(DefaultCaret.java:857) ~[?:?]
	at javax.swing.text.DefaultCaret.changeCaretPosition(DefaultCaret.java:1343) ~[?:?]
	at javax.swing.text.DefaultCaret.handleSetDot(DefaultCaret.java:1242) ~[?:?]
	at javax.swing.text.DefaultCaret.setDot(DefaultCaret.java:1223) ~[?:?]
	at javax.swing.text.DefaultCaret$Handler.insertUpdate(DefaultCaret.java:1819) ~[?:?]
	at javax.swing.text.AbstractDocument.fireInsertUpdate(AbstractDocument.java:227) ~[?:?]
	at javax.swing.text.AbstractDocument.handleInsertString(AbstractDocument.java:781) ~[?:?]
	at javax.swing.text.AbstractDocument.insertString(AbstractDocument.java:740) ~[?:?]
	at javax.swing.text.PlainDocument.insertString(PlainDocument.java:131) ~[?:?]
	at javax.swing.text.AbstractDocument.replace(AbstractDocument.java:699) ~[?:?]
	at javax.swing.text.JTextComponent.setText(JTextComponent.java:1725) ~[?:?]
	at com.st.microxplorer.plugins.projectmanager.gui.ProjectChoiceTab.createHeapStackFields(ProjectChoiceTab.java:975) ~[filemanager.jar:?]
	at com.st.microxplorer.plugins.projectmanager.gui.ProjectChoiceTab.buildLinkSettingsPanel(ProjectChoiceTab.java:3666) ~[filemanager.jar:?]
	at com.st.microxplorer.plugins.projectmanager.gui.ProjectChoiceTab.defineWindowsFields(ProjectChoiceTab.java:1934) ~[filemanager.jar:?]
	at com.st.microxplorer.plugins.projectmanager.gui.ProjectChoiceTab.updateSettings(ProjectChoiceTab.java:553) ~[filemanager.jar:?]
	at com.st.microxplorer.plugins.projectmanager.gui.ProjectSettingsPanel.UpdateDialog(ProjectSettingsPanel.java:245) ~[filemanager.jar:?]
	at com.st.microxplorer.plugins.projectmanager.ProjectManagerView.propertyChange(ProjectManagerView.java:391) ~[filemanager.jar:?]
	at java.beans.PropertyChangeSupport.fire(PropertyChangeSupport.java:343) ~[?:?]
	at java.beans.PropertyChangeSupport.firePropertyChange(PropertyChangeSupport.java:335) ~[?:?]
	at java.beans.PropertyChangeSupport.firePropertyChange(PropertyChangeSupport.java:268) ~[?:?]
	at com.st.microxplorer.util.MXPropertyChangeSupport.firePropertyChange(MXPropertyChangeSupport.java:54) ~[STM32CubeMX.jar:?]
	at com.st.microxplorer.mxsystem.MxSystem.closeConfig(MxSystem.java:899) ~[STM32CubeMX.jar:?]
	at com.st.microxplorer.maingui.MainPanel.closeConfig(MainPanel.java:789) ~[STM32CubeMX.jar:?]
	at com.st.microxplorer.plugins.filemanager.engine.OpenFileManager.loadConfigurationFile(OpenFileManager.java:265) ~[filemanager.jar:?]
	at com.st.microxplorer.plugins.filemanager.engine.MainFileManager.userLoadConfig(MainFileManager.java:340) ~[filemanager.jar:?]
	at com.st.microxplorer.plugins.filemanager.engine.MainFileManager.userLoadConfig(MainFileManager.java:318) ~[filemanager.jar:?]
	at com.st.microxplorer.plugins.filemanager.FileManagerView.getSpecificTask(FileManagerView.java:246) ~[filemanager.jar:?]
	at com.st.stm32cube.common.mx.editor.CubeMxEditor.getMxTabbedPaneInstance(CubeMxEditor.java:1198) ~[com.st.stm32cube.common.mx_6.13.0.202411220809/:?]
	at com.st.stm32cube.common.mx.editor.CubeMxEditor$12$1.createSwingComponent(CubeMxEditor.java:1068) ~[com.st.stm32cube.common.mx_6.13.0.202411220809/:?]
	at com.st.stm32cube.common.mx.oss.core.awtswtbridge.EmbeddedSwingComposite.doComponentCreation(EmbeddedSwingComposite.java:492) ~[com.st.stm32cube.common.mx.oss_6.13.0.202411220809/:?]
	at com.st.stm32cube.common.mx.oss.core.awtswtbridge.EmbeddedSwingComposite$4.run(EmbeddedSwingComposite.java:291) ~[com.st.stm32cube.common.mx.oss_6.13.0.202411220809/:?]
	at com.st.stm32cube.common.mx.oss.core.awtswtbridge.AwtEnvironment$2.run(AwtEnvironment.java:166) ~[com.st.stm32cube.common.mx.oss_6.13.0.202411220809/:?]
	at java.awt.event.InvocationEvent.dispatch(InvocationEvent.java:318) ~[?:?]
	at java.awt.EventQueue.dispatchEventImpl(EventQueue.java:773) ~[?:?]
	at java.awt.EventQueue$4.run(EventQueue.java:720) ~[?:?]
	at java.awt.EventQueue$4.run(EventQueue.java:714) ~[?:?]
	at java.security.AccessController.doPrivileged(AccessController.java:400) ~[?:?]
	at java.security.ProtectionDomain$JavaSecurityAccessImpl.doIntersectionPrivilege(ProtectionDomain.java:87) ~[?:?]
	at java.awt.EventQueue.dispatchEvent(EventQueue.java:742) ~[?:?]
	at java.awt.EventDispatchThread.pumpOneEventForFilters(EventDispatchThread.java:203) ~[?:?]
	at java.awt.EventDispatchThread.pumpEventsForFilter(EventDispatchThread.java:124) ~[?:?]
	at java.awt.EventDispatchThread.pumpEventsForHierarchy(EventDispatchThread.java:113) ~[?:?]
	at java.awt.EventDispatchThread.pumpEvents(EventDispatchThread.java:109) ~[?:?]
	at java.awt.EventDispatchThread.pumpEvents(EventDispatchThread.java:101) ~[?:?]
	at java.awt.EventDispatchThread.run(EventDispatchThread.java:90) ~[?:?]
2025-05-24 18:38:45,629 [WARN] ThirdParty:871 - waiting for thirdparty lock release [close project]
2025-05-24 18:38:45,630 [INFO] ThirdParty:873 - entering critical section [close project]
2025-05-24 18:38:45,630 [INFO] ThirdParty:883 - exiting critical section [close project]
2025-05-24 18:38:45,631 [INFO] PinOutPanel:1589 - setPackage(No Configuration,No Configuration)
2025-05-24 18:38:45,657 [WARN] IpParametersView:154 - Warning: This peripheral hasn't parameters
2025-05-24 18:38:45,665 [WARN] MainPanel:289 - <html><b><center>Warning: This peripheral has no parameters to be configured<br></b></html>
2025-05-24 18:38:45,665 [ERROR] MainPanel:599 - java.lang.IndexOutOfBoundsException: Index: 0, Tab count: 0
2025-05-24 18:38:45,668 [INFO] UtilMem:75 - Begin LoadConfig() Used Memory: 941721400 Bytes (1073741824)
2025-05-24 18:38:45,669 [INFO] MicroXplorer:468 - Change Database Path : 
2025-05-24 18:38:45,669 [INFO] MicroXplorer:498 - Change Database Version : DB.6.0.130
2025-05-24 18:38:45,669 [INFO] OpenFileManager:332 - Change cursor
2025-05-24 18:38:45,679 [INFO] Mcu:2035 - Initializing MCU STM32F411C(C-E)Ux STM32F411CEUx STM32F411CEU6
2025-05-24 18:38:46,717 [INFO] Context:748 - Trying to add GPIOservice into a context  which must be forbidden
2025-05-24 18:38:47,270 [INFO] RtosManager:555 - Registered RTOS mode: class=CMSIS, group=RTOS, mode=CMSIS_V1, owner=FREERTOS
2025-05-24 18:38:47,273 [INFO] RtosManager:555 - Registered RTOS mode: class=CMSIS, group=RTOS2, mode=CMSIS_V2, owner=FREERTOS
2025-05-24 18:38:47,273 [INFO] RtosManager:555 - Registered RTOS mode: class=RTOS, group=Core, mode=CMSIS_V1, owner=FREERTOS
2025-05-24 18:38:47,273 [INFO] RtosManager:555 - Registered RTOS mode: class=RTOS, group=Core, mode=CMSIS_V2, owner=FREERTOS
2025-05-24 18:38:47,273 [WARN] ModelIntegratedComponent:184 - Missing modes for component STMicroelectronics:FreeRTOS:0.0.1:STMicroelectronics:RTOS:FreeRTOS:Core:::10.2.0:
2025-05-24 18:38:47,275 [WARN] ModelIntegratedComponent:182 - Modes not found for component STMicroelectronics:USB_HOST:1.0.0:STMicroelectronics:USB::USB Host:Audio HS::1.0:USB_HOST_1_0_RESTRICTED_HS
2025-05-24 18:38:47,275 [WARN] ModelIntegratedComponent:188 - Modes not found for component STMicroelectronics:USB_HOST:1.0.0:STMicroelectronics:USB::USB Host:Audio HS::1.0:USB_HOST_1_0_RESTRICTED_HS
2025-05-24 18:38:47,275 [WARN] ModelIntegratedComponent:182 - Modes not found for component STMicroelectronics:USB_HOST:1.0.0:STMicroelectronics:USB::USB Host:CDC HS::1.0:USB_HOST_1_0_RESTRICTED_HS
2025-05-24 18:38:47,275 [WARN] ModelIntegratedComponent:188 - Modes not found for component STMicroelectronics:USB_HOST:1.0.0:STMicroelectronics:USB::USB Host:CDC HS::1.0:USB_HOST_1_0_RESTRICTED_HS
2025-05-24 18:38:47,275 [WARN] ModelIntegratedComponent:182 - Modes not found for component STMicroelectronics:USB_HOST:1.0.0:STMicroelectronics:USB::USB Host:MSC HS::1.0:USB_HOST_1_0_RESTRICTED_HS
2025-05-24 18:38:47,275 [WARN] ModelIntegratedComponent:188 - Modes not found for component STMicroelectronics:USB_HOST:1.0.0:STMicroelectronics:USB::USB Host:MSC HS::1.0:USB_HOST_1_0_RESTRICTED_HS
2025-05-24 18:38:47,275 [WARN] ModelIntegratedComponent:182 - Modes not found for component STMicroelectronics:USB_HOST:1.0.0:STMicroelectronics:USB::USB Host:HID HS::1.0:USB_HOST_1_0_RESTRICTED_HS
2025-05-24 18:38:47,275 [WARN] ModelIntegratedComponent:188 - Modes not found for component STMicroelectronics:USB_HOST:1.0.0:STMicroelectronics:USB::USB Host:HID HS::1.0:USB_HOST_1_0_RESTRICTED_HS
2025-05-24 18:38:47,275 [WARN] ModelIntegratedComponent:182 - Modes not found for component STMicroelectronics:USB_HOST:1.0.0:STMicroelectronics:USB::USB Host:MTP HS::1.0:USB_HOST_1_0_RESTRICTED_HS
2025-05-24 18:38:47,275 [WARN] ModelIntegratedComponent:188 - Modes not found for component STMicroelectronics:USB_HOST:1.0.0:STMicroelectronics:USB::USB Host:MTP HS::1.0:USB_HOST_1_0_RESTRICTED_HS
2025-05-24 18:38:47,279 [WARN] ModelIntegratedComponent:63 - No mode defined for component null
2025-05-24 18:38:47,279 [WARN] ModelIntegratedComponent:63 - No mode defined for component null
2025-05-24 18:38:47,279 [WARN] ModelIntegratedComponent:63 - No mode defined for component null
2025-05-24 18:38:47,279 [WARN] ModelIntegratedComponent:63 - No mode defined for component null
2025-05-24 18:38:47,279 [WARN] ModelIntegratedComponent:63 - No mode defined for component null
2025-05-24 18:38:47,279 [WARN] ModelIntegratedComponent:63 - No mode defined for component null
2025-05-24 18:38:47,279 [WARN] ModelIntegratedComponent:63 - No mode defined for component null
2025-05-24 18:38:47,279 [WARN] ModelIntegratedComponent:63 - No mode defined for component null
2025-05-24 18:38:47,279 [WARN] ModelIntegratedComponent:63 - No mode defined for component null
2025-05-24 18:38:47,279 [WARN] ModelIntegratedComponent:63 - No mode defined for component null
2025-05-24 18:38:47,279 [WARN] ModelIntegratedComponent:63 - No mode defined for component null
2025-05-24 18:38:47,279 [WARN] ModelIntegratedComponent:63 - No mode defined for component null
2025-05-24 18:38:47,279 [WARN] ModelIntegratedComponent:63 - No mode defined for component null
2025-05-24 18:38:47,279 [WARN] ModelIntegratedComponent:63 - No mode defined for component null
2025-05-24 18:38:47,279 [WARN] ModelIntegratedComponent:63 - No mode defined for component null
2025-05-24 18:38:47,279 [WARN] ModelIntegratedComponent:63 - No mode defined for component null
2025-05-24 18:38:47,279 [WARN] ModelIntegratedComponent:63 - No mode defined for component null
2025-05-24 18:38:47,279 [WARN] ModelIntegratedComponent:63 - No mode defined for component null
2025-05-24 18:38:47,279 [WARN] ModelIntegratedComponent:63 - No mode defined for component null
2025-05-24 18:38:47,279 [WARN] ModelIntegratedComponent:63 - No mode defined for component null
2025-05-24 18:38:47,279 [WARN] ModelIntegratedComponent:63 - No mode defined for component null
2025-05-24 18:38:47,280 [WARN] ModelIntegratedComponent:63 - No mode defined for component null
2025-05-24 18:38:47,280 [WARN] ModelIntegratedComponent:63 - No mode defined for component null
2025-05-24 18:38:47,280 [WARN] ModelIntegratedComponent:63 - No mode defined for component null
2025-05-24 18:38:47,280 [WARN] ModelIntegratedComponent:63 - No mode defined for component null
2025-05-24 18:38:47,280 [WARN] ModelIntegratedComponent:63 - No mode defined for component null
2025-05-24 18:38:47,280 [WARN] ModelIntegratedComponent:63 - No mode defined for component null
2025-05-24 18:38:47,280 [WARN] ModelIntegratedComponent:63 - No mode defined for component null
2025-05-24 18:38:47,280 [WARN] ModelIntegratedComponent:63 - No mode defined for component null
2025-05-24 18:38:47,280 [WARN] ModelIntegratedComponent:63 - No mode defined for component null
2025-05-24 18:38:47,280 [WARN] ModelIntegratedComponent:63 - No mode defined for component null
2025-05-24 18:38:47,280 [WARN] ModelIntegratedComponent:63 - No mode defined for component null
2025-05-24 18:38:47,280 [WARN] ModelIntegratedComponent:63 - No mode defined for component null
2025-05-24 18:38:47,280 [WARN] ModelIntegratedComponent:63 - No mode defined for component null
2025-05-24 18:38:47,280 [WARN] ModelIntegratedComponent:63 - No mode defined for component null
2025-05-24 18:38:47,280 [WARN] ModelPack:524 - Component already loaded: STMicroelectronics:HAL Drivers:0.0.0:STMicroelectronics:Device:STMicro_Driver:XSPI:HAL::0.0.1:HAL_XSPI
2025-05-24 18:38:47,328 [WARN] ModelIntegratedComponent:182 - Modes not found for component STMicroelectronics:USB_DEVICE:1.0.0:STMicroelectronics:USB::USB Device:Audio HS::1.0:USB_DEVICE_1_0_RESTRICTED_HS
2025-05-24 18:38:47,330 [WARN] ModelIntegratedComponent:188 - Modes not found for component STMicroelectronics:USB_DEVICE:1.0.0:STMicroelectronics:USB::USB Device:Audio HS::1.0:USB_DEVICE_1_0_RESTRICTED_HS
2025-05-24 18:38:47,331 [WARN] ModelIntegratedComponent:182 - Modes not found for component STMicroelectronics:USB_DEVICE:1.0.0:STMicroelectronics:USB::USB Device:CDC HS::1.0:USB_DEVICE_1_0_RESTRICTED_HS
2025-05-24 18:38:47,331 [WARN] ModelIntegratedComponent:188 - Modes not found for component STMicroelectronics:USB_DEVICE:1.0.0:STMicroelectronics:USB::USB Device:CDC HS::1.0:USB_DEVICE_1_0_RESTRICTED_HS
2025-05-24 18:38:47,331 [WARN] ModelIntegratedComponent:182 - Modes not found for component STMicroelectronics:USB_DEVICE:1.0.0:STMicroelectronics:USB::USB Device:DFU HS::1.0:USB_DEVICE_1_0_RESTRICTED_HS
2025-05-24 18:38:47,331 [WARN] ModelIntegratedComponent:188 - Modes not found for component STMicroelectronics:USB_DEVICE:1.0.0:STMicroelectronics:USB::USB Device:DFU HS::1.0:USB_DEVICE_1_0_RESTRICTED_HS
2025-05-24 18:38:47,331 [WARN] ModelIntegratedComponent:182 - Modes not found for component STMicroelectronics:USB_DEVICE:1.0.0:STMicroelectronics:USB::USB Device:HID HS::1.0:USB_DEVICE_1_0_RESTRICTED_HS
2025-05-24 18:38:47,331 [WARN] ModelIntegratedComponent:188 - Modes not found for component STMicroelectronics:USB_DEVICE:1.0.0:STMicroelectronics:USB::USB Device:HID HS::1.0:USB_DEVICE_1_0_RESTRICTED_HS
2025-05-24 18:38:47,331 [WARN] ModelIntegratedComponent:182 - Modes not found for component STMicroelectronics:USB_DEVICE:1.0.0:STMicroelectronics:USB::USB Device:Custom HID HS::1.0:USB_DEVICE_1_0_RESTRICTED_HS
2025-05-24 18:38:47,331 [WARN] ModelIntegratedComponent:188 - Modes not found for component STMicroelectronics:USB_DEVICE:1.0.0:STMicroelectronics:USB::USB Device:Custom HID HS::1.0:USB_DEVICE_1_0_RESTRICTED_HS
2025-05-24 18:38:47,331 [WARN] ModelIntegratedComponent:182 - Modes not found for component STMicroelectronics:USB_DEVICE:1.0.0:STMicroelectronics:USB::USB Device:MSC HS::1.0:USB_DEVICE_1_0_RESTRICTED_HS
2025-05-24 18:38:47,331 [WARN] ModelIntegratedComponent:188 - Modes not found for component STMicroelectronics:USB_DEVICE:1.0.0:STMicroelectronics:USB::USB Device:MSC HS::1.0:USB_DEVICE_1_0_RESTRICTED_HS
2025-05-24 18:38:47,351 [INFO] ThirdPartyModel:298 - Start build external matchings
2025-05-24 18:38:47,770 [INFO] ThirdPartyModel:316 - End build external matchings
2025-05-24 18:38:47,782 [INFO] RtosManager:922 - Current active RTOS is FREERTOS [Cortex-M4NS]
2025-05-24 18:38:47,798 [INFO] ImportTextPane:218 - (OptionalMessage_ERROR) IP (DMA) : Parameter (Instance) has Id (USART1_RX) currently not set
2025-05-24 18:38:47,799 [INFO] ImportTextPane:218 - (OptionalMessage_ERROR) IP (DMA) : Parameter (Channel) has Id (USART1_RX) currently not set
2025-05-24 18:38:47,799 [INFO] ImportTextPane:218 - (OptionalMessage_ERROR) IP (DMA) : Parameter (Direction) has Id (USART1_RX) currently not set
2025-05-24 18:38:47,799 [INFO] ImportTextPane:218 - (OptionalMessage_ERROR) IP (DMA) : Parameter (PeriphInc) has Id (USART1_RX) currently not set
2025-05-24 18:38:47,799 [INFO] ImportTextPane:218 - (OptionalMessage_ERROR) IP (DMA) : Parameter (MemInc) has Id (USART1_RX) currently not set
2025-05-24 18:38:47,799 [INFO] ImportTextPane:218 - (OptionalMessage_ERROR) IP (DMA) : Parameter (PeriphDataAlignment) has Id (USART1_RX) currently not set
2025-05-24 18:38:47,799 [INFO] ImportTextPane:218 - (OptionalMessage_ERROR) IP (DMA) : Parameter (MemDataAlignment) has Id (USART1_RX) currently not set
2025-05-24 18:38:47,799 [INFO] ImportTextPane:218 - (OptionalMessage_ERROR) IP (DMA) : Parameter (Mode) has Id (USART1_RX) currently not set
2025-05-24 18:38:47,799 [INFO] ImportTextPane:218 - (OptionalMessage_ERROR) IP (DMA) : Parameter (Priority) has Id (USART1_RX) currently not set
2025-05-24 18:38:47,799 [INFO] ImportTextPane:218 - (OptionalMessage_ERROR) IP (DMA) : Parameter (FIFOMode) has Id (USART1_RX) currently not set
2025-05-24 18:38:47,811 [INFO] ImportTextPane:218 - (OptionalMessage_ERROR) IP (RCC) : Parameter (48MHZClocksFreq_Value) has invalid value (50000000)
2025-05-24 18:38:47,812 [INFO] ImportTextPane:218 - (OptionalMessage_ERROR) IP (RCC) : Parameter (RTCHSEDivFreq_Value) has invalid value (12500000)
2025-05-24 18:38:48,007 [INFO] UtilMem:75 - End LoadConfig() Used Memory: 796769520 Bytes (1073741824)
2025-05-24 18:38:48,202 [WARN] ThirdParty:833 - waiting for thirdparty lock release [change project]
2025-05-24 18:38:48,202 [INFO] ThirdParty:835 - entering critical section [change project]
2025-05-24 18:38:48,202 [INFO] ThirdParty:1030 - CMSIS Pack Vendor :STMicroelectronics USBPD 4.1
2025-05-24 18:38:48,203 [INFO] ThirdParty:1030 - CMSIS Pack Vendor :STMicroelectronics X-CUBE-AZRTOS-H7 3.3.0
2025-05-24 18:38:48,203 [INFO] ThirdParty:1030 - CMSIS Pack Vendor :STMicroelectronics X-CUBE-NFC9 1.0.0
2025-05-24 18:38:48,203 [INFO] ThirdParty:1030 - CMSIS Pack Vendor :STMicroelectronics USB_HOST 2.0.0
2025-05-24 18:38:48,203 [INFO] ThirdParty:1030 - CMSIS Pack Vendor :STMicroelectronics FP-SNS-MOTENVWB1 1.4.0
2025-05-24 18:38:48,203 [INFO] ThirdParty:1030 - CMSIS Pack Vendor :STMicroelectronics X-CUBE-AZRTOS-F4 1.1.0
2025-05-24 18:38:48,203 [INFO] ThirdParty:1030 - CMSIS Pack Vendor :STMicroelectronics LIBJPEG 8.0.0
2025-05-24 18:38:48,203 [INFO] ThirdParty:1030 - CMSIS Pack Vendor :STMicroelectronics FP-ATR-ASTRA1 2.0.2
2025-05-24 18:38:48,203 [INFO] ThirdParty:1030 - CMSIS Pack Vendor :STMicroelectronics FP-ATR-ASTRA1 2.0.1
2025-05-24 18:38:48,203 [INFO] ThirdParty:1030 - CMSIS Pack Vendor :STMicroelectronics X-CUBE-BLE1 7.1.0
2025-05-24 18:38:48,203 [INFO] ThirdParty:1030 - CMSIS Pack Vendor :Avnet-IotConnect X-CUBE-IoTC-DA16k-PMOD 1.0.0
2025-05-24 18:38:48,203 [INFO] ThirdParty:1030 - CMSIS Pack Vendor :STMicroelectronics X-CUBE-SMBUS 2.1.0
2025-05-24 18:38:48,203 [INFO] ThirdParty:1030 - CMSIS Pack Vendor :STMicroelectronics X-CUBE-WB05N 1.1.0
2025-05-24 18:38:48,203 [INFO] ThirdParty:1030 - CMSIS Pack Vendor :STMicroelectronics USB_DEVICE 3.0.0
2025-05-24 18:38:48,203 [INFO] ThirdParty:1030 - CMSIS Pack Vendor :STMicroelectronics X-CUBE-ISPU 2.1.0
2025-05-24 18:38:48,203 [INFO] ThirdParty:1030 - CMSIS Pack Vendor :STMicroelectronics X-CUBE-AZRTOS-WB 2.0.0
2025-05-24 18:38:48,203 [INFO] ThirdParty:1030 - CMSIS Pack Vendor :STMicroelectronics X-CUBE-GNSS1 7.0.1
2025-05-24 18:38:48,203 [INFO] ThirdParty:1030 - CMSIS Pack Vendor :STMicroelectronics X-CUBE-AZRTOS-F7 1.1.0
2025-05-24 18:38:48,203 [INFO] ThirdParty:1030 - CMSIS Pack Vendor :STMicroelectronics X-CUBE-AZRTOS-L5 2.0.0
2025-05-24 18:38:48,203 [INFO] ThirdParty:1030 - CMSIS Pack Vendor :STMicroelectronics X-CUBE-TOUCHGFX 4.25.0
2025-05-24 18:38:48,203 [INFO] ThirdParty:1030 - CMSIS Pack Vendor :STMicroelectronics USB_DEVICE 2.0.0
2025-05-24 18:38:48,203 [INFO] ThirdParty:1030 - CMSIS Pack Vendor :STMicroelectronics X-CUBE-NFC6 3.1.0
2025-05-24 18:38:48,203 [INFO] ThirdParty:1030 - CMSIS Pack Vendor :STMicroelectronics FP-SNS-STBOX1 2.0.0
2025-05-24 18:38:48,203 [INFO] ThirdParty:1030 - CMSIS Pack Vendor :STMicroelectronics X-CUBE-MEMS1 11.2.0
2025-05-24 18:38:48,203 [INFO] ThirdParty:1030 - CMSIS Pack Vendor :STMicroelectronics FreeRTOS 0.0.1
2025-05-24 18:38:48,203 [INFO] ThirdParty:1030 - CMSIS Pack Vendor :STMicroelectronics X-CUBE-AZRTOS-G0 1.1.0
2025-05-24 18:38:48,203 [INFO] ThirdParty:1030 - CMSIS Pack Vendor :STMicroelectronics X-CUBE-SAFEA1 1.2.2
2025-05-24 18:38:48,203 [INFO] ThirdParty:1030 - CMSIS Pack Vendor :STMicroelectronics X-CUBE-NFC4 3.0.0
2025-05-24 18:38:48,203 [INFO] ThirdParty:1030 - CMSIS Pack Vendor :STMicroelectronics X-CUBE-DPower 1.2.0
2025-05-24 18:38:48,203 [INFO] ThirdParty:1030 - CMSIS Pack Vendor :STMicroelectronics X-CUBE-SUBG2 5.0.0
2025-05-24 18:38:48,203 [INFO] ThirdParty:1030 - CMSIS Pack Vendor :STMicroelectronics X-CUBE-AZRTOS-H7RS 1.1.0
2025-05-24 18:38:48,203 [INFO] ThirdParty:1030 - CMSIS Pack Vendor :STMicroelectronics STM32_WPAN 1.0.0
2025-05-24 18:38:48,203 [INFO] ThirdParty:1030 - CMSIS Pack Vendor :EmbeddedOffice I-CUBE-FS-RTOS 1.0.1
2025-05-24 18:38:48,203 [INFO] ThirdParty:1030 - CMSIS Pack Vendor :STMicroelectronics lwIP 2.0.3
2025-05-24 18:38:48,203 [INFO] ThirdParty:1030 - CMSIS Pack Vendor :STMicroelectronics FP-SNS-FLIGHT1 5.0.2
2025-05-24 18:38:48,203 [INFO] ThirdParty:1030 - CMSIS Pack Vendor :Cesanta I-CUBE-Mongoose 7.13.0
2025-05-24 18:38:48,203 [INFO] ThirdParty:1030 - CMSIS Pack Vendor :STMicroelectronics USB_HOST 1.0.0
2025-05-24 18:38:48,203 [INFO] ThirdParty:1030 - CMSIS Pack Vendor :Infineon AIROC-Wi-Fi-Bluetooth-STM32 1.7.0
2025-05-24 18:38:48,203 [INFO] ThirdParty:1030 - CMSIS Pack Vendor :STMicroelectronics X-CUBE-AZRTOS-G4 2.0.0
2025-05-24 18:38:48,203 [INFO] ThirdParty:1030 - CMSIS Pack Vendor :STMicroelectronics X-CUBE-WB05N 2.0.0
2025-05-24 18:38:48,203 [INFO] ThirdParty:1030 - CMSIS Pack Vendor :STMicroelectronics PDM2PCM 3.1.0
2025-05-24 18:38:48,203 [INFO] ThirdParty:1030 - CMSIS Pack Vendor :STMicroelectronics PDM2PCM 3.3.0
2025-05-24 18:38:48,203 [INFO] ThirdParty:1030 - CMSIS Pack Vendor :STMicroelectronics X-CUBE-DISPLAY 3.0.0
2025-05-24 18:38:48,203 [INFO] ThirdParty:1030 - CMSIS Pack Vendor :STMicroelectronics X-CUBE-NFC7 2.0.0
2025-05-24 18:38:48,203 [INFO] ThirdParty:1030 - CMSIS Pack Vendor :STMicroelectronics X-CUBE-TCPP 4.2.0
2025-05-24 18:38:48,203 [INFO] ThirdParty:1030 - CMSIS Pack Vendor :RealThread X-CUBE-RT-Thread_Nano 4.1.1
2025-05-24 18:38:48,203 [INFO] ThirdParty:1030 - CMSIS Pack Vendor :STMicroelectronics X-CUBE-BLE1 7.0.0
2025-05-24 18:38:48,203 [INFO] ThirdParty:1030 - CMSIS Pack Vendor :STMicroelectronics FP-ATR-SIGFOX1 3.2.0
2025-05-24 18:38:48,203 [INFO] ThirdParty:1030 - CMSIS Pack Vendor :STMicroelectronics X-CUBE-NFC10 1.0.0
2025-05-24 18:38:48,203 [INFO] ThirdParty:1030 - CMSIS Pack Vendor :quantropi X-CUBE-qispace-sdk-base 1.9.3
2025-05-24 18:38:48,203 [INFO] ThirdParty:1030 - CMSIS Pack Vendor :STMicroelectronics X-CUBE-BLEMGR 4.0.0
2025-05-24 18:38:48,203 [INFO] ThirdParty:1030 - CMSIS Pack Vendor :STMicroelectronics X-CUBE-EEPRMA1 5.1.0
2025-05-24 18:38:48,203 [INFO] ThirdParty:1030 - CMSIS Pack Vendor :STMicroelectronics X-CUBE-FREERTOS 1.3.1
2025-05-24 18:38:48,203 [INFO] ThirdParty:1030 - CMSIS Pack Vendor :STMicroelectronics HAL Drivers 0.0.0
2025-05-24 18:38:48,203 [INFO] ThirdParty:1030 - CMSIS Pack Vendor :STMicroelectronics MBEDTLS 2.16.2
2025-05-24 18:38:48,203 [INFO] ThirdParty:1030 - CMSIS Pack Vendor :STMicroelectronics X-CUBE-IPS 3.1.0
2025-05-24 18:38:48,203 [INFO] ThirdParty:1030 - CMSIS Pack Vendor :STMicroelectronics X-CUBE-ALS 1.0.2
2025-05-24 18:38:48,204 [INFO] ThirdParty:1030 - CMSIS Pack Vendor :emotas I-CUBE-CANOPEN 1.3.0
2025-05-24 18:38:48,204 [INFO] ThirdParty:1030 - CMSIS Pack Vendor :STMicroelectronics X-CUBE-FREERTOS 1.3.0
2025-05-24 18:38:48,204 [INFO] ThirdParty:1030 - CMSIS Pack Vendor :wolfSSL I-CUBE-wolfSSL 5.7.4
2025-05-24 18:38:48,204 [INFO] ThirdParty:1030 - CMSIS Pack Vendor :STMicroelectronics X-CUBE-NFC7 1.0.1
2025-05-24 18:38:48,204 [INFO] ThirdParty:1030 - CMSIS Pack Vendor :STMicroelectronics MBEDTLS 2.14.1
2025-05-24 18:38:48,204 [INFO] ThirdParty:1030 - CMSIS Pack Vendor :ITTIA_DB I-CUBE-ITTIADB 8.9.0
2025-05-24 18:38:48,204 [INFO] ThirdParty:1030 - CMSIS Pack Vendor :STMicroelectronics X-CUBE-TOUCHGFX 4.24.2
2025-05-24 18:38:48,204 [INFO] ThirdParty:1030 - CMSIS Pack Vendor :wolfSSL I-CUBE-wolfTPM 3.4.0
2025-05-24 18:38:48,204 [INFO] ThirdParty:1030 - CMSIS Pack Vendor :portGmbH I-Cube-SoM-uGOAL 1.1.0
2025-05-24 18:38:48,204 [INFO] ThirdParty:1030 - CMSIS Pack Vendor :STMicroelectronics X-CUBE-AI 10.0.0
2025-05-24 18:38:48,204 [INFO] ThirdParty:1030 - CMSIS Pack Vendor :STMicroelectronics ThreadX 1.0.0
2025-05-24 18:38:48,204 [INFO] ThirdParty:1030 - CMSIS Pack Vendor :STMicroelectronics FP-SNS-SMARTAG2 1.2.0
2025-05-24 18:38:48,204 [INFO] ThirdParty:1030 - CMSIS Pack Vendor :STMicroelectronics FP-SNS-FLIGHT1 5.1.0
2025-05-24 18:38:48,204 [INFO] ThirdParty:1030 - CMSIS Pack Vendor :STMicroelectronics X-CUBE-MEMS1 11.1.0
2025-05-24 18:38:48,204 [INFO] ThirdParty:1030 - CMSIS Pack Vendor :STMicroelectronics X-CUBE-AZRTOS-WL 2.0.0
2025-05-24 18:38:48,204 [INFO] ThirdParty:1030 - CMSIS Pack Vendor :SEGGER I-CUBE-embOS 1.3.1
2025-05-24 18:38:48,204 [INFO] ThirdParty:1030 - CMSIS Pack Vendor :STMicroelectronics X-CUBE-ALGOBUILD 1.4.0
2025-05-24 18:38:48,204 [INFO] ThirdParty:1030 - CMSIS Pack Vendor :STMicroelectronics X-CUBE-DPower 1.3.0
2025-05-24 18:38:48,204 [INFO] ThirdParty:1030 - CMSIS Pack Vendor :STMicroelectronics FP-SNS-MOTENV1 5.0.0
2025-05-24 18:38:48,204 [INFO] ThirdParty:1030 - CMSIS Pack Vendor :STMicroelectronics USB_DEVICE 1.0.0
2025-05-24 18:38:48,204 [INFO] ThirdParty:1030 - CMSIS Pack Vendor :STMicroelectronics X-CUBE-AZRTOS-H7RS 1.0.0
2025-05-24 18:38:48,204 [INFO] ThirdParty:1030 - CMSIS Pack Vendor :wolfSSL I-CUBE-wolfMQTT 1.19.0
2025-05-24 18:38:48,204 [INFO] ThirdParty:1030 - CMSIS Pack Vendor :STMicroelectronics X-CUBE-AZRTOS-L4 2.0.0
2025-05-24 18:38:48,204 [INFO] ThirdParty:1030 - CMSIS Pack Vendor :STMicroelectronics ThreadX 0.0.2
2025-05-24 18:38:48,205 [INFO] ThirdParty:1030 - CMSIS Pack Vendor :WES I-CUBE-Cesium 1.3.0
2025-05-24 18:38:48,205 [INFO] ThirdParty:1030 - CMSIS Pack Vendor :STMicroelectronics lwIP 2.1.2
2025-05-24 18:38:48,206 [INFO] ThirdParty:1030 - CMSIS Pack Vendor :STMicroelectronics X-CUBE-SFXS2LP1 4.0.0
2025-05-24 18:38:48,206 [INFO] ThirdParty:1030 - CMSIS Pack Vendor :STMicroelectronics X-CUBE-BLE2 3.3.0
2025-05-24 18:38:48,207 [INFO] ThirdParty:1030 - CMSIS Pack Vendor :STMicroelectronics X-CUBE-TOF1 3.4.2
2025-05-24 18:38:48,208 [INFO] ThirdParty:1030 - CMSIS Pack Vendor :STMicroelectronics X-CUBE-TOF1 3.4.3
2025-05-24 18:38:48,208 [INFO] ThirdParty:1030 - CMSIS Pack Vendor :STMicroelectronics X-CUBE-AI 9.1.0
2025-05-24 18:38:48,208 [INFO] ThirdParty:1030 - CMSIS Pack Vendor :STMicroelectronics PDM2PCM 3.2.0
2025-05-24 18:38:48,208 [INFO] ThirdParty:1030 - CMSIS Pack Vendor :wolfSSL I-CUBE-wolfSSH 1.4.17
2025-05-24 18:38:48,208 [INFO] ThirdParty:841 - exiting critical section [change project]
2025-05-24 18:38:48,600 [INFO] PinOutPanel:1589 - setPackage(No Configuration,No Configuration)
2025-05-24 18:38:48,602 [INFO] PinOutPanel:1589 - setPackage(STM32F411CEUx,UFQFPN48)
2025-05-24 18:38:48,973 [INFO] UtilMem:75 - Before build in PCC Used Memory: 965065968 Bytes (1073741824)
2025-05-24 18:38:49,270 [INFO] UtilMem:75 - After build in PCC Used Memory: 701367752 Bytes (1073741824)
2025-05-24 18:38:49,351 [INFO] ApiDbMcu:508 - Load IP Config File for FREERTOS
2025-05-24 18:38:49,383 [INFO] IPUIPlugin:80 - create IPUIPlugin
2025-05-24 18:38:49,384 [INFO] IPUIPlugin:80 - create IPUIPlugin
2025-05-24 18:38:49,384 [INFO] IPUIPlugin:80 - create IPUIPlugin
2025-05-24 18:38:49,384 [INFO] IPUIPlugin:80 - create IPUIPlugin
2025-05-24 18:38:49,384 [INFO] IPUIPlugin:80 - create IPUIPlugin
2025-05-24 18:38:49,384 [INFO] IPUIPlugin:80 - create IPUIPlugin
2025-05-24 18:38:49,384 [INFO] IPUIPlugin:80 - create IPUIPlugin
2025-05-24 18:38:49,385 [INFO] IPUIPlugin:80 - create IPUIPlugin
2025-05-24 18:38:49,385 [INFO] IPUIPlugin:80 - create IPUIPlugin
2025-05-24 18:38:49,385 [INFO] IPUIPlugin:80 - create IPUIPlugin
2025-05-24 18:38:49,385 [INFO] IPUIPlugin:80 - create IPUIPlugin
2025-05-24 18:38:49,385 [INFO] IPUIPlugin:80 - create IPUIPlugin
2025-05-24 18:38:49,385 [INFO] IPUIPlugin:80 - create IPUIPlugin
2025-05-24 18:38:49,385 [INFO] IPUIPlugin:80 - create IPUIPlugin
2025-05-24 18:38:49,385 [INFO] IPUIPlugin:80 - create IPUIPlugin
2025-05-24 18:38:49,385 [INFO] IPUIPlugin:80 - create IPUIPlugin
2025-05-24 18:38:49,385 [INFO] IPUIPlugin:80 - create IPUIPlugin
2025-05-24 18:38:49,386 [INFO] IPUIPlugin:80 - create IPUIPlugin
2025-05-24 18:38:49,386 [INFO] IPUIPlugin:80 - create IPUIPlugin
2025-05-24 18:38:49,386 [INFO] IPUIPlugin:80 - create IPUIPlugin
2025-05-24 18:38:49,386 [INFO] IPUIPlugin:80 - create IPUIPlugin
2025-05-24 18:38:49,386 [INFO] IPUIPlugin:80 - create IPUIPlugin
2025-05-24 18:38:49,386 [INFO] IPUIPlugin:80 - create IPUIPlugin
2025-05-24 18:38:49,386 [INFO] IPUIPlugin:80 - create IPUIPlugin
2025-05-24 18:38:49,386 [INFO] IPUIPlugin:80 - create IPUIPlugin
2025-05-24 18:38:49,386 [INFO] IPUIPlugin:80 - create IPUIPlugin
2025-05-24 18:38:49,386 [INFO] IPUIPlugin:80 - create IPUIPlugin
2025-05-24 18:38:49,386 [INFO] IPUIPlugin:80 - create IPUIPlugin
2025-05-24 18:38:49,386 [INFO] IPUIPlugin:80 - create IPUIPlugin
2025-05-24 18:38:49,386 [INFO] IPUIPlugin:80 - create IPUIPlugin
2025-05-24 18:38:49,386 [INFO] IPUIPlugin:80 - create IPUIPlugin
2025-05-24 18:38:49,387 [INFO] IPUIPlugin:80 - create IPUIPlugin
2025-05-24 18:38:49,387 [INFO] IPUIPlugin:80 - create IPUIPlugin
2025-05-24 18:38:49,387 [INFO] IPUIPlugin:80 - create IPUIPlugin
2025-05-24 18:38:49,387 [INFO] IPUIPlugin:80 - create IPUIPlugin
2025-05-24 18:38:49,387 [INFO] IPUIPlugin:80 - create IPUIPlugin
2025-05-24 18:38:49,387 [INFO] IPUIPlugin:80 - create IPUIPlugin
2025-05-24 18:38:49,387 [INFO] IPUIPlugin:80 - create IPUIPlugin
2025-05-24 18:38:49,387 [INFO] IPUIPlugin:80 - create IPUIPlugin
2025-05-24 18:38:49,387 [INFO] IPUIPlugin:80 - create IPUIPlugin
2025-05-24 18:38:49,388 [INFO] IPUIPlugin:80 - create IPUIPlugin
2025-05-24 18:38:49,388 [INFO] IPUIPlugin:80 - create IPUIPlugin
2025-05-24 18:38:49,388 [INFO] IPUIPlugin:80 - create IPUIPlugin
2025-05-24 18:38:49,395 [INFO] ApiDbMcu:508 - Load IP Config File for PDM2PCM
2025-05-24 18:38:49,431 [WARN] FreeRTOS:1023 - Null or empty value: should not occur! (nothing added to the table)
2025-05-24 18:38:49,519 [INFO] CADModel:165 - CPN selected for project levelSTM32F411CEU6
2025-05-24 18:38:49,519 [INFO] CADModel:114 - Register for checkConnection events
2025-05-24 18:38:49,521 [INFO] RtosManager:697 - Active RTOS found at IOC load: FREERTOS [Cortex-M4NS]
2025-05-24 18:38:49,570 [INFO] OpenFileManager:363 - Restore cursor
2025-05-24 18:42:43,750 [INFO] MainUpdater:2872 - connection check result : 10
2025-05-24 18:42:43,758 [INFO] MainUpdater:2872 - connection check result : 10
2025-05-24 18:42:44,257 [INFO] MicroXplorer:468 - Change Database Path : 
2025-05-24 18:42:44,258 [INFO] MicroXplorer:498 - Change Database Version : DB.6.0.130
2025-05-24 18:42:44,360 [ERROR] ProjectManagerView:394 - 
java.lang.NullPointerException: Cannot invoke "javax.swing.JTextField.getText()" because the return value of "java.util.List.get(int)" is null
	at com.st.microxplorer.plugins.projectmanager.gui.ProjectChoiceTab$9.caretUpdate(ProjectChoiceTab.java:2616) ~[filemanager.jar:?]
	at javax.swing.text.JTextComponent.fireCaretUpdate(JTextComponent.java:408) ~[?:?]
	at javax.swing.text.JTextComponent$MutableCaretEvent.fire(JTextComponent.java:4484) ~[?:?]
	at javax.swing.text.JTextComponent$MutableCaretEvent.stateChanged(JTextComponent.java:4506) ~[?:?]
	at javax.swing.text.DefaultCaret.fireStateChanged(DefaultCaret.java:857) ~[?:?]
	at javax.swing.text.DefaultCaret.changeCaretPosition(DefaultCaret.java:1343) ~[?:?]
	at javax.swing.text.DefaultCaret.handleSetDot(DefaultCaret.java:1242) ~[?:?]
	at javax.swing.text.DefaultCaret.setDot(DefaultCaret.java:1223) ~[?:?]
	at javax.swing.text.DefaultCaret$Handler.insertUpdate(DefaultCaret.java:1819) ~[?:?]
	at javax.swing.text.AbstractDocument.fireInsertUpdate(AbstractDocument.java:227) ~[?:?]
	at javax.swing.text.AbstractDocument.handleInsertString(AbstractDocument.java:781) ~[?:?]
	at javax.swing.text.AbstractDocument.insertString(AbstractDocument.java:740) ~[?:?]
	at javax.swing.text.PlainDocument.insertString(PlainDocument.java:131) ~[?:?]
	at javax.swing.text.AbstractDocument.replace(AbstractDocument.java:699) ~[?:?]
	at javax.swing.text.JTextComponent.setText(JTextComponent.java:1725) ~[?:?]
	at com.st.microxplorer.plugins.projectmanager.gui.ProjectChoiceTab.createHeapStackFields(ProjectChoiceTab.java:975) ~[filemanager.jar:?]
	at com.st.microxplorer.plugins.projectmanager.gui.ProjectChoiceTab.buildLinkSettingsPanel(ProjectChoiceTab.java:3666) ~[filemanager.jar:?]
	at com.st.microxplorer.plugins.projectmanager.gui.ProjectChoiceTab.defineWindowsFields(ProjectChoiceTab.java:1934) ~[filemanager.jar:?]
	at com.st.microxplorer.plugins.projectmanager.gui.ProjectChoiceTab.updateSettings(ProjectChoiceTab.java:553) ~[filemanager.jar:?]
	at com.st.microxplorer.plugins.projectmanager.gui.ProjectSettingsPanel.UpdateDialog(ProjectSettingsPanel.java:245) ~[filemanager.jar:?]
	at com.st.microxplorer.plugins.projectmanager.ProjectManagerView.propertyChange(ProjectManagerView.java:391) ~[filemanager.jar:?]
	at java.beans.PropertyChangeSupport.fire(PropertyChangeSupport.java:343) ~[?:?]
	at java.beans.PropertyChangeSupport.firePropertyChange(PropertyChangeSupport.java:335) ~[?:?]
	at java.beans.PropertyChangeSupport.firePropertyChange(PropertyChangeSupport.java:268) ~[?:?]
	at com.st.microxplorer.util.MXPropertyChangeSupport.firePropertyChange(MXPropertyChangeSupport.java:54) ~[STM32CubeMX.jar:?]
	at com.st.microxplorer.mxsystem.MxSystem.closeConfig(MxSystem.java:899) ~[STM32CubeMX.jar:?]
	at com.st.microxplorer.maingui.MainPanel.closeConfig(MainPanel.java:789) ~[STM32CubeMX.jar:?]
	at com.st.microxplorer.plugins.filemanager.engine.OpenFileManager.loadConfigurationFile(OpenFileManager.java:265) ~[filemanager.jar:?]
	at com.st.microxplorer.plugins.filemanager.engine.MainFileManager.userLoadConfig(MainFileManager.java:340) ~[filemanager.jar:?]
	at com.st.microxplorer.plugins.filemanager.engine.MainFileManager.userLoadConfig(MainFileManager.java:318) ~[filemanager.jar:?]
	at com.st.microxplorer.plugins.filemanager.FileManagerView.getSpecificTask(FileManagerView.java:246) ~[filemanager.jar:?]
	at com.st.stm32cube.common.mx.editor.CubeMxEditor.getMxTabbedPaneInstance(CubeMxEditor.java:1198) ~[com.st.stm32cube.common.mx_6.13.0.202411220809/:?]
	at com.st.stm32cube.common.mx.editor.CubeMxEditor$12$1.createSwingComponent(CubeMxEditor.java:1068) ~[com.st.stm32cube.common.mx_6.13.0.202411220809/:?]
	at com.st.stm32cube.common.mx.oss.core.awtswtbridge.EmbeddedSwingComposite.doComponentCreation(EmbeddedSwingComposite.java:492) ~[com.st.stm32cube.common.mx.oss_6.13.0.202411220809/:?]
	at com.st.stm32cube.common.mx.oss.core.awtswtbridge.EmbeddedSwingComposite$4.run(EmbeddedSwingComposite.java:291) ~[com.st.stm32cube.common.mx.oss_6.13.0.202411220809/:?]
	at com.st.stm32cube.common.mx.oss.core.awtswtbridge.AwtEnvironment$2.run(AwtEnvironment.java:166) ~[com.st.stm32cube.common.mx.oss_6.13.0.202411220809/:?]
	at java.awt.event.InvocationEvent.dispatch(InvocationEvent.java:318) ~[?:?]
	at java.awt.EventQueue.dispatchEventImpl(EventQueue.java:773) ~[?:?]
	at java.awt.EventQueue$4.run(EventQueue.java:720) ~[?:?]
	at java.awt.EventQueue$4.run(EventQueue.java:714) ~[?:?]
	at java.security.AccessController.doPrivileged(AccessController.java:400) ~[?:?]
	at java.security.ProtectionDomain$JavaSecurityAccessImpl.doIntersectionPrivilege(ProtectionDomain.java:87) ~[?:?]
	at java.awt.EventQueue.dispatchEvent(EventQueue.java:742) ~[?:?]
	at java.awt.EventDispatchThread.pumpOneEventForFilters(EventDispatchThread.java:203) ~[?:?]
	at java.awt.EventDispatchThread.pumpEventsForFilter(EventDispatchThread.java:124) ~[?:?]
	at java.awt.EventDispatchThread.pumpEventsForHierarchy(EventDispatchThread.java:113) ~[?:?]
	at java.awt.EventDispatchThread.pumpEvents(EventDispatchThread.java:109) ~[?:?]
	at java.awt.EventDispatchThread.pumpEvents(EventDispatchThread.java:101) ~[?:?]
	at java.awt.EventDispatchThread.run(EventDispatchThread.java:90) ~[?:?]
2025-05-24 18:42:44,366 [WARN] ThirdParty:871 - waiting for thirdparty lock release [close project]
2025-05-24 18:42:44,366 [INFO] ThirdParty:873 - entering critical section [close project]
2025-05-24 18:42:44,366 [INFO] ThirdParty:883 - exiting critical section [close project]
2025-05-24 18:42:44,368 [INFO] PinOutPanel:1589 - setPackage(No Configuration,No Configuration)
2025-05-24 18:42:44,392 [WARN] IpParametersView:154 - Warning: This peripheral hasn't parameters
2025-05-24 18:42:44,411 [WARN] MainPanel:289 - <html><b><center>Warning: This peripheral has no parameters to be configured<br></b></html>
2025-05-24 18:42:44,412 [ERROR] MainPanel:599 - java.lang.IndexOutOfBoundsException: Index: 0, Tab count: 0
2025-05-24 18:42:44,417 [INFO] UtilMem:75 - Begin LoadConfig() Used Memory: 862009432 Bytes (1073741824)
2025-05-24 18:42:44,419 [INFO] MicroXplorer:468 - Change Database Path : 
2025-05-24 18:42:44,419 [INFO] MicroXplorer:498 - Change Database Version : DB.6.0.130
2025-05-24 18:42:44,419 [INFO] OpenFileManager:332 - Change cursor
2025-05-24 18:42:44,447 [INFO] Mcu:2035 - Initializing MCU STM32F411C(C-E)Ux STM32F411CEUx STM32F411CEU6
2025-05-24 18:42:45,025 [INFO] Context:748 - Trying to add GPIOservice into a context  which must be forbidden
2025-05-24 18:42:45,925 [INFO] RtosManager:555 - Registered RTOS mode: class=CMSIS, group=RTOS, mode=CMSIS_V1, owner=FREERTOS
2025-05-24 18:42:45,936 [INFO] RtosManager:555 - Registered RTOS mode: class=CMSIS, group=RTOS2, mode=CMSIS_V2, owner=FREERTOS
2025-05-24 18:42:45,939 [INFO] RtosManager:555 - Registered RTOS mode: class=RTOS, group=Core, mode=CMSIS_V1, owner=FREERTOS
2025-05-24 18:42:45,939 [INFO] RtosManager:555 - Registered RTOS mode: class=RTOS, group=Core, mode=CMSIS_V2, owner=FREERTOS
2025-05-24 18:42:45,940 [WARN] ModelIntegratedComponent:184 - Missing modes for component STMicroelectronics:FreeRTOS:0.0.1:STMicroelectronics:RTOS:FreeRTOS:Core:::10.2.0:
2025-05-24 18:42:45,943 [WARN] ModelIntegratedComponent:182 - Modes not found for component STMicroelectronics:USB_HOST:1.0.0:STMicroelectronics:USB::USB Host:Audio HS::1.0:USB_HOST_1_0_RESTRICTED_HS
2025-05-24 18:42:45,943 [WARN] ModelIntegratedComponent:188 - Modes not found for component STMicroelectronics:USB_HOST:1.0.0:STMicroelectronics:USB::USB Host:Audio HS::1.0:USB_HOST_1_0_RESTRICTED_HS
2025-05-24 18:42:45,943 [WARN] ModelIntegratedComponent:182 - Modes not found for component STMicroelectronics:USB_HOST:1.0.0:STMicroelectronics:USB::USB Host:CDC HS::1.0:USB_HOST_1_0_RESTRICTED_HS
2025-05-24 18:42:45,943 [WARN] ModelIntegratedComponent:188 - Modes not found for component STMicroelectronics:USB_HOST:1.0.0:STMicroelectronics:USB::USB Host:CDC HS::1.0:USB_HOST_1_0_RESTRICTED_HS
2025-05-24 18:42:45,943 [WARN] ModelIntegratedComponent:182 - Modes not found for component STMicroelectronics:USB_HOST:1.0.0:STMicroelectronics:USB::USB Host:MSC HS::1.0:USB_HOST_1_0_RESTRICTED_HS
2025-05-24 18:42:45,943 [WARN] ModelIntegratedComponent:188 - Modes not found for component STMicroelectronics:USB_HOST:1.0.0:STMicroelectronics:USB::USB Host:MSC HS::1.0:USB_HOST_1_0_RESTRICTED_HS
2025-05-24 18:42:45,943 [WARN] ModelIntegratedComponent:182 - Modes not found for component STMicroelectronics:USB_HOST:1.0.0:STMicroelectronics:USB::USB Host:HID HS::1.0:USB_HOST_1_0_RESTRICTED_HS
2025-05-24 18:42:45,943 [WARN] ModelIntegratedComponent:188 - Modes not found for component STMicroelectronics:USB_HOST:1.0.0:STMicroelectronics:USB::USB Host:HID HS::1.0:USB_HOST_1_0_RESTRICTED_HS
2025-05-24 18:42:45,943 [WARN] ModelIntegratedComponent:182 - Modes not found for component STMicroelectronics:USB_HOST:1.0.0:STMicroelectronics:USB::USB Host:MTP HS::1.0:USB_HOST_1_0_RESTRICTED_HS
2025-05-24 18:42:45,943 [WARN] ModelIntegratedComponent:188 - Modes not found for component STMicroelectronics:USB_HOST:1.0.0:STMicroelectronics:USB::USB Host:MTP HS::1.0:USB_HOST_1_0_RESTRICTED_HS
2025-05-24 18:42:45,946 [WARN] ModelIntegratedComponent:63 - No mode defined for component null
2025-05-24 18:42:45,946 [WARN] ModelIntegratedComponent:63 - No mode defined for component null
2025-05-24 18:42:45,946 [WARN] ModelIntegratedComponent:63 - No mode defined for component null
2025-05-24 18:42:45,946 [WARN] ModelIntegratedComponent:63 - No mode defined for component null
2025-05-24 18:42:45,946 [WARN] ModelIntegratedComponent:63 - No mode defined for component null
2025-05-24 18:42:45,946 [WARN] ModelIntegratedComponent:63 - No mode defined for component null
2025-05-24 18:42:45,946 [WARN] ModelIntegratedComponent:63 - No mode defined for component null
2025-05-24 18:42:45,946 [WARN] ModelIntegratedComponent:63 - No mode defined for component null
2025-05-24 18:42:45,946 [WARN] ModelIntegratedComponent:63 - No mode defined for component null
2025-05-24 18:42:45,946 [WARN] ModelIntegratedComponent:63 - No mode defined for component null
2025-05-24 18:42:45,946 [WARN] ModelIntegratedComponent:63 - No mode defined for component null
2025-05-24 18:42:45,946 [WARN] ModelIntegratedComponent:63 - No mode defined for component null
2025-05-24 18:42:45,946 [WARN] ModelIntegratedComponent:63 - No mode defined for component null
2025-05-24 18:42:45,946 [WARN] ModelIntegratedComponent:63 - No mode defined for component null
2025-05-24 18:42:45,946 [WARN] ModelIntegratedComponent:63 - No mode defined for component null
2025-05-24 18:42:45,946 [WARN] ModelIntegratedComponent:63 - No mode defined for component null
2025-05-24 18:42:45,946 [WARN] ModelIntegratedComponent:63 - No mode defined for component null
2025-05-24 18:42:45,946 [WARN] ModelIntegratedComponent:63 - No mode defined for component null
2025-05-24 18:42:45,946 [WARN] ModelIntegratedComponent:63 - No mode defined for component null
2025-05-24 18:42:45,946 [WARN] ModelIntegratedComponent:63 - No mode defined for component null
2025-05-24 18:42:45,946 [WARN] ModelIntegratedComponent:63 - No mode defined for component null
2025-05-24 18:42:45,946 [WARN] ModelIntegratedComponent:63 - No mode defined for component null
2025-05-24 18:42:45,946 [WARN] ModelIntegratedComponent:63 - No mode defined for component null
2025-05-24 18:42:45,946 [WARN] ModelIntegratedComponent:63 - No mode defined for component null
2025-05-24 18:42:45,946 [WARN] ModelIntegratedComponent:63 - No mode defined for component null
2025-05-24 18:42:45,946 [WARN] ModelIntegratedComponent:63 - No mode defined for component null
2025-05-24 18:42:45,946 [WARN] ModelIntegratedComponent:63 - No mode defined for component null
2025-05-24 18:42:45,946 [WARN] ModelIntegratedComponent:63 - No mode defined for component null
2025-05-24 18:42:45,946 [WARN] ModelIntegratedComponent:63 - No mode defined for component null
2025-05-24 18:42:45,946 [WARN] ModelIntegratedComponent:63 - No mode defined for component null
2025-05-24 18:42:45,946 [WARN] ModelIntegratedComponent:63 - No mode defined for component null
2025-05-24 18:42:45,946 [WARN] ModelIntegratedComponent:63 - No mode defined for component null
2025-05-24 18:42:45,946 [WARN] ModelIntegratedComponent:63 - No mode defined for component null
2025-05-24 18:42:45,946 [WARN] ModelIntegratedComponent:63 - No mode defined for component null
2025-05-24 18:42:45,946 [WARN] ModelIntegratedComponent:63 - No mode defined for component null
2025-05-24 18:42:45,946 [WARN] ModelPack:524 - Component already loaded: STMicroelectronics:HAL Drivers:0.0.0:STMicroelectronics:Device:STMicro_Driver:XSPI:HAL::0.0.1:HAL_XSPI
2025-05-24 18:42:45,988 [WARN] ModelIntegratedComponent:182 - Modes not found for component STMicroelectronics:USB_DEVICE:1.0.0:STMicroelectronics:USB::USB Device:Audio HS::1.0:USB_DEVICE_1_0_RESTRICTED_HS
2025-05-24 18:42:45,990 [WARN] ModelIntegratedComponent:188 - Modes not found for component STMicroelectronics:USB_DEVICE:1.0.0:STMicroelectronics:USB::USB Device:Audio HS::1.0:USB_DEVICE_1_0_RESTRICTED_HS
2025-05-24 18:42:45,990 [WARN] ModelIntegratedComponent:182 - Modes not found for component STMicroelectronics:USB_DEVICE:1.0.0:STMicroelectronics:USB::USB Device:CDC HS::1.0:USB_DEVICE_1_0_RESTRICTED_HS
2025-05-24 18:42:45,990 [WARN] ModelIntegratedComponent:188 - Modes not found for component STMicroelectronics:USB_DEVICE:1.0.0:STMicroelectronics:USB::USB Device:CDC HS::1.0:USB_DEVICE_1_0_RESTRICTED_HS
2025-05-24 18:42:45,990 [WARN] ModelIntegratedComponent:182 - Modes not found for component STMicroelectronics:USB_DEVICE:1.0.0:STMicroelectronics:USB::USB Device:DFU HS::1.0:USB_DEVICE_1_0_RESTRICTED_HS
2025-05-24 18:42:45,991 [WARN] ModelIntegratedComponent:188 - Modes not found for component STMicroelectronics:USB_DEVICE:1.0.0:STMicroelectronics:USB::USB Device:DFU HS::1.0:USB_DEVICE_1_0_RESTRICTED_HS
2025-05-24 18:42:45,991 [WARN] ModelIntegratedComponent:182 - Modes not found for component STMicroelectronics:USB_DEVICE:1.0.0:STMicroelectronics:USB::USB Device:HID HS::1.0:USB_DEVICE_1_0_RESTRICTED_HS
2025-05-24 18:42:45,991 [WARN] ModelIntegratedComponent:188 - Modes not found for component STMicroelectronics:USB_DEVICE:1.0.0:STMicroelectronics:USB::USB Device:HID HS::1.0:USB_DEVICE_1_0_RESTRICTED_HS
2025-05-24 18:42:45,991 [WARN] ModelIntegratedComponent:182 - Modes not found for component STMicroelectronics:USB_DEVICE:1.0.0:STMicroelectronics:USB::USB Device:Custom HID HS::1.0:USB_DEVICE_1_0_RESTRICTED_HS
2025-05-24 18:42:45,991 [WARN] ModelIntegratedComponent:188 - Modes not found for component STMicroelectronics:USB_DEVICE:1.0.0:STMicroelectronics:USB::USB Device:Custom HID HS::1.0:USB_DEVICE_1_0_RESTRICTED_HS
2025-05-24 18:42:45,991 [WARN] ModelIntegratedComponent:182 - Modes not found for component STMicroelectronics:USB_DEVICE:1.0.0:STMicroelectronics:USB::USB Device:MSC HS::1.0:USB_DEVICE_1_0_RESTRICTED_HS
2025-05-24 18:42:45,991 [WARN] ModelIntegratedComponent:188 - Modes not found for component STMicroelectronics:USB_DEVICE:1.0.0:STMicroelectronics:USB::USB Device:MSC HS::1.0:USB_DEVICE_1_0_RESTRICTED_HS
2025-05-24 18:42:46,002 [INFO] ThirdPartyModel:298 - Start build external matchings
2025-05-24 18:42:46,421 [INFO] ThirdPartyModel:316 - End build external matchings
2025-05-24 18:42:46,452 [INFO] ImportTextPane:218 - (OptionalMessage_ERROR) IP (RCC) : Parameter (48MHZClocksFreq_Value) has invalid value (50000000)
2025-05-24 18:42:46,454 [INFO] ImportTextPane:218 - (OptionalMessage_ERROR) IP (RCC) : Parameter (RTCHSEDivFreq_Value) has invalid value (12500000)
2025-05-24 18:42:46,632 [INFO] UtilMem:75 - End LoadConfig() Used Memory: 921975952 Bytes (1073741824)
2025-05-24 18:42:46,867 [WARN] ThirdParty:833 - waiting for thirdparty lock release [change project]
2025-05-24 18:42:46,869 [INFO] ThirdParty:835 - entering critical section [change project]
2025-05-24 18:42:46,870 [INFO] ThirdParty:1030 - CMSIS Pack Vendor :STMicroelectronics USBPD 4.1
2025-05-24 18:42:46,870 [INFO] ThirdParty:1030 - CMSIS Pack Vendor :STMicroelectronics X-CUBE-AZRTOS-H7 3.3.0
2025-05-24 18:42:46,870 [INFO] ThirdParty:1030 - CMSIS Pack Vendor :STMicroelectronics X-CUBE-NFC9 1.0.0
2025-05-24 18:42:46,870 [INFO] ThirdParty:1030 - CMSIS Pack Vendor :STMicroelectronics USB_HOST 2.0.0
2025-05-24 18:42:46,870 [INFO] ThirdParty:1030 - CMSIS Pack Vendor :STMicroelectronics FP-SNS-MOTENVWB1 1.4.0
2025-05-24 18:42:46,870 [INFO] ThirdParty:1030 - CMSIS Pack Vendor :STMicroelectronics X-CUBE-AZRTOS-F4 1.1.0
2025-05-24 18:42:46,870 [INFO] ThirdParty:1030 - CMSIS Pack Vendor :STMicroelectronics LIBJPEG 8.0.0
2025-05-24 18:42:46,870 [INFO] ThirdParty:1030 - CMSIS Pack Vendor :STMicroelectronics FP-ATR-ASTRA1 2.0.2
2025-05-24 18:42:46,870 [INFO] ThirdParty:1030 - CMSIS Pack Vendor :STMicroelectronics FP-ATR-ASTRA1 2.0.1
2025-05-24 18:42:46,870 [INFO] ThirdParty:1030 - CMSIS Pack Vendor :STMicroelectronics X-CUBE-BLE1 7.1.0
2025-05-24 18:42:46,870 [INFO] ThirdParty:1030 - CMSIS Pack Vendor :Avnet-IotConnect X-CUBE-IoTC-DA16k-PMOD 1.0.0
2025-05-24 18:42:46,870 [INFO] ThirdParty:1030 - CMSIS Pack Vendor :STMicroelectronics X-CUBE-SMBUS 2.1.0
2025-05-24 18:42:46,871 [INFO] ThirdParty:1030 - CMSIS Pack Vendor :STMicroelectronics X-CUBE-WB05N 1.1.0
2025-05-24 18:42:46,871 [INFO] ThirdParty:1030 - CMSIS Pack Vendor :STMicroelectronics USB_DEVICE 3.0.0
2025-05-24 18:42:46,871 [INFO] ThirdParty:1030 - CMSIS Pack Vendor :STMicroelectronics X-CUBE-ISPU 2.1.0
2025-05-24 18:42:46,871 [INFO] ThirdParty:1030 - CMSIS Pack Vendor :STMicroelectronics X-CUBE-AZRTOS-WB 2.0.0
2025-05-24 18:42:46,871 [INFO] ThirdParty:1030 - CMSIS Pack Vendor :STMicroelectronics X-CUBE-GNSS1 7.0.1
2025-05-24 18:42:46,871 [INFO] ThirdParty:1030 - CMSIS Pack Vendor :STMicroelectronics X-CUBE-AZRTOS-F7 1.1.0
2025-05-24 18:42:46,871 [INFO] ThirdParty:1030 - CMSIS Pack Vendor :STMicroelectronics X-CUBE-AZRTOS-L5 2.0.0
2025-05-24 18:42:46,871 [INFO] ThirdParty:1030 - CMSIS Pack Vendor :STMicroelectronics X-CUBE-TOUCHGFX 4.25.0
2025-05-24 18:42:46,871 [INFO] ThirdParty:1030 - CMSIS Pack Vendor :STMicroelectronics USB_DEVICE 2.0.0
2025-05-24 18:42:46,871 [INFO] ThirdParty:1030 - CMSIS Pack Vendor :STMicroelectronics X-CUBE-NFC6 3.1.0
2025-05-24 18:42:46,871 [INFO] ThirdParty:1030 - CMSIS Pack Vendor :STMicroelectronics FP-SNS-STBOX1 2.0.0
2025-05-24 18:42:46,871 [INFO] ThirdParty:1030 - CMSIS Pack Vendor :STMicroelectronics X-CUBE-MEMS1 11.2.0
2025-05-24 18:42:46,871 [INFO] ThirdParty:1030 - CMSIS Pack Vendor :STMicroelectronics FreeRTOS 0.0.1
2025-05-24 18:42:46,871 [INFO] ThirdParty:1030 - CMSIS Pack Vendor :STMicroelectronics X-CUBE-AZRTOS-G0 1.1.0
2025-05-24 18:42:46,871 [INFO] ThirdParty:1030 - CMSIS Pack Vendor :STMicroelectronics X-CUBE-SAFEA1 1.2.2
2025-05-24 18:42:46,871 [INFO] ThirdParty:1030 - CMSIS Pack Vendor :STMicroelectronics X-CUBE-NFC4 3.0.0
2025-05-24 18:42:46,871 [INFO] ThirdParty:1030 - CMSIS Pack Vendor :STMicroelectronics X-CUBE-DPower 1.2.0
2025-05-24 18:42:46,871 [INFO] ThirdParty:1030 - CMSIS Pack Vendor :STMicroelectronics X-CUBE-SUBG2 5.0.0
2025-05-24 18:42:46,871 [INFO] ThirdParty:1030 - CMSIS Pack Vendor :STMicroelectronics X-CUBE-AZRTOS-H7RS 1.1.0
2025-05-24 18:42:46,871 [INFO] ThirdParty:1030 - CMSIS Pack Vendor :STMicroelectronics STM32_WPAN 1.0.0
2025-05-24 18:42:46,871 [INFO] ThirdParty:1030 - CMSIS Pack Vendor :EmbeddedOffice I-CUBE-FS-RTOS 1.0.1
2025-05-24 18:42:46,871 [INFO] ThirdParty:1030 - CMSIS Pack Vendor :STMicroelectronics lwIP 2.0.3
2025-05-24 18:42:46,871 [INFO] ThirdParty:1030 - CMSIS Pack Vendor :STMicroelectronics FP-SNS-FLIGHT1 5.0.2
2025-05-24 18:42:46,871 [INFO] ThirdParty:1030 - CMSIS Pack Vendor :Cesanta I-CUBE-Mongoose 7.13.0
2025-05-24 18:42:46,871 [INFO] ThirdParty:1030 - CMSIS Pack Vendor :STMicroelectronics USB_HOST 1.0.0
2025-05-24 18:42:46,871 [INFO] ThirdParty:1030 - CMSIS Pack Vendor :Infineon AIROC-Wi-Fi-Bluetooth-STM32 1.7.0
2025-05-24 18:42:46,871 [INFO] ThirdParty:1030 - CMSIS Pack Vendor :STMicroelectronics X-CUBE-AZRTOS-G4 2.0.0
2025-05-24 18:42:46,871 [INFO] ThirdParty:1030 - CMSIS Pack Vendor :STMicroelectronics X-CUBE-WB05N 2.0.0
2025-05-24 18:42:46,871 [INFO] ThirdParty:1030 - CMSIS Pack Vendor :STMicroelectronics PDM2PCM 3.1.0
2025-05-24 18:42:46,871 [INFO] ThirdParty:1030 - CMSIS Pack Vendor :STMicroelectronics PDM2PCM 3.3.0
2025-05-24 18:42:46,871 [INFO] ThirdParty:1030 - CMSIS Pack Vendor :STMicroelectronics X-CUBE-DISPLAY 3.0.0
2025-05-24 18:42:46,871 [INFO] ThirdParty:1030 - CMSIS Pack Vendor :STMicroelectronics X-CUBE-NFC7 2.0.0
2025-05-24 18:42:46,871 [INFO] ThirdParty:1030 - CMSIS Pack Vendor :STMicroelectronics X-CUBE-TCPP 4.2.0
2025-05-24 18:42:46,871 [INFO] ThirdParty:1030 - CMSIS Pack Vendor :RealThread X-CUBE-RT-Thread_Nano 4.1.1
2025-05-24 18:42:46,871 [INFO] ThirdParty:1030 - CMSIS Pack Vendor :STMicroelectronics X-CUBE-BLE1 7.0.0
2025-05-24 18:42:46,871 [INFO] ThirdParty:1030 - CMSIS Pack Vendor :STMicroelectronics FP-ATR-SIGFOX1 3.2.0
2025-05-24 18:42:46,871 [INFO] ThirdParty:1030 - CMSIS Pack Vendor :STMicroelectronics X-CUBE-NFC10 1.0.0
2025-05-24 18:42:46,871 [INFO] ThirdParty:1030 - CMSIS Pack Vendor :quantropi X-CUBE-qispace-sdk-base 1.9.3
2025-05-24 18:42:46,871 [INFO] ThirdParty:1030 - CMSIS Pack Vendor :STMicroelectronics X-CUBE-BLEMGR 4.0.0
2025-05-24 18:42:46,871 [INFO] ThirdParty:1030 - CMSIS Pack Vendor :STMicroelectronics X-CUBE-EEPRMA1 5.1.0
2025-05-24 18:42:46,871 [INFO] ThirdParty:1030 - CMSIS Pack Vendor :STMicroelectronics X-CUBE-FREERTOS 1.3.1
2025-05-24 18:42:46,871 [INFO] ThirdParty:1030 - CMSIS Pack Vendor :STMicroelectronics HAL Drivers 0.0.0
2025-05-24 18:42:46,871 [INFO] ThirdParty:1030 - CMSIS Pack Vendor :STMicroelectronics MBEDTLS 2.16.2
2025-05-24 18:42:46,871 [INFO] ThirdParty:1030 - CMSIS Pack Vendor :STMicroelectronics X-CUBE-IPS 3.1.0
2025-05-24 18:42:46,871 [INFO] ThirdParty:1030 - CMSIS Pack Vendor :STMicroelectronics X-CUBE-ALS 1.0.2
2025-05-24 18:42:46,871 [INFO] ThirdParty:1030 - CMSIS Pack Vendor :emotas I-CUBE-CANOPEN 1.3.0
2025-05-24 18:42:46,871 [INFO] ThirdParty:1030 - CMSIS Pack Vendor :STMicroelectronics X-CUBE-FREERTOS 1.3.0
2025-05-24 18:42:46,871 [INFO] ThirdParty:1030 - CMSIS Pack Vendor :wolfSSL I-CUBE-wolfSSL 5.7.4
2025-05-24 18:42:46,871 [INFO] ThirdParty:1030 - CMSIS Pack Vendor :STMicroelectronics X-CUBE-NFC7 1.0.1
2025-05-24 18:42:46,871 [INFO] ThirdParty:1030 - CMSIS Pack Vendor :STMicroelectronics MBEDTLS 2.14.1
2025-05-24 18:42:46,871 [INFO] ThirdParty:1030 - CMSIS Pack Vendor :ITTIA_DB I-CUBE-ITTIADB 8.9.0
2025-05-24 18:42:46,871 [INFO] ThirdParty:1030 - CMSIS Pack Vendor :STMicroelectronics X-CUBE-TOUCHGFX 4.24.2
2025-05-24 18:42:46,871 [INFO] ThirdParty:1030 - CMSIS Pack Vendor :wolfSSL I-CUBE-wolfTPM 3.4.0
2025-05-24 18:42:46,871 [INFO] ThirdParty:1030 - CMSIS Pack Vendor :portGmbH I-Cube-SoM-uGOAL 1.1.0
2025-05-24 18:42:46,871 [INFO] ThirdParty:1030 - CMSIS Pack Vendor :STMicroelectronics X-CUBE-AI 10.0.0
2025-05-24 18:42:46,871 [INFO] ThirdParty:1030 - CMSIS Pack Vendor :STMicroelectronics ThreadX 1.0.0
2025-05-24 18:42:46,871 [INFO] ThirdParty:1030 - CMSIS Pack Vendor :STMicroelectronics FP-SNS-SMARTAG2 1.2.0
2025-05-24 18:42:46,871 [INFO] ThirdParty:1030 - CMSIS Pack Vendor :STMicroelectronics FP-SNS-FLIGHT1 5.1.0
2025-05-24 18:42:46,871 [INFO] ThirdParty:1030 - CMSIS Pack Vendor :STMicroelectronics X-CUBE-MEMS1 11.1.0
2025-05-24 18:42:46,871 [INFO] ThirdParty:1030 - CMSIS Pack Vendor :STMicroelectronics X-CUBE-AZRTOS-WL 2.0.0
2025-05-24 18:42:46,872 [INFO] ThirdParty:1030 - CMSIS Pack Vendor :SEGGER I-CUBE-embOS 1.3.1
2025-05-24 18:42:46,872 [INFO] ThirdParty:1030 - CMSIS Pack Vendor :STMicroelectronics X-CUBE-ALGOBUILD 1.4.0
2025-05-24 18:42:46,872 [INFO] ThirdParty:1030 - CMSIS Pack Vendor :STMicroelectronics X-CUBE-DPower 1.3.0
2025-05-24 18:42:46,872 [INFO] ThirdParty:1030 - CMSIS Pack Vendor :STMicroelectronics FP-SNS-MOTENV1 5.0.0
2025-05-24 18:42:46,872 [INFO] ThirdParty:1030 - CMSIS Pack Vendor :STMicroelectronics USB_DEVICE 1.0.0
2025-05-24 18:42:46,872 [INFO] ThirdParty:1030 - CMSIS Pack Vendor :STMicroelectronics X-CUBE-AZRTOS-H7RS 1.0.0
2025-05-24 18:42:46,872 [INFO] ThirdParty:1030 - CMSIS Pack Vendor :wolfSSL I-CUBE-wolfMQTT 1.19.0
2025-05-24 18:42:46,872 [INFO] ThirdParty:1030 - CMSIS Pack Vendor :STMicroelectronics X-CUBE-AZRTOS-L4 2.0.0
2025-05-24 18:42:46,872 [INFO] ThirdParty:1030 - CMSIS Pack Vendor :STMicroelectronics ThreadX 0.0.2
2025-05-24 18:42:46,872 [INFO] ThirdParty:1030 - CMSIS Pack Vendor :WES I-CUBE-Cesium 1.3.0
2025-05-24 18:42:46,872 [INFO] ThirdParty:1030 - CMSIS Pack Vendor :STMicroelectronics lwIP 2.1.2
2025-05-24 18:42:46,872 [INFO] ThirdParty:1030 - CMSIS Pack Vendor :STMicroelectronics X-CUBE-SFXS2LP1 4.0.0
2025-05-24 18:42:46,872 [INFO] ThirdParty:1030 - CMSIS Pack Vendor :STMicroelectronics X-CUBE-BLE2 3.3.0
2025-05-24 18:42:46,872 [INFO] ThirdParty:1030 - CMSIS Pack Vendor :STMicroelectronics X-CUBE-TOF1 3.4.2
2025-05-24 18:42:46,872 [INFO] ThirdParty:1030 - CMSIS Pack Vendor :STMicroelectronics X-CUBE-TOF1 3.4.3
2025-05-24 18:42:46,872 [INFO] ThirdParty:1030 - CMSIS Pack Vendor :STMicroelectronics X-CUBE-AI 9.1.0
2025-05-24 18:42:46,872 [INFO] ThirdParty:1030 - CMSIS Pack Vendor :STMicroelectronics PDM2PCM 3.2.0
2025-05-24 18:42:46,872 [INFO] ThirdParty:1030 - CMSIS Pack Vendor :wolfSSL I-CUBE-wolfSSH 1.4.17
2025-05-24 18:42:46,872 [INFO] ThirdParty:841 - exiting critical section [change project]
2025-05-24 18:42:47,321 [INFO] PinOutPanel:1589 - setPackage(No Configuration,No Configuration)
2025-05-24 18:42:47,324 [INFO] PinOutPanel:1589 - setPackage(STM32F411CEUx,UFQFPN48)
2025-05-24 18:42:47,717 [INFO] UtilMem:75 - Before build in PCC Used Memory: 828868712 Bytes (1073741824)
2025-05-24 18:42:48,029 [INFO] UtilMem:75 - After build in PCC Used Memory: 871860328 Bytes (1073741824)
2025-05-24 18:42:48,057 [INFO] IPUIPlugin:80 - create IPUIPlugin
2025-05-24 18:42:48,058 [INFO] IPUIPlugin:80 - create IPUIPlugin
2025-05-24 18:42:48,058 [INFO] IPUIPlugin:80 - create IPUIPlugin
2025-05-24 18:42:48,058 [INFO] IPUIPlugin:80 - create IPUIPlugin
2025-05-24 18:42:48,058 [INFO] IPUIPlugin:80 - create IPUIPlugin
2025-05-24 18:42:48,059 [INFO] IPUIPlugin:80 - create IPUIPlugin
2025-05-24 18:42:48,059 [INFO] IPUIPlugin:80 - create IPUIPlugin
2025-05-24 18:42:48,059 [INFO] IPUIPlugin:80 - create IPUIPlugin
2025-05-24 18:42:48,059 [INFO] IPUIPlugin:80 - create IPUIPlugin
2025-05-24 18:42:48,059 [INFO] IPUIPlugin:80 - create IPUIPlugin
2025-05-24 18:42:48,059 [INFO] IPUIPlugin:80 - create IPUIPlugin
2025-05-24 18:42:48,059 [INFO] IPUIPlugin:80 - create IPUIPlugin
2025-05-24 18:42:48,059 [INFO] IPUIPlugin:80 - create IPUIPlugin
2025-05-24 18:42:48,059 [INFO] IPUIPlugin:80 - create IPUIPlugin
2025-05-24 18:42:48,060 [INFO] IPUIPlugin:80 - create IPUIPlugin
2025-05-24 18:42:48,060 [INFO] IPUIPlugin:80 - create IPUIPlugin
2025-05-24 18:42:48,060 [INFO] IPUIPlugin:80 - create IPUIPlugin
2025-05-24 18:42:48,060 [INFO] IPUIPlugin:80 - create IPUIPlugin
2025-05-24 18:42:48,060 [INFO] IPUIPlugin:80 - create IPUIPlugin
2025-05-24 18:42:48,060 [INFO] IPUIPlugin:80 - create IPUIPlugin
2025-05-24 18:42:48,060 [INFO] IPUIPlugin:80 - create IPUIPlugin
2025-05-24 18:42:48,060 [INFO] IPUIPlugin:80 - create IPUIPlugin
2025-05-24 18:42:48,060 [INFO] IPUIPlugin:80 - create IPUIPlugin
2025-05-24 18:42:48,060 [INFO] IPUIPlugin:80 - create IPUIPlugin
2025-05-24 18:42:48,060 [INFO] IPUIPlugin:80 - create IPUIPlugin
2025-05-24 18:42:48,060 [INFO] IPUIPlugin:80 - create IPUIPlugin
2025-05-24 18:42:48,061 [INFO] IPUIPlugin:80 - create IPUIPlugin
2025-05-24 18:42:48,061 [INFO] IPUIPlugin:80 - create IPUIPlugin
2025-05-24 18:42:48,061 [INFO] IPUIPlugin:80 - create IPUIPlugin
2025-05-24 18:42:48,061 [INFO] IPUIPlugin:80 - create IPUIPlugin
2025-05-24 18:42:48,061 [INFO] IPUIPlugin:80 - create IPUIPlugin
2025-05-24 18:42:48,061 [INFO] IPUIPlugin:80 - create IPUIPlugin
2025-05-24 18:42:48,061 [INFO] IPUIPlugin:80 - create IPUIPlugin
2025-05-24 18:42:48,061 [INFO] IPUIPlugin:80 - create IPUIPlugin
2025-05-24 18:42:48,061 [INFO] IPUIPlugin:80 - create IPUIPlugin
2025-05-24 18:42:48,061 [INFO] IPUIPlugin:80 - create IPUIPlugin
2025-05-24 18:42:48,061 [INFO] IPUIPlugin:80 - create IPUIPlugin
2025-05-24 18:42:48,061 [INFO] IPUIPlugin:80 - create IPUIPlugin
2025-05-24 18:42:48,061 [INFO] IPUIPlugin:80 - create IPUIPlugin
2025-05-24 18:42:48,062 [INFO] IPUIPlugin:80 - create IPUIPlugin
2025-05-24 18:42:48,062 [INFO] IPUIPlugin:80 - create IPUIPlugin
2025-05-24 18:42:48,062 [INFO] IPUIPlugin:80 - create IPUIPlugin
2025-05-24 18:42:48,062 [INFO] IPUIPlugin:80 - create IPUIPlugin
2025-05-24 18:42:48,073 [INFO] ApiDbMcu:508 - Load IP Config File for PDM2PCM
2025-05-24 18:42:48,078 [WARN] IP:2251 - I2C_Coeff_DF not found: check if there is a RefParameter without a condition.
2025-05-24 18:42:48,078 [WARN] IP:2251 - Analog_Filter not found: check if there is a RefParameter without a condition.
2025-05-24 18:42:48,158 [INFO] CADModel:165 - CPN selected for project levelSTM32F411CEU6
2025-05-24 18:42:48,159 [INFO] CADModel:114 - Register for checkConnection events
2025-05-24 18:42:48,201 [INFO] OpenFileManager:363 - Restore cursor
2025-05-24 18:42:48,410 [WARN] IP:2251 - I2C_Coeff_DF not found: check if there is a RefParameter without a condition.
2025-05-24 18:42:48,410 [WARN] IP:2251 - Analog_Filter not found: check if there is a RefParameter without a condition.
2025-05-24 18:42:48,410 [WARN] IP:2251 - I2C_Coeff_DF not found: check if there is a RefParameter without a condition.
2025-05-24 18:42:48,410 [WARN] IP:2251 - Analog_Filter not found: check if there is a RefParameter without a condition.
2025-05-24 18:44:05,439 [INFO] MainUpdater:2872 - connection check result : 10
2025-05-24 18:44:05,457 [INFO] MainUpdater:2872 - connection check result : 10
2025-05-24 18:44:05,965 [INFO] MicroXplorer:468 - Change Database Path : 
2025-05-24 18:44:05,965 [INFO] MicroXplorer:498 - Change Database Version : DB.6.0.130
2025-05-24 18:44:06,067 [ERROR] ProjectManagerView:394 - 
java.lang.NullPointerException: Cannot invoke "javax.swing.JTextField.getText()" because the return value of "java.util.List.get(int)" is null
	at com.st.microxplorer.plugins.projectmanager.gui.ProjectChoiceTab$9.caretUpdate(ProjectChoiceTab.java:2616) ~[filemanager.jar:?]
	at javax.swing.text.JTextComponent.fireCaretUpdate(JTextComponent.java:408) ~[?:?]
	at javax.swing.text.JTextComponent$MutableCaretEvent.fire(JTextComponent.java:4484) ~[?:?]
	at javax.swing.text.JTextComponent$MutableCaretEvent.stateChanged(JTextComponent.java:4506) ~[?:?]
	at javax.swing.text.DefaultCaret.fireStateChanged(DefaultCaret.java:857) ~[?:?]
	at javax.swing.text.DefaultCaret.changeCaretPosition(DefaultCaret.java:1343) ~[?:?]
	at javax.swing.text.DefaultCaret.handleSetDot(DefaultCaret.java:1242) ~[?:?]
	at javax.swing.text.DefaultCaret.setDot(DefaultCaret.java:1223) ~[?:?]
	at javax.swing.text.DefaultCaret$Handler.insertUpdate(DefaultCaret.java:1819) ~[?:?]
	at javax.swing.text.AbstractDocument.fireInsertUpdate(AbstractDocument.java:227) ~[?:?]
	at javax.swing.text.AbstractDocument.handleInsertString(AbstractDocument.java:781) ~[?:?]
	at javax.swing.text.AbstractDocument.insertString(AbstractDocument.java:740) ~[?:?]
	at javax.swing.text.PlainDocument.insertString(PlainDocument.java:131) ~[?:?]
	at javax.swing.text.AbstractDocument.replace(AbstractDocument.java:699) ~[?:?]
	at javax.swing.text.JTextComponent.setText(JTextComponent.java:1725) ~[?:?]
	at com.st.microxplorer.plugins.projectmanager.gui.ProjectChoiceTab.createHeapStackFields(ProjectChoiceTab.java:975) ~[filemanager.jar:?]
	at com.st.microxplorer.plugins.projectmanager.gui.ProjectChoiceTab.buildLinkSettingsPanel(ProjectChoiceTab.java:3666) ~[filemanager.jar:?]
	at com.st.microxplorer.plugins.projectmanager.gui.ProjectChoiceTab.defineWindowsFields(ProjectChoiceTab.java:1934) ~[filemanager.jar:?]
	at com.st.microxplorer.plugins.projectmanager.gui.ProjectChoiceTab.updateSettings(ProjectChoiceTab.java:553) ~[filemanager.jar:?]
	at com.st.microxplorer.plugins.projectmanager.gui.ProjectSettingsPanel.UpdateDialog(ProjectSettingsPanel.java:245) ~[filemanager.jar:?]
	at com.st.microxplorer.plugins.projectmanager.ProjectManagerView.propertyChange(ProjectManagerView.java:391) ~[filemanager.jar:?]
	at java.beans.PropertyChangeSupport.fire(PropertyChangeSupport.java:343) ~[?:?]
	at java.beans.PropertyChangeSupport.firePropertyChange(PropertyChangeSupport.java:335) ~[?:?]
	at java.beans.PropertyChangeSupport.firePropertyChange(PropertyChangeSupport.java:268) ~[?:?]
	at com.st.microxplorer.util.MXPropertyChangeSupport.firePropertyChange(MXPropertyChangeSupport.java:54) ~[STM32CubeMX.jar:?]
	at com.st.microxplorer.mxsystem.MxSystem.closeConfig(MxSystem.java:899) ~[STM32CubeMX.jar:?]
	at com.st.microxplorer.maingui.MainPanel.closeConfig(MainPanel.java:789) ~[STM32CubeMX.jar:?]
	at com.st.microxplorer.plugins.filemanager.engine.OpenFileManager.loadConfigurationFile(OpenFileManager.java:265) ~[filemanager.jar:?]
	at com.st.microxplorer.plugins.filemanager.engine.MainFileManager.userLoadConfig(MainFileManager.java:340) ~[filemanager.jar:?]
	at com.st.microxplorer.plugins.filemanager.engine.MainFileManager.userLoadConfig(MainFileManager.java:318) ~[filemanager.jar:?]
	at com.st.microxplorer.plugins.filemanager.FileManagerView.getSpecificTask(FileManagerView.java:246) ~[filemanager.jar:?]
	at com.st.stm32cube.common.mx.editor.CubeMxEditor.getMxTabbedPaneInstance(CubeMxEditor.java:1198) ~[com.st.stm32cube.common.mx_6.13.0.202411220809/:?]
	at com.st.stm32cube.common.mx.editor.CubeMxEditor$12$1.createSwingComponent(CubeMxEditor.java:1068) ~[com.st.stm32cube.common.mx_6.13.0.202411220809/:?]
	at com.st.stm32cube.common.mx.oss.core.awtswtbridge.EmbeddedSwingComposite.doComponentCreation(EmbeddedSwingComposite.java:492) ~[com.st.stm32cube.common.mx.oss_6.13.0.202411220809/:?]
	at com.st.stm32cube.common.mx.oss.core.awtswtbridge.EmbeddedSwingComposite$4.run(EmbeddedSwingComposite.java:291) ~[com.st.stm32cube.common.mx.oss_6.13.0.202411220809/:?]
	at com.st.stm32cube.common.mx.oss.core.awtswtbridge.AwtEnvironment$2.run(AwtEnvironment.java:166) ~[com.st.stm32cube.common.mx.oss_6.13.0.202411220809/:?]
	at java.awt.event.InvocationEvent.dispatch(InvocationEvent.java:318) ~[?:?]
	at java.awt.EventQueue.dispatchEventImpl(EventQueue.java:773) ~[?:?]
	at java.awt.EventQueue$4.run(EventQueue.java:720) ~[?:?]
	at java.awt.EventQueue$4.run(EventQueue.java:714) ~[?:?]
	at java.security.AccessController.doPrivileged(AccessController.java:400) ~[?:?]
	at java.security.ProtectionDomain$JavaSecurityAccessImpl.doIntersectionPrivilege(ProtectionDomain.java:87) ~[?:?]
	at java.awt.EventQueue.dispatchEvent(EventQueue.java:742) ~[?:?]
	at java.awt.EventDispatchThread.pumpOneEventForFilters(EventDispatchThread.java:203) ~[?:?]
	at java.awt.EventDispatchThread.pumpEventsForFilter(EventDispatchThread.java:124) ~[?:?]
	at java.awt.EventDispatchThread.pumpEventsForHierarchy(EventDispatchThread.java:113) ~[?:?]
	at java.awt.EventDispatchThread.pumpEvents(EventDispatchThread.java:109) ~[?:?]
	at java.awt.EventDispatchThread.pumpEvents(EventDispatchThread.java:101) ~[?:?]
	at java.awt.EventDispatchThread.run(EventDispatchThread.java:90) ~[?:?]
2025-05-24 18:44:06,074 [WARN] ThirdParty:871 - waiting for thirdparty lock release [close project]
2025-05-24 18:44:06,074 [INFO] ThirdParty:873 - entering critical section [close project]
2025-05-24 18:44:06,075 [INFO] ThirdParty:883 - exiting critical section [close project]
2025-05-24 18:44:06,077 [INFO] PinOutPanel:1589 - setPackage(No Configuration,No Configuration)
2025-05-24 18:44:06,104 [WARN] IpParametersView:154 - Warning: This peripheral hasn't parameters
2025-05-24 18:44:06,123 [WARN] MainPanel:289 - <html><b><center>Warning: This peripheral has no parameters to be configured<br></b></html>
2025-05-24 18:44:06,124 [ERROR] MainPanel:599 - java.lang.IndexOutOfBoundsException: Index: 0, Tab count: 0
2025-05-24 18:44:06,130 [INFO] UtilMem:75 - Begin LoadConfig() Used Memory: 785546248 Bytes (1073741824)
2025-05-24 18:44:06,131 [INFO] MicroXplorer:468 - Change Database Path : 
2025-05-24 18:44:06,131 [INFO] MicroXplorer:498 - Change Database Version : DB.6.0.130
2025-05-24 18:44:06,131 [INFO] OpenFileManager:332 - Change cursor
2025-05-24 18:44:06,159 [INFO] Mcu:2035 - Initializing MCU STM32F411C(C-E)Ux STM32F411CEUx STM32F411CEU6
2025-05-24 18:44:06,784 [INFO] Context:748 - Trying to add GPIOservice into a context  which must be forbidden
2025-05-24 18:44:07,579 [INFO] RtosManager:555 - Registered RTOS mode: class=CMSIS, group=RTOS, mode=CMSIS_V1, owner=FREERTOS
2025-05-24 18:44:07,591 [INFO] RtosManager:555 - Registered RTOS mode: class=CMSIS, group=RTOS2, mode=CMSIS_V2, owner=FREERTOS
2025-05-24 18:44:07,594 [INFO] RtosManager:555 - Registered RTOS mode: class=RTOS, group=Core, mode=CMSIS_V1, owner=FREERTOS
2025-05-24 18:44:07,594 [INFO] RtosManager:555 - Registered RTOS mode: class=RTOS, group=Core, mode=CMSIS_V2, owner=FREERTOS
2025-05-24 18:44:07,594 [WARN] ModelIntegratedComponent:184 - Missing modes for component STMicroelectronics:FreeRTOS:0.0.1:STMicroelectronics:RTOS:FreeRTOS:Core:::10.2.0:
2025-05-24 18:44:07,597 [WARN] ModelIntegratedComponent:182 - Modes not found for component STMicroelectronics:USB_HOST:1.0.0:STMicroelectronics:USB::USB Host:Audio HS::1.0:USB_HOST_1_0_RESTRICTED_HS
2025-05-24 18:44:07,597 [WARN] ModelIntegratedComponent:188 - Modes not found for component STMicroelectronics:USB_HOST:1.0.0:STMicroelectronics:USB::USB Host:Audio HS::1.0:USB_HOST_1_0_RESTRICTED_HS
2025-05-24 18:44:07,597 [WARN] ModelIntegratedComponent:182 - Modes not found for component STMicroelectronics:USB_HOST:1.0.0:STMicroelectronics:USB::USB Host:CDC HS::1.0:USB_HOST_1_0_RESTRICTED_HS
2025-05-24 18:44:07,597 [WARN] ModelIntegratedComponent:188 - Modes not found for component STMicroelectronics:USB_HOST:1.0.0:STMicroelectronics:USB::USB Host:CDC HS::1.0:USB_HOST_1_0_RESTRICTED_HS
2025-05-24 18:44:07,597 [WARN] ModelIntegratedComponent:182 - Modes not found for component STMicroelectronics:USB_HOST:1.0.0:STMicroelectronics:USB::USB Host:MSC HS::1.0:USB_HOST_1_0_RESTRICTED_HS
2025-05-24 18:44:07,597 [WARN] ModelIntegratedComponent:188 - Modes not found for component STMicroelectronics:USB_HOST:1.0.0:STMicroelectronics:USB::USB Host:MSC HS::1.0:USB_HOST_1_0_RESTRICTED_HS
2025-05-24 18:44:07,597 [WARN] ModelIntegratedComponent:182 - Modes not found for component STMicroelectronics:USB_HOST:1.0.0:STMicroelectronics:USB::USB Host:HID HS::1.0:USB_HOST_1_0_RESTRICTED_HS
2025-05-24 18:44:07,597 [WARN] ModelIntegratedComponent:188 - Modes not found for component STMicroelectronics:USB_HOST:1.0.0:STMicroelectronics:USB::USB Host:HID HS::1.0:USB_HOST_1_0_RESTRICTED_HS
2025-05-24 18:44:07,597 [WARN] ModelIntegratedComponent:182 - Modes not found for component STMicroelectronics:USB_HOST:1.0.0:STMicroelectronics:USB::USB Host:MTP HS::1.0:USB_HOST_1_0_RESTRICTED_HS
2025-05-24 18:44:07,597 [WARN] ModelIntegratedComponent:188 - Modes not found for component STMicroelectronics:USB_HOST:1.0.0:STMicroelectronics:USB::USB Host:MTP HS::1.0:USB_HOST_1_0_RESTRICTED_HS
2025-05-24 18:44:07,600 [WARN] ModelIntegratedComponent:63 - No mode defined for component null
2025-05-24 18:44:07,600 [WARN] ModelIntegratedComponent:63 - No mode defined for component null
2025-05-24 18:44:07,600 [WARN] ModelIntegratedComponent:63 - No mode defined for component null
2025-05-24 18:44:07,600 [WARN] ModelIntegratedComponent:63 - No mode defined for component null
2025-05-24 18:44:07,600 [WARN] ModelIntegratedComponent:63 - No mode defined for component null
2025-05-24 18:44:07,600 [WARN] ModelIntegratedComponent:63 - No mode defined for component null
2025-05-24 18:44:07,600 [WARN] ModelIntegratedComponent:63 - No mode defined for component null
2025-05-24 18:44:07,600 [WARN] ModelIntegratedComponent:63 - No mode defined for component null
2025-05-24 18:44:07,600 [WARN] ModelIntegratedComponent:63 - No mode defined for component null
2025-05-24 18:44:07,600 [WARN] ModelIntegratedComponent:63 - No mode defined for component null
2025-05-24 18:44:07,600 [WARN] ModelIntegratedComponent:63 - No mode defined for component null
2025-05-24 18:44:07,600 [WARN] ModelIntegratedComponent:63 - No mode defined for component null
2025-05-24 18:44:07,600 [WARN] ModelIntegratedComponent:63 - No mode defined for component null
2025-05-24 18:44:07,600 [WARN] ModelIntegratedComponent:63 - No mode defined for component null
2025-05-24 18:44:07,600 [WARN] ModelIntegratedComponent:63 - No mode defined for component null
2025-05-24 18:44:07,600 [WARN] ModelIntegratedComponent:63 - No mode defined for component null
2025-05-24 18:44:07,600 [WARN] ModelIntegratedComponent:63 - No mode defined for component null
2025-05-24 18:44:07,600 [WARN] ModelIntegratedComponent:63 - No mode defined for component null
2025-05-24 18:44:07,600 [WARN] ModelIntegratedComponent:63 - No mode defined for component null
2025-05-24 18:44:07,600 [WARN] ModelIntegratedComponent:63 - No mode defined for component null
2025-05-24 18:44:07,600 [WARN] ModelIntegratedComponent:63 - No mode defined for component null
2025-05-24 18:44:07,600 [WARN] ModelIntegratedComponent:63 - No mode defined for component null
2025-05-24 18:44:07,600 [WARN] ModelIntegratedComponent:63 - No mode defined for component null
2025-05-24 18:44:07,600 [WARN] ModelIntegratedComponent:63 - No mode defined for component null
2025-05-24 18:44:07,600 [WARN] ModelIntegratedComponent:63 - No mode defined for component null
2025-05-24 18:44:07,600 [WARN] ModelIntegratedComponent:63 - No mode defined for component null
2025-05-24 18:44:07,600 [WARN] ModelIntegratedComponent:63 - No mode defined for component null
2025-05-24 18:44:07,600 [WARN] ModelIntegratedComponent:63 - No mode defined for component null
2025-05-24 18:44:07,600 [WARN] ModelIntegratedComponent:63 - No mode defined for component null
2025-05-24 18:44:07,601 [WARN] ModelIntegratedComponent:63 - No mode defined for component null
2025-05-24 18:44:07,601 [WARN] ModelIntegratedComponent:63 - No mode defined for component null
2025-05-24 18:44:07,601 [WARN] ModelIntegratedComponent:63 - No mode defined for component null
2025-05-24 18:44:07,601 [WARN] ModelIntegratedComponent:63 - No mode defined for component null
2025-05-24 18:44:07,601 [WARN] ModelIntegratedComponent:63 - No mode defined for component null
2025-05-24 18:44:07,601 [WARN] ModelIntegratedComponent:63 - No mode defined for component null
2025-05-24 18:44:07,601 [WARN] ModelPack:524 - Component already loaded: STMicroelectronics:HAL Drivers:0.0.0:STMicroelectronics:Device:STMicro_Driver:XSPI:HAL::0.0.1:HAL_XSPI
2025-05-24 18:44:07,643 [WARN] ModelIntegratedComponent:182 - Modes not found for component STMicroelectronics:USB_DEVICE:1.0.0:STMicroelectronics:USB::USB Device:Audio HS::1.0:USB_DEVICE_1_0_RESTRICTED_HS
2025-05-24 18:44:07,643 [WARN] ModelIntegratedComponent:188 - Modes not found for component STMicroelectronics:USB_DEVICE:1.0.0:STMicroelectronics:USB::USB Device:Audio HS::1.0:USB_DEVICE_1_0_RESTRICTED_HS
2025-05-24 18:44:07,643 [WARN] ModelIntegratedComponent:182 - Modes not found for component STMicroelectronics:USB_DEVICE:1.0.0:STMicroelectronics:USB::USB Device:CDC HS::1.0:USB_DEVICE_1_0_RESTRICTED_HS
2025-05-24 18:44:07,643 [WARN] ModelIntegratedComponent:188 - Modes not found for component STMicroelectronics:USB_DEVICE:1.0.0:STMicroelectronics:USB::USB Device:CDC HS::1.0:USB_DEVICE_1_0_RESTRICTED_HS
2025-05-24 18:44:07,643 [WARN] ModelIntegratedComponent:182 - Modes not found for component STMicroelectronics:USB_DEVICE:1.0.0:STMicroelectronics:USB::USB Device:DFU HS::1.0:USB_DEVICE_1_0_RESTRICTED_HS
2025-05-24 18:44:07,643 [WARN] ModelIntegratedComponent:188 - Modes not found for component STMicroelectronics:USB_DEVICE:1.0.0:STMicroelectronics:USB::USB Device:DFU HS::1.0:USB_DEVICE_1_0_RESTRICTED_HS
2025-05-24 18:44:07,643 [WARN] ModelIntegratedComponent:182 - Modes not found for component STMicroelectronics:USB_DEVICE:1.0.0:STMicroelectronics:USB::USB Device:HID HS::1.0:USB_DEVICE_1_0_RESTRICTED_HS
2025-05-24 18:44:07,643 [WARN] ModelIntegratedComponent:188 - Modes not found for component STMicroelectronics:USB_DEVICE:1.0.0:STMicroelectronics:USB::USB Device:HID HS::1.0:USB_DEVICE_1_0_RESTRICTED_HS
2025-05-24 18:44:07,643 [WARN] ModelIntegratedComponent:182 - Modes not found for component STMicroelectronics:USB_DEVICE:1.0.0:STMicroelectronics:USB::USB Device:Custom HID HS::1.0:USB_DEVICE_1_0_RESTRICTED_HS
2025-05-24 18:44:07,643 [WARN] ModelIntegratedComponent:188 - Modes not found for component STMicroelectronics:USB_DEVICE:1.0.0:STMicroelectronics:USB::USB Device:Custom HID HS::1.0:USB_DEVICE_1_0_RESTRICTED_HS
2025-05-24 18:44:07,643 [WARN] ModelIntegratedComponent:182 - Modes not found for component STMicroelectronics:USB_DEVICE:1.0.0:STMicroelectronics:USB::USB Device:MSC HS::1.0:USB_DEVICE_1_0_RESTRICTED_HS
2025-05-24 18:44:07,643 [WARN] ModelIntegratedComponent:188 - Modes not found for component STMicroelectronics:USB_DEVICE:1.0.0:STMicroelectronics:USB::USB Device:MSC HS::1.0:USB_DEVICE_1_0_RESTRICTED_HS
2025-05-24 18:44:07,670 [INFO] ThirdPartyModel:298 - Start build external matchings
2025-05-24 18:44:08,095 [INFO] ThirdPartyModel:316 - End build external matchings
2025-05-24 18:44:08,118 [INFO] RtosManager:922 - Current active RTOS is FREERTOS [Cortex-M4NS]
2025-05-24 18:44:08,187 [INFO] ImportTextPane:218 - (OptionalMessage_ERROR) IP (DMA) : Parameter (Instance) has Id (USART1_RX) currently not set
2025-05-24 18:44:08,187 [INFO] ImportTextPane:218 - (OptionalMessage_ERROR) IP (DMA) : Parameter (Channel) has Id (USART1_RX) currently not set
2025-05-24 18:44:08,187 [INFO] ImportTextPane:218 - (OptionalMessage_ERROR) IP (DMA) : Parameter (Direction) has Id (USART1_RX) currently not set
2025-05-24 18:44:08,188 [INFO] ImportTextPane:218 - (OptionalMessage_ERROR) IP (DMA) : Parameter (PeriphInc) has Id (USART1_RX) currently not set
2025-05-24 18:44:08,188 [INFO] ImportTextPane:218 - (OptionalMessage_ERROR) IP (DMA) : Parameter (MemInc) has Id (USART1_RX) currently not set
2025-05-24 18:44:08,188 [INFO] ImportTextPane:218 - (OptionalMessage_ERROR) IP (DMA) : Parameter (PeriphDataAlignment) has Id (USART1_RX) currently not set
2025-05-24 18:44:08,189 [INFO] ImportTextPane:218 - (OptionalMessage_ERROR) IP (DMA) : Parameter (MemDataAlignment) has Id (USART1_RX) currently not set
2025-05-24 18:44:08,189 [INFO] ImportTextPane:218 - (OptionalMessage_ERROR) IP (DMA) : Parameter (Mode) has Id (USART1_RX) currently not set
2025-05-24 18:44:08,189 [INFO] ImportTextPane:218 - (OptionalMessage_ERROR) IP (DMA) : Parameter (Priority) has Id (USART1_RX) currently not set
2025-05-24 18:44:08,189 [INFO] ImportTextPane:218 - (OptionalMessage_ERROR) IP (DMA) : Parameter (FIFOMode) has Id (USART1_RX) currently not set
2025-05-24 18:44:08,208 [INFO] ImportTextPane:218 - (OptionalMessage_ERROR) IP (RCC) : Parameter (48MHZClocksFreq_Value) has invalid value (50000000)
2025-05-24 18:44:08,209 [INFO] ImportTextPane:218 - (OptionalMessage_ERROR) IP (RCC) : Parameter (RTCHSEDivFreq_Value) has invalid value (12500000)
2025-05-24 18:44:08,417 [INFO] UtilMem:75 - End LoadConfig() Used Memory: 879818640 Bytes (1073741824)
2025-05-24 18:44:08,627 [WARN] ThirdParty:833 - waiting for thirdparty lock release [change project]
2025-05-24 18:44:08,627 [INFO] ThirdParty:835 - entering critical section [change project]
2025-05-24 18:44:08,628 [INFO] ThirdParty:1030 - CMSIS Pack Vendor :STMicroelectronics USBPD 4.1
2025-05-24 18:44:08,628 [INFO] ThirdParty:1030 - CMSIS Pack Vendor :STMicroelectronics X-CUBE-AZRTOS-H7 3.3.0
2025-05-24 18:44:08,628 [INFO] ThirdParty:1030 - CMSIS Pack Vendor :STMicroelectronics X-CUBE-NFC9 1.0.0
2025-05-24 18:44:08,628 [INFO] ThirdParty:1030 - CMSIS Pack Vendor :STMicroelectronics USB_HOST 2.0.0
2025-05-24 18:44:08,628 [INFO] ThirdParty:1030 - CMSIS Pack Vendor :STMicroelectronics FP-SNS-MOTENVWB1 1.4.0
2025-05-24 18:44:08,628 [INFO] ThirdParty:1030 - CMSIS Pack Vendor :STMicroelectronics X-CUBE-AZRTOS-F4 1.1.0
2025-05-24 18:44:08,628 [INFO] ThirdParty:1030 - CMSIS Pack Vendor :STMicroelectronics LIBJPEG 8.0.0
2025-05-24 18:44:08,628 [INFO] ThirdParty:1030 - CMSIS Pack Vendor :STMicroelectronics FP-ATR-ASTRA1 2.0.2
2025-05-24 18:44:08,628 [INFO] ThirdParty:1030 - CMSIS Pack Vendor :STMicroelectronics FP-ATR-ASTRA1 2.0.1
2025-05-24 18:44:08,628 [INFO] ThirdParty:1030 - CMSIS Pack Vendor :STMicroelectronics X-CUBE-BLE1 7.1.0
2025-05-24 18:44:08,628 [INFO] ThirdParty:1030 - CMSIS Pack Vendor :Avnet-IotConnect X-CUBE-IoTC-DA16k-PMOD 1.0.0
2025-05-24 18:44:08,628 [INFO] ThirdParty:1030 - CMSIS Pack Vendor :STMicroelectronics X-CUBE-SMBUS 2.1.0
2025-05-24 18:44:08,628 [INFO] ThirdParty:1030 - CMSIS Pack Vendor :STMicroelectronics X-CUBE-WB05N 1.1.0
2025-05-24 18:44:08,628 [INFO] ThirdParty:1030 - CMSIS Pack Vendor :STMicroelectronics USB_DEVICE 3.0.0
2025-05-24 18:44:08,628 [INFO] ThirdParty:1030 - CMSIS Pack Vendor :STMicroelectronics X-CUBE-ISPU 2.1.0
2025-05-24 18:44:08,628 [INFO] ThirdParty:1030 - CMSIS Pack Vendor :STMicroelectronics X-CUBE-AZRTOS-WB 2.0.0
2025-05-24 18:44:08,628 [INFO] ThirdParty:1030 - CMSIS Pack Vendor :STMicroelectronics X-CUBE-GNSS1 7.0.1
2025-05-24 18:44:08,628 [INFO] ThirdParty:1030 - CMSIS Pack Vendor :STMicroelectronics X-CUBE-AZRTOS-F7 1.1.0
2025-05-24 18:44:08,628 [INFO] ThirdParty:1030 - CMSIS Pack Vendor :STMicroelectronics X-CUBE-AZRTOS-L5 2.0.0
2025-05-24 18:44:08,628 [INFO] ThirdParty:1030 - CMSIS Pack Vendor :STMicroelectronics X-CUBE-TOUCHGFX 4.25.0
2025-05-24 18:44:08,628 [INFO] ThirdParty:1030 - CMSIS Pack Vendor :STMicroelectronics USB_DEVICE 2.0.0
2025-05-24 18:44:08,628 [INFO] ThirdParty:1030 - CMSIS Pack Vendor :STMicroelectronics X-CUBE-NFC6 3.1.0
2025-05-24 18:44:08,628 [INFO] ThirdParty:1030 - CMSIS Pack Vendor :STMicroelectronics FP-SNS-STBOX1 2.0.0
2025-05-24 18:44:08,628 [INFO] ThirdParty:1030 - CMSIS Pack Vendor :STMicroelectronics X-CUBE-MEMS1 11.2.0
2025-05-24 18:44:08,628 [INFO] ThirdParty:1030 - CMSIS Pack Vendor :STMicroelectronics FreeRTOS 0.0.1
2025-05-24 18:44:08,628 [INFO] ThirdParty:1030 - CMSIS Pack Vendor :STMicroelectronics X-CUBE-AZRTOS-G0 1.1.0
2025-05-24 18:44:08,628 [INFO] ThirdParty:1030 - CMSIS Pack Vendor :STMicroelectronics X-CUBE-SAFEA1 1.2.2
2025-05-24 18:44:08,629 [INFO] ThirdParty:1030 - CMSIS Pack Vendor :STMicroelectronics X-CUBE-NFC4 3.0.0
2025-05-24 18:44:08,629 [INFO] ThirdParty:1030 - CMSIS Pack Vendor :STMicroelectronics X-CUBE-DPower 1.2.0
2025-05-24 18:44:08,629 [INFO] ThirdParty:1030 - CMSIS Pack Vendor :STMicroelectronics X-CUBE-SUBG2 5.0.0
2025-05-24 18:44:08,629 [INFO] ThirdParty:1030 - CMSIS Pack Vendor :STMicroelectronics X-CUBE-AZRTOS-H7RS 1.1.0
2025-05-24 18:44:08,629 [INFO] ThirdParty:1030 - CMSIS Pack Vendor :STMicroelectronics STM32_WPAN 1.0.0
2025-05-24 18:44:08,629 [INFO] ThirdParty:1030 - CMSIS Pack Vendor :EmbeddedOffice I-CUBE-FS-RTOS 1.0.1
2025-05-24 18:44:08,629 [INFO] ThirdParty:1030 - CMSIS Pack Vendor :STMicroelectronics lwIP 2.0.3
2025-05-24 18:44:08,629 [INFO] ThirdParty:1030 - CMSIS Pack Vendor :STMicroelectronics FP-SNS-FLIGHT1 5.0.2
2025-05-24 18:44:08,629 [INFO] ThirdParty:1030 - CMSIS Pack Vendor :Cesanta I-CUBE-Mongoose 7.13.0
2025-05-24 18:44:08,629 [INFO] ThirdParty:1030 - CMSIS Pack Vendor :STMicroelectronics USB_HOST 1.0.0
2025-05-24 18:44:08,629 [INFO] ThirdParty:1030 - CMSIS Pack Vendor :Infineon AIROC-Wi-Fi-Bluetooth-STM32 1.7.0
2025-05-24 18:44:08,629 [INFO] ThirdParty:1030 - CMSIS Pack Vendor :STMicroelectronics X-CUBE-AZRTOS-G4 2.0.0
2025-05-24 18:44:08,629 [INFO] ThirdParty:1030 - CMSIS Pack Vendor :STMicroelectronics X-CUBE-WB05N 2.0.0
2025-05-24 18:44:08,629 [INFO] ThirdParty:1030 - CMSIS Pack Vendor :STMicroelectronics PDM2PCM 3.1.0
2025-05-24 18:44:08,629 [INFO] ThirdParty:1030 - CMSIS Pack Vendor :STMicroelectronics PDM2PCM 3.3.0
2025-05-24 18:44:08,629 [INFO] ThirdParty:1030 - CMSIS Pack Vendor :STMicroelectronics X-CUBE-DISPLAY 3.0.0
2025-05-24 18:44:08,629 [INFO] ThirdParty:1030 - CMSIS Pack Vendor :STMicroelectronics X-CUBE-NFC7 2.0.0
2025-05-24 18:44:08,629 [INFO] ThirdParty:1030 - CMSIS Pack Vendor :STMicroelectronics X-CUBE-TCPP 4.2.0
2025-05-24 18:44:08,629 [INFO] ThirdParty:1030 - CMSIS Pack Vendor :RealThread X-CUBE-RT-Thread_Nano 4.1.1
2025-05-24 18:44:08,629 [INFO] ThirdParty:1030 - CMSIS Pack Vendor :STMicroelectronics X-CUBE-BLE1 7.0.0
2025-05-24 18:44:08,629 [INFO] ThirdParty:1030 - CMSIS Pack Vendor :STMicroelectronics FP-ATR-SIGFOX1 3.2.0
2025-05-24 18:44:08,629 [INFO] ThirdParty:1030 - CMSIS Pack Vendor :STMicroelectronics X-CUBE-NFC10 1.0.0
2025-05-24 18:44:08,629 [INFO] ThirdParty:1030 - CMSIS Pack Vendor :quantropi X-CUBE-qispace-sdk-base 1.9.3
2025-05-24 18:44:08,629 [INFO] ThirdParty:1030 - CMSIS Pack Vendor :STMicroelectronics X-CUBE-BLEMGR 4.0.0
2025-05-24 18:44:08,629 [INFO] ThirdParty:1030 - CMSIS Pack Vendor :STMicroelectronics X-CUBE-EEPRMA1 5.1.0
2025-05-24 18:44:08,629 [INFO] ThirdParty:1030 - CMSIS Pack Vendor :STMicroelectronics X-CUBE-FREERTOS 1.3.1
2025-05-24 18:44:08,629 [INFO] ThirdParty:1030 - CMSIS Pack Vendor :STMicroelectronics HAL Drivers 0.0.0
2025-05-24 18:44:08,629 [INFO] ThirdParty:1030 - CMSIS Pack Vendor :STMicroelectronics MBEDTLS 2.16.2
2025-05-24 18:44:08,629 [INFO] ThirdParty:1030 - CMSIS Pack Vendor :STMicroelectronics X-CUBE-IPS 3.1.0
2025-05-24 18:44:08,629 [INFO] ThirdParty:1030 - CMSIS Pack Vendor :STMicroelectronics X-CUBE-ALS 1.0.2
2025-05-24 18:44:08,629 [INFO] ThirdParty:1030 - CMSIS Pack Vendor :emotas I-CUBE-CANOPEN 1.3.0
2025-05-24 18:44:08,629 [INFO] ThirdParty:1030 - CMSIS Pack Vendor :STMicroelectronics X-CUBE-FREERTOS 1.3.0
2025-05-24 18:44:08,629 [INFO] ThirdParty:1030 - CMSIS Pack Vendor :wolfSSL I-CUBE-wolfSSL 5.7.4
2025-05-24 18:44:08,629 [INFO] ThirdParty:1030 - CMSIS Pack Vendor :STMicroelectronics X-CUBE-NFC7 1.0.1
2025-05-24 18:44:08,629 [INFO] ThirdParty:1030 - CMSIS Pack Vendor :STMicroelectronics MBEDTLS 2.14.1
2025-05-24 18:44:08,629 [INFO] ThirdParty:1030 - CMSIS Pack Vendor :ITTIA_DB I-CUBE-ITTIADB 8.9.0
2025-05-24 18:44:08,629 [INFO] ThirdParty:1030 - CMSIS Pack Vendor :STMicroelectronics X-CUBE-TOUCHGFX 4.24.2
2025-05-24 18:44:08,629 [INFO] ThirdParty:1030 - CMSIS Pack Vendor :wolfSSL I-CUBE-wolfTPM 3.4.0
2025-05-24 18:44:08,629 [INFO] ThirdParty:1030 - CMSIS Pack Vendor :portGmbH I-Cube-SoM-uGOAL 1.1.0
2025-05-24 18:44:08,629 [INFO] ThirdParty:1030 - CMSIS Pack Vendor :STMicroelectronics X-CUBE-AI 10.0.0
2025-05-24 18:44:08,629 [INFO] ThirdParty:1030 - CMSIS Pack Vendor :STMicroelectronics ThreadX 1.0.0
2025-05-24 18:44:08,629 [INFO] ThirdParty:1030 - CMSIS Pack Vendor :STMicroelectronics FP-SNS-SMARTAG2 1.2.0
2025-05-24 18:44:08,629 [INFO] ThirdParty:1030 - CMSIS Pack Vendor :STMicroelectronics FP-SNS-FLIGHT1 5.1.0
2025-05-24 18:44:08,629 [INFO] ThirdParty:1030 - CMSIS Pack Vendor :STMicroelectronics X-CUBE-MEMS1 11.1.0
2025-05-24 18:44:08,629 [INFO] ThirdParty:1030 - CMSIS Pack Vendor :STMicroelectronics X-CUBE-AZRTOS-WL 2.0.0
2025-05-24 18:44:08,629 [INFO] ThirdParty:1030 - CMSIS Pack Vendor :SEGGER I-CUBE-embOS 1.3.1
2025-05-24 18:44:08,629 [INFO] ThirdParty:1030 - CMSIS Pack Vendor :STMicroelectronics X-CUBE-ALGOBUILD 1.4.0
2025-05-24 18:44:08,629 [INFO] ThirdParty:1030 - CMSIS Pack Vendor :STMicroelectronics X-CUBE-DPower 1.3.0
2025-05-24 18:44:08,629 [INFO] ThirdParty:1030 - CMSIS Pack Vendor :STMicroelectronics FP-SNS-MOTENV1 5.0.0
2025-05-24 18:44:08,630 [INFO] ThirdParty:1030 - CMSIS Pack Vendor :STMicroelectronics USB_DEVICE 1.0.0
2025-05-24 18:44:08,630 [INFO] ThirdParty:1030 - CMSIS Pack Vendor :STMicroelectronics X-CUBE-AZRTOS-H7RS 1.0.0
2025-05-24 18:44:08,630 [INFO] ThirdParty:1030 - CMSIS Pack Vendor :wolfSSL I-CUBE-wolfMQTT 1.19.0
2025-05-24 18:44:08,630 [INFO] ThirdParty:1030 - CMSIS Pack Vendor :STMicroelectronics X-CUBE-AZRTOS-L4 2.0.0
2025-05-24 18:44:08,630 [INFO] ThirdParty:1030 - CMSIS Pack Vendor :STMicroelectronics ThreadX 0.0.2
2025-05-24 18:44:08,630 [INFO] ThirdParty:1030 - CMSIS Pack Vendor :WES I-CUBE-Cesium 1.3.0
2025-05-24 18:44:08,630 [INFO] ThirdParty:1030 - CMSIS Pack Vendor :STMicroelectronics lwIP 2.1.2
2025-05-24 18:44:08,630 [INFO] ThirdParty:1030 - CMSIS Pack Vendor :STMicroelectronics X-CUBE-SFXS2LP1 4.0.0
2025-05-24 18:44:08,630 [INFO] ThirdParty:1030 - CMSIS Pack Vendor :STMicroelectronics X-CUBE-BLE2 3.3.0
2025-05-24 18:44:08,630 [INFO] ThirdParty:1030 - CMSIS Pack Vendor :STMicroelectronics X-CUBE-TOF1 3.4.2
2025-05-24 18:44:08,630 [INFO] ThirdParty:1030 - CMSIS Pack Vendor :STMicroelectronics X-CUBE-TOF1 3.4.3
2025-05-24 18:44:08,630 [INFO] ThirdParty:1030 - CMSIS Pack Vendor :STMicroelectronics X-CUBE-AI 9.1.0
2025-05-24 18:44:08,630 [INFO] ThirdParty:1030 - CMSIS Pack Vendor :STMicroelectronics PDM2PCM 3.2.0
2025-05-24 18:44:08,630 [INFO] ThirdParty:1030 - CMSIS Pack Vendor :wolfSSL I-CUBE-wolfSSH 1.4.17
2025-05-24 18:44:08,631 [INFO] ThirdParty:841 - exiting critical section [change project]
2025-05-24 18:44:09,103 [INFO] PinOutPanel:1589 - setPackage(No Configuration,No Configuration)
2025-05-24 18:44:09,108 [INFO] PinOutPanel:1589 - setPackage(STM32F411CEUx,UFQFPN48)
2025-05-24 18:44:09,506 [INFO] UtilMem:75 - Before build in PCC Used Memory: 773349000 Bytes (1073741824)
2025-05-24 18:44:09,789 [INFO] UtilMem:75 - After build in PCC Used Memory: 816340632 Bytes (1073741824)
2025-05-24 18:44:09,883 [INFO] ApiDbMcu:508 - Load IP Config File for FREERTOS
2025-05-24 18:44:09,910 [INFO] IPUIPlugin:80 - create IPUIPlugin
2025-05-24 18:44:09,910 [INFO] IPUIPlugin:80 - create IPUIPlugin
2025-05-24 18:44:09,910 [INFO] IPUIPlugin:80 - create IPUIPlugin
2025-05-24 18:44:09,910 [INFO] IPUIPlugin:80 - create IPUIPlugin
2025-05-24 18:44:09,910 [INFO] IPUIPlugin:80 - create IPUIPlugin
2025-05-24 18:44:09,911 [INFO] IPUIPlugin:80 - create IPUIPlugin
2025-05-24 18:44:09,911 [INFO] IPUIPlugin:80 - create IPUIPlugin
2025-05-24 18:44:09,911 [INFO] IPUIPlugin:80 - create IPUIPlugin
2025-05-24 18:44:09,911 [INFO] IPUIPlugin:80 - create IPUIPlugin
2025-05-24 18:44:09,911 [INFO] IPUIPlugin:80 - create IPUIPlugin
2025-05-24 18:44:09,911 [INFO] IPUIPlugin:80 - create IPUIPlugin
2025-05-24 18:44:09,911 [INFO] IPUIPlugin:80 - create IPUIPlugin
2025-05-24 18:44:09,912 [INFO] IPUIPlugin:80 - create IPUIPlugin
2025-05-24 18:44:09,912 [INFO] IPUIPlugin:80 - create IPUIPlugin
2025-05-24 18:44:09,912 [INFO] IPUIPlugin:80 - create IPUIPlugin
2025-05-24 18:44:09,912 [INFO] IPUIPlugin:80 - create IPUIPlugin
2025-05-24 18:44:09,912 [INFO] IPUIPlugin:80 - create IPUIPlugin
2025-05-24 18:44:09,912 [INFO] IPUIPlugin:80 - create IPUIPlugin
2025-05-24 18:44:09,912 [INFO] IPUIPlugin:80 - create IPUIPlugin
2025-05-24 18:44:09,912 [INFO] IPUIPlugin:80 - create IPUIPlugin
2025-05-24 18:44:09,912 [INFO] IPUIPlugin:80 - create IPUIPlugin
2025-05-24 18:44:09,912 [INFO] IPUIPlugin:80 - create IPUIPlugin
2025-05-24 18:44:09,913 [INFO] IPUIPlugin:80 - create IPUIPlugin
2025-05-24 18:44:09,913 [INFO] IPUIPlugin:80 - create IPUIPlugin
2025-05-24 18:44:09,913 [INFO] IPUIPlugin:80 - create IPUIPlugin
2025-05-24 18:44:09,913 [INFO] IPUIPlugin:80 - create IPUIPlugin
2025-05-24 18:44:09,913 [INFO] IPUIPlugin:80 - create IPUIPlugin
2025-05-24 18:44:09,913 [INFO] IPUIPlugin:80 - create IPUIPlugin
2025-05-24 18:44:09,913 [INFO] IPUIPlugin:80 - create IPUIPlugin
2025-05-24 18:44:09,913 [INFO] IPUIPlugin:80 - create IPUIPlugin
2025-05-24 18:44:09,913 [INFO] IPUIPlugin:80 - create IPUIPlugin
2025-05-24 18:44:09,913 [INFO] IPUIPlugin:80 - create IPUIPlugin
2025-05-24 18:44:09,913 [INFO] IPUIPlugin:80 - create IPUIPlugin
2025-05-24 18:44:09,913 [INFO] IPUIPlugin:80 - create IPUIPlugin
2025-05-24 18:44:09,913 [INFO] IPUIPlugin:80 - create IPUIPlugin
2025-05-24 18:44:09,913 [INFO] IPUIPlugin:80 - create IPUIPlugin
2025-05-24 18:44:09,913 [INFO] IPUIPlugin:80 - create IPUIPlugin
2025-05-24 18:44:09,914 [INFO] IPUIPlugin:80 - create IPUIPlugin
2025-05-24 18:44:09,914 [INFO] IPUIPlugin:80 - create IPUIPlugin
2025-05-24 18:44:09,914 [INFO] IPUIPlugin:80 - create IPUIPlugin
2025-05-24 18:44:09,914 [INFO] IPUIPlugin:80 - create IPUIPlugin
2025-05-24 18:44:09,914 [INFO] IPUIPlugin:80 - create IPUIPlugin
2025-05-24 18:44:09,914 [INFO] IPUIPlugin:80 - create IPUIPlugin
2025-05-24 18:44:09,921 [INFO] ApiDbMcu:508 - Load IP Config File for PDM2PCM
2025-05-24 18:44:09,937 [WARN] FreeRTOS:1023 - Null or empty value: should not occur! (nothing added to the table)
2025-05-24 18:44:10,016 [INFO] CADModel:165 - CPN selected for project levelSTM32F411CEU6
2025-05-24 18:44:10,017 [INFO] CADModel:114 - Register for checkConnection events
2025-05-24 18:44:10,018 [INFO] RtosManager:697 - Active RTOS found at IOC load: FREERTOS [Cortex-M4NS]
2025-05-24 18:44:10,063 [INFO] OpenFileManager:363 - Restore cursor
2025-05-24 18:49:20,468 [INFO] MainUpdater:2872 - connection check result : 10
2025-05-24 18:49:20,479 [INFO] MainUpdater:2872 - connection check result : 10
2025-05-24 18:49:21,008 [INFO] MicroXplorer:468 - Change Database Path : 
2025-05-24 18:49:21,008 [INFO] MicroXplorer:498 - Change Database Version : DB.6.0.130
2025-05-24 18:49:21,119 [ERROR] ProjectManagerView:394 - 
java.lang.NullPointerException: Cannot invoke "javax.swing.JTextField.getText()" because the return value of "java.util.List.get(int)" is null
	at com.st.microxplorer.plugins.projectmanager.gui.ProjectChoiceTab$9.caretUpdate(ProjectChoiceTab.java:2616) ~[filemanager.jar:?]
	at javax.swing.text.JTextComponent.fireCaretUpdate(JTextComponent.java:408) ~[?:?]
	at javax.swing.text.JTextComponent$MutableCaretEvent.fire(JTextComponent.java:4484) ~[?:?]
	at javax.swing.text.JTextComponent$MutableCaretEvent.stateChanged(JTextComponent.java:4506) ~[?:?]
	at javax.swing.text.DefaultCaret.fireStateChanged(DefaultCaret.java:857) ~[?:?]
	at javax.swing.text.DefaultCaret.changeCaretPosition(DefaultCaret.java:1343) ~[?:?]
	at javax.swing.text.DefaultCaret.handleSetDot(DefaultCaret.java:1242) ~[?:?]
	at javax.swing.text.DefaultCaret.setDot(DefaultCaret.java:1223) ~[?:?]
	at javax.swing.text.DefaultCaret$Handler.insertUpdate(DefaultCaret.java:1819) ~[?:?]
	at javax.swing.text.AbstractDocument.fireInsertUpdate(AbstractDocument.java:227) ~[?:?]
	at javax.swing.text.AbstractDocument.handleInsertString(AbstractDocument.java:781) ~[?:?]
	at javax.swing.text.AbstractDocument.insertString(AbstractDocument.java:740) ~[?:?]
	at javax.swing.text.PlainDocument.insertString(PlainDocument.java:131) ~[?:?]
	at javax.swing.text.AbstractDocument.replace(AbstractDocument.java:699) ~[?:?]
	at javax.swing.text.JTextComponent.setText(JTextComponent.java:1725) ~[?:?]
	at com.st.microxplorer.plugins.projectmanager.gui.ProjectChoiceTab.createHeapStackFields(ProjectChoiceTab.java:975) ~[filemanager.jar:?]
	at com.st.microxplorer.plugins.projectmanager.gui.ProjectChoiceTab.buildLinkSettingsPanel(ProjectChoiceTab.java:3666) ~[filemanager.jar:?]
	at com.st.microxplorer.plugins.projectmanager.gui.ProjectChoiceTab.defineWindowsFields(ProjectChoiceTab.java:1934) ~[filemanager.jar:?]
	at com.st.microxplorer.plugins.projectmanager.gui.ProjectChoiceTab.updateSettings(ProjectChoiceTab.java:553) ~[filemanager.jar:?]
	at com.st.microxplorer.plugins.projectmanager.gui.ProjectSettingsPanel.UpdateDialog(ProjectSettingsPanel.java:245) ~[filemanager.jar:?]
	at com.st.microxplorer.plugins.projectmanager.ProjectManagerView.propertyChange(ProjectManagerView.java:391) ~[filemanager.jar:?]
	at java.beans.PropertyChangeSupport.fire(PropertyChangeSupport.java:343) ~[?:?]
	at java.beans.PropertyChangeSupport.firePropertyChange(PropertyChangeSupport.java:335) ~[?:?]
	at java.beans.PropertyChangeSupport.firePropertyChange(PropertyChangeSupport.java:268) ~[?:?]
	at com.st.microxplorer.util.MXPropertyChangeSupport.firePropertyChange(MXPropertyChangeSupport.java:54) ~[STM32CubeMX.jar:?]
	at com.st.microxplorer.mxsystem.MxSystem.closeConfig(MxSystem.java:899) ~[STM32CubeMX.jar:?]
	at com.st.microxplorer.maingui.MainPanel.closeConfig(MainPanel.java:789) ~[STM32CubeMX.jar:?]
	at com.st.microxplorer.plugins.filemanager.engine.OpenFileManager.loadConfigurationFile(OpenFileManager.java:265) ~[filemanager.jar:?]
	at com.st.microxplorer.plugins.filemanager.engine.MainFileManager.userLoadConfig(MainFileManager.java:340) ~[filemanager.jar:?]
	at com.st.microxplorer.plugins.filemanager.engine.MainFileManager.userLoadConfig(MainFileManager.java:318) ~[filemanager.jar:?]
	at com.st.microxplorer.plugins.filemanager.FileManagerView.getSpecificTask(FileManagerView.java:246) ~[filemanager.jar:?]
	at com.st.stm32cube.common.mx.editor.CubeMxEditor.getMxTabbedPaneInstance(CubeMxEditor.java:1198) ~[com.st.stm32cube.common.mx_6.13.0.202411220809/:?]
	at com.st.stm32cube.common.mx.editor.CubeMxEditor$12$1.createSwingComponent(CubeMxEditor.java:1068) ~[com.st.stm32cube.common.mx_6.13.0.202411220809/:?]
	at com.st.stm32cube.common.mx.oss.core.awtswtbridge.EmbeddedSwingComposite.doComponentCreation(EmbeddedSwingComposite.java:492) ~[com.st.stm32cube.common.mx.oss_6.13.0.202411220809/:?]
	at com.st.stm32cube.common.mx.oss.core.awtswtbridge.EmbeddedSwingComposite$4.run(EmbeddedSwingComposite.java:291) ~[com.st.stm32cube.common.mx.oss_6.13.0.202411220809/:?]
	at com.st.stm32cube.common.mx.oss.core.awtswtbridge.AwtEnvironment$2.run(AwtEnvironment.java:166) ~[com.st.stm32cube.common.mx.oss_6.13.0.202411220809/:?]
	at java.awt.event.InvocationEvent.dispatch(InvocationEvent.java:318) ~[?:?]
	at java.awt.EventQueue.dispatchEventImpl(EventQueue.java:773) ~[?:?]
	at java.awt.EventQueue$4.run(EventQueue.java:720) ~[?:?]
	at java.awt.EventQueue$4.run(EventQueue.java:714) ~[?:?]
	at java.security.AccessController.doPrivileged(AccessController.java:400) ~[?:?]
	at java.security.ProtectionDomain$JavaSecurityAccessImpl.doIntersectionPrivilege(ProtectionDomain.java:87) ~[?:?]
	at java.awt.EventQueue.dispatchEvent(EventQueue.java:742) ~[?:?]
	at java.awt.EventDispatchThread.pumpOneEventForFilters(EventDispatchThread.java:203) ~[?:?]
	at java.awt.EventDispatchThread.pumpEventsForFilter(EventDispatchThread.java:124) ~[?:?]
	at java.awt.EventDispatchThread.pumpEventsForHierarchy(EventDispatchThread.java:113) ~[?:?]
	at java.awt.EventDispatchThread.pumpEvents(EventDispatchThread.java:109) ~[?:?]
	at java.awt.EventDispatchThread.pumpEvents(EventDispatchThread.java:101) ~[?:?]
	at java.awt.EventDispatchThread.run(EventDispatchThread.java:90) ~[?:?]
2025-05-24 18:49:21,128 [WARN] ThirdParty:871 - waiting for thirdparty lock release [close project]
2025-05-24 18:49:21,129 [INFO] ThirdParty:873 - entering critical section [close project]
2025-05-24 18:49:21,129 [INFO] ThirdParty:883 - exiting critical section [close project]
2025-05-24 18:49:21,131 [INFO] PinOutPanel:1589 - setPackage(No Configuration,No Configuration)
2025-05-24 18:49:21,159 [WARN] IpParametersView:154 - Warning: This peripheral hasn't parameters
2025-05-24 18:49:21,177 [WARN] MainPanel:289 - <html><b><center>Warning: This peripheral has no parameters to be configured<br></b></html>
2025-05-24 18:49:21,178 [ERROR] MainPanel:599 - java.lang.IndexOutOfBoundsException: Index: 0, Tab count: 0
2025-05-24 18:49:21,184 [INFO] UtilMem:75 - Begin LoadConfig() Used Memory: 988447864 Bytes (1073741824)
2025-05-24 18:49:21,185 [INFO] MicroXplorer:468 - Change Database Path : 
2025-05-24 18:49:21,185 [INFO] MicroXplorer:498 - Change Database Version : DB.6.0.130
2025-05-24 18:49:21,185 [INFO] OpenFileManager:332 - Change cursor
2025-05-24 18:49:21,218 [INFO] Mcu:2035 - Initializing MCU STM32F411C(C-E)Ux STM32F411CEUx STM32F411CEU6
2025-05-24 18:49:21,802 [INFO] Context:748 - Trying to add GPIOservice into a context  which must be forbidden
2025-05-24 18:49:22,108 [INFO] RtosManager:555 - Registered RTOS mode: class=CMSIS, group=RTOS, mode=CMSIS_V1, owner=FREERTOS
2025-05-24 18:49:22,108 [INFO] RtosManager:555 - Registered RTOS mode: class=CMSIS, group=RTOS2, mode=CMSIS_V2, owner=FREERTOS
2025-05-24 18:49:22,108 [INFO] RtosManager:555 - Registered RTOS mode: class=RTOS, group=Core, mode=CMSIS_V1, owner=FREERTOS
2025-05-24 18:49:22,108 [INFO] RtosManager:555 - Registered RTOS mode: class=RTOS, group=Core, mode=CMSIS_V2, owner=FREERTOS
2025-05-24 18:49:22,108 [WARN] ModelIntegratedComponent:184 - Missing modes for component STMicroelectronics:FreeRTOS:0.0.1:STMicroelectronics:RTOS:FreeRTOS:Core:::10.2.0:
2025-05-24 18:49:22,110 [WARN] ModelIntegratedComponent:182 - Modes not found for component STMicroelectronics:USB_HOST:1.0.0:STMicroelectronics:USB::USB Host:Audio HS::1.0:USB_HOST_1_0_RESTRICTED_HS
2025-05-24 18:49:22,110 [WARN] ModelIntegratedComponent:188 - Modes not found for component STMicroelectronics:USB_HOST:1.0.0:STMicroelectronics:USB::USB Host:Audio HS::1.0:USB_HOST_1_0_RESTRICTED_HS
2025-05-24 18:49:22,110 [WARN] ModelIntegratedComponent:182 - Modes not found for component STMicroelectronics:USB_HOST:1.0.0:STMicroelectronics:USB::USB Host:CDC HS::1.0:USB_HOST_1_0_RESTRICTED_HS
2025-05-24 18:49:22,110 [WARN] ModelIntegratedComponent:188 - Modes not found for component STMicroelectronics:USB_HOST:1.0.0:STMicroelectronics:USB::USB Host:CDC HS::1.0:USB_HOST_1_0_RESTRICTED_HS
2025-05-24 18:49:22,110 [WARN] ModelIntegratedComponent:182 - Modes not found for component STMicroelectronics:USB_HOST:1.0.0:STMicroelectronics:USB::USB Host:MSC HS::1.0:USB_HOST_1_0_RESTRICTED_HS
2025-05-24 18:49:22,110 [WARN] ModelIntegratedComponent:188 - Modes not found for component STMicroelectronics:USB_HOST:1.0.0:STMicroelectronics:USB::USB Host:MSC HS::1.0:USB_HOST_1_0_RESTRICTED_HS
2025-05-24 18:49:22,110 [WARN] ModelIntegratedComponent:182 - Modes not found for component STMicroelectronics:USB_HOST:1.0.0:STMicroelectronics:USB::USB Host:HID HS::1.0:USB_HOST_1_0_RESTRICTED_HS
2025-05-24 18:49:22,110 [WARN] ModelIntegratedComponent:188 - Modes not found for component STMicroelectronics:USB_HOST:1.0.0:STMicroelectronics:USB::USB Host:HID HS::1.0:USB_HOST_1_0_RESTRICTED_HS
2025-05-24 18:49:22,110 [WARN] ModelIntegratedComponent:182 - Modes not found for component STMicroelectronics:USB_HOST:1.0.0:STMicroelectronics:USB::USB Host:MTP HS::1.0:USB_HOST_1_0_RESTRICTED_HS
2025-05-24 18:49:22,110 [WARN] ModelIntegratedComponent:188 - Modes not found for component STMicroelectronics:USB_HOST:1.0.0:STMicroelectronics:USB::USB Host:MTP HS::1.0:USB_HOST_1_0_RESTRICTED_HS
2025-05-24 18:49:22,112 [WARN] ModelIntegratedComponent:63 - No mode defined for component null
2025-05-24 18:49:22,112 [WARN] ModelIntegratedComponent:63 - No mode defined for component null
2025-05-24 18:49:22,112 [WARN] ModelIntegratedComponent:63 - No mode defined for component null
2025-05-24 18:49:22,112 [WARN] ModelIntegratedComponent:63 - No mode defined for component null
2025-05-24 18:49:22,112 [WARN] ModelIntegratedComponent:63 - No mode defined for component null
2025-05-24 18:49:22,113 [WARN] ModelIntegratedComponent:63 - No mode defined for component null
2025-05-24 18:49:22,113 [WARN] ModelIntegratedComponent:63 - No mode defined for component null
2025-05-24 18:49:22,113 [WARN] ModelIntegratedComponent:63 - No mode defined for component null
2025-05-24 18:49:22,113 [WARN] ModelIntegratedComponent:63 - No mode defined for component null
2025-05-24 18:49:22,113 [WARN] ModelIntegratedComponent:63 - No mode defined for component null
2025-05-24 18:49:22,113 [WARN] ModelIntegratedComponent:63 - No mode defined for component null
2025-05-24 18:49:22,113 [WARN] ModelIntegratedComponent:63 - No mode defined for component null
2025-05-24 18:49:22,113 [WARN] ModelIntegratedComponent:63 - No mode defined for component null
2025-05-24 18:49:22,113 [WARN] ModelIntegratedComponent:63 - No mode defined for component null
2025-05-24 18:49:22,113 [WARN] ModelIntegratedComponent:63 - No mode defined for component null
2025-05-24 18:49:22,113 [WARN] ModelIntegratedComponent:63 - No mode defined for component null
2025-05-24 18:49:22,113 [WARN] ModelIntegratedComponent:63 - No mode defined for component null
2025-05-24 18:49:22,113 [WARN] ModelIntegratedComponent:63 - No mode defined for component null
2025-05-24 18:49:22,113 [WARN] ModelIntegratedComponent:63 - No mode defined for component null
2025-05-24 18:49:22,113 [WARN] ModelIntegratedComponent:63 - No mode defined for component null
2025-05-24 18:49:22,113 [WARN] ModelIntegratedComponent:63 - No mode defined for component null
2025-05-24 18:49:22,113 [WARN] ModelIntegratedComponent:63 - No mode defined for component null
2025-05-24 18:49:22,113 [WARN] ModelIntegratedComponent:63 - No mode defined for component null
2025-05-24 18:49:22,113 [WARN] ModelIntegratedComponent:63 - No mode defined for component null
2025-05-24 18:49:22,113 [WARN] ModelIntegratedComponent:63 - No mode defined for component null
2025-05-24 18:49:22,113 [WARN] ModelIntegratedComponent:63 - No mode defined for component null
2025-05-24 18:49:22,113 [WARN] ModelIntegratedComponent:63 - No mode defined for component null
2025-05-24 18:49:22,113 [WARN] ModelIntegratedComponent:63 - No mode defined for component null
2025-05-24 18:49:22,113 [WARN] ModelIntegratedComponent:63 - No mode defined for component null
2025-05-24 18:49:22,113 [WARN] ModelIntegratedComponent:63 - No mode defined for component null
2025-05-24 18:49:22,113 [WARN] ModelIntegratedComponent:63 - No mode defined for component null
2025-05-24 18:49:22,113 [WARN] ModelIntegratedComponent:63 - No mode defined for component null
2025-05-24 18:49:22,113 [WARN] ModelIntegratedComponent:63 - No mode defined for component null
2025-05-24 18:49:22,113 [WARN] ModelIntegratedComponent:63 - No mode defined for component null
2025-05-24 18:49:22,113 [WARN] ModelIntegratedComponent:63 - No mode defined for component null
2025-05-24 18:49:22,113 [WARN] ModelPack:524 - Component already loaded: STMicroelectronics:HAL Drivers:0.0.0:STMicroelectronics:Device:STMicro_Driver:XSPI:HAL::0.0.1:HAL_XSPI
2025-05-24 18:49:22,210 [WARN] ModelIntegratedComponent:182 - Modes not found for component STMicroelectronics:USB_DEVICE:1.0.0:STMicroelectronics:USB::USB Device:Audio HS::1.0:USB_DEVICE_1_0_RESTRICTED_HS
2025-05-24 18:49:22,219 [WARN] ModelIntegratedComponent:188 - Modes not found for component STMicroelectronics:USB_DEVICE:1.0.0:STMicroelectronics:USB::USB Device:Audio HS::1.0:USB_DEVICE_1_0_RESTRICTED_HS
2025-05-24 18:49:22,222 [WARN] ModelIntegratedComponent:182 - Modes not found for component STMicroelectronics:USB_DEVICE:1.0.0:STMicroelectronics:USB::USB Device:CDC HS::1.0:USB_DEVICE_1_0_RESTRICTED_HS
2025-05-24 18:49:22,222 [WARN] ModelIntegratedComponent:188 - Modes not found for component STMicroelectronics:USB_DEVICE:1.0.0:STMicroelectronics:USB::USB Device:CDC HS::1.0:USB_DEVICE_1_0_RESTRICTED_HS
2025-05-24 18:49:22,222 [WARN] ModelIntegratedComponent:182 - Modes not found for component STMicroelectronics:USB_DEVICE:1.0.0:STMicroelectronics:USB::USB Device:DFU HS::1.0:USB_DEVICE_1_0_RESTRICTED_HS
2025-05-24 18:49:22,222 [WARN] ModelIntegratedComponent:188 - Modes not found for component STMicroelectronics:USB_DEVICE:1.0.0:STMicroelectronics:USB::USB Device:DFU HS::1.0:USB_DEVICE_1_0_RESTRICTED_HS
2025-05-24 18:49:22,222 [WARN] ModelIntegratedComponent:182 - Modes not found for component STMicroelectronics:USB_DEVICE:1.0.0:STMicroelectronics:USB::USB Device:HID HS::1.0:USB_DEVICE_1_0_RESTRICTED_HS
2025-05-24 18:49:22,222 [WARN] ModelIntegratedComponent:188 - Modes not found for component STMicroelectronics:USB_DEVICE:1.0.0:STMicroelectronics:USB::USB Device:HID HS::1.0:USB_DEVICE_1_0_RESTRICTED_HS
2025-05-24 18:49:22,222 [WARN] ModelIntegratedComponent:182 - Modes not found for component STMicroelectronics:USB_DEVICE:1.0.0:STMicroelectronics:USB::USB Device:Custom HID HS::1.0:USB_DEVICE_1_0_RESTRICTED_HS
2025-05-24 18:49:22,222 [WARN] ModelIntegratedComponent:188 - Modes not found for component STMicroelectronics:USB_DEVICE:1.0.0:STMicroelectronics:USB::USB Device:Custom HID HS::1.0:USB_DEVICE_1_0_RESTRICTED_HS
2025-05-24 18:49:22,222 [WARN] ModelIntegratedComponent:182 - Modes not found for component STMicroelectronics:USB_DEVICE:1.0.0:STMicroelectronics:USB::USB Device:MSC HS::1.0:USB_DEVICE_1_0_RESTRICTED_HS
2025-05-24 18:49:22,222 [WARN] ModelIntegratedComponent:188 - Modes not found for component STMicroelectronics:USB_DEVICE:1.0.0:STMicroelectronics:USB::USB Device:MSC HS::1.0:USB_DEVICE_1_0_RESTRICTED_HS
2025-05-24 18:49:22,245 [INFO] ThirdPartyModel:298 - Start build external matchings
2025-05-24 18:49:22,865 [INFO] ThirdPartyModel:316 - End build external matchings
2025-05-24 18:49:22,951 [INFO] ImportTextPane:218 - (OptionalMessage_ERROR) IP (RCC) : Parameter (48MHZClocksFreq_Value) has invalid value (50000000)
2025-05-24 18:49:22,971 [INFO] ImportTextPane:218 - (OptionalMessage_ERROR) IP (RCC) : Parameter (RTCHSEDivFreq_Value) has invalid value (12500000)
2025-05-24 18:49:23,217 [INFO] UtilMem:75 - End LoadConfig() Used Memory: 861553296 Bytes (1073741824)
2025-05-24 18:49:23,427 [WARN] ThirdParty:833 - waiting for thirdparty lock release [change project]
2025-05-24 18:49:23,427 [INFO] ThirdParty:835 - entering critical section [change project]
2025-05-24 18:49:23,428 [INFO] ThirdParty:1030 - CMSIS Pack Vendor :STMicroelectronics USBPD 4.1
2025-05-24 18:49:23,428 [INFO] ThirdParty:1030 - CMSIS Pack Vendor :STMicroelectronics X-CUBE-AZRTOS-H7 3.3.0
2025-05-24 18:49:23,428 [INFO] ThirdParty:1030 - CMSIS Pack Vendor :STMicroelectronics X-CUBE-NFC9 1.0.0
2025-05-24 18:49:23,428 [INFO] ThirdParty:1030 - CMSIS Pack Vendor :STMicroelectronics USB_HOST 2.0.0
2025-05-24 18:49:23,428 [INFO] ThirdParty:1030 - CMSIS Pack Vendor :STMicroelectronics FP-SNS-MOTENVWB1 1.4.0
2025-05-24 18:49:23,428 [INFO] ThirdParty:1030 - CMSIS Pack Vendor :STMicroelectronics X-CUBE-AZRTOS-F4 1.1.0
2025-05-24 18:49:23,428 [INFO] ThirdParty:1030 - CMSIS Pack Vendor :STMicroelectronics LIBJPEG 8.0.0
2025-05-24 18:49:23,428 [INFO] ThirdParty:1030 - CMSIS Pack Vendor :STMicroelectronics FP-ATR-ASTRA1 2.0.2
2025-05-24 18:49:23,428 [INFO] ThirdParty:1030 - CMSIS Pack Vendor :STMicroelectronics FP-ATR-ASTRA1 2.0.1
2025-05-24 18:49:23,428 [INFO] ThirdParty:1030 - CMSIS Pack Vendor :STMicroelectronics X-CUBE-BLE1 7.1.0
2025-05-24 18:49:23,428 [INFO] ThirdParty:1030 - CMSIS Pack Vendor :Avnet-IotConnect X-CUBE-IoTC-DA16k-PMOD 1.0.0
2025-05-24 18:49:23,428 [INFO] ThirdParty:1030 - CMSIS Pack Vendor :STMicroelectronics X-CUBE-SMBUS 2.1.0
2025-05-24 18:49:23,428 [INFO] ThirdParty:1030 - CMSIS Pack Vendor :STMicroelectronics X-CUBE-WB05N 1.1.0
2025-05-24 18:49:23,428 [INFO] ThirdParty:1030 - CMSIS Pack Vendor :STMicroelectronics USB_DEVICE 3.0.0
2025-05-24 18:49:23,428 [INFO] ThirdParty:1030 - CMSIS Pack Vendor :STMicroelectronics X-CUBE-ISPU 2.1.0
2025-05-24 18:49:23,428 [INFO] ThirdParty:1030 - CMSIS Pack Vendor :STMicroelectronics X-CUBE-AZRTOS-WB 2.0.0
2025-05-24 18:49:23,428 [INFO] ThirdParty:1030 - CMSIS Pack Vendor :STMicroelectronics X-CUBE-GNSS1 7.0.1
2025-05-24 18:49:23,428 [INFO] ThirdParty:1030 - CMSIS Pack Vendor :STMicroelectronics X-CUBE-AZRTOS-F7 1.1.0
2025-05-24 18:49:23,428 [INFO] ThirdParty:1030 - CMSIS Pack Vendor :STMicroelectronics X-CUBE-AZRTOS-L5 2.0.0
2025-05-24 18:49:23,428 [INFO] ThirdParty:1030 - CMSIS Pack Vendor :STMicroelectronics X-CUBE-TOUCHGFX 4.25.0
2025-05-24 18:49:23,428 [INFO] ThirdParty:1030 - CMSIS Pack Vendor :STMicroelectronics USB_DEVICE 2.0.0
2025-05-24 18:49:23,428 [INFO] ThirdParty:1030 - CMSIS Pack Vendor :STMicroelectronics X-CUBE-NFC6 3.1.0
2025-05-24 18:49:23,428 [INFO] ThirdParty:1030 - CMSIS Pack Vendor :STMicroelectronics FP-SNS-STBOX1 2.0.0
2025-05-24 18:49:23,428 [INFO] ThirdParty:1030 - CMSIS Pack Vendor :STMicroelectronics X-CUBE-MEMS1 11.2.0
2025-05-24 18:49:23,428 [INFO] ThirdParty:1030 - CMSIS Pack Vendor :STMicroelectronics FreeRTOS 0.0.1
2025-05-24 18:49:23,428 [INFO] ThirdParty:1030 - CMSIS Pack Vendor :STMicroelectronics X-CUBE-AZRTOS-G0 1.1.0
2025-05-24 18:49:23,428 [INFO] ThirdParty:1030 - CMSIS Pack Vendor :STMicroelectronics X-CUBE-SAFEA1 1.2.2
2025-05-24 18:49:23,428 [INFO] ThirdParty:1030 - CMSIS Pack Vendor :STMicroelectronics X-CUBE-NFC4 3.0.0
2025-05-24 18:49:23,428 [INFO] ThirdParty:1030 - CMSIS Pack Vendor :STMicroelectronics X-CUBE-DPower 1.2.0
2025-05-24 18:49:23,428 [INFO] ThirdParty:1030 - CMSIS Pack Vendor :STMicroelectronics X-CUBE-SUBG2 5.0.0
2025-05-24 18:49:23,428 [INFO] ThirdParty:1030 - CMSIS Pack Vendor :STMicroelectronics X-CUBE-AZRTOS-H7RS 1.1.0
2025-05-24 18:49:23,428 [INFO] ThirdParty:1030 - CMSIS Pack Vendor :STMicroelectronics STM32_WPAN 1.0.0
2025-05-24 18:49:23,428 [INFO] ThirdParty:1030 - CMSIS Pack Vendor :EmbeddedOffice I-CUBE-FS-RTOS 1.0.1
2025-05-24 18:49:23,428 [INFO] ThirdParty:1030 - CMSIS Pack Vendor :STMicroelectronics lwIP 2.0.3
2025-05-24 18:49:23,428 [INFO] ThirdParty:1030 - CMSIS Pack Vendor :STMicroelectronics FP-SNS-FLIGHT1 5.0.2
2025-05-24 18:49:23,428 [INFO] ThirdParty:1030 - CMSIS Pack Vendor :Cesanta I-CUBE-Mongoose 7.13.0
2025-05-24 18:49:23,428 [INFO] ThirdParty:1030 - CMSIS Pack Vendor :STMicroelectronics USB_HOST 1.0.0
2025-05-24 18:49:23,428 [INFO] ThirdParty:1030 - CMSIS Pack Vendor :Infineon AIROC-Wi-Fi-Bluetooth-STM32 1.7.0
2025-05-24 18:49:23,428 [INFO] ThirdParty:1030 - CMSIS Pack Vendor :STMicroelectronics X-CUBE-AZRTOS-G4 2.0.0
2025-05-24 18:49:23,429 [INFO] ThirdParty:1030 - CMSIS Pack Vendor :STMicroelectronics X-CUBE-WB05N 2.0.0
2025-05-24 18:49:23,429 [INFO] ThirdParty:1030 - CMSIS Pack Vendor :STMicroelectronics PDM2PCM 3.1.0
2025-05-24 18:49:23,429 [INFO] ThirdParty:1030 - CMSIS Pack Vendor :STMicroelectronics PDM2PCM 3.3.0
2025-05-24 18:49:23,429 [INFO] ThirdParty:1030 - CMSIS Pack Vendor :STMicroelectronics X-CUBE-DISPLAY 3.0.0
2025-05-24 18:49:23,429 [INFO] ThirdParty:1030 - CMSIS Pack Vendor :STMicroelectronics X-CUBE-NFC7 2.0.0
2025-05-24 18:49:23,429 [INFO] ThirdParty:1030 - CMSIS Pack Vendor :STMicroelectronics X-CUBE-TCPP 4.2.0
2025-05-24 18:49:23,429 [INFO] ThirdParty:1030 - CMSIS Pack Vendor :RealThread X-CUBE-RT-Thread_Nano 4.1.1
2025-05-24 18:49:23,429 [INFO] ThirdParty:1030 - CMSIS Pack Vendor :STMicroelectronics X-CUBE-BLE1 7.0.0
2025-05-24 18:49:23,429 [INFO] ThirdParty:1030 - CMSIS Pack Vendor :STMicroelectronics FP-ATR-SIGFOX1 3.2.0
2025-05-24 18:49:23,429 [INFO] ThirdParty:1030 - CMSIS Pack Vendor :STMicroelectronics X-CUBE-NFC10 1.0.0
2025-05-24 18:49:23,429 [INFO] ThirdParty:1030 - CMSIS Pack Vendor :quantropi X-CUBE-qispace-sdk-base 1.9.3
2025-05-24 18:49:23,429 [INFO] ThirdParty:1030 - CMSIS Pack Vendor :STMicroelectronics X-CUBE-BLEMGR 4.0.0
2025-05-24 18:49:23,429 [INFO] ThirdParty:1030 - CMSIS Pack Vendor :STMicroelectronics X-CUBE-EEPRMA1 5.1.0
2025-05-24 18:49:23,429 [INFO] ThirdParty:1030 - CMSIS Pack Vendor :STMicroelectronics X-CUBE-FREERTOS 1.3.1
2025-05-24 18:49:23,429 [INFO] ThirdParty:1030 - CMSIS Pack Vendor :STMicroelectronics HAL Drivers 0.0.0
2025-05-24 18:49:23,429 [INFO] ThirdParty:1030 - CMSIS Pack Vendor :STMicroelectronics MBEDTLS 2.16.2
2025-05-24 18:49:23,429 [INFO] ThirdParty:1030 - CMSIS Pack Vendor :STMicroelectronics X-CUBE-IPS 3.1.0
2025-05-24 18:49:23,429 [INFO] ThirdParty:1030 - CMSIS Pack Vendor :STMicroelectronics X-CUBE-ALS 1.0.2
2025-05-24 18:49:23,429 [INFO] ThirdParty:1030 - CMSIS Pack Vendor :emotas I-CUBE-CANOPEN 1.3.0
2025-05-24 18:49:23,429 [INFO] ThirdParty:1030 - CMSIS Pack Vendor :STMicroelectronics X-CUBE-FREERTOS 1.3.0
2025-05-24 18:49:23,429 [INFO] ThirdParty:1030 - CMSIS Pack Vendor :wolfSSL I-CUBE-wolfSSL 5.7.4
2025-05-24 18:49:23,429 [INFO] ThirdParty:1030 - CMSIS Pack Vendor :STMicroelectronics X-CUBE-NFC7 1.0.1
2025-05-24 18:49:23,429 [INFO] ThirdParty:1030 - CMSIS Pack Vendor :STMicroelectronics MBEDTLS 2.14.1
2025-05-24 18:49:23,429 [INFO] ThirdParty:1030 - CMSIS Pack Vendor :ITTIA_DB I-CUBE-ITTIADB 8.9.0
2025-05-24 18:49:23,429 [INFO] ThirdParty:1030 - CMSIS Pack Vendor :STMicroelectronics X-CUBE-TOUCHGFX 4.24.2
2025-05-24 18:49:23,429 [INFO] ThirdParty:1030 - CMSIS Pack Vendor :wolfSSL I-CUBE-wolfTPM 3.4.0
2025-05-24 18:49:23,429 [INFO] ThirdParty:1030 - CMSIS Pack Vendor :portGmbH I-Cube-SoM-uGOAL 1.1.0
2025-05-24 18:49:23,429 [INFO] ThirdParty:1030 - CMSIS Pack Vendor :STMicroelectronics X-CUBE-AI 10.0.0
2025-05-24 18:49:23,429 [INFO] ThirdParty:1030 - CMSIS Pack Vendor :STMicroelectronics ThreadX 1.0.0
2025-05-24 18:49:23,429 [INFO] ThirdParty:1030 - CMSIS Pack Vendor :STMicroelectronics FP-SNS-SMARTAG2 1.2.0
2025-05-24 18:49:23,429 [INFO] ThirdParty:1030 - CMSIS Pack Vendor :STMicroelectronics FP-SNS-FLIGHT1 5.1.0
2025-05-24 18:49:23,429 [INFO] ThirdParty:1030 - CMSIS Pack Vendor :STMicroelectronics X-CUBE-MEMS1 11.1.0
2025-05-24 18:49:23,429 [INFO] ThirdParty:1030 - CMSIS Pack Vendor :STMicroelectronics X-CUBE-AZRTOS-WL 2.0.0
2025-05-24 18:49:23,429 [INFO] ThirdParty:1030 - CMSIS Pack Vendor :SEGGER I-CUBE-embOS 1.3.1
2025-05-24 18:49:23,429 [INFO] ThirdParty:1030 - CMSIS Pack Vendor :STMicroelectronics X-CUBE-ALGOBUILD 1.4.0
2025-05-24 18:49:23,429 [INFO] ThirdParty:1030 - CMSIS Pack Vendor :STMicroelectronics X-CUBE-DPower 1.3.0
2025-05-24 18:49:23,429 [INFO] ThirdParty:1030 - CMSIS Pack Vendor :STMicroelectronics FP-SNS-MOTENV1 5.0.0
2025-05-24 18:49:23,429 [INFO] ThirdParty:1030 - CMSIS Pack Vendor :STMicroelectronics USB_DEVICE 1.0.0
2025-05-24 18:49:23,429 [INFO] ThirdParty:1030 - CMSIS Pack Vendor :STMicroelectronics X-CUBE-AZRTOS-H7RS 1.0.0
2025-05-24 18:49:23,429 [INFO] ThirdParty:1030 - CMSIS Pack Vendor :wolfSSL I-CUBE-wolfMQTT 1.19.0
2025-05-24 18:49:23,429 [INFO] ThirdParty:1030 - CMSIS Pack Vendor :STMicroelectronics X-CUBE-AZRTOS-L4 2.0.0
2025-05-24 18:49:23,429 [INFO] ThirdParty:1030 - CMSIS Pack Vendor :STMicroelectronics ThreadX 0.0.2
2025-05-24 18:49:23,429 [INFO] ThirdParty:1030 - CMSIS Pack Vendor :WES I-CUBE-Cesium 1.3.0
2025-05-24 18:49:23,429 [INFO] ThirdParty:1030 - CMSIS Pack Vendor :STMicroelectronics lwIP 2.1.2
2025-05-24 18:49:23,429 [INFO] ThirdParty:1030 - CMSIS Pack Vendor :STMicroelectronics X-CUBE-SFXS2LP1 4.0.0
2025-05-24 18:49:23,429 [INFO] ThirdParty:1030 - CMSIS Pack Vendor :STMicroelectronics X-CUBE-BLE2 3.3.0
2025-05-24 18:49:23,429 [INFO] ThirdParty:1030 - CMSIS Pack Vendor :STMicroelectronics X-CUBE-TOF1 3.4.2
2025-05-24 18:49:23,429 [INFO] ThirdParty:1030 - CMSIS Pack Vendor :STMicroelectronics X-CUBE-TOF1 3.4.3
2025-05-24 18:49:23,429 [INFO] ThirdParty:1030 - CMSIS Pack Vendor :STMicroelectronics X-CUBE-AI 9.1.0
2025-05-24 18:49:23,429 [INFO] ThirdParty:1030 - CMSIS Pack Vendor :STMicroelectronics PDM2PCM 3.2.0
2025-05-24 18:49:23,429 [INFO] ThirdParty:1030 - CMSIS Pack Vendor :wolfSSL I-CUBE-wolfSSH 1.4.17
2025-05-24 18:49:23,430 [INFO] ThirdParty:841 - exiting critical section [change project]
2025-05-24 18:49:23,906 [INFO] PinOutPanel:1589 - setPackage(No Configuration,No Configuration)
2025-05-24 18:49:23,912 [INFO] PinOutPanel:1589 - setPackage(STM32F411CEUx,UFQFPN48)
2025-05-24 18:49:24,300 [INFO] UtilMem:75 - Before build in PCC Used Memory: 780369128 Bytes (1073741824)
2025-05-24 18:49:24,576 [INFO] UtilMem:75 - After build in PCC Used Memory: 823360744 Bytes (1073741824)
2025-05-24 18:49:24,603 [INFO] IPUIPlugin:80 - create IPUIPlugin
2025-05-24 18:49:24,604 [INFO] IPUIPlugin:80 - create IPUIPlugin
2025-05-24 18:49:24,604 [INFO] IPUIPlugin:80 - create IPUIPlugin
2025-05-24 18:49:24,604 [INFO] IPUIPlugin:80 - create IPUIPlugin
2025-05-24 18:49:24,604 [INFO] IPUIPlugin:80 - create IPUIPlugin
2025-05-24 18:49:24,605 [INFO] IPUIPlugin:80 - create IPUIPlugin
2025-05-24 18:49:24,605 [INFO] IPUIPlugin:80 - create IPUIPlugin
2025-05-24 18:49:24,605 [INFO] IPUIPlugin:80 - create IPUIPlugin
2025-05-24 18:49:24,605 [INFO] IPUIPlugin:80 - create IPUIPlugin
2025-05-24 18:49:24,605 [INFO] IPUIPlugin:80 - create IPUIPlugin
2025-05-24 18:49:24,605 [INFO] IPUIPlugin:80 - create IPUIPlugin
2025-05-24 18:49:24,605 [INFO] IPUIPlugin:80 - create IPUIPlugin
2025-05-24 18:49:24,605 [INFO] IPUIPlugin:80 - create IPUIPlugin
2025-05-24 18:49:24,605 [INFO] IPUIPlugin:80 - create IPUIPlugin
2025-05-24 18:49:24,605 [INFO] IPUIPlugin:80 - create IPUIPlugin
2025-05-24 18:49:24,605 [INFO] IPUIPlugin:80 - create IPUIPlugin
2025-05-24 18:49:24,606 [INFO] IPUIPlugin:80 - create IPUIPlugin
2025-05-24 18:49:24,606 [INFO] IPUIPlugin:80 - create IPUIPlugin
2025-05-24 18:49:24,606 [INFO] IPUIPlugin:80 - create IPUIPlugin
2025-05-24 18:49:24,606 [INFO] IPUIPlugin:80 - create IPUIPlugin
2025-05-24 18:49:24,606 [INFO] IPUIPlugin:80 - create IPUIPlugin
2025-05-24 18:49:24,606 [INFO] IPUIPlugin:80 - create IPUIPlugin
2025-05-24 18:49:24,606 [INFO] IPUIPlugin:80 - create IPUIPlugin
2025-05-24 18:49:24,606 [INFO] IPUIPlugin:80 - create IPUIPlugin
2025-05-24 18:49:24,606 [INFO] IPUIPlugin:80 - create IPUIPlugin
2025-05-24 18:49:24,606 [INFO] IPUIPlugin:80 - create IPUIPlugin
2025-05-24 18:49:24,606 [INFO] IPUIPlugin:80 - create IPUIPlugin
2025-05-24 18:49:24,606 [INFO] IPUIPlugin:80 - create IPUIPlugin
2025-05-24 18:49:24,607 [INFO] IPUIPlugin:80 - create IPUIPlugin
2025-05-24 18:49:24,607 [INFO] IPUIPlugin:80 - create IPUIPlugin
2025-05-24 18:49:24,607 [INFO] IPUIPlugin:80 - create IPUIPlugin
2025-05-24 18:49:24,607 [INFO] IPUIPlugin:80 - create IPUIPlugin
2025-05-24 18:49:24,607 [INFO] IPUIPlugin:80 - create IPUIPlugin
2025-05-24 18:49:24,607 [INFO] IPUIPlugin:80 - create IPUIPlugin
2025-05-24 18:49:24,608 [INFO] IPUIPlugin:80 - create IPUIPlugin
2025-05-24 18:49:24,608 [INFO] IPUIPlugin:80 - create IPUIPlugin
2025-05-24 18:49:24,609 [INFO] IPUIPlugin:80 - create IPUIPlugin
2025-05-24 18:49:24,610 [INFO] IPUIPlugin:80 - create IPUIPlugin
2025-05-24 18:49:24,611 [INFO] IPUIPlugin:80 - create IPUIPlugin
2025-05-24 18:49:24,611 [INFO] IPUIPlugin:80 - create IPUIPlugin
2025-05-24 18:49:24,611 [INFO] IPUIPlugin:80 - create IPUIPlugin
2025-05-24 18:49:24,611 [INFO] IPUIPlugin:80 - create IPUIPlugin
2025-05-24 18:49:24,612 [INFO] IPUIPlugin:80 - create IPUIPlugin
2025-05-24 18:49:24,625 [INFO] ApiDbMcu:508 - Load IP Config File for PDM2PCM
2025-05-24 18:49:24,631 [WARN] IP:2251 - I2C_Coeff_DF not found: check if there is a RefParameter without a condition.
2025-05-24 18:49:24,632 [WARN] IP:2251 - Analog_Filter not found: check if there is a RefParameter without a condition.
2025-05-24 18:49:24,717 [INFO] CADModel:165 - CPN selected for project levelSTM32F411CEU6
2025-05-24 18:49:24,717 [INFO] CADModel:114 - Register for checkConnection events
2025-05-24 18:49:24,755 [INFO] OpenFileManager:363 - Restore cursor
2025-05-24 18:49:24,958 [WARN] IP:2251 - I2C_Coeff_DF not found: check if there is a RefParameter without a condition.
2025-05-24 18:49:24,958 [WARN] IP:2251 - Analog_Filter not found: check if there is a RefParameter without a condition.
2025-05-24 18:49:24,958 [WARN] IP:2251 - I2C_Coeff_DF not found: check if there is a RefParameter without a condition.
2025-05-24 18:49:24,958 [WARN] IP:2251 - Analog_Filter not found: check if there is a RefParameter without a condition.
2025-05-24 18:55:07,358 [INFO] MainUpdater:2872 - connection check result : 10
2025-05-24 18:55:07,367 [INFO] MainUpdater:2872 - connection check result : 10
2025-05-24 18:55:07,941 [INFO] MicroXplorer:468 - Change Database Path : 
2025-05-24 18:55:07,941 [INFO] MicroXplorer:498 - Change Database Version : DB.6.0.130
2025-05-24 18:55:08,046 [ERROR] ProjectManagerView:394 - 
java.lang.NullPointerException: Cannot invoke "javax.swing.JTextField.getText()" because the return value of "java.util.List.get(int)" is null
	at com.st.microxplorer.plugins.projectmanager.gui.ProjectChoiceTab$9.caretUpdate(ProjectChoiceTab.java:2616) ~[filemanager.jar:?]
	at javax.swing.text.JTextComponent.fireCaretUpdate(JTextComponent.java:408) ~[?:?]
	at javax.swing.text.JTextComponent$MutableCaretEvent.fire(JTextComponent.java:4484) ~[?:?]
	at javax.swing.text.JTextComponent$MutableCaretEvent.stateChanged(JTextComponent.java:4506) ~[?:?]
	at javax.swing.text.DefaultCaret.fireStateChanged(DefaultCaret.java:857) ~[?:?]
	at javax.swing.text.DefaultCaret.changeCaretPosition(DefaultCaret.java:1343) ~[?:?]
	at javax.swing.text.DefaultCaret.handleSetDot(DefaultCaret.java:1242) ~[?:?]
	at javax.swing.text.DefaultCaret.setDot(DefaultCaret.java:1223) ~[?:?]
	at javax.swing.text.DefaultCaret$Handler.insertUpdate(DefaultCaret.java:1819) ~[?:?]
	at javax.swing.text.AbstractDocument.fireInsertUpdate(AbstractDocument.java:227) ~[?:?]
	at javax.swing.text.AbstractDocument.handleInsertString(AbstractDocument.java:781) ~[?:?]
	at javax.swing.text.AbstractDocument.insertString(AbstractDocument.java:740) ~[?:?]
	at javax.swing.text.PlainDocument.insertString(PlainDocument.java:131) ~[?:?]
	at javax.swing.text.AbstractDocument.replace(AbstractDocument.java:699) ~[?:?]
	at javax.swing.text.JTextComponent.setText(JTextComponent.java:1725) ~[?:?]
	at com.st.microxplorer.plugins.projectmanager.gui.ProjectChoiceTab.createHeapStackFields(ProjectChoiceTab.java:975) ~[filemanager.jar:?]
	at com.st.microxplorer.plugins.projectmanager.gui.ProjectChoiceTab.buildLinkSettingsPanel(ProjectChoiceTab.java:3666) ~[filemanager.jar:?]
	at com.st.microxplorer.plugins.projectmanager.gui.ProjectChoiceTab.defineWindowsFields(ProjectChoiceTab.java:1934) ~[filemanager.jar:?]
	at com.st.microxplorer.plugins.projectmanager.gui.ProjectChoiceTab.updateSettings(ProjectChoiceTab.java:553) ~[filemanager.jar:?]
	at com.st.microxplorer.plugins.projectmanager.gui.ProjectSettingsPanel.UpdateDialog(ProjectSettingsPanel.java:245) ~[filemanager.jar:?]
	at com.st.microxplorer.plugins.projectmanager.ProjectManagerView.propertyChange(ProjectManagerView.java:391) ~[filemanager.jar:?]
	at java.beans.PropertyChangeSupport.fire(PropertyChangeSupport.java:343) ~[?:?]
	at java.beans.PropertyChangeSupport.firePropertyChange(PropertyChangeSupport.java:335) ~[?:?]
	at java.beans.PropertyChangeSupport.firePropertyChange(PropertyChangeSupport.java:268) ~[?:?]
	at com.st.microxplorer.util.MXPropertyChangeSupport.firePropertyChange(MXPropertyChangeSupport.java:54) ~[STM32CubeMX.jar:?]
	at com.st.microxplorer.mxsystem.MxSystem.closeConfig(MxSystem.java:899) ~[STM32CubeMX.jar:?]
	at com.st.microxplorer.maingui.MainPanel.closeConfig(MainPanel.java:789) ~[STM32CubeMX.jar:?]
	at com.st.microxplorer.plugins.filemanager.engine.OpenFileManager.loadConfigurationFile(OpenFileManager.java:265) ~[filemanager.jar:?]
	at com.st.microxplorer.plugins.filemanager.engine.MainFileManager.userLoadConfig(MainFileManager.java:340) ~[filemanager.jar:?]
	at com.st.microxplorer.plugins.filemanager.engine.MainFileManager.userLoadConfig(MainFileManager.java:318) ~[filemanager.jar:?]
	at com.st.microxplorer.plugins.filemanager.FileManagerView.getSpecificTask(FileManagerView.java:246) ~[filemanager.jar:?]
	at com.st.stm32cube.common.mx.editor.CubeMxEditor.getMxTabbedPaneInstance(CubeMxEditor.java:1198) ~[com.st.stm32cube.common.mx_6.13.0.202411220809/:?]
	at com.st.stm32cube.common.mx.editor.CubeMxEditor$12$1.createSwingComponent(CubeMxEditor.java:1068) ~[com.st.stm32cube.common.mx_6.13.0.202411220809/:?]
	at com.st.stm32cube.common.mx.oss.core.awtswtbridge.EmbeddedSwingComposite.doComponentCreation(EmbeddedSwingComposite.java:492) ~[com.st.stm32cube.common.mx.oss_6.13.0.202411220809/:?]
	at com.st.stm32cube.common.mx.oss.core.awtswtbridge.EmbeddedSwingComposite$4.run(EmbeddedSwingComposite.java:291) ~[com.st.stm32cube.common.mx.oss_6.13.0.202411220809/:?]
	at com.st.stm32cube.common.mx.oss.core.awtswtbridge.AwtEnvironment$2.run(AwtEnvironment.java:166) ~[com.st.stm32cube.common.mx.oss_6.13.0.202411220809/:?]
	at java.awt.event.InvocationEvent.dispatch(InvocationEvent.java:318) ~[?:?]
	at java.awt.EventQueue.dispatchEventImpl(EventQueue.java:773) ~[?:?]
	at java.awt.EventQueue$4.run(EventQueue.java:720) ~[?:?]
	at java.awt.EventQueue$4.run(EventQueue.java:714) ~[?:?]
	at java.security.AccessController.doPrivileged(AccessController.java:400) ~[?:?]
	at java.security.ProtectionDomain$JavaSecurityAccessImpl.doIntersectionPrivilege(ProtectionDomain.java:87) ~[?:?]
	at java.awt.EventQueue.dispatchEvent(EventQueue.java:742) ~[?:?]
	at java.awt.EventDispatchThread.pumpOneEventForFilters(EventDispatchThread.java:203) ~[?:?]
	at java.awt.EventDispatchThread.pumpEventsForFilter(EventDispatchThread.java:124) ~[?:?]
	at java.awt.EventDispatchThread.pumpEventsForHierarchy(EventDispatchThread.java:113) ~[?:?]
	at java.awt.EventDispatchThread.pumpEvents(EventDispatchThread.java:109) ~[?:?]
	at java.awt.EventDispatchThread.pumpEvents(EventDispatchThread.java:101) ~[?:?]
	at java.awt.EventDispatchThread.run(EventDispatchThread.java:90) ~[?:?]
2025-05-24 18:55:08,052 [WARN] ThirdParty:871 - waiting for thirdparty lock release [close project]
2025-05-24 18:55:08,052 [INFO] ThirdParty:873 - entering critical section [close project]
2025-05-24 18:55:08,052 [INFO] ThirdParty:883 - exiting critical section [close project]
2025-05-24 18:55:08,054 [INFO] PinOutPanel:1589 - setPackage(No Configuration,No Configuration)
2025-05-24 18:55:08,076 [WARN] IpParametersView:154 - Warning: This peripheral hasn't parameters
2025-05-24 18:55:08,092 [WARN] MainPanel:289 - <html><b><center>Warning: This peripheral has no parameters to be configured<br></b></html>
2025-05-24 18:55:08,093 [ERROR] MainPanel:599 - java.lang.IndexOutOfBoundsException: Index: 0, Tab count: 0
2025-05-24 18:55:08,099 [INFO] UtilMem:75 - Begin LoadConfig() Used Memory: 990859368 Bytes (1073741824)
2025-05-24 18:55:08,100 [INFO] MicroXplorer:468 - Change Database Path : 
2025-05-24 18:55:08,100 [INFO] MicroXplorer:498 - Change Database Version : DB.6.0.130
2025-05-24 18:55:08,100 [INFO] OpenFileManager:332 - Change cursor
2025-05-24 18:55:08,131 [INFO] Mcu:2035 - Initializing MCU STM32F411C(C-E)Ux STM32F411CEUx STM32F411CEU6
2025-05-24 18:55:09,383 [INFO] Context:748 - Trying to add GPIOservice into a context  which must be forbidden
2025-05-24 18:55:09,778 [INFO] RtosManager:555 - Registered RTOS mode: class=CMSIS, group=RTOS, mode=CMSIS_V1, owner=FREERTOS
2025-05-24 18:55:09,781 [INFO] RtosManager:555 - Registered RTOS mode: class=CMSIS, group=RTOS2, mode=CMSIS_V2, owner=FREERTOS
2025-05-24 18:55:09,781 [INFO] RtosManager:555 - Registered RTOS mode: class=RTOS, group=Core, mode=CMSIS_V1, owner=FREERTOS
2025-05-24 18:55:09,781 [INFO] RtosManager:555 - Registered RTOS mode: class=RTOS, group=Core, mode=CMSIS_V2, owner=FREERTOS
2025-05-24 18:55:09,781 [WARN] ModelIntegratedComponent:184 - Missing modes for component STMicroelectronics:FreeRTOS:0.0.1:STMicroelectronics:RTOS:FreeRTOS:Core:::10.2.0:
2025-05-24 18:55:09,783 [WARN] ModelIntegratedComponent:182 - Modes not found for component STMicroelectronics:USB_HOST:1.0.0:STMicroelectronics:USB::USB Host:Audio HS::1.0:USB_HOST_1_0_RESTRICTED_HS
2025-05-24 18:55:09,783 [WARN] ModelIntegratedComponent:188 - Modes not found for component STMicroelectronics:USB_HOST:1.0.0:STMicroelectronics:USB::USB Host:Audio HS::1.0:USB_HOST_1_0_RESTRICTED_HS
2025-05-24 18:55:09,783 [WARN] ModelIntegratedComponent:182 - Modes not found for component STMicroelectronics:USB_HOST:1.0.0:STMicroelectronics:USB::USB Host:CDC HS::1.0:USB_HOST_1_0_RESTRICTED_HS
2025-05-24 18:55:09,783 [WARN] ModelIntegratedComponent:188 - Modes not found for component STMicroelectronics:USB_HOST:1.0.0:STMicroelectronics:USB::USB Host:CDC HS::1.0:USB_HOST_1_0_RESTRICTED_HS
2025-05-24 18:55:09,783 [WARN] ModelIntegratedComponent:182 - Modes not found for component STMicroelectronics:USB_HOST:1.0.0:STMicroelectronics:USB::USB Host:MSC HS::1.0:USB_HOST_1_0_RESTRICTED_HS
2025-05-24 18:55:09,783 [WARN] ModelIntegratedComponent:188 - Modes not found for component STMicroelectronics:USB_HOST:1.0.0:STMicroelectronics:USB::USB Host:MSC HS::1.0:USB_HOST_1_0_RESTRICTED_HS
2025-05-24 18:55:09,783 [WARN] ModelIntegratedComponent:182 - Modes not found for component STMicroelectronics:USB_HOST:1.0.0:STMicroelectronics:USB::USB Host:HID HS::1.0:USB_HOST_1_0_RESTRICTED_HS
2025-05-24 18:55:09,783 [WARN] ModelIntegratedComponent:188 - Modes not found for component STMicroelectronics:USB_HOST:1.0.0:STMicroelectronics:USB::USB Host:HID HS::1.0:USB_HOST_1_0_RESTRICTED_HS
2025-05-24 18:55:09,783 [WARN] ModelIntegratedComponent:182 - Modes not found for component STMicroelectronics:USB_HOST:1.0.0:STMicroelectronics:USB::USB Host:MTP HS::1.0:USB_HOST_1_0_RESTRICTED_HS
2025-05-24 18:55:09,783 [WARN] ModelIntegratedComponent:188 - Modes not found for component STMicroelectronics:USB_HOST:1.0.0:STMicroelectronics:USB::USB Host:MTP HS::1.0:USB_HOST_1_0_RESTRICTED_HS
2025-05-24 18:55:09,786 [WARN] ModelIntegratedComponent:63 - No mode defined for component null
2025-05-24 18:55:09,786 [WARN] ModelIntegratedComponent:63 - No mode defined for component null
2025-05-24 18:55:09,786 [WARN] ModelIntegratedComponent:63 - No mode defined for component null
2025-05-24 18:55:09,786 [WARN] ModelIntegratedComponent:63 - No mode defined for component null
2025-05-24 18:55:09,786 [WARN] ModelIntegratedComponent:63 - No mode defined for component null
2025-05-24 18:55:09,786 [WARN] ModelIntegratedComponent:63 - No mode defined for component null
2025-05-24 18:55:09,786 [WARN] ModelIntegratedComponent:63 - No mode defined for component null
2025-05-24 18:55:09,786 [WARN] ModelIntegratedComponent:63 - No mode defined for component null
2025-05-24 18:55:09,786 [WARN] ModelIntegratedComponent:63 - No mode defined for component null
2025-05-24 18:55:09,786 [WARN] ModelIntegratedComponent:63 - No mode defined for component null
2025-05-24 18:55:09,786 [WARN] ModelIntegratedComponent:63 - No mode defined for component null
2025-05-24 18:55:09,786 [WARN] ModelIntegratedComponent:63 - No mode defined for component null
2025-05-24 18:55:09,786 [WARN] ModelIntegratedComponent:63 - No mode defined for component null
2025-05-24 18:55:09,786 [WARN] ModelIntegratedComponent:63 - No mode defined for component null
2025-05-24 18:55:09,786 [WARN] ModelIntegratedComponent:63 - No mode defined for component null
2025-05-24 18:55:09,786 [WARN] ModelIntegratedComponent:63 - No mode defined for component null
2025-05-24 18:55:09,786 [WARN] ModelIntegratedComponent:63 - No mode defined for component null
2025-05-24 18:55:09,786 [WARN] ModelIntegratedComponent:63 - No mode defined for component null
2025-05-24 18:55:09,786 [WARN] ModelIntegratedComponent:63 - No mode defined for component null
2025-05-24 18:55:09,786 [WARN] ModelIntegratedComponent:63 - No mode defined for component null
2025-05-24 18:55:09,786 [WARN] ModelIntegratedComponent:63 - No mode defined for component null
2025-05-24 18:55:09,786 [WARN] ModelIntegratedComponent:63 - No mode defined for component null
2025-05-24 18:55:09,786 [WARN] ModelIntegratedComponent:63 - No mode defined for component null
2025-05-24 18:55:09,786 [WARN] ModelIntegratedComponent:63 - No mode defined for component null
2025-05-24 18:55:09,786 [WARN] ModelIntegratedComponent:63 - No mode defined for component null
2025-05-24 18:55:09,786 [WARN] ModelIntegratedComponent:63 - No mode defined for component null
2025-05-24 18:55:09,786 [WARN] ModelIntegratedComponent:63 - No mode defined for component null
2025-05-24 18:55:09,786 [WARN] ModelIntegratedComponent:63 - No mode defined for component null
2025-05-24 18:55:09,786 [WARN] ModelIntegratedComponent:63 - No mode defined for component null
2025-05-24 18:55:09,786 [WARN] ModelIntegratedComponent:63 - No mode defined for component null
2025-05-24 18:55:09,786 [WARN] ModelIntegratedComponent:63 - No mode defined for component null
2025-05-24 18:55:09,786 [WARN] ModelIntegratedComponent:63 - No mode defined for component null
2025-05-24 18:55:09,786 [WARN] ModelIntegratedComponent:63 - No mode defined for component null
2025-05-24 18:55:09,786 [WARN] ModelIntegratedComponent:63 - No mode defined for component null
2025-05-24 18:55:09,786 [WARN] ModelIntegratedComponent:63 - No mode defined for component null
2025-05-24 18:55:09,786 [WARN] ModelPack:524 - Component already loaded: STMicroelectronics:HAL Drivers:0.0.0:STMicroelectronics:Device:STMicro_Driver:XSPI:HAL::0.0.1:HAL_XSPI
2025-05-24 18:55:09,827 [WARN] ModelIntegratedComponent:182 - Modes not found for component STMicroelectronics:USB_DEVICE:1.0.0:STMicroelectronics:USB::USB Device:Audio HS::1.0:USB_DEVICE_1_0_RESTRICTED_HS
2025-05-24 18:55:09,827 [WARN] ModelIntegratedComponent:188 - Modes not found for component STMicroelectronics:USB_DEVICE:1.0.0:STMicroelectronics:USB::USB Device:Audio HS::1.0:USB_DEVICE_1_0_RESTRICTED_HS
2025-05-24 18:55:09,827 [WARN] ModelIntegratedComponent:182 - Modes not found for component STMicroelectronics:USB_DEVICE:1.0.0:STMicroelectronics:USB::USB Device:CDC HS::1.0:USB_DEVICE_1_0_RESTRICTED_HS
2025-05-24 18:55:09,827 [WARN] ModelIntegratedComponent:188 - Modes not found for component STMicroelectronics:USB_DEVICE:1.0.0:STMicroelectronics:USB::USB Device:CDC HS::1.0:USB_DEVICE_1_0_RESTRICTED_HS
2025-05-24 18:55:09,827 [WARN] ModelIntegratedComponent:182 - Modes not found for component STMicroelectronics:USB_DEVICE:1.0.0:STMicroelectronics:USB::USB Device:DFU HS::1.0:USB_DEVICE_1_0_RESTRICTED_HS
2025-05-24 18:55:09,827 [WARN] ModelIntegratedComponent:188 - Modes not found for component STMicroelectronics:USB_DEVICE:1.0.0:STMicroelectronics:USB::USB Device:DFU HS::1.0:USB_DEVICE_1_0_RESTRICTED_HS
2025-05-24 18:55:09,827 [WARN] ModelIntegratedComponent:182 - Modes not found for component STMicroelectronics:USB_DEVICE:1.0.0:STMicroelectronics:USB::USB Device:HID HS::1.0:USB_DEVICE_1_0_RESTRICTED_HS
2025-05-24 18:55:09,827 [WARN] ModelIntegratedComponent:188 - Modes not found for component STMicroelectronics:USB_DEVICE:1.0.0:STMicroelectronics:USB::USB Device:HID HS::1.0:USB_DEVICE_1_0_RESTRICTED_HS
2025-05-24 18:55:09,827 [WARN] ModelIntegratedComponent:182 - Modes not found for component STMicroelectronics:USB_DEVICE:1.0.0:STMicroelectronics:USB::USB Device:Custom HID HS::1.0:USB_DEVICE_1_0_RESTRICTED_HS
2025-05-24 18:55:09,827 [WARN] ModelIntegratedComponent:188 - Modes not found for component STMicroelectronics:USB_DEVICE:1.0.0:STMicroelectronics:USB::USB Device:Custom HID HS::1.0:USB_DEVICE_1_0_RESTRICTED_HS
2025-05-24 18:55:09,827 [WARN] ModelIntegratedComponent:182 - Modes not found for component STMicroelectronics:USB_DEVICE:1.0.0:STMicroelectronics:USB::USB Device:MSC HS::1.0:USB_DEVICE_1_0_RESTRICTED_HS
2025-05-24 18:55:09,827 [WARN] ModelIntegratedComponent:188 - Modes not found for component STMicroelectronics:USB_DEVICE:1.0.0:STMicroelectronics:USB::USB Device:MSC HS::1.0:USB_DEVICE_1_0_RESTRICTED_HS
2025-05-24 18:55:09,839 [INFO] ThirdPartyModel:298 - Start build external matchings
2025-05-24 18:55:10,256 [INFO] ThirdPartyModel:316 - End build external matchings
2025-05-24 18:55:10,267 [INFO] RtosManager:922 - Current active RTOS is FREERTOS [Cortex-M4NS]
2025-05-24 18:55:10,278 [INFO] ImportTextPane:218 - (OptionalMessage_ERROR) IP (DMA) : Parameter (Instance) has Id (USART1_RX) currently not set
2025-05-24 18:55:10,278 [INFO] ImportTextPane:218 - (OptionalMessage_ERROR) IP (DMA) : Parameter (Channel) has Id (USART1_RX) currently not set
2025-05-24 18:55:10,278 [INFO] ImportTextPane:218 - (OptionalMessage_ERROR) IP (DMA) : Parameter (Direction) has Id (USART1_RX) currently not set
2025-05-24 18:55:10,278 [INFO] ImportTextPane:218 - (OptionalMessage_ERROR) IP (DMA) : Parameter (PeriphInc) has Id (USART1_RX) currently not set
2025-05-24 18:55:10,278 [INFO] ImportTextPane:218 - (OptionalMessage_ERROR) IP (DMA) : Parameter (MemInc) has Id (USART1_RX) currently not set
2025-05-24 18:55:10,278 [INFO] ImportTextPane:218 - (OptionalMessage_ERROR) IP (DMA) : Parameter (PeriphDataAlignment) has Id (USART1_RX) currently not set
2025-05-24 18:55:10,278 [INFO] ImportTextPane:218 - (OptionalMessage_ERROR) IP (DMA) : Parameter (MemDataAlignment) has Id (USART1_RX) currently not set
2025-05-24 18:55:10,278 [INFO] ImportTextPane:218 - (OptionalMessage_ERROR) IP (DMA) : Parameter (Mode) has Id (USART1_RX) currently not set
2025-05-24 18:55:10,278 [INFO] ImportTextPane:218 - (OptionalMessage_ERROR) IP (DMA) : Parameter (Priority) has Id (USART1_RX) currently not set
2025-05-24 18:55:10,278 [INFO] ImportTextPane:218 - (OptionalMessage_ERROR) IP (DMA) : Parameter (FIFOMode) has Id (USART1_RX) currently not set
2025-05-24 18:55:10,287 [INFO] ImportTextPane:218 - (OptionalMessage_ERROR) IP (RCC) : Parameter (48MHZClocksFreq_Value) has invalid value (50000000)
2025-05-24 18:55:10,288 [INFO] ImportTextPane:218 - (OptionalMessage_ERROR) IP (RCC) : Parameter (RTCHSEDivFreq_Value) has invalid value (12500000)
2025-05-24 18:55:10,472 [INFO] UtilMem:75 - End LoadConfig() Used Memory: 809313880 Bytes (1073741824)
2025-05-24 18:55:10,575 [WARN] ThirdParty:833 - waiting for thirdparty lock release [change project]
2025-05-24 18:55:10,575 [INFO] ThirdParty:835 - entering critical section [change project]
2025-05-24 18:55:10,576 [INFO] ThirdParty:1030 - CMSIS Pack Vendor :STMicroelectronics USBPD 4.1
2025-05-24 18:55:10,576 [INFO] ThirdParty:1030 - CMSIS Pack Vendor :STMicroelectronics X-CUBE-AZRTOS-H7 3.3.0
2025-05-24 18:55:10,576 [INFO] ThirdParty:1030 - CMSIS Pack Vendor :STMicroelectronics X-CUBE-NFC9 1.0.0
2025-05-24 18:55:10,576 [INFO] ThirdParty:1030 - CMSIS Pack Vendor :STMicroelectronics USB_HOST 2.0.0
2025-05-24 18:55:10,576 [INFO] ThirdParty:1030 - CMSIS Pack Vendor :STMicroelectronics FP-SNS-MOTENVWB1 1.4.0
2025-05-24 18:55:10,577 [INFO] ThirdParty:1030 - CMSIS Pack Vendor :STMicroelectronics X-CUBE-AZRTOS-F4 1.1.0
2025-05-24 18:55:10,577 [INFO] ThirdParty:1030 - CMSIS Pack Vendor :STMicroelectronics LIBJPEG 8.0.0
2025-05-24 18:55:10,577 [INFO] ThirdParty:1030 - CMSIS Pack Vendor :STMicroelectronics FP-ATR-ASTRA1 2.0.2
2025-05-24 18:55:10,577 [INFO] ThirdParty:1030 - CMSIS Pack Vendor :STMicroelectronics FP-ATR-ASTRA1 2.0.1
2025-05-24 18:55:10,577 [INFO] ThirdParty:1030 - CMSIS Pack Vendor :STMicroelectronics X-CUBE-BLE1 7.1.0
2025-05-24 18:55:10,577 [INFO] ThirdParty:1030 - CMSIS Pack Vendor :Avnet-IotConnect X-CUBE-IoTC-DA16k-PMOD 1.0.0
2025-05-24 18:55:10,577 [INFO] ThirdParty:1030 - CMSIS Pack Vendor :STMicroelectronics X-CUBE-SMBUS 2.1.0
2025-05-24 18:55:10,577 [INFO] ThirdParty:1030 - CMSIS Pack Vendor :STMicroelectronics X-CUBE-WB05N 1.1.0
2025-05-24 18:55:10,577 [INFO] ThirdParty:1030 - CMSIS Pack Vendor :STMicroelectronics USB_DEVICE 3.0.0
2025-05-24 18:55:10,577 [INFO] ThirdParty:1030 - CMSIS Pack Vendor :STMicroelectronics X-CUBE-ISPU 2.1.0
2025-05-24 18:55:10,577 [INFO] ThirdParty:1030 - CMSIS Pack Vendor :STMicroelectronics X-CUBE-AZRTOS-WB 2.0.0
2025-05-24 18:55:10,577 [INFO] ThirdParty:1030 - CMSIS Pack Vendor :STMicroelectronics X-CUBE-GNSS1 7.0.1
2025-05-24 18:55:10,577 [INFO] ThirdParty:1030 - CMSIS Pack Vendor :STMicroelectronics X-CUBE-AZRTOS-F7 1.1.0
2025-05-24 18:55:10,577 [INFO] ThirdParty:1030 - CMSIS Pack Vendor :STMicroelectronics X-CUBE-AZRTOS-L5 2.0.0
2025-05-24 18:55:10,577 [INFO] ThirdParty:1030 - CMSIS Pack Vendor :STMicroelectronics X-CUBE-TOUCHGFX 4.25.0
2025-05-24 18:55:10,577 [INFO] ThirdParty:1030 - CMSIS Pack Vendor :STMicroelectronics USB_DEVICE 2.0.0
2025-05-24 18:55:10,577 [INFO] ThirdParty:1030 - CMSIS Pack Vendor :STMicroelectronics X-CUBE-NFC6 3.1.0
2025-05-24 18:55:10,577 [INFO] ThirdParty:1030 - CMSIS Pack Vendor :STMicroelectronics FP-SNS-STBOX1 2.0.0
2025-05-24 18:55:10,577 [INFO] ThirdParty:1030 - CMSIS Pack Vendor :STMicroelectronics X-CUBE-MEMS1 11.2.0
2025-05-24 18:55:10,577 [INFO] ThirdParty:1030 - CMSIS Pack Vendor :STMicroelectronics FreeRTOS 0.0.1
2025-05-24 18:55:10,577 [INFO] ThirdParty:1030 - CMSIS Pack Vendor :STMicroelectronics X-CUBE-AZRTOS-G0 1.1.0
2025-05-24 18:55:10,577 [INFO] ThirdParty:1030 - CMSIS Pack Vendor :STMicroelectronics X-CUBE-SAFEA1 1.2.2
2025-05-24 18:55:10,577 [INFO] ThirdParty:1030 - CMSIS Pack Vendor :STMicroelectronics X-CUBE-NFC4 3.0.0
2025-05-24 18:55:10,577 [INFO] ThirdParty:1030 - CMSIS Pack Vendor :STMicroelectronics X-CUBE-DPower 1.2.0
2025-05-24 18:55:10,577 [INFO] ThirdParty:1030 - CMSIS Pack Vendor :STMicroelectronics X-CUBE-SUBG2 5.0.0
2025-05-24 18:55:10,577 [INFO] ThirdParty:1030 - CMSIS Pack Vendor :STMicroelectronics X-CUBE-AZRTOS-H7RS 1.1.0
2025-05-24 18:55:10,577 [INFO] ThirdParty:1030 - CMSIS Pack Vendor :STMicroelectronics STM32_WPAN 1.0.0
2025-05-24 18:55:10,577 [INFO] ThirdParty:1030 - CMSIS Pack Vendor :EmbeddedOffice I-CUBE-FS-RTOS 1.0.1
2025-05-24 18:55:10,577 [INFO] ThirdParty:1030 - CMSIS Pack Vendor :STMicroelectronics lwIP 2.0.3
2025-05-24 18:55:10,577 [INFO] ThirdParty:1030 - CMSIS Pack Vendor :STMicroelectronics FP-SNS-FLIGHT1 5.0.2
2025-05-24 18:55:10,577 [INFO] ThirdParty:1030 - CMSIS Pack Vendor :Cesanta I-CUBE-Mongoose 7.13.0
2025-05-24 18:55:10,577 [INFO] ThirdParty:1030 - CMSIS Pack Vendor :STMicroelectronics USB_HOST 1.0.0
2025-05-24 18:55:10,577 [INFO] ThirdParty:1030 - CMSIS Pack Vendor :Infineon AIROC-Wi-Fi-Bluetooth-STM32 1.7.0
2025-05-24 18:55:10,577 [INFO] ThirdParty:1030 - CMSIS Pack Vendor :STMicroelectronics X-CUBE-AZRTOS-G4 2.0.0
2025-05-24 18:55:10,577 [INFO] ThirdParty:1030 - CMSIS Pack Vendor :STMicroelectronics X-CUBE-WB05N 2.0.0
2025-05-24 18:55:10,577 [INFO] ThirdParty:1030 - CMSIS Pack Vendor :STMicroelectronics PDM2PCM 3.1.0
2025-05-24 18:55:10,577 [INFO] ThirdParty:1030 - CMSIS Pack Vendor :STMicroelectronics PDM2PCM 3.3.0
2025-05-24 18:55:10,577 [INFO] ThirdParty:1030 - CMSIS Pack Vendor :STMicroelectronics X-CUBE-DISPLAY 3.0.0
2025-05-24 18:55:10,577 [INFO] ThirdParty:1030 - CMSIS Pack Vendor :STMicroelectronics X-CUBE-NFC7 2.0.0
2025-05-24 18:55:10,577 [INFO] ThirdParty:1030 - CMSIS Pack Vendor :STMicroelectronics X-CUBE-TCPP 4.2.0
2025-05-24 18:55:10,577 [INFO] ThirdParty:1030 - CMSIS Pack Vendor :RealThread X-CUBE-RT-Thread_Nano 4.1.1
2025-05-24 18:55:10,577 [INFO] ThirdParty:1030 - CMSIS Pack Vendor :STMicroelectronics X-CUBE-BLE1 7.0.0
2025-05-24 18:55:10,577 [INFO] ThirdParty:1030 - CMSIS Pack Vendor :STMicroelectronics FP-ATR-SIGFOX1 3.2.0
2025-05-24 18:55:10,578 [INFO] ThirdParty:1030 - CMSIS Pack Vendor :STMicroelectronics X-CUBE-NFC10 1.0.0
2025-05-24 18:55:10,578 [INFO] ThirdParty:1030 - CMSIS Pack Vendor :quantropi X-CUBE-qispace-sdk-base 1.9.3
2025-05-24 18:55:10,578 [INFO] ThirdParty:1030 - CMSIS Pack Vendor :STMicroelectronics X-CUBE-BLEMGR 4.0.0
2025-05-24 18:55:10,578 [INFO] ThirdParty:1030 - CMSIS Pack Vendor :STMicroelectronics X-CUBE-EEPRMA1 5.1.0
2025-05-24 18:55:10,578 [INFO] ThirdParty:1030 - CMSIS Pack Vendor :STMicroelectronics X-CUBE-FREERTOS 1.3.1
2025-05-24 18:55:10,578 [INFO] ThirdParty:1030 - CMSIS Pack Vendor :STMicroelectronics HAL Drivers 0.0.0
2025-05-24 18:55:10,578 [INFO] ThirdParty:1030 - CMSIS Pack Vendor :STMicroelectronics MBEDTLS 2.16.2
2025-05-24 18:55:10,578 [INFO] ThirdParty:1030 - CMSIS Pack Vendor :STMicroelectronics X-CUBE-IPS 3.1.0
2025-05-24 18:55:10,578 [INFO] ThirdParty:1030 - CMSIS Pack Vendor :STMicroelectronics X-CUBE-ALS 1.0.2
2025-05-24 18:55:10,578 [INFO] ThirdParty:1030 - CMSIS Pack Vendor :emotas I-CUBE-CANOPEN 1.3.0
2025-05-24 18:55:10,578 [INFO] ThirdParty:1030 - CMSIS Pack Vendor :STMicroelectronics X-CUBE-FREERTOS 1.3.0
2025-05-24 18:55:10,578 [INFO] ThirdParty:1030 - CMSIS Pack Vendor :wolfSSL I-CUBE-wolfSSL 5.7.4
2025-05-24 18:55:10,578 [INFO] ThirdParty:1030 - CMSIS Pack Vendor :STMicroelectronics X-CUBE-NFC7 1.0.1
2025-05-24 18:55:10,578 [INFO] ThirdParty:1030 - CMSIS Pack Vendor :STMicroelectronics MBEDTLS 2.14.1
2025-05-24 18:55:10,578 [INFO] ThirdParty:1030 - CMSIS Pack Vendor :ITTIA_DB I-CUBE-ITTIADB 8.9.0
2025-05-24 18:55:10,578 [INFO] ThirdParty:1030 - CMSIS Pack Vendor :STMicroelectronics X-CUBE-TOUCHGFX 4.24.2
2025-05-24 18:55:10,578 [INFO] ThirdParty:1030 - CMSIS Pack Vendor :wolfSSL I-CUBE-wolfTPM 3.4.0
2025-05-24 18:55:10,578 [INFO] ThirdParty:1030 - CMSIS Pack Vendor :portGmbH I-Cube-SoM-uGOAL 1.1.0
2025-05-24 18:55:10,578 [INFO] ThirdParty:1030 - CMSIS Pack Vendor :STMicroelectronics X-CUBE-AI 10.0.0
2025-05-24 18:55:10,578 [INFO] ThirdParty:1030 - CMSIS Pack Vendor :STMicroelectronics ThreadX 1.0.0
2025-05-24 18:55:10,578 [INFO] ThirdParty:1030 - CMSIS Pack Vendor :STMicroelectronics FP-SNS-SMARTAG2 1.2.0
2025-05-24 18:55:10,578 [INFO] ThirdParty:1030 - CMSIS Pack Vendor :STMicroelectronics FP-SNS-FLIGHT1 5.1.0
2025-05-24 18:55:10,579 [INFO] ThirdParty:1030 - CMSIS Pack Vendor :STMicroelectronics X-CUBE-MEMS1 11.1.0
2025-05-24 18:55:10,579 [INFO] ThirdParty:1030 - CMSIS Pack Vendor :STMicroelectronics X-CUBE-AZRTOS-WL 2.0.0
2025-05-24 18:55:10,579 [INFO] ThirdParty:1030 - CMSIS Pack Vendor :SEGGER I-CUBE-embOS 1.3.1
2025-05-24 18:55:10,579 [INFO] ThirdParty:1030 - CMSIS Pack Vendor :STMicroelectronics X-CUBE-ALGOBUILD 1.4.0
2025-05-24 18:55:10,579 [INFO] ThirdParty:1030 - CMSIS Pack Vendor :STMicroelectronics X-CUBE-DPower 1.3.0
2025-05-24 18:55:10,579 [INFO] ThirdParty:1030 - CMSIS Pack Vendor :STMicroelectronics FP-SNS-MOTENV1 5.0.0
2025-05-24 18:55:10,579 [INFO] ThirdParty:1030 - CMSIS Pack Vendor :STMicroelectronics USB_DEVICE 1.0.0
2025-05-24 18:55:10,579 [INFO] ThirdParty:1030 - CMSIS Pack Vendor :STMicroelectronics X-CUBE-AZRTOS-H7RS 1.0.0
2025-05-24 18:55:10,579 [INFO] ThirdParty:1030 - CMSIS Pack Vendor :wolfSSL I-CUBE-wolfMQTT 1.19.0
2025-05-24 18:55:10,579 [INFO] ThirdParty:1030 - CMSIS Pack Vendor :STMicroelectronics X-CUBE-AZRTOS-L4 2.0.0
2025-05-24 18:55:10,579 [INFO] ThirdParty:1030 - CMSIS Pack Vendor :STMicroelectronics ThreadX 0.0.2
2025-05-24 18:55:10,579 [INFO] ThirdParty:1030 - CMSIS Pack Vendor :WES I-CUBE-Cesium 1.3.0
2025-05-24 18:55:10,579 [INFO] ThirdParty:1030 - CMSIS Pack Vendor :STMicroelectronics lwIP 2.1.2
2025-05-24 18:55:10,579 [INFO] ThirdParty:1030 - CMSIS Pack Vendor :STMicroelectronics X-CUBE-SFXS2LP1 4.0.0
2025-05-24 18:55:10,579 [INFO] ThirdParty:1030 - CMSIS Pack Vendor :STMicroelectronics X-CUBE-BLE2 3.3.0
2025-05-24 18:55:10,579 [INFO] ThirdParty:1030 - CMSIS Pack Vendor :STMicroelectronics X-CUBE-TOF1 3.4.2
2025-05-24 18:55:10,579 [INFO] ThirdParty:1030 - CMSIS Pack Vendor :STMicroelectronics X-CUBE-TOF1 3.4.3
2025-05-24 18:55:10,579 [INFO] ThirdParty:1030 - CMSIS Pack Vendor :STMicroelectronics X-CUBE-AI 9.1.0
2025-05-24 18:55:10,579 [INFO] ThirdParty:1030 - CMSIS Pack Vendor :STMicroelectronics PDM2PCM 3.2.0
2025-05-24 18:55:10,579 [INFO] ThirdParty:1030 - CMSIS Pack Vendor :wolfSSL I-CUBE-wolfSSH 1.4.17
2025-05-24 18:55:10,580 [INFO] ThirdParty:841 - exiting critical section [change project]
2025-05-24 18:55:10,972 [INFO] PinOutPanel:1589 - setPackage(No Configuration,No Configuration)
2025-05-24 18:55:10,973 [INFO] PinOutPanel:1589 - setPackage(STM32F411CEUx,UFQFPN48)
2025-05-24 18:55:11,836 [INFO] UtilMem:75 - Before build in PCC Used Memory: 784919320 Bytes (1073741824)
2025-05-24 18:55:12,394 [INFO] UtilMem:75 - After build in PCC Used Memory: 827910936 Bytes (1073741824)
2025-05-24 18:55:12,498 [INFO] ApiDbMcu:508 - Load IP Config File for FREERTOS
2025-05-24 18:55:12,541 [INFO] IPUIPlugin:80 - create IPUIPlugin
2025-05-24 18:55:12,542 [INFO] IPUIPlugin:80 - create IPUIPlugin
2025-05-24 18:55:12,542 [INFO] IPUIPlugin:80 - create IPUIPlugin
2025-05-24 18:55:12,543 [INFO] IPUIPlugin:80 - create IPUIPlugin
2025-05-24 18:55:12,543 [INFO] IPUIPlugin:80 - create IPUIPlugin
2025-05-24 18:55:12,543 [INFO] IPUIPlugin:80 - create IPUIPlugin
2025-05-24 18:55:12,543 [INFO] IPUIPlugin:80 - create IPUIPlugin
2025-05-24 18:55:12,543 [INFO] IPUIPlugin:80 - create IPUIPlugin
2025-05-24 18:55:12,543 [INFO] IPUIPlugin:80 - create IPUIPlugin
2025-05-24 18:55:12,543 [INFO] IPUIPlugin:80 - create IPUIPlugin
2025-05-24 18:55:12,543 [INFO] IPUIPlugin:80 - create IPUIPlugin
2025-05-24 18:55:12,544 [INFO] IPUIPlugin:80 - create IPUIPlugin
2025-05-24 18:55:12,544 [INFO] IPUIPlugin:80 - create IPUIPlugin
2025-05-24 18:55:12,544 [INFO] IPUIPlugin:80 - create IPUIPlugin
2025-05-24 18:55:12,544 [INFO] IPUIPlugin:80 - create IPUIPlugin
2025-05-24 18:55:12,544 [INFO] IPUIPlugin:80 - create IPUIPlugin
2025-05-24 18:55:12,544 [INFO] IPUIPlugin:80 - create IPUIPlugin
2025-05-24 18:55:12,544 [INFO] IPUIPlugin:80 - create IPUIPlugin
2025-05-24 18:55:12,544 [INFO] IPUIPlugin:80 - create IPUIPlugin
2025-05-24 18:55:12,544 [INFO] IPUIPlugin:80 - create IPUIPlugin
2025-05-24 18:55:12,545 [INFO] IPUIPlugin:80 - create IPUIPlugin
2025-05-24 18:55:12,545 [INFO] IPUIPlugin:80 - create IPUIPlugin
2025-05-24 18:55:12,545 [INFO] IPUIPlugin:80 - create IPUIPlugin
2025-05-24 18:55:12,545 [INFO] IPUIPlugin:80 - create IPUIPlugin
2025-05-24 18:55:12,545 [INFO] IPUIPlugin:80 - create IPUIPlugin
2025-05-24 18:55:12,545 [INFO] IPUIPlugin:80 - create IPUIPlugin
2025-05-24 18:55:12,545 [INFO] IPUIPlugin:80 - create IPUIPlugin
2025-05-24 18:55:12,545 [INFO] IPUIPlugin:80 - create IPUIPlugin
2025-05-24 18:55:12,545 [INFO] IPUIPlugin:80 - create IPUIPlugin
2025-05-24 18:55:12,545 [INFO] IPUIPlugin:80 - create IPUIPlugin
2025-05-24 18:55:12,545 [INFO] IPUIPlugin:80 - create IPUIPlugin
2025-05-24 18:55:12,545 [INFO] IPUIPlugin:80 - create IPUIPlugin
2025-05-24 18:55:12,545 [INFO] IPUIPlugin:80 - create IPUIPlugin
2025-05-24 18:55:12,545 [INFO] IPUIPlugin:80 - create IPUIPlugin
2025-05-24 18:55:12,545 [INFO] IPUIPlugin:80 - create IPUIPlugin
2025-05-24 18:55:12,545 [INFO] IPUIPlugin:80 - create IPUIPlugin
2025-05-24 18:55:12,546 [INFO] IPUIPlugin:80 - create IPUIPlugin
2025-05-24 18:55:12,546 [INFO] IPUIPlugin:80 - create IPUIPlugin
2025-05-24 18:55:12,546 [INFO] IPUIPlugin:80 - create IPUIPlugin
2025-05-24 18:55:12,546 [INFO] IPUIPlugin:80 - create IPUIPlugin
2025-05-24 18:55:12,547 [INFO] IPUIPlugin:80 - create IPUIPlugin
2025-05-24 18:55:12,549 [INFO] IPUIPlugin:80 - create IPUIPlugin
2025-05-24 18:55:12,550 [INFO] IPUIPlugin:80 - create IPUIPlugin
2025-05-24 18:55:12,563 [INFO] ApiDbMcu:508 - Load IP Config File for PDM2PCM
2025-05-24 18:55:12,587 [WARN] FreeRTOS:1023 - Null or empty value: should not occur! (nothing added to the table)
2025-05-24 18:55:12,680 [INFO] CADModel:165 - CPN selected for project levelSTM32F411CEU6
2025-05-24 18:55:12,680 [INFO] CADModel:114 - Register for checkConnection events
2025-05-24 18:55:12,683 [INFO] RtosManager:697 - Active RTOS found at IOC load: FREERTOS [Cortex-M4NS]
2025-05-24 18:55:12,746 [INFO] OpenFileManager:363 - Restore cursor
2025-05-24 19:27:48,744 [INFO] MainUpdater:2872 - connection check result : 10
2025-05-24 19:27:48,746 [INFO] MainUpdater:2872 - connection check result : 10
2025-05-24 19:27:49,216 [INFO] MicroXplorer:468 - Change Database Path : 
2025-05-24 19:27:49,217 [INFO] MicroXplorer:498 - Change Database Version : DB.6.0.130
2025-05-24 19:27:49,318 [ERROR] ProjectManagerView:394 - 
java.lang.NullPointerException: Cannot invoke "javax.swing.JTextField.getText()" because the return value of "java.util.List.get(int)" is null
	at com.st.microxplorer.plugins.projectmanager.gui.ProjectChoiceTab$9.caretUpdate(ProjectChoiceTab.java:2616) ~[filemanager.jar:?]
	at javax.swing.text.JTextComponent.fireCaretUpdate(JTextComponent.java:408) ~[?:?]
	at javax.swing.text.JTextComponent$MutableCaretEvent.fire(JTextComponent.java:4484) ~[?:?]
	at javax.swing.text.JTextComponent$MutableCaretEvent.stateChanged(JTextComponent.java:4506) ~[?:?]
	at javax.swing.text.DefaultCaret.fireStateChanged(DefaultCaret.java:857) ~[?:?]
	at javax.swing.text.DefaultCaret.changeCaretPosition(DefaultCaret.java:1343) ~[?:?]
	at javax.swing.text.DefaultCaret.handleSetDot(DefaultCaret.java:1242) ~[?:?]
	at javax.swing.text.DefaultCaret.setDot(DefaultCaret.java:1223) ~[?:?]
	at javax.swing.text.DefaultCaret$Handler.insertUpdate(DefaultCaret.java:1819) ~[?:?]
	at javax.swing.text.AbstractDocument.fireInsertUpdate(AbstractDocument.java:227) ~[?:?]
	at javax.swing.text.AbstractDocument.handleInsertString(AbstractDocument.java:781) ~[?:?]
	at javax.swing.text.AbstractDocument.insertString(AbstractDocument.java:740) ~[?:?]
	at javax.swing.text.PlainDocument.insertString(PlainDocument.java:131) ~[?:?]
	at javax.swing.text.AbstractDocument.replace(AbstractDocument.java:699) ~[?:?]
	at javax.swing.text.JTextComponent.setText(JTextComponent.java:1725) ~[?:?]
	at com.st.microxplorer.plugins.projectmanager.gui.ProjectChoiceTab.createHeapStackFields(ProjectChoiceTab.java:975) ~[filemanager.jar:?]
	at com.st.microxplorer.plugins.projectmanager.gui.ProjectChoiceTab.buildLinkSettingsPanel(ProjectChoiceTab.java:3666) ~[filemanager.jar:?]
	at com.st.microxplorer.plugins.projectmanager.gui.ProjectChoiceTab.defineWindowsFields(ProjectChoiceTab.java:1934) ~[filemanager.jar:?]
	at com.st.microxplorer.plugins.projectmanager.gui.ProjectChoiceTab.updateSettings(ProjectChoiceTab.java:553) ~[filemanager.jar:?]
	at com.st.microxplorer.plugins.projectmanager.gui.ProjectSettingsPanel.UpdateDialog(ProjectSettingsPanel.java:245) ~[filemanager.jar:?]
	at com.st.microxplorer.plugins.projectmanager.ProjectManagerView.propertyChange(ProjectManagerView.java:391) ~[filemanager.jar:?]
	at java.beans.PropertyChangeSupport.fire(PropertyChangeSupport.java:343) ~[?:?]
	at java.beans.PropertyChangeSupport.firePropertyChange(PropertyChangeSupport.java:335) ~[?:?]
	at java.beans.PropertyChangeSupport.firePropertyChange(PropertyChangeSupport.java:268) ~[?:?]
	at com.st.microxplorer.util.MXPropertyChangeSupport.firePropertyChange(MXPropertyChangeSupport.java:54) ~[STM32CubeMX.jar:?]
	at com.st.microxplorer.mxsystem.MxSystem.closeConfig(MxSystem.java:899) ~[STM32CubeMX.jar:?]
	at com.st.microxplorer.maingui.MainPanel.closeConfig(MainPanel.java:789) ~[STM32CubeMX.jar:?]
	at com.st.microxplorer.plugins.filemanager.engine.OpenFileManager.loadConfigurationFile(OpenFileManager.java:265) ~[filemanager.jar:?]
	at com.st.microxplorer.plugins.filemanager.engine.MainFileManager.userLoadConfig(MainFileManager.java:340) ~[filemanager.jar:?]
	at com.st.microxplorer.plugins.filemanager.engine.MainFileManager.userLoadConfig(MainFileManager.java:318) ~[filemanager.jar:?]
	at com.st.microxplorer.plugins.filemanager.FileManagerView.getSpecificTask(FileManagerView.java:246) ~[filemanager.jar:?]
	at com.st.stm32cube.common.mx.editor.CubeMxEditor.getMxTabbedPaneInstance(CubeMxEditor.java:1198) ~[com.st.stm32cube.common.mx_6.13.0.202411220809/:?]
	at com.st.stm32cube.common.mx.editor.CubeMxEditor$12$1.createSwingComponent(CubeMxEditor.java:1068) ~[com.st.stm32cube.common.mx_6.13.0.202411220809/:?]
	at com.st.stm32cube.common.mx.oss.core.awtswtbridge.EmbeddedSwingComposite.doComponentCreation(EmbeddedSwingComposite.java:492) ~[com.st.stm32cube.common.mx.oss_6.13.0.202411220809/:?]
	at com.st.stm32cube.common.mx.oss.core.awtswtbridge.EmbeddedSwingComposite$4.run(EmbeddedSwingComposite.java:291) ~[com.st.stm32cube.common.mx.oss_6.13.0.202411220809/:?]
	at com.st.stm32cube.common.mx.oss.core.awtswtbridge.AwtEnvironment$2.run(AwtEnvironment.java:166) ~[com.st.stm32cube.common.mx.oss_6.13.0.202411220809/:?]
	at java.awt.event.InvocationEvent.dispatch(InvocationEvent.java:318) ~[?:?]
	at java.awt.EventQueue.dispatchEventImpl(EventQueue.java:773) ~[?:?]
	at java.awt.EventQueue$4.run(EventQueue.java:720) ~[?:?]
	at java.awt.EventQueue$4.run(EventQueue.java:714) ~[?:?]
	at java.security.AccessController.doPrivileged(AccessController.java:400) ~[?:?]
	at java.security.ProtectionDomain$JavaSecurityAccessImpl.doIntersectionPrivilege(ProtectionDomain.java:87) ~[?:?]
	at java.awt.EventQueue.dispatchEvent(EventQueue.java:742) ~[?:?]
	at java.awt.EventDispatchThread.pumpOneEventForFilters(EventDispatchThread.java:203) ~[?:?]
	at java.awt.EventDispatchThread.pumpEventsForFilter(EventDispatchThread.java:124) ~[?:?]
	at java.awt.EventDispatchThread.pumpEventsForHierarchy(EventDispatchThread.java:113) ~[?:?]
	at java.awt.EventDispatchThread.pumpEvents(EventDispatchThread.java:109) ~[?:?]
	at java.awt.EventDispatchThread.pumpEvents(EventDispatchThread.java:101) ~[?:?]
	at java.awt.EventDispatchThread.run(EventDispatchThread.java:90) ~[?:?]
2025-05-24 19:27:49,319 [WARN] ThirdParty:871 - waiting for thirdparty lock release [close project]
2025-05-24 19:27:49,319 [INFO] ThirdParty:873 - entering critical section [close project]
2025-05-24 19:27:49,319 [INFO] ThirdParty:883 - exiting critical section [close project]
2025-05-24 19:27:49,322 [INFO] PinOutPanel:1589 - setPackage(No Configuration,No Configuration)
2025-05-24 19:27:49,350 [WARN] IpParametersView:154 - Warning: This peripheral hasn't parameters
2025-05-24 19:27:49,389 [WARN] MainPanel:289 - <html><b><center>Warning: This peripheral has no parameters to be configured<br></b></html>
2025-05-24 19:27:49,390 [ERROR] MainPanel:599 - java.lang.IndexOutOfBoundsException: Index: 0, Tab count: 0
2025-05-24 19:27:49,396 [INFO] UtilMem:75 - Begin LoadConfig() Used Memory: 742181472 Bytes (1073741824)
2025-05-24 19:27:49,398 [INFO] MicroXplorer:468 - Change Database Path : 
2025-05-24 19:27:49,398 [INFO] MicroXplorer:498 - Change Database Version : DB.6.0.130
2025-05-24 19:27:49,398 [INFO] OpenFileManager:332 - Change cursor
2025-05-24 19:27:49,466 [INFO] Mcu:2035 - Initializing MCU STM32F103C(4-6)Tx STM32F103C6Tx STM32F103C6T6A
2025-05-24 19:27:50,227 [INFO] Context:748 - Trying to add GPIOservice into a context  which must be forbidden
2025-05-24 19:27:50,810 [INFO] RtosManager:555 - Registered RTOS mode: class=CMSIS, group=RTOS, mode=CMSIS_V1, owner=FREERTOS
2025-05-24 19:27:50,810 [INFO] RtosManager:555 - Registered RTOS mode: class=CMSIS, group=RTOS2, mode=CMSIS_V2, owner=FREERTOS
2025-05-24 19:27:50,810 [INFO] RtosManager:555 - Registered RTOS mode: class=RTOS, group=Core, mode=CMSIS_V1, owner=FREERTOS
2025-05-24 19:27:50,810 [INFO] RtosManager:555 - Registered RTOS mode: class=RTOS, group=Core, mode=CMSIS_V2, owner=FREERTOS
2025-05-24 19:27:50,810 [WARN] ModelIntegratedComponent:184 - Missing modes for component STMicroelectronics:FreeRTOS:0.0.1:STMicroelectronics:RTOS:FreeRTOS:Core:::10.2.0:
2025-05-24 19:27:50,843 [WARN] ModelIntegratedComponent:63 - No mode defined for component null
2025-05-24 19:27:50,844 [WARN] ModelIntegratedComponent:63 - No mode defined for component null
2025-05-24 19:27:50,844 [WARN] ModelIntegratedComponent:63 - No mode defined for component null
2025-05-24 19:27:50,844 [WARN] ModelIntegratedComponent:63 - No mode defined for component null
2025-05-24 19:27:50,844 [WARN] ModelIntegratedComponent:63 - No mode defined for component null
2025-05-24 19:27:50,844 [WARN] ModelIntegratedComponent:63 - No mode defined for component null
2025-05-24 19:27:50,844 [WARN] ModelIntegratedComponent:63 - No mode defined for component null
2025-05-24 19:27:50,844 [WARN] ModelIntegratedComponent:63 - No mode defined for component null
2025-05-24 19:27:50,844 [WARN] ModelIntegratedComponent:63 - No mode defined for component null
2025-05-24 19:27:50,844 [WARN] ModelIntegratedComponent:63 - No mode defined for component null
2025-05-24 19:27:50,844 [WARN] ModelIntegratedComponent:63 - No mode defined for component null
2025-05-24 19:27:50,845 [WARN] ModelIntegratedComponent:63 - No mode defined for component null
2025-05-24 19:27:50,846 [WARN] ModelIntegratedComponent:63 - No mode defined for component null
2025-05-24 19:27:50,847 [WARN] ModelIntegratedComponent:63 - No mode defined for component null
2025-05-24 19:27:50,847 [WARN] ModelIntegratedComponent:63 - No mode defined for component null
2025-05-24 19:27:50,847 [WARN] ModelIntegratedComponent:63 - No mode defined for component null
2025-05-24 19:27:50,847 [WARN] ModelIntegratedComponent:63 - No mode defined for component null
2025-05-24 19:27:50,847 [WARN] ModelIntegratedComponent:63 - No mode defined for component null
2025-05-24 19:27:50,847 [WARN] ModelIntegratedComponent:63 - No mode defined for component null
2025-05-24 19:27:50,847 [WARN] ModelIntegratedComponent:63 - No mode defined for component null
2025-05-24 19:27:50,848 [WARN] ModelIntegratedComponent:63 - No mode defined for component null
2025-05-24 19:27:50,848 [WARN] ModelIntegratedComponent:63 - No mode defined for component null
2025-05-24 19:27:50,849 [WARN] ModelIntegratedComponent:63 - No mode defined for component null
2025-05-24 19:27:50,849 [WARN] ModelIntegratedComponent:63 - No mode defined for component null
2025-05-24 19:27:50,850 [WARN] ModelIntegratedComponent:63 - No mode defined for component null
2025-05-24 19:27:50,851 [WARN] ModelIntegratedComponent:63 - No mode defined for component null
2025-05-24 19:27:50,851 [WARN] ModelIntegratedComponent:63 - No mode defined for component null
2025-05-24 19:27:50,851 [WARN] ModelIntegratedComponent:63 - No mode defined for component null
2025-05-24 19:27:50,851 [WARN] ModelIntegratedComponent:63 - No mode defined for component null
2025-05-24 19:27:50,851 [WARN] ModelIntegratedComponent:63 - No mode defined for component null
2025-05-24 19:27:50,851 [WARN] ModelIntegratedComponent:63 - No mode defined for component null
2025-05-24 19:27:50,852 [WARN] ModelIntegratedComponent:63 - No mode defined for component null
2025-05-24 19:27:50,852 [WARN] ModelIntegratedComponent:63 - No mode defined for component null
2025-05-24 19:27:50,852 [WARN] ModelIntegratedComponent:63 - No mode defined for component null
2025-05-24 19:27:50,852 [WARN] ModelIntegratedComponent:63 - No mode defined for component null
2025-05-24 19:27:50,852 [WARN] ModelPack:524 - Component already loaded: STMicroelectronics:HAL Drivers:0.0.0:STMicroelectronics:Device:STMicro_Driver:XSPI:HAL::0.0.1:HAL_XSPI
2025-05-24 19:27:51,080 [INFO] ThirdPartyModel:298 - Start build external matchings
2025-05-24 19:27:52,156 [INFO] ThirdPartyModel:316 - End build external matchings
2025-05-24 19:27:52,173 [INFO] RtosManager:922 - Current active RTOS is FREERTOS [Cortex-M3NS]
2025-05-24 19:27:52,208 [INFO] ImportTextPane:218 - (OptionalMessage_ERROR) IP (RCC) : Invalid parameter (FamilyName)
2025-05-24 19:27:52,208 [INFO] ImportTextPane:218 - (OptionalMessage_ERROR) IP (RCC) : Parameter (MCOFreq_Value) has invalid value (72000000)
2025-05-24 19:27:52,208 [INFO] ImportTextPane:218 - (OptionalMessage_ERROR) IP (RCC) : Parameter (USBFreq_Value) has invalid value (72000000)
2025-05-24 19:27:52,425 [INFO] UtilMem:75 - End LoadConfig() Used Memory: 685734848 Bytes (1073741824)
2025-05-24 19:27:52,590 [WARN] ThirdParty:833 - waiting for thirdparty lock release [change project]
2025-05-24 19:27:52,591 [INFO] ThirdParty:835 - entering critical section [change project]
2025-05-24 19:27:52,591 [INFO] ThirdParty:1030 - CMSIS Pack Vendor :STMicroelectronics USBPD 4.1
2025-05-24 19:27:52,591 [INFO] ThirdParty:1030 - CMSIS Pack Vendor :STMicroelectronics X-CUBE-AZRTOS-H7 3.3.0
2025-05-24 19:27:52,591 [INFO] ThirdParty:1030 - CMSIS Pack Vendor :STMicroelectronics X-CUBE-NFC9 1.0.0
2025-05-24 19:27:52,591 [INFO] ThirdParty:1030 - CMSIS Pack Vendor :STMicroelectronics USB_HOST 2.0.0
2025-05-24 19:27:52,591 [INFO] ThirdParty:1030 - CMSIS Pack Vendor :STMicroelectronics FP-SNS-MOTENVWB1 1.4.0
2025-05-24 19:27:52,591 [INFO] ThirdParty:1030 - CMSIS Pack Vendor :STMicroelectronics X-CUBE-AZRTOS-F4 1.1.0
2025-05-24 19:27:52,591 [INFO] ThirdParty:1030 - CMSIS Pack Vendor :STMicroelectronics LIBJPEG 8.0.0
2025-05-24 19:27:52,591 [INFO] ThirdParty:1030 - CMSIS Pack Vendor :STMicroelectronics FP-ATR-ASTRA1 2.0.2
2025-05-24 19:27:52,591 [INFO] ThirdParty:1030 - CMSIS Pack Vendor :STMicroelectronics FP-ATR-ASTRA1 2.0.1
2025-05-24 19:27:52,592 [INFO] ThirdParty:1030 - CMSIS Pack Vendor :STMicroelectronics X-CUBE-BLE1 7.1.0
2025-05-24 19:27:52,592 [INFO] ThirdParty:1030 - CMSIS Pack Vendor :Avnet-IotConnect X-CUBE-IoTC-DA16k-PMOD 1.0.0
2025-05-24 19:27:52,592 [INFO] ThirdParty:1030 - CMSIS Pack Vendor :STMicroelectronics X-CUBE-SMBUS 2.1.0
2025-05-24 19:27:52,592 [INFO] ThirdParty:1030 - CMSIS Pack Vendor :STMicroelectronics X-CUBE-WB05N 1.1.0
2025-05-24 19:27:52,592 [INFO] ThirdParty:1030 - CMSIS Pack Vendor :STMicroelectronics USB_DEVICE 3.0.0
2025-05-24 19:27:52,592 [INFO] ThirdParty:1030 - CMSIS Pack Vendor :STMicroelectronics X-CUBE-ISPU 2.1.0
2025-05-24 19:27:52,592 [INFO] ThirdParty:1030 - CMSIS Pack Vendor :STMicroelectronics X-CUBE-AZRTOS-WB 2.0.0
2025-05-24 19:27:52,592 [INFO] ThirdParty:1030 - CMSIS Pack Vendor :STMicroelectronics X-CUBE-GNSS1 7.0.1
2025-05-24 19:27:52,592 [INFO] ThirdParty:1030 - CMSIS Pack Vendor :STMicroelectronics X-CUBE-AZRTOS-F7 1.1.0
2025-05-24 19:27:52,592 [INFO] ThirdParty:1030 - CMSIS Pack Vendor :STMicroelectronics X-CUBE-AZRTOS-L5 2.0.0
2025-05-24 19:27:52,592 [INFO] ThirdParty:1030 - CMSIS Pack Vendor :STMicroelectronics X-CUBE-TOUCHGFX 4.25.0
2025-05-24 19:27:52,592 [INFO] ThirdParty:1030 - CMSIS Pack Vendor :STMicroelectronics USB_DEVICE 2.0.0
2025-05-24 19:27:52,593 [INFO] ThirdParty:1030 - CMSIS Pack Vendor :STMicroelectronics X-CUBE-NFC6 3.1.0
2025-05-24 19:27:52,593 [INFO] ThirdParty:1030 - CMSIS Pack Vendor :STMicroelectronics FP-SNS-STBOX1 2.0.0
2025-05-24 19:27:52,594 [INFO] ThirdParty:1030 - CMSIS Pack Vendor :STMicroelectronics X-CUBE-MEMS1 11.2.0
2025-05-24 19:27:52,594 [INFO] ThirdParty:1030 - CMSIS Pack Vendor :STMicroelectronics FreeRTOS 0.0.1
2025-05-24 19:27:52,595 [INFO] ThirdParty:1030 - CMSIS Pack Vendor :STMicroelectronics X-CUBE-AZRTOS-G0 1.1.0
2025-05-24 19:27:52,596 [INFO] ThirdParty:1030 - CMSIS Pack Vendor :STMicroelectronics X-CUBE-SAFEA1 1.2.2
2025-05-24 19:27:52,596 [INFO] ThirdParty:1030 - CMSIS Pack Vendor :STMicroelectronics X-CUBE-NFC4 3.0.0
2025-05-24 19:27:52,596 [INFO] ThirdParty:1030 - CMSIS Pack Vendor :STMicroelectronics X-CUBE-DPower 1.2.0
2025-05-24 19:27:52,596 [INFO] ThirdParty:1030 - CMSIS Pack Vendor :STMicroelectronics X-CUBE-SUBG2 5.0.0
2025-05-24 19:27:52,596 [INFO] ThirdParty:1030 - CMSIS Pack Vendor :STMicroelectronics X-CUBE-AZRTOS-H7RS 1.1.0
2025-05-24 19:27:52,596 [INFO] ThirdParty:1030 - CMSIS Pack Vendor :STMicroelectronics STM32_WPAN 1.0.0
2025-05-24 19:27:52,596 [INFO] ThirdParty:1030 - CMSIS Pack Vendor :EmbeddedOffice I-CUBE-FS-RTOS 1.0.1
2025-05-24 19:27:52,596 [INFO] ThirdParty:1030 - CMSIS Pack Vendor :STMicroelectronics lwIP 2.0.3
2025-05-24 19:27:52,596 [INFO] ThirdParty:1030 - CMSIS Pack Vendor :STMicroelectronics FP-SNS-FLIGHT1 5.0.2
2025-05-24 19:27:52,596 [INFO] ThirdParty:1030 - CMSIS Pack Vendor :Cesanta I-CUBE-Mongoose 7.13.0
2025-05-24 19:27:52,596 [INFO] ThirdParty:1030 - CMSIS Pack Vendor :STMicroelectronics USB_HOST 1.0.0
2025-05-24 19:27:52,596 [INFO] ThirdParty:1030 - CMSIS Pack Vendor :Infineon AIROC-Wi-Fi-Bluetooth-STM32 1.7.0
2025-05-24 19:27:52,598 [INFO] ThirdParty:1030 - CMSIS Pack Vendor :STMicroelectronics X-CUBE-AZRTOS-G4 2.0.0
2025-05-24 19:27:52,598 [INFO] ThirdParty:1030 - CMSIS Pack Vendor :STMicroelectronics X-CUBE-WB05N 2.0.0
2025-05-24 19:27:52,598 [INFO] ThirdParty:1030 - CMSIS Pack Vendor :STMicroelectronics PDM2PCM 3.1.0
2025-05-24 19:27:52,598 [INFO] ThirdParty:1030 - CMSIS Pack Vendor :STMicroelectronics PDM2PCM 3.3.0
2025-05-24 19:27:52,599 [INFO] ThirdParty:1030 - CMSIS Pack Vendor :STMicroelectronics X-CUBE-DISPLAY 3.0.0
2025-05-24 19:27:52,599 [INFO] ThirdParty:1030 - CMSIS Pack Vendor :STMicroelectronics X-CUBE-NFC7 2.0.0
2025-05-24 19:27:52,600 [INFO] ThirdParty:1030 - CMSIS Pack Vendor :STMicroelectronics X-CUBE-TCPP 4.2.0
2025-05-24 19:27:52,601 [INFO] ThirdParty:1030 - CMSIS Pack Vendor :RealThread X-CUBE-RT-Thread_Nano 4.1.1
2025-05-24 19:27:52,604 [INFO] ThirdParty:1030 - CMSIS Pack Vendor :STMicroelectronics X-CUBE-BLE1 7.0.0
2025-05-24 19:27:52,606 [INFO] ThirdParty:1030 - CMSIS Pack Vendor :STMicroelectronics FP-ATR-SIGFOX1 3.2.0
2025-05-24 19:27:52,608 [INFO] ThirdParty:1030 - CMSIS Pack Vendor :STMicroelectronics X-CUBE-NFC10 1.0.0
2025-05-24 19:27:52,614 [INFO] ThirdParty:1030 - CMSIS Pack Vendor :quantropi X-CUBE-qispace-sdk-base 1.9.3
2025-05-24 19:27:52,617 [INFO] ThirdParty:1030 - CMSIS Pack Vendor :STMicroelectronics X-CUBE-BLEMGR 4.0.0
2025-05-24 19:27:52,617 [INFO] ThirdParty:1030 - CMSIS Pack Vendor :STMicroelectronics X-CUBE-EEPRMA1 5.1.0
2025-05-24 19:27:52,617 [INFO] ThirdParty:1030 - CMSIS Pack Vendor :STMicroelectronics X-CUBE-FREERTOS 1.3.1
2025-05-24 19:27:52,617 [INFO] ThirdParty:1030 - CMSIS Pack Vendor :STMicroelectronics HAL Drivers 0.0.0
2025-05-24 19:27:52,617 [INFO] ThirdParty:1030 - CMSIS Pack Vendor :STMicroelectronics MBEDTLS 2.16.2
2025-05-24 19:27:52,617 [INFO] ThirdParty:1030 - CMSIS Pack Vendor :STMicroelectronics X-CUBE-IPS 3.1.0
2025-05-24 19:27:52,617 [INFO] ThirdParty:1030 - CMSIS Pack Vendor :STMicroelectronics X-CUBE-ALS 1.0.2
2025-05-24 19:27:52,617 [INFO] ThirdParty:1030 - CMSIS Pack Vendor :emotas I-CUBE-CANOPEN 1.3.0
2025-05-24 19:27:52,617 [INFO] ThirdParty:1030 - CMSIS Pack Vendor :STMicroelectronics X-CUBE-FREERTOS 1.3.0
2025-05-24 19:27:52,617 [INFO] ThirdParty:1030 - CMSIS Pack Vendor :wolfSSL I-CUBE-wolfSSL 5.7.4
2025-05-24 19:27:52,617 [INFO] ThirdParty:1030 - CMSIS Pack Vendor :STMicroelectronics X-CUBE-NFC7 1.0.1
2025-05-24 19:27:52,617 [INFO] ThirdParty:1030 - CMSIS Pack Vendor :STMicroelectronics MBEDTLS 2.14.1
2025-05-24 19:27:52,617 [INFO] ThirdParty:1030 - CMSIS Pack Vendor :ITTIA_DB I-CUBE-ITTIADB 8.9.0
2025-05-24 19:27:52,617 [INFO] ThirdParty:1030 - CMSIS Pack Vendor :STMicroelectronics X-CUBE-TOUCHGFX 4.24.2
2025-05-24 19:27:52,617 [INFO] ThirdParty:1030 - CMSIS Pack Vendor :wolfSSL I-CUBE-wolfTPM 3.4.0
2025-05-24 19:27:52,617 [INFO] ThirdParty:1030 - CMSIS Pack Vendor :portGmbH I-Cube-SoM-uGOAL 1.1.0
2025-05-24 19:27:52,618 [INFO] ThirdParty:1030 - CMSIS Pack Vendor :STMicroelectronics X-CUBE-AI 10.0.0
2025-05-24 19:27:52,618 [INFO] ThirdParty:1030 - CMSIS Pack Vendor :STMicroelectronics ThreadX 1.0.0
2025-05-24 19:27:52,618 [INFO] ThirdParty:1030 - CMSIS Pack Vendor :STMicroelectronics FP-SNS-SMARTAG2 1.2.0
2025-05-24 19:27:52,618 [INFO] ThirdParty:1030 - CMSIS Pack Vendor :STMicroelectronics FP-SNS-FLIGHT1 5.1.0
2025-05-24 19:27:52,618 [INFO] ThirdParty:1030 - CMSIS Pack Vendor :STMicroelectronics X-CUBE-MEMS1 11.1.0
2025-05-24 19:27:52,619 [INFO] ThirdParty:1030 - CMSIS Pack Vendor :STMicroelectronics X-CUBE-AZRTOS-WL 2.0.0
2025-05-24 19:27:52,620 [INFO] ThirdParty:1030 - CMSIS Pack Vendor :SEGGER I-CUBE-embOS 1.3.1
2025-05-24 19:27:52,622 [INFO] ThirdParty:1030 - CMSIS Pack Vendor :STMicroelectronics X-CUBE-ALGOBUILD 1.4.0
2025-05-24 19:27:52,624 [INFO] ThirdParty:1030 - CMSIS Pack Vendor :STMicroelectronics X-CUBE-DPower 1.3.0
2025-05-24 19:27:52,624 [INFO] ThirdParty:1030 - CMSIS Pack Vendor :STMicroelectronics FP-SNS-MOTENV1 5.0.0
2025-05-24 19:27:52,624 [INFO] ThirdParty:1030 - CMSIS Pack Vendor :STMicroelectronics USB_DEVICE 1.0.0
2025-05-24 19:27:52,624 [INFO] ThirdParty:1030 - CMSIS Pack Vendor :STMicroelectronics X-CUBE-AZRTOS-H7RS 1.0.0
2025-05-24 19:27:52,624 [INFO] ThirdParty:1030 - CMSIS Pack Vendor :wolfSSL I-CUBE-wolfMQTT 1.19.0
2025-05-24 19:27:52,624 [INFO] ThirdParty:1030 - CMSIS Pack Vendor :STMicroelectronics X-CUBE-AZRTOS-L4 2.0.0
2025-05-24 19:27:52,624 [INFO] ThirdParty:1030 - CMSIS Pack Vendor :STMicroelectronics ThreadX 0.0.2
2025-05-24 19:27:52,624 [INFO] ThirdParty:1030 - CMSIS Pack Vendor :WES I-CUBE-Cesium 1.3.0
2025-05-24 19:27:52,624 [INFO] ThirdParty:1030 - CMSIS Pack Vendor :STMicroelectronics lwIP 2.1.2
2025-05-24 19:27:52,624 [INFO] ThirdParty:1030 - CMSIS Pack Vendor :STMicroelectronics X-CUBE-SFXS2LP1 4.0.0
2025-05-24 19:27:52,624 [INFO] ThirdParty:1030 - CMSIS Pack Vendor :STMicroelectronics X-CUBE-BLE2 3.3.0
2025-05-24 19:27:52,624 [INFO] ThirdParty:1030 - CMSIS Pack Vendor :STMicroelectronics X-CUBE-TOF1 3.4.2
2025-05-24 19:27:52,624 [INFO] ThirdParty:1030 - CMSIS Pack Vendor :STMicroelectronics X-CUBE-TOF1 3.4.3
2025-05-24 19:27:52,624 [INFO] ThirdParty:1030 - CMSIS Pack Vendor :STMicroelectronics X-CUBE-AI 9.1.0
2025-05-24 19:27:52,624 [INFO] ThirdParty:1030 - CMSIS Pack Vendor :STMicroelectronics PDM2PCM 3.2.0
2025-05-24 19:27:52,624 [INFO] ThirdParty:1030 - CMSIS Pack Vendor :wolfSSL I-CUBE-wolfSSH 1.4.17
2025-05-24 19:27:52,625 [INFO] ThirdParty:841 - exiting critical section [change project]
2025-05-24 19:27:52,960 [INFO] PinOutPanel:1589 - setPackage(No Configuration,No Configuration)
2025-05-24 19:27:52,967 [INFO] PinOutPanel:1589 - setPackage(STM32F103C6Tx,LQFP48)
2025-05-24 19:27:54,022 [INFO] UtilMem:75 - Before build in PCC Used Memory: 691331136 Bytes (1073741824)
2025-05-24 19:27:54,786 [INFO] UtilMem:75 - After build in PCC Used Memory: 735371328 Bytes (1073741824)
2025-05-24 19:27:54,907 [INFO] ApiDbMcu:508 - Load IP Config File for FREERTOS
2025-05-24 19:27:54,962 [INFO] IPUIPlugin:80 - create IPUIPlugin
2025-05-24 19:27:54,962 [INFO] IPUIPlugin:80 - create IPUIPlugin
2025-05-24 19:27:54,963 [INFO] IPUIPlugin:80 - create IPUIPlugin
2025-05-24 19:27:54,963 [INFO] IPUIPlugin:80 - create IPUIPlugin
2025-05-24 19:27:54,963 [INFO] IPUIPlugin:80 - create IPUIPlugin
2025-05-24 19:27:54,964 [INFO] IPUIPlugin:80 - create IPUIPlugin
2025-05-24 19:27:54,964 [INFO] IPUIPlugin:80 - create IPUIPlugin
2025-05-24 19:27:54,964 [INFO] IPUIPlugin:80 - create IPUIPlugin
2025-05-24 19:27:54,964 [INFO] IPUIPlugin:80 - create IPUIPlugin
2025-05-24 19:27:54,966 [INFO] IPUIPlugin:80 - create IPUIPlugin
2025-05-24 19:27:54,966 [INFO] IPUIPlugin:80 - create IPUIPlugin
2025-05-24 19:27:54,966 [INFO] IPUIPlugin:80 - create IPUIPlugin
2025-05-24 19:27:54,966 [INFO] IPUIPlugin:80 - create IPUIPlugin
2025-05-24 19:27:54,966 [INFO] IPUIPlugin:80 - create IPUIPlugin
2025-05-24 19:27:54,966 [INFO] IPUIPlugin:80 - create IPUIPlugin
2025-05-24 19:27:54,967 [INFO] IPUIPlugin:80 - create IPUIPlugin
2025-05-24 19:27:54,967 [INFO] IPUIPlugin:80 - create IPUIPlugin
2025-05-24 19:27:54,967 [INFO] IPUIPlugin:80 - create IPUIPlugin
2025-05-24 19:27:54,967 [INFO] IPUIPlugin:80 - create IPUIPlugin
2025-05-24 19:27:54,967 [INFO] IPUIPlugin:80 - create IPUIPlugin
2025-05-24 19:27:54,967 [INFO] IPUIPlugin:80 - create IPUIPlugin
2025-05-24 19:27:54,968 [INFO] IPUIPlugin:80 - create IPUIPlugin
2025-05-24 19:27:54,968 [INFO] IPUIPlugin:80 - create IPUIPlugin
2025-05-24 19:27:54,978 [WARN] IP:2251 - I2C_Coeff_DF not found: check if there is a RefParameter without a condition.
2025-05-24 19:27:54,978 [WARN] IP:2251 - Analog_Filter not found: check if there is a RefParameter without a condition.
2025-05-24 19:27:54,996 [WARN] FreeRTOS:1023 - Null or empty value: should not occur! (nothing added to the table)
2025-05-24 19:27:55,202 [INFO] CADModel:165 - CPN selected for project levelSTM32F103C6T6A
2025-05-24 19:27:55,203 [INFO] CADModel:114 - Register for checkConnection events
2025-05-24 19:27:55,210 [INFO] RtosManager:697 - Active RTOS found at IOC load: FREERTOS [Cortex-M3NS]
2025-05-24 19:27:55,275 [INFO] OpenFileManager:363 - Restore cursor
2025-05-24 19:27:55,608 [WARN] IP:2251 - I2C_Coeff_DF not found: check if there is a RefParameter without a condition.
2025-05-24 19:27:55,608 [WARN] IP:2251 - Analog_Filter not found: check if there is a RefParameter without a condition.
2025-05-24 19:27:55,609 [WARN] IP:2251 - I2C_Coeff_DF not found: check if there is a RefParameter without a condition.
2025-05-24 19:27:55,609 [WARN] IP:2251 - Analog_Filter not found: check if there is a RefParameter without a condition.
2025-05-24 19:59:03,176 [WARN] IP:2251 - I2C_Coeff_DF not found: check if there is a RefParameter without a condition.
2025-05-24 19:59:03,185 [WARN] IP:2251 - Analog_Filter not found: check if there is a RefParameter without a condition.
2025-05-24 19:59:32,766 [WARN] IP:2251 - I2C_Coeff_DF not found: check if there is a RefParameter without a condition.
2025-05-24 19:59:32,778 [WARN] IP:2251 - Analog_Filter not found: check if there is a RefParameter without a condition.
2025-05-24 19:59:42,420 [WARN] IP:2251 - I2C_Coeff_DF not found: check if there is a RefParameter without a condition.
2025-05-24 19:59:42,420 [WARN] IP:2251 - Analog_Filter not found: check if there is a RefParameter without a condition.
2025-05-24 19:59:42,421 [WARN] IP:2251 - I2C_Coeff_DF not found: check if there is a RefParameter without a condition.
2025-05-24 19:59:42,421 [WARN] IP:2251 - Analog_Filter not found: check if there is a RefParameter without a condition.
2025-05-24 19:59:42,562 [INFO] NvicIntPanel:101 - NVIC parent = com.st.microxplorer.plugins.ip.nvic.MultiNvicIntPanel[,0,0,0x0,invalid,layout=javax.swing.BoxLayout,alignmentX=0.0,alignmentY=0.0,border=,flags=9,maximumSize=,minimumSize=,preferredSize=]
2025-05-24 19:59:42,693 [WARN] IP:2251 - I2C_Coeff_DF not found: check if there is a RefParameter without a condition.
2025-05-24 19:59:42,694 [WARN] IP:2251 - Analog_Filter not found: check if there is a RefParameter without a condition.
2025-05-24 19:59:42,724 [WARN] IP:2251 - I2C_Coeff_DF not found: check if there is a RefParameter without a condition.
2025-05-24 19:59:42,724 [WARN] IP:2251 - Analog_Filter not found: check if there is a RefParameter without a condition.
2025-05-24 19:59:46,116 [INFO] UtilMem:75 - End SaveConfig() Used Memory: 793398624 Bytes (1073741824)
2025-05-24 19:59:47,849 [INFO] UtilMem:75 - End SaveConfig() Used Memory: 824333664 Bytes (1073741824)
2025-05-24 19:59:52,588 [INFO] UtilMem:75 - End SaveConfig() Used Memory: 939677024 Bytes (1073741824)
2025-05-24 19:59:53,293 [INFO] BlockDiagram:2766 - set Specific Code input for plugin: NVIC
2025-05-24 19:59:53,293 [INFO] BlockDiagram:2766 - set Specific Code input for plugin: FREERTOS
2025-05-24 19:59:53,293 [INFO] BlockDiagram:2766 - set Specific Code input for plugin: TIM1_8F1
2025-05-24 19:59:53,293 [INFO] BlockDiagram:2766 - set Specific Code input for plugin: TIM1_8F1
2025-05-24 19:59:53,293 [INFO] BlockDiagram:2766 - set Specific Code input for plugin: SYS
2025-05-24 19:59:53,295 [INFO] BlockDiagram:2766 - set Specific Code input for plugin: GPIO
2025-05-24 19:59:53,295 [INFO] BlockDiagram:2766 - set Specific Code input for plugin: ADC
2025-05-24 19:59:53,295 [INFO] BlockDiagram:2766 - set Specific Code input for plugin: RCC
2025-05-24 19:59:53,295 [INFO] BlockDiagram:2766 - set Specific Code input for plugin: I2C
2025-05-24 19:59:53,297 [INFO] CodeGenerator:896 - code generatio: config db path: /Applications/STM32CubeIDE.app/Contents/Eclipse/plugins/com.st.stm32cube.common.mx_6.13.0.202411220809//db/
2025-05-24 19:59:53,319 [WARN] IP:2251 - I2C_Coeff_DF not found: check if there is a RefParameter without a condition.
2025-05-24 19:59:53,319 [WARN] IP:2251 - Analog_Filter not found: check if there is a RefParameter without a condition.
2025-05-24 19:59:53,507 [INFO] CodeEngine:255 - oldGeneratedFile, /Users/mindhacker999/STM32CubeIDE/workspace_1.17.0/Sonya-Tech/Sonya Tech Tests/MXTmpFiles/license.tmp_save
2025-05-24 19:59:54,134 [INFO] CodeEngine:279 - Generated code: /Users/mindhacker999/STM32CubeIDE/workspace_1.17.0/Sonya-Tech/Sonya Tech Tests/MXTmpFiles/license.tmp
2025-05-24 19:59:54,291 [INFO] CodeEngine:255 - oldGeneratedFile, /Users/mindhacker999/STM32CubeIDE/workspace_1.17.0/Sonya-Tech/Sonya Tech Tests/MXTmpFiles/gpio.tmp_save
2025-05-24 19:59:54,541 [INFO] CodeEngine:279 - Generated code: /Users/mindhacker999/STM32CubeIDE/workspace_1.17.0/Sonya-Tech/Sonya Tech Tests/MXTmpFiles/gpio.tmp
2025-05-24 19:59:55,132 [INFO] Middleware:1450 - No code input for Bsp Dependency
2025-05-24 19:59:55,137 [INFO] CodeEngine:255 - oldGeneratedFile, /Users/mindhacker999/STM32CubeIDE/workspace_1.17.0/Sonya-Tech/Sonya Tech Tests/MXTmpFiles/rtos_inc.tmp_save
2025-05-24 19:59:55,248 [INFO] CodeEngine:279 - Generated code: /Users/mindhacker999/STM32CubeIDE/workspace_1.17.0/Sonya-Tech/Sonya Tech Tests/MXTmpFiles/rtos_inc.tmp
2025-05-24 19:59:55,250 [INFO] CodeEngine:255 - oldGeneratedFile, /Users/mindhacker999/STM32CubeIDE/workspace_1.17.0/Sonya-Tech/Sonya Tech Tests/MXTmpFiles/rtos_vars.tmp_save
2025-05-24 19:59:55,328 [INFO] CodeEngine:279 - Generated code: /Users/mindhacker999/STM32CubeIDE/workspace_1.17.0/Sonya-Tech/Sonya Tech Tests/MXTmpFiles/rtos_vars.tmp
2025-05-24 19:59:55,329 [INFO] CodeEngine:255 - oldGeneratedFile, /Users/mindhacker999/STM32CubeIDE/workspace_1.17.0/Sonya-Tech/Sonya Tech Tests/MXTmpFiles/rtos_pfp.tmp_save
2025-05-24 19:59:55,388 [INFO] CodeEngine:279 - Generated code: /Users/mindhacker999/STM32CubeIDE/workspace_1.17.0/Sonya-Tech/Sonya Tech Tests/MXTmpFiles/rtos_pfp.tmp
2025-05-24 19:59:55,391 [INFO] CodeEngine:255 - oldGeneratedFile, /Users/mindhacker999/STM32CubeIDE/workspace_1.17.0/Sonya-Tech/Sonya Tech Tests/MXTmpFiles/rtos_obj_creat.tmp_save
2025-05-24 19:59:55,465 [INFO] CodeEngine:279 - Generated code: /Users/mindhacker999/STM32CubeIDE/workspace_1.17.0/Sonya-Tech/Sonya Tech Tests/MXTmpFiles/rtos_obj_creat.tmp
2025-05-24 19:59:55,466 [INFO] CodeEngine:255 - oldGeneratedFile, /Users/mindhacker999/STM32CubeIDE/workspace_1.17.0/Sonya-Tech/Sonya Tech Tests/MXTmpFiles/rtos_kernelStart.tmp_save
2025-05-24 19:59:55,533 [INFO] CodeEngine:279 - Generated code: /Users/mindhacker999/STM32CubeIDE/workspace_1.17.0/Sonya-Tech/Sonya Tech Tests/MXTmpFiles/rtos_kernelStart.tmp
2025-05-24 19:59:55,536 [INFO] CodeEngine:255 - oldGeneratedFile, /Users/mindhacker999/STM32CubeIDE/workspace_1.17.0/Sonya-Tech/Sonya Tech Tests/MXTmpFiles/rtos_default_thread.tmp_save
2025-05-24 19:59:55,615 [INFO] CodeEngine:279 - Generated code: /Users/mindhacker999/STM32CubeIDE/workspace_1.17.0/Sonya-Tech/Sonya Tech Tests/MXTmpFiles/rtos_default_thread.tmp
2025-05-24 19:59:55,616 [INFO] CodeEngine:255 - oldGeneratedFile, /Users/mindhacker999/STM32CubeIDE/workspace_1.17.0/Sonya-Tech/Sonya Tech Tests/MXTmpFiles/rtos_threads.tmp_save
2025-05-24 19:59:55,680 [INFO] CodeEngine:279 - Generated code: /Users/mindhacker999/STM32CubeIDE/workspace_1.17.0/Sonya-Tech/Sonya Tech Tests/MXTmpFiles/rtos_threads.tmp
2025-05-24 19:59:55,692 [INFO] Middleware:1450 - No code input for Bsp Dependency
2025-05-24 19:59:55,703 [INFO] CodeEngine:255 - oldGeneratedFile, /Users/mindhacker999/STM32CubeIDE/workspace_1.17.0/Sonya-Tech/Sonya Tech Tests/MXTmpFiles/rtos_inc.tmp_save
2025-05-24 19:59:55,800 [INFO] CodeEngine:279 - Generated code: /Users/mindhacker999/STM32CubeIDE/workspace_1.17.0/Sonya-Tech/Sonya Tech Tests/MXTmpFiles/rtos_inc.tmp
2025-05-24 19:59:55,802 [INFO] CodeEngine:255 - oldGeneratedFile, /Users/mindhacker999/STM32CubeIDE/workspace_1.17.0/Sonya-Tech/Sonya Tech Tests/MXTmpFiles/rtos_vars.tmp_save
2025-05-24 19:59:55,868 [INFO] CodeEngine:279 - Generated code: /Users/mindhacker999/STM32CubeIDE/workspace_1.17.0/Sonya-Tech/Sonya Tech Tests/MXTmpFiles/rtos_vars.tmp
2025-05-24 19:59:55,870 [INFO] CodeEngine:255 - oldGeneratedFile, /Users/mindhacker999/STM32CubeIDE/workspace_1.17.0/Sonya-Tech/Sonya Tech Tests/MXTmpFiles/rtos_pfp.tmp_save
2025-05-24 19:59:55,940 [INFO] CodeEngine:279 - Generated code: /Users/mindhacker999/STM32CubeIDE/workspace_1.17.0/Sonya-Tech/Sonya Tech Tests/MXTmpFiles/rtos_pfp.tmp
2025-05-24 19:59:55,942 [INFO] CodeEngine:255 - oldGeneratedFile, /Users/mindhacker999/STM32CubeIDE/workspace_1.17.0/Sonya-Tech/Sonya Tech Tests/MXTmpFiles/rtos_obj_creat.tmp_save
2025-05-24 19:59:56,007 [INFO] CodeEngine:279 - Generated code: /Users/mindhacker999/STM32CubeIDE/workspace_1.17.0/Sonya-Tech/Sonya Tech Tests/MXTmpFiles/rtos_obj_creat.tmp
2025-05-24 19:59:56,009 [INFO] CodeEngine:255 - oldGeneratedFile, /Users/mindhacker999/STM32CubeIDE/workspace_1.17.0/Sonya-Tech/Sonya Tech Tests/MXTmpFiles/rtos_kernelStart.tmp_save
2025-05-24 19:59:56,067 [INFO] CodeEngine:279 - Generated code: /Users/mindhacker999/STM32CubeIDE/workspace_1.17.0/Sonya-Tech/Sonya Tech Tests/MXTmpFiles/rtos_kernelStart.tmp
2025-05-24 19:59:56,069 [INFO] CodeEngine:255 - oldGeneratedFile, /Users/mindhacker999/STM32CubeIDE/workspace_1.17.0/Sonya-Tech/Sonya Tech Tests/MXTmpFiles/rtos_default_thread.tmp_save
2025-05-24 19:59:56,131 [INFO] CodeEngine:279 - Generated code: /Users/mindhacker999/STM32CubeIDE/workspace_1.17.0/Sonya-Tech/Sonya Tech Tests/MXTmpFiles/rtos_default_thread.tmp
2025-05-24 19:59:56,134 [INFO] CodeEngine:255 - oldGeneratedFile, /Users/mindhacker999/STM32CubeIDE/workspace_1.17.0/Sonya-Tech/Sonya Tech Tests/MXTmpFiles/rtos_threads.tmp_save
2025-05-24 19:59:56,192 [INFO] CodeEngine:279 - Generated code: /Users/mindhacker999/STM32CubeIDE/workspace_1.17.0/Sonya-Tech/Sonya Tech Tests/MXTmpFiles/rtos_threads.tmp
2025-05-24 19:59:56,195 [INFO] CodeEngine:255 - oldGeneratedFile, /Users/mindhacker999/STM32CubeIDE/workspace_1.17.0/Sonya-Tech/Sonya Tech Tests/Core/Inc/FreeRTOSConfig.h_save
2025-05-24 19:59:56,324 [INFO] CodeEngine:279 - Generated code: /Users/mindhacker999/STM32CubeIDE/workspace_1.17.0/Sonya-Tech/Sonya Tech Tests/Core/Inc/FreeRTOSConfig.h
2025-05-24 19:59:56,329 [INFO] CodeEngine:255 - oldGeneratedFile, /Users/mindhacker999/STM32CubeIDE/workspace_1.17.0/Sonya-Tech/Sonya Tech Tests/Core/Src/freertos.c_save
2025-05-24 19:59:56,396 [INFO] CodeEngine:279 - Generated code: /Users/mindhacker999/STM32CubeIDE/workspace_1.17.0/Sonya-Tech/Sonya Tech Tests/Core/Src/freertos.c
2025-05-24 19:59:56,405 [INFO] CodeEngine:255 - oldGeneratedFile, /Users/mindhacker999/STM32CubeIDE/workspace_1.17.0/Sonya-Tech/Sonya Tech Tests/Core/Src/stm32f1xx_it.c_save
2025-05-24 19:59:56,548 [INFO] CodeEngine:279 - Generated code: /Users/mindhacker999/STM32CubeIDE/workspace_1.17.0/Sonya-Tech/Sonya Tech Tests/Core/Src/stm32f1xx_it.c
2025-05-24 19:59:56,551 [INFO] CodeEngine:255 - oldGeneratedFile, /Users/mindhacker999/STM32CubeIDE/workspace_1.17.0/Sonya-Tech/Sonya Tech Tests/Core/Inc/stm32f1xx_it.h_save
2025-05-24 19:59:56,614 [INFO] CodeEngine:279 - Generated code: /Users/mindhacker999/STM32CubeIDE/workspace_1.17.0/Sonya-Tech/Sonya Tech Tests/Core/Inc/stm32f1xx_it.h
2025-05-24 19:59:56,623 [INFO] CodeEngine:255 - oldGeneratedFile, /Users/mindhacker999/STM32CubeIDE/workspace_1.17.0/Sonya-Tech/Sonya Tech Tests/Core/Src/stm32f1xx_hal_msp.c_save
2025-05-24 19:59:56,814 [INFO] CodeEngine:279 - Generated code: /Users/mindhacker999/STM32CubeIDE/workspace_1.17.0/Sonya-Tech/Sonya Tech Tests/Core/Src/stm32f1xx_hal_msp.c
2025-05-24 19:59:56,816 [INFO] CodeEngine:255 - oldGeneratedFile, /Users/mindhacker999/STM32CubeIDE/workspace_1.17.0/Sonya-Tech/Sonya Tech Tests/MXTmpFiles/system.tmp_save
2025-05-24 19:59:56,882 [INFO] CodeEngine:279 - Generated code: /Users/mindhacker999/STM32CubeIDE/workspace_1.17.0/Sonya-Tech/Sonya Tech Tests/MXTmpFiles/system.tmp
2025-05-24 19:59:56,884 [INFO] CodeEngine:255 - oldGeneratedFile, /Users/mindhacker999/STM32CubeIDE/workspace_1.17.0/Sonya-Tech/Sonya Tech Tests/Core/Src/stm32f1xx_hal_timebase_tim.c_save
2025-05-24 19:59:56,944 [INFO] CodeEngine:279 - Generated code: /Users/mindhacker999/STM32CubeIDE/workspace_1.17.0/Sonya-Tech/Sonya Tech Tests/Core/Src/stm32f1xx_hal_timebase_tim.c
2025-05-24 19:59:56,952 [INFO] CodeEngine:311 - oldGeneratedFile, /Users/mindhacker999/STM32CubeIDE/workspace_1.17.0/Sonya-Tech/Sonya Tech Tests/Core/Inc/stm32f1xx_hal_conf.h_save
2025-05-24 19:59:57,014 [INFO] CodeEngine:335 - Generated code: /Users/mindhacker999/STM32CubeIDE/workspace_1.17.0/Sonya-Tech/Sonya Tech Tests/Core/Inc/stm32f1xx_hal_conf.h
2025-05-24 19:59:57,118 [INFO] ApiDbMcu:508 - Load IP Config File for ADC1
2025-05-24 19:59:57,127 [INFO] ApiDbMcu:508 - Load IP Config File for I2C1
2025-05-24 19:59:57,325 [INFO] ApiDbMcu:508 - Load IP Config File for TIM1
2025-05-24 19:59:57,519 [INFO] ApiDbMcu:508 - Load IP Config File for TIM2
2025-05-24 19:59:57,529 [INFO] ApiDbMcu:508 - Load IP Config File for RCC
2025-05-24 19:59:57,536 [WARN] IPConfigManager:3618 - IP not found : TIM
2025-05-24 19:59:57,536 [WARN] CodeGenerator:4152 - IP not found : null
2025-05-24 19:59:57,542 [INFO] CodeEngine:255 - oldGeneratedFile, /Users/mindhacker999/STM32CubeIDE/workspace_1.17.0/Sonya-Tech/Sonya Tech Tests/Core/Inc/main.h_save
2025-05-24 19:59:57,640 [INFO] CodeEngine:279 - Generated code: /Users/mindhacker999/STM32CubeIDE/workspace_1.17.0/Sonya-Tech/Sonya Tech Tests/Core/Inc/main.h
2025-05-24 19:59:57,644 [INFO] CodeEngine:255 - oldGeneratedFile, /Users/mindhacker999/STM32CubeIDE/workspace_1.17.0/Sonya-Tech/Sonya Tech Tests/Core/Src/main.c_save
2025-05-24 19:59:57,927 [INFO] CodeEngine:279 - Generated code: /Users/mindhacker999/STM32CubeIDE/workspace_1.17.0/Sonya-Tech/Sonya Tech Tests/Core/Src/main.c
2025-05-24 19:59:59,119 [INFO] ProjectBuilder:3289 - Time for Copy HAL[1] : 149mS.
2025-05-24 19:59:59,153 [INFO] ProjectBuilder:4876 - Project Generator version: 4.5.0-RC5
2025-05-24 19:59:59,343 [INFO] ConfigFileManager:1579 - The Die is : DIE412
2025-05-24 19:59:59,379 [INFO] ApiDbMcu:508 - Load IP Config File for FATFS
2025-05-24 19:59:59,452 [INFO] ApiDbMcu:508 - Load IP Config File for USB_DEVICE
2025-05-24 20:00:00,207 [INFO] LogOutputStream:77 - [STDOUT_REDIRECT] 
2025-05-24 20:00:02,394 [INFO] ProjectBuilder:5154 - Time for Generating toolchain IDE Files: 3237mS.
2025-05-24 20:00:02,397 [INFO] ProjectBuilder:3146 - Time for Copy CMSIS : 1mS.
2025-05-24 20:00:02,401 [INFO] ProjectBuilder:3146 - Time for Copy CMSIS : 0mS.
2025-05-24 20:01:41,429 [WARN] IP:2251 - I2C_Coeff_DF not found: check if there is a RefParameter without a condition.
2025-05-24 20:01:41,440 [WARN] IP:2251 - Analog_Filter not found: check if there is a RefParameter without a condition.
2025-05-24 20:01:41,444 [WARN] IP:2251 - I2C_Coeff_DF not found: check if there is a RefParameter without a condition.
2025-05-24 20:01:41,444 [WARN] IP:2251 - Analog_Filter not found: check if there is a RefParameter without a condition.
2025-05-24 20:01:41,591 [INFO] NvicIntPanel:101 - NVIC parent = com.st.microxplorer.plugins.ip.nvic.MultiNvicIntPanel[,0,0,0x0,invalid,layout=javax.swing.BoxLayout,alignmentX=0.0,alignmentY=0.0,border=,flags=9,maximumSize=,minimumSize=,preferredSize=]
2025-05-24 20:01:41,637 [WARN] IP:2251 - I2C_Coeff_DF not found: check if there is a RefParameter without a condition.
2025-05-24 20:01:41,637 [WARN] IP:2251 - Analog_Filter not found: check if there is a RefParameter without a condition.
2025-05-24 20:01:41,649 [WARN] IP:2251 - I2C_Coeff_DF not found: check if there is a RefParameter without a condition.
2025-05-24 20:01:41,649 [WARN] IP:2251 - Analog_Filter not found: check if there is a RefParameter without a condition.
2025-05-24 20:01:44,599 [WARN] IP:2251 - I2C_Coeff_DF not found: check if there is a RefParameter without a condition.
2025-05-24 20:01:44,599 [WARN] IP:2251 - Analog_Filter not found: check if there is a RefParameter without a condition.
2025-05-24 20:01:44,600 [WARN] IP:2251 - I2C_Coeff_DF not found: check if there is a RefParameter without a condition.
2025-05-24 20:01:44,600 [WARN] IP:2251 - Analog_Filter not found: check if there is a RefParameter without a condition.
2025-05-24 20:01:44,662 [INFO] NvicIntPanel:101 - NVIC parent = com.st.microxplorer.plugins.ip.nvic.MultiNvicIntPanel[,0,0,0x0,invalid,layout=javax.swing.BoxLayout,alignmentX=0.0,alignmentY=0.0,border=,flags=9,maximumSize=,minimumSize=,preferredSize=]
2025-05-24 20:01:44,695 [WARN] IP:2251 - I2C_Coeff_DF not found: check if there is a RefParameter without a condition.
2025-05-24 20:01:44,696 [WARN] IP:2251 - Analog_Filter not found: check if there is a RefParameter without a condition.
2025-05-24 20:01:44,709 [WARN] IP:2251 - I2C_Coeff_DF not found: check if there is a RefParameter without a condition.
2025-05-24 20:01:44,710 [WARN] IP:2251 - Analog_Filter not found: check if there is a RefParameter without a condition.
2025-05-24 20:01:50,257 [INFO] UtilMem:75 - End SaveConfig() Used Memory: 755131296 Bytes (1073741824)
2025-05-24 20:01:51,845 [INFO] UtilMem:75 - End SaveConfig() Used Memory: 785017760 Bytes (1073741824)
2025-05-24 20:01:53,211 [INFO] UtilMem:75 - End SaveConfig() Used Memory: 844260256 Bytes (1073741824)
2025-05-24 20:01:54,934 [INFO] BlockDiagram:2766 - set Specific Code input for plugin: NVIC
2025-05-24 20:01:54,959 [INFO] BlockDiagram:2766 - set Specific Code input for plugin: FREERTOS
2025-05-24 20:01:54,962 [INFO] BlockDiagram:2766 - set Specific Code input for plugin: TIM1_8F1
2025-05-24 20:01:54,962 [INFO] BlockDiagram:2766 - set Specific Code input for plugin: TIM1_8F1
2025-05-24 20:01:54,962 [INFO] BlockDiagram:2766 - set Specific Code input for plugin: SYS
2025-05-24 20:01:54,963 [INFO] BlockDiagram:2766 - set Specific Code input for plugin: GPIO
2025-05-24 20:01:54,963 [INFO] BlockDiagram:2766 - set Specific Code input for plugin: ADC
2025-05-24 20:01:54,963 [INFO] BlockDiagram:2766 - set Specific Code input for plugin: RCC
2025-05-24 20:01:54,963 [INFO] BlockDiagram:2766 - set Specific Code input for plugin: I2C
2025-05-24 20:01:54,967 [INFO] CodeGenerator:896 - code generatio: config db path: /Applications/STM32CubeIDE.app/Contents/Eclipse/plugins/com.st.stm32cube.common.mx_6.13.0.202411220809//db/
2025-05-24 20:01:55,010 [WARN] IP:2251 - I2C_Coeff_DF not found: check if there is a RefParameter without a condition.
2025-05-24 20:01:55,011 [WARN] IP:2251 - Analog_Filter not found: check if there is a RefParameter without a condition.
2025-05-24 20:01:55,138 [INFO] CodeEngine:255 - oldGeneratedFile, /Users/mindhacker999/STM32CubeIDE/workspace_1.17.0/Sonya-Tech/Sonya Tech Tests/MXTmpFiles/license.tmp_save
2025-05-24 20:01:55,305 [INFO] CodeEngine:279 - Generated code: /Users/mindhacker999/STM32CubeIDE/workspace_1.17.0/Sonya-Tech/Sonya Tech Tests/MXTmpFiles/license.tmp
2025-05-24 20:01:55,374 [INFO] CodeEngine:255 - oldGeneratedFile, /Users/mindhacker999/STM32CubeIDE/workspace_1.17.0/Sonya-Tech/Sonya Tech Tests/MXTmpFiles/gpio.tmp_save
2025-05-24 20:01:55,497 [INFO] CodeEngine:279 - Generated code: /Users/mindhacker999/STM32CubeIDE/workspace_1.17.0/Sonya-Tech/Sonya Tech Tests/MXTmpFiles/gpio.tmp
2025-05-24 20:01:55,989 [INFO] Middleware:1450 - No code input for Bsp Dependency
2025-05-24 20:01:55,994 [INFO] CodeEngine:255 - oldGeneratedFile, /Users/mindhacker999/STM32CubeIDE/workspace_1.17.0/Sonya-Tech/Sonya Tech Tests/MXTmpFiles/rtos_inc.tmp_save
2025-05-24 20:01:56,046 [INFO] CodeEngine:279 - Generated code: /Users/mindhacker999/STM32CubeIDE/workspace_1.17.0/Sonya-Tech/Sonya Tech Tests/MXTmpFiles/rtos_inc.tmp
2025-05-24 20:01:56,048 [INFO] CodeEngine:255 - oldGeneratedFile, /Users/mindhacker999/STM32CubeIDE/workspace_1.17.0/Sonya-Tech/Sonya Tech Tests/MXTmpFiles/rtos_vars.tmp_save
2025-05-24 20:01:56,104 [INFO] CodeEngine:279 - Generated code: /Users/mindhacker999/STM32CubeIDE/workspace_1.17.0/Sonya-Tech/Sonya Tech Tests/MXTmpFiles/rtos_vars.tmp
2025-05-24 20:01:56,105 [INFO] CodeEngine:255 - oldGeneratedFile, /Users/mindhacker999/STM32CubeIDE/workspace_1.17.0/Sonya-Tech/Sonya Tech Tests/MXTmpFiles/rtos_pfp.tmp_save
2025-05-24 20:01:56,160 [INFO] CodeEngine:279 - Generated code: /Users/mindhacker999/STM32CubeIDE/workspace_1.17.0/Sonya-Tech/Sonya Tech Tests/MXTmpFiles/rtos_pfp.tmp
2025-05-24 20:01:56,161 [INFO] CodeEngine:255 - oldGeneratedFile, /Users/mindhacker999/STM32CubeIDE/workspace_1.17.0/Sonya-Tech/Sonya Tech Tests/MXTmpFiles/rtos_obj_creat.tmp_save
2025-05-24 20:01:56,223 [INFO] CodeEngine:279 - Generated code: /Users/mindhacker999/STM32CubeIDE/workspace_1.17.0/Sonya-Tech/Sonya Tech Tests/MXTmpFiles/rtos_obj_creat.tmp
2025-05-24 20:01:56,225 [INFO] CodeEngine:255 - oldGeneratedFile, /Users/mindhacker999/STM32CubeIDE/workspace_1.17.0/Sonya-Tech/Sonya Tech Tests/MXTmpFiles/rtos_kernelStart.tmp_save
2025-05-24 20:01:56,283 [INFO] CodeEngine:279 - Generated code: /Users/mindhacker999/STM32CubeIDE/workspace_1.17.0/Sonya-Tech/Sonya Tech Tests/MXTmpFiles/rtos_kernelStart.tmp
2025-05-24 20:01:56,285 [INFO] CodeEngine:255 - oldGeneratedFile, /Users/mindhacker999/STM32CubeIDE/workspace_1.17.0/Sonya-Tech/Sonya Tech Tests/MXTmpFiles/rtos_default_thread.tmp_save
2025-05-24 20:01:56,338 [INFO] CodeEngine:279 - Generated code: /Users/mindhacker999/STM32CubeIDE/workspace_1.17.0/Sonya-Tech/Sonya Tech Tests/MXTmpFiles/rtos_default_thread.tmp
2025-05-24 20:01:56,339 [INFO] CodeEngine:255 - oldGeneratedFile, /Users/mindhacker999/STM32CubeIDE/workspace_1.17.0/Sonya-Tech/Sonya Tech Tests/MXTmpFiles/rtos_threads.tmp_save
2025-05-24 20:01:56,392 [INFO] CodeEngine:279 - Generated code: /Users/mindhacker999/STM32CubeIDE/workspace_1.17.0/Sonya-Tech/Sonya Tech Tests/MXTmpFiles/rtos_threads.tmp
2025-05-24 20:01:56,401 [INFO] Middleware:1450 - No code input for Bsp Dependency
2025-05-24 20:01:56,404 [INFO] CodeEngine:255 - oldGeneratedFile, /Users/mindhacker999/STM32CubeIDE/workspace_1.17.0/Sonya-Tech/Sonya Tech Tests/MXTmpFiles/rtos_inc.tmp_save
2025-05-24 20:01:56,455 [INFO] CodeEngine:279 - Generated code: /Users/mindhacker999/STM32CubeIDE/workspace_1.17.0/Sonya-Tech/Sonya Tech Tests/MXTmpFiles/rtos_inc.tmp
2025-05-24 20:01:56,456 [INFO] CodeEngine:255 - oldGeneratedFile, /Users/mindhacker999/STM32CubeIDE/workspace_1.17.0/Sonya-Tech/Sonya Tech Tests/MXTmpFiles/rtos_vars.tmp_save
2025-05-24 20:01:56,509 [INFO] CodeEngine:279 - Generated code: /Users/mindhacker999/STM32CubeIDE/workspace_1.17.0/Sonya-Tech/Sonya Tech Tests/MXTmpFiles/rtos_vars.tmp
2025-05-24 20:01:56,510 [INFO] CodeEngine:255 - oldGeneratedFile, /Users/mindhacker999/STM32CubeIDE/workspace_1.17.0/Sonya-Tech/Sonya Tech Tests/MXTmpFiles/rtos_pfp.tmp_save
2025-05-24 20:01:56,564 [INFO] CodeEngine:279 - Generated code: /Users/mindhacker999/STM32CubeIDE/workspace_1.17.0/Sonya-Tech/Sonya Tech Tests/MXTmpFiles/rtos_pfp.tmp
2025-05-24 20:01:56,565 [INFO] CodeEngine:255 - oldGeneratedFile, /Users/mindhacker999/STM32CubeIDE/workspace_1.17.0/Sonya-Tech/Sonya Tech Tests/MXTmpFiles/rtos_obj_creat.tmp_save
2025-05-24 20:01:56,620 [INFO] CodeEngine:279 - Generated code: /Users/mindhacker999/STM32CubeIDE/workspace_1.17.0/Sonya-Tech/Sonya Tech Tests/MXTmpFiles/rtos_obj_creat.tmp
2025-05-24 20:01:56,621 [INFO] CodeEngine:255 - oldGeneratedFile, /Users/mindhacker999/STM32CubeIDE/workspace_1.17.0/Sonya-Tech/Sonya Tech Tests/MXTmpFiles/rtos_kernelStart.tmp_save
2025-05-24 20:01:56,669 [INFO] CodeEngine:279 - Generated code: /Users/mindhacker999/STM32CubeIDE/workspace_1.17.0/Sonya-Tech/Sonya Tech Tests/MXTmpFiles/rtos_kernelStart.tmp
2025-05-24 20:01:56,671 [INFO] CodeEngine:255 - oldGeneratedFile, /Users/mindhacker999/STM32CubeIDE/workspace_1.17.0/Sonya-Tech/Sonya Tech Tests/MXTmpFiles/rtos_default_thread.tmp_save
2025-05-24 20:01:56,722 [INFO] CodeEngine:279 - Generated code: /Users/mindhacker999/STM32CubeIDE/workspace_1.17.0/Sonya-Tech/Sonya Tech Tests/MXTmpFiles/rtos_default_thread.tmp
2025-05-24 20:01:56,723 [INFO] CodeEngine:255 - oldGeneratedFile, /Users/mindhacker999/STM32CubeIDE/workspace_1.17.0/Sonya-Tech/Sonya Tech Tests/MXTmpFiles/rtos_threads.tmp_save
2025-05-24 20:01:56,773 [INFO] CodeEngine:279 - Generated code: /Users/mindhacker999/STM32CubeIDE/workspace_1.17.0/Sonya-Tech/Sonya Tech Tests/MXTmpFiles/rtos_threads.tmp
2025-05-24 20:01:56,775 [INFO] CodeEngine:255 - oldGeneratedFile, /Users/mindhacker999/STM32CubeIDE/workspace_1.17.0/Sonya-Tech/Sonya Tech Tests/Core/Inc/FreeRTOSConfig.h_save
2025-05-24 20:01:56,844 [INFO] CodeEngine:279 - Generated code: /Users/mindhacker999/STM32CubeIDE/workspace_1.17.0/Sonya-Tech/Sonya Tech Tests/Core/Inc/FreeRTOSConfig.h
2025-05-24 20:01:56,847 [INFO] CodeEngine:255 - oldGeneratedFile, /Users/mindhacker999/STM32CubeIDE/workspace_1.17.0/Sonya-Tech/Sonya Tech Tests/Core/Src/freertos.c_save
2025-05-24 20:01:56,904 [INFO] CodeEngine:279 - Generated code: /Users/mindhacker999/STM32CubeIDE/workspace_1.17.0/Sonya-Tech/Sonya Tech Tests/Core/Src/freertos.c
2025-05-24 20:01:56,912 [INFO] CodeEngine:255 - oldGeneratedFile, /Users/mindhacker999/STM32CubeIDE/workspace_1.17.0/Sonya-Tech/Sonya Tech Tests/Core/Src/stm32f1xx_it.c_save
2025-05-24 20:01:57,011 [INFO] CodeEngine:279 - Generated code: /Users/mindhacker999/STM32CubeIDE/workspace_1.17.0/Sonya-Tech/Sonya Tech Tests/Core/Src/stm32f1xx_it.c
2025-05-24 20:01:57,014 [INFO] CodeEngine:255 - oldGeneratedFile, /Users/mindhacker999/STM32CubeIDE/workspace_1.17.0/Sonya-Tech/Sonya Tech Tests/Core/Inc/stm32f1xx_it.h_save
2025-05-24 20:01:57,068 [INFO] CodeEngine:279 - Generated code: /Users/mindhacker999/STM32CubeIDE/workspace_1.17.0/Sonya-Tech/Sonya Tech Tests/Core/Inc/stm32f1xx_it.h
2025-05-24 20:01:57,075 [INFO] CodeEngine:255 - oldGeneratedFile, /Users/mindhacker999/STM32CubeIDE/workspace_1.17.0/Sonya-Tech/Sonya Tech Tests/Core/Src/stm32f1xx_hal_msp.c_save
2025-05-24 20:01:57,172 [INFO] CodeEngine:279 - Generated code: /Users/mindhacker999/STM32CubeIDE/workspace_1.17.0/Sonya-Tech/Sonya Tech Tests/Core/Src/stm32f1xx_hal_msp.c
2025-05-24 20:01:57,174 [INFO] CodeEngine:255 - oldGeneratedFile, /Users/mindhacker999/STM32CubeIDE/workspace_1.17.0/Sonya-Tech/Sonya Tech Tests/MXTmpFiles/system.tmp_save
2025-05-24 20:01:57,225 [INFO] CodeEngine:279 - Generated code: /Users/mindhacker999/STM32CubeIDE/workspace_1.17.0/Sonya-Tech/Sonya Tech Tests/MXTmpFiles/system.tmp
2025-05-24 20:01:57,227 [INFO] CodeEngine:255 - oldGeneratedFile, /Users/mindhacker999/STM32CubeIDE/workspace_1.17.0/Sonya-Tech/Sonya Tech Tests/Core/Src/stm32f1xx_hal_timebase_tim.c_save
2025-05-24 20:01:57,283 [INFO] CodeEngine:279 - Generated code: /Users/mindhacker999/STM32CubeIDE/workspace_1.17.0/Sonya-Tech/Sonya Tech Tests/Core/Src/stm32f1xx_hal_timebase_tim.c
2025-05-24 20:01:57,289 [INFO] CodeEngine:311 - oldGeneratedFile, /Users/mindhacker999/STM32CubeIDE/workspace_1.17.0/Sonya-Tech/Sonya Tech Tests/Core/Inc/stm32f1xx_hal_conf.h_save
2025-05-24 20:01:57,348 [INFO] CodeEngine:335 - Generated code: /Users/mindhacker999/STM32CubeIDE/workspace_1.17.0/Sonya-Tech/Sonya Tech Tests/Core/Inc/stm32f1xx_hal_conf.h
2025-05-24 20:01:57,399 [WARN] IPConfigManager:3618 - IP not found : TIM
2025-05-24 20:01:57,402 [WARN] CodeGenerator:4152 - IP not found : null
2025-05-24 20:01:57,405 [INFO] CodeEngine:255 - oldGeneratedFile, /Users/mindhacker999/STM32CubeIDE/workspace_1.17.0/Sonya-Tech/Sonya Tech Tests/Core/Inc/main.h_save
2025-05-24 20:01:57,467 [INFO] CodeEngine:279 - Generated code: /Users/mindhacker999/STM32CubeIDE/workspace_1.17.0/Sonya-Tech/Sonya Tech Tests/Core/Inc/main.h
2025-05-24 20:01:57,468 [INFO] CodeEngine:255 - oldGeneratedFile, /Users/mindhacker999/STM32CubeIDE/workspace_1.17.0/Sonya-Tech/Sonya Tech Tests/Core/Src/main.c_save
2025-05-24 20:01:57,607 [INFO] CodeEngine:279 - Generated code: /Users/mindhacker999/STM32CubeIDE/workspace_1.17.0/Sonya-Tech/Sonya Tech Tests/Core/Src/main.c
2025-05-24 20:01:57,822 [INFO] ProjectBuilder:3289 - Time for Copy HAL[1] : 85mS.
2025-05-24 20:01:57,828 [INFO] ProjectBuilder:4876 - Project Generator version: 4.5.0-RC5
2025-05-24 20:01:57,903 [INFO] ConfigFileManager:1579 - The Die is : DIE412
2025-05-24 20:02:01,676 [INFO] ProjectBuilder:5154 - Time for Generating toolchain IDE Files: 3836mS.
2025-05-24 20:02:01,696 [INFO] ProjectBuilder:3146 - Time for Copy CMSIS : 3mS.
2025-05-24 20:02:01,708 [INFO] ProjectBuilder:3146 - Time for Copy CMSIS : 3mS.
2025-05-24 20:03:06,944 [WARN] IP:2251 - I2C_Coeff_DF not found: check if there is a RefParameter without a condition.
2025-05-24 20:03:06,954 [WARN] IP:2251 - Analog_Filter not found: check if there is a RefParameter without a condition.
2025-05-24 20:03:06,956 [WARN] IP:2251 - I2C_Coeff_DF not found: check if there is a RefParameter without a condition.
2025-05-24 20:03:06,956 [WARN] IP:2251 - Analog_Filter not found: check if there is a RefParameter without a condition.
2025-05-24 20:03:07,100 [INFO] NvicIntPanel:101 - NVIC parent = com.st.microxplorer.plugins.ip.nvic.MultiNvicIntPanel[,0,0,0x0,invalid,layout=javax.swing.BoxLayout,alignmentX=0.0,alignmentY=0.0,border=,flags=9,maximumSize=,minimumSize=,preferredSize=]
2025-05-24 20:03:07,168 [WARN] IP:2251 - I2C_Coeff_DF not found: check if there is a RefParameter without a condition.
2025-05-24 20:03:07,168 [WARN] IP:2251 - Analog_Filter not found: check if there is a RefParameter without a condition.
2025-05-24 20:03:07,185 [WARN] IP:2251 - I2C_Coeff_DF not found: check if there is a RefParameter without a condition.
2025-05-24 20:03:07,185 [WARN] IP:2251 - Analog_Filter not found: check if there is a RefParameter without a condition.
2025-05-24 20:03:13,090 [WARN] IP:2251 - I2C_Coeff_DF not found: check if there is a RefParameter without a condition.
2025-05-24 20:03:13,091 [WARN] IP:2251 - Analog_Filter not found: check if there is a RefParameter without a condition.
2025-05-24 20:03:13,091 [WARN] IP:2251 - I2C_Coeff_DF not found: check if there is a RefParameter without a condition.
2025-05-24 20:03:13,091 [WARN] IP:2251 - Analog_Filter not found: check if there is a RefParameter without a condition.
2025-05-24 20:03:13,128 [INFO] NvicIntPanel:101 - NVIC parent = com.st.microxplorer.plugins.ip.nvic.MultiNvicIntPanel[,0,0,0x0,invalid,layout=javax.swing.BoxLayout,alignmentX=0.0,alignmentY=0.0,border=,flags=9,maximumSize=,minimumSize=,preferredSize=]
2025-05-24 20:03:13,154 [WARN] IP:2251 - I2C_Coeff_DF not found: check if there is a RefParameter without a condition.
2025-05-24 20:03:13,154 [WARN] IP:2251 - Analog_Filter not found: check if there is a RefParameter without a condition.
2025-05-24 20:03:13,166 [WARN] IP:2251 - I2C_Coeff_DF not found: check if there is a RefParameter without a condition.
2025-05-24 20:03:13,166 [WARN] IP:2251 - Analog_Filter not found: check if there is a RefParameter without a condition.
2025-05-24 20:03:49,738 [INFO] UtilMem:75 - End SaveConfig() Used Memory: 739748016 Bytes (1073741824)
2025-05-24 20:03:51,093 [INFO] UtilMem:75 - End SaveConfig() Used Memory: 762816688 Bytes (1073741824)
2025-05-24 20:03:53,485 [INFO] UtilMem:75 - End SaveConfig() Used Memory: 859812016 Bytes (1073741824)
2025-05-24 20:03:53,709 [INFO] BlockDiagram:2766 - set Specific Code input for plugin: NVIC
2025-05-24 20:03:53,709 [INFO] BlockDiagram:2766 - set Specific Code input for plugin: FREERTOS
2025-05-24 20:03:53,710 [INFO] BlockDiagram:2766 - set Specific Code input for plugin: TIM1_8F1
2025-05-24 20:03:53,710 [INFO] BlockDiagram:2766 - set Specific Code input for plugin: TIM1_8F1
2025-05-24 20:03:53,710 [INFO] BlockDiagram:2766 - set Specific Code input for plugin: SYS
2025-05-24 20:03:53,710 [INFO] BlockDiagram:2766 - set Specific Code input for plugin: GPIO
2025-05-24 20:03:53,710 [INFO] BlockDiagram:2766 - set Specific Code input for plugin: ADC
2025-05-24 20:03:53,710 [INFO] BlockDiagram:2766 - set Specific Code input for plugin: RCC
2025-05-24 20:03:53,710 [INFO] BlockDiagram:2766 - set Specific Code input for plugin: I2C
2025-05-24 20:03:53,712 [INFO] CodeGenerator:896 - code generatio: config db path: /Applications/STM32CubeIDE.app/Contents/Eclipse/plugins/com.st.stm32cube.common.mx_6.13.0.202411220809//db/
2025-05-24 20:03:53,728 [WARN] IP:2251 - I2C_Coeff_DF not found: check if there is a RefParameter without a condition.
2025-05-24 20:03:53,728 [WARN] IP:2251 - Analog_Filter not found: check if there is a RefParameter without a condition.
2025-05-24 20:03:53,827 [INFO] CodeEngine:255 - oldGeneratedFile, /Users/mindhacker999/STM32CubeIDE/workspace_1.17.0/Sonya-Tech/Sonya Tech Tests/MXTmpFiles/license.tmp_save
2025-05-24 20:03:53,980 [INFO] CodeEngine:279 - Generated code: /Users/mindhacker999/STM32CubeIDE/workspace_1.17.0/Sonya-Tech/Sonya Tech Tests/MXTmpFiles/license.tmp
2025-05-24 20:03:54,041 [INFO] CodeEngine:255 - oldGeneratedFile, /Users/mindhacker999/STM32CubeIDE/workspace_1.17.0/Sonya-Tech/Sonya Tech Tests/MXTmpFiles/gpio.tmp_save
2025-05-24 20:03:54,136 [INFO] CodeEngine:279 - Generated code: /Users/mindhacker999/STM32CubeIDE/workspace_1.17.0/Sonya-Tech/Sonya Tech Tests/MXTmpFiles/gpio.tmp
2025-05-24 20:03:54,681 [INFO] Middleware:1450 - No code input for Bsp Dependency
2025-05-24 20:03:54,685 [INFO] CodeEngine:255 - oldGeneratedFile, /Users/mindhacker999/STM32CubeIDE/workspace_1.17.0/Sonya-Tech/Sonya Tech Tests/MXTmpFiles/rtos_inc.tmp_save
2025-05-24 20:03:54,754 [INFO] CodeEngine:279 - Generated code: /Users/mindhacker999/STM32CubeIDE/workspace_1.17.0/Sonya-Tech/Sonya Tech Tests/MXTmpFiles/rtos_inc.tmp
2025-05-24 20:03:54,756 [INFO] CodeEngine:255 - oldGeneratedFile, /Users/mindhacker999/STM32CubeIDE/workspace_1.17.0/Sonya-Tech/Sonya Tech Tests/MXTmpFiles/rtos_vars.tmp_save
2025-05-24 20:03:54,819 [INFO] CodeEngine:279 - Generated code: /Users/mindhacker999/STM32CubeIDE/workspace_1.17.0/Sonya-Tech/Sonya Tech Tests/MXTmpFiles/rtos_vars.tmp
2025-05-24 20:03:54,821 [INFO] CodeEngine:255 - oldGeneratedFile, /Users/mindhacker999/STM32CubeIDE/workspace_1.17.0/Sonya-Tech/Sonya Tech Tests/MXTmpFiles/rtos_pfp.tmp_save
2025-05-24 20:03:54,880 [INFO] CodeEngine:279 - Generated code: /Users/mindhacker999/STM32CubeIDE/workspace_1.17.0/Sonya-Tech/Sonya Tech Tests/MXTmpFiles/rtos_pfp.tmp
2025-05-24 20:03:54,882 [INFO] CodeEngine:255 - oldGeneratedFile, /Users/mindhacker999/STM32CubeIDE/workspace_1.17.0/Sonya-Tech/Sonya Tech Tests/MXTmpFiles/rtos_obj_creat.tmp_save
2025-05-24 20:03:54,937 [INFO] CodeEngine:279 - Generated code: /Users/mindhacker999/STM32CubeIDE/workspace_1.17.0/Sonya-Tech/Sonya Tech Tests/MXTmpFiles/rtos_obj_creat.tmp
2025-05-24 20:03:54,938 [INFO] CodeEngine:255 - oldGeneratedFile, /Users/mindhacker999/STM32CubeIDE/workspace_1.17.0/Sonya-Tech/Sonya Tech Tests/MXTmpFiles/rtos_kernelStart.tmp_save
2025-05-24 20:03:54,989 [INFO] CodeEngine:279 - Generated code: /Users/mindhacker999/STM32CubeIDE/workspace_1.17.0/Sonya-Tech/Sonya Tech Tests/MXTmpFiles/rtos_kernelStart.tmp
2025-05-24 20:03:54,991 [INFO] CodeEngine:255 - oldGeneratedFile, /Users/mindhacker999/STM32CubeIDE/workspace_1.17.0/Sonya-Tech/Sonya Tech Tests/MXTmpFiles/rtos_default_thread.tmp_save
2025-05-24 20:03:55,044 [INFO] CodeEngine:279 - Generated code: /Users/mindhacker999/STM32CubeIDE/workspace_1.17.0/Sonya-Tech/Sonya Tech Tests/MXTmpFiles/rtos_default_thread.tmp
2025-05-24 20:03:55,045 [INFO] CodeEngine:255 - oldGeneratedFile, /Users/mindhacker999/STM32CubeIDE/workspace_1.17.0/Sonya-Tech/Sonya Tech Tests/MXTmpFiles/rtos_threads.tmp_save
2025-05-24 20:03:55,096 [INFO] CodeEngine:279 - Generated code: /Users/mindhacker999/STM32CubeIDE/workspace_1.17.0/Sonya-Tech/Sonya Tech Tests/MXTmpFiles/rtos_threads.tmp
2025-05-24 20:03:55,104 [INFO] Middleware:1450 - No code input for Bsp Dependency
2025-05-24 20:03:55,106 [INFO] CodeEngine:255 - oldGeneratedFile, /Users/mindhacker999/STM32CubeIDE/workspace_1.17.0/Sonya-Tech/Sonya Tech Tests/MXTmpFiles/rtos_inc.tmp_save
2025-05-24 20:03:55,157 [INFO] CodeEngine:279 - Generated code: /Users/mindhacker999/STM32CubeIDE/workspace_1.17.0/Sonya-Tech/Sonya Tech Tests/MXTmpFiles/rtos_inc.tmp
2025-05-24 20:03:55,158 [INFO] CodeEngine:255 - oldGeneratedFile, /Users/mindhacker999/STM32CubeIDE/workspace_1.17.0/Sonya-Tech/Sonya Tech Tests/MXTmpFiles/rtos_vars.tmp_save
2025-05-24 20:03:55,209 [INFO] CodeEngine:279 - Generated code: /Users/mindhacker999/STM32CubeIDE/workspace_1.17.0/Sonya-Tech/Sonya Tech Tests/MXTmpFiles/rtos_vars.tmp
2025-05-24 20:03:55,210 [INFO] CodeEngine:255 - oldGeneratedFile, /Users/mindhacker999/STM32CubeIDE/workspace_1.17.0/Sonya-Tech/Sonya Tech Tests/MXTmpFiles/rtos_pfp.tmp_save
2025-05-24 20:03:55,265 [INFO] CodeEngine:279 - Generated code: /Users/mindhacker999/STM32CubeIDE/workspace_1.17.0/Sonya-Tech/Sonya Tech Tests/MXTmpFiles/rtos_pfp.tmp
2025-05-24 20:03:55,268 [INFO] CodeEngine:255 - oldGeneratedFile, /Users/mindhacker999/STM32CubeIDE/workspace_1.17.0/Sonya-Tech/Sonya Tech Tests/MXTmpFiles/rtos_obj_creat.tmp_save
2025-05-24 20:03:55,319 [INFO] CodeEngine:279 - Generated code: /Users/mindhacker999/STM32CubeIDE/workspace_1.17.0/Sonya-Tech/Sonya Tech Tests/MXTmpFiles/rtos_obj_creat.tmp
2025-05-24 20:03:55,320 [INFO] CodeEngine:255 - oldGeneratedFile, /Users/mindhacker999/STM32CubeIDE/workspace_1.17.0/Sonya-Tech/Sonya Tech Tests/MXTmpFiles/rtos_kernelStart.tmp_save
2025-05-24 20:03:55,370 [INFO] CodeEngine:279 - Generated code: /Users/mindhacker999/STM32CubeIDE/workspace_1.17.0/Sonya-Tech/Sonya Tech Tests/MXTmpFiles/rtos_kernelStart.tmp
2025-05-24 20:03:55,371 [INFO] CodeEngine:255 - oldGeneratedFile, /Users/mindhacker999/STM32CubeIDE/workspace_1.17.0/Sonya-Tech/Sonya Tech Tests/MXTmpFiles/rtos_default_thread.tmp_save
2025-05-24 20:03:55,419 [INFO] CodeEngine:279 - Generated code: /Users/mindhacker999/STM32CubeIDE/workspace_1.17.0/Sonya-Tech/Sonya Tech Tests/MXTmpFiles/rtos_default_thread.tmp
2025-05-24 20:03:55,421 [INFO] CodeEngine:255 - oldGeneratedFile, /Users/mindhacker999/STM32CubeIDE/workspace_1.17.0/Sonya-Tech/Sonya Tech Tests/MXTmpFiles/rtos_threads.tmp_save
2025-05-24 20:03:55,470 [INFO] CodeEngine:279 - Generated code: /Users/mindhacker999/STM32CubeIDE/workspace_1.17.0/Sonya-Tech/Sonya Tech Tests/MXTmpFiles/rtos_threads.tmp
2025-05-24 20:03:55,472 [INFO] CodeEngine:255 - oldGeneratedFile, /Users/mindhacker999/STM32CubeIDE/workspace_1.17.0/Sonya-Tech/Sonya Tech Tests/Core/Inc/FreeRTOSConfig.h_save
2025-05-24 20:03:55,537 [INFO] CodeEngine:279 - Generated code: /Users/mindhacker999/STM32CubeIDE/workspace_1.17.0/Sonya-Tech/Sonya Tech Tests/Core/Inc/FreeRTOSConfig.h
2025-05-24 20:03:55,539 [INFO] CodeEngine:255 - oldGeneratedFile, /Users/mindhacker999/STM32CubeIDE/workspace_1.17.0/Sonya-Tech/Sonya Tech Tests/Core/Src/freertos.c_save
2025-05-24 20:03:55,596 [INFO] CodeEngine:279 - Generated code: /Users/mindhacker999/STM32CubeIDE/workspace_1.17.0/Sonya-Tech/Sonya Tech Tests/Core/Src/freertos.c
2025-05-24 20:03:55,603 [INFO] CodeEngine:255 - oldGeneratedFile, /Users/mindhacker999/STM32CubeIDE/workspace_1.17.0/Sonya-Tech/Sonya Tech Tests/Core/Src/stm32f1xx_it.c_save
2025-05-24 20:03:55,670 [INFO] CodeEngine:279 - Generated code: /Users/mindhacker999/STM32CubeIDE/workspace_1.17.0/Sonya-Tech/Sonya Tech Tests/Core/Src/stm32f1xx_it.c
2025-05-24 20:03:55,671 [INFO] CodeEngine:255 - oldGeneratedFile, /Users/mindhacker999/STM32CubeIDE/workspace_1.17.0/Sonya-Tech/Sonya Tech Tests/Core/Inc/stm32f1xx_it.h_save
2025-05-24 20:03:55,723 [INFO] CodeEngine:279 - Generated code: /Users/mindhacker999/STM32CubeIDE/workspace_1.17.0/Sonya-Tech/Sonya Tech Tests/Core/Inc/stm32f1xx_it.h
2025-05-24 20:03:55,730 [INFO] CodeEngine:255 - oldGeneratedFile, /Users/mindhacker999/STM32CubeIDE/workspace_1.17.0/Sonya-Tech/Sonya Tech Tests/Core/Src/stm32f1xx_hal_msp.c_save
2025-05-24 20:03:55,843 [INFO] CodeEngine:279 - Generated code: /Users/mindhacker999/STM32CubeIDE/workspace_1.17.0/Sonya-Tech/Sonya Tech Tests/Core/Src/stm32f1xx_hal_msp.c
2025-05-24 20:03:55,845 [INFO] CodeEngine:255 - oldGeneratedFile, /Users/mindhacker999/STM32CubeIDE/workspace_1.17.0/Sonya-Tech/Sonya Tech Tests/MXTmpFiles/system.tmp_save
2025-05-24 20:03:55,898 [INFO] CodeEngine:279 - Generated code: /Users/mindhacker999/STM32CubeIDE/workspace_1.17.0/Sonya-Tech/Sonya Tech Tests/MXTmpFiles/system.tmp
2025-05-24 20:03:55,901 [INFO] CodeEngine:255 - oldGeneratedFile, /Users/mindhacker999/STM32CubeIDE/workspace_1.17.0/Sonya-Tech/Sonya Tech Tests/Core/Src/stm32f1xx_hal_timebase_tim.c_save
2025-05-24 20:03:55,958 [INFO] CodeEngine:279 - Generated code: /Users/mindhacker999/STM32CubeIDE/workspace_1.17.0/Sonya-Tech/Sonya Tech Tests/Core/Src/stm32f1xx_hal_timebase_tim.c
2025-05-24 20:03:55,964 [INFO] CodeEngine:311 - oldGeneratedFile, /Users/mindhacker999/STM32CubeIDE/workspace_1.17.0/Sonya-Tech/Sonya Tech Tests/Core/Inc/stm32f1xx_hal_conf.h_save
2025-05-24 20:03:56,021 [INFO] CodeEngine:335 - Generated code: /Users/mindhacker999/STM32CubeIDE/workspace_1.17.0/Sonya-Tech/Sonya Tech Tests/Core/Inc/stm32f1xx_hal_conf.h
2025-05-24 20:03:56,055 [WARN] IPConfigManager:3618 - IP not found : TIM
2025-05-24 20:03:56,056 [WARN] CodeGenerator:4152 - IP not found : null
2025-05-24 20:03:56,058 [INFO] CodeEngine:255 - oldGeneratedFile, /Users/mindhacker999/STM32CubeIDE/workspace_1.17.0/Sonya-Tech/Sonya Tech Tests/Core/Inc/main.h_save
2025-05-24 20:03:56,121 [INFO] CodeEngine:279 - Generated code: /Users/mindhacker999/STM32CubeIDE/workspace_1.17.0/Sonya-Tech/Sonya Tech Tests/Core/Inc/main.h
2025-05-24 20:03:56,124 [INFO] CodeEngine:255 - oldGeneratedFile, /Users/mindhacker999/STM32CubeIDE/workspace_1.17.0/Sonya-Tech/Sonya Tech Tests/Core/Src/main.c_save
2025-05-24 20:03:56,238 [INFO] CodeEngine:279 - Generated code: /Users/mindhacker999/STM32CubeIDE/workspace_1.17.0/Sonya-Tech/Sonya Tech Tests/Core/Src/main.c
2025-05-24 20:03:57,150 [INFO] ProjectBuilder:3289 - Time for Copy HAL[1] : 114mS.
2025-05-24 20:03:57,179 [INFO] ProjectBuilder:4876 - Project Generator version: 4.5.0-RC5
2025-05-24 20:03:57,373 [INFO] ConfigFileManager:1579 - The Die is : DIE412
2025-05-24 20:03:59,445 [INFO] ProjectBuilder:5154 - Time for Generating toolchain IDE Files: 2266mS.
2025-05-24 20:03:59,450 [INFO] ProjectBuilder:3146 - Time for Copy CMSIS : 1mS.
2025-05-24 20:03:59,453 [INFO] ProjectBuilder:3146 - Time for Copy CMSIS : 0mS.
2025-05-24 20:04:49,869 [WARN] IP:2251 - I2C_Coeff_DF not found: check if there is a RefParameter without a condition.
2025-05-24 20:04:49,879 [WARN] IP:2251 - Analog_Filter not found: check if there is a RefParameter without a condition.
2025-05-24 20:04:49,950 [WARN] IP:2251 - I2C_Coeff_DF not found: check if there is a RefParameter without a condition.
2025-05-24 20:04:49,950 [WARN] IP:2251 - Analog_Filter not found: check if there is a RefParameter without a condition.
2025-05-24 20:04:49,959 [WARN] IP:2251 - I2C_Coeff_DF not found: check if there is a RefParameter without a condition.
2025-05-24 20:04:49,959 [WARN] IP:2251 - Analog_Filter not found: check if there is a RefParameter without a condition.
2025-05-24 20:04:49,966 [WARN] IP:2251 - I2C_Coeff_DF not found: check if there is a RefParameter without a condition.
2025-05-24 20:04:49,966 [WARN] IP:2251 - Analog_Filter not found: check if there is a RefParameter without a condition.
2025-05-24 20:04:49,972 [WARN] IP:2251 - I2C_Coeff_DF not found: check if there is a RefParameter without a condition.
2025-05-24 20:04:49,972 [WARN] IP:2251 - Analog_Filter not found: check if there is a RefParameter without a condition.
2025-05-24 20:04:49,977 [WARN] IP:2251 - I2C_Coeff_DF not found: check if there is a RefParameter without a condition.
2025-05-24 20:04:49,977 [WARN] IP:2251 - Analog_Filter not found: check if there is a RefParameter without a condition.
2025-05-24 20:04:55,598 [WARN] IP:2251 - I2C_Coeff_DF not found: check if there is a RefParameter without a condition.
2025-05-24 20:04:55,598 [WARN] IP:2251 - Analog_Filter not found: check if there is a RefParameter without a condition.
2025-05-24 20:04:55,599 [WARN] IP:2251 - I2C_Coeff_DF not found: check if there is a RefParameter without a condition.
2025-05-24 20:04:55,599 [WARN] IP:2251 - Analog_Filter not found: check if there is a RefParameter without a condition.
2025-05-24 20:04:55,702 [INFO] NvicIntPanel:101 - NVIC parent = com.st.microxplorer.plugins.ip.nvic.MultiNvicIntPanel[,0,0,0x0,invalid,layout=javax.swing.BoxLayout,alignmentX=0.0,alignmentY=0.0,border=,flags=9,maximumSize=,minimumSize=,preferredSize=]
2025-05-24 20:04:55,752 [WARN] IP:2251 - I2C_Coeff_DF not found: check if there is a RefParameter without a condition.
2025-05-24 20:04:55,752 [WARN] IP:2251 - Analog_Filter not found: check if there is a RefParameter without a condition.
2025-05-24 20:04:55,762 [WARN] IP:2251 - I2C_Coeff_DF not found: check if there is a RefParameter without a condition.
2025-05-24 20:04:55,763 [WARN] IP:2251 - Analog_Filter not found: check if there is a RefParameter without a condition.
2025-05-24 20:04:58,355 [INFO] UtilMem:75 - End SaveConfig() Used Memory: 743169192 Bytes (1073741824)
2025-05-24 20:04:59,897 [INFO] UtilMem:75 - End SaveConfig() Used Memory: 781966504 Bytes (1073741824)
2025-05-24 20:05:01,619 [INFO] UtilMem:75 - End SaveConfig() Used Memory: 839115944 Bytes (1073741824)
2025-05-24 20:05:02,964 [INFO] BlockDiagram:2766 - set Specific Code input for plugin: NVIC
2025-05-24 20:05:02,984 [INFO] BlockDiagram:2766 - set Specific Code input for plugin: FREERTOS
2025-05-24 20:05:02,987 [INFO] BlockDiagram:2766 - set Specific Code input for plugin: TIM1_8F1
2025-05-24 20:05:02,987 [INFO] BlockDiagram:2766 - set Specific Code input for plugin: TIM1_8F1
2025-05-24 20:05:02,987 [INFO] BlockDiagram:2766 - set Specific Code input for plugin: SYS
2025-05-24 20:05:02,988 [INFO] BlockDiagram:2766 - set Specific Code input for plugin: GPIO
2025-05-24 20:05:02,988 [INFO] BlockDiagram:2766 - set Specific Code input for plugin: ADC
2025-05-24 20:05:02,988 [INFO] BlockDiagram:2766 - set Specific Code input for plugin: RCC
2025-05-24 20:05:02,988 [INFO] BlockDiagram:2766 - set Specific Code input for plugin: I2C
2025-05-24 20:05:02,990 [INFO] CodeGenerator:896 - code generatio: config db path: /Applications/STM32CubeIDE.app/Contents/Eclipse/plugins/com.st.stm32cube.common.mx_6.13.0.202411220809//db/
2025-05-24 20:05:03,053 [WARN] IP:2251 - I2C_Coeff_DF not found: check if there is a RefParameter without a condition.
2025-05-24 20:05:03,053 [WARN] IP:2251 - Analog_Filter not found: check if there is a RefParameter without a condition.
2025-05-24 20:05:03,297 [INFO] CodeEngine:255 - oldGeneratedFile, /Users/mindhacker999/STM32CubeIDE/workspace_1.17.0/Sonya-Tech/Sonya Tech Tests/MXTmpFiles/license.tmp_save
2025-05-24 20:05:03,483 [INFO] CodeEngine:279 - Generated code: /Users/mindhacker999/STM32CubeIDE/workspace_1.17.0/Sonya-Tech/Sonya Tech Tests/MXTmpFiles/license.tmp
2025-05-24 20:05:03,545 [INFO] CodeEngine:255 - oldGeneratedFile, /Users/mindhacker999/STM32CubeIDE/workspace_1.17.0/Sonya-Tech/Sonya Tech Tests/MXTmpFiles/gpio.tmp_save
2025-05-24 20:05:03,636 [INFO] CodeEngine:279 - Generated code: /Users/mindhacker999/STM32CubeIDE/workspace_1.17.0/Sonya-Tech/Sonya Tech Tests/MXTmpFiles/gpio.tmp
2025-05-24 20:05:04,071 [INFO] Middleware:1450 - No code input for Bsp Dependency
2025-05-24 20:05:04,075 [INFO] CodeEngine:255 - oldGeneratedFile, /Users/mindhacker999/STM32CubeIDE/workspace_1.17.0/Sonya-Tech/Sonya Tech Tests/MXTmpFiles/rtos_inc.tmp_save
2025-05-24 20:05:04,125 [INFO] CodeEngine:279 - Generated code: /Users/mindhacker999/STM32CubeIDE/workspace_1.17.0/Sonya-Tech/Sonya Tech Tests/MXTmpFiles/rtos_inc.tmp
2025-05-24 20:05:04,127 [INFO] CodeEngine:255 - oldGeneratedFile, /Users/mindhacker999/STM32CubeIDE/workspace_1.17.0/Sonya-Tech/Sonya Tech Tests/MXTmpFiles/rtos_vars.tmp_save
2025-05-24 20:05:04,198 [INFO] CodeEngine:279 - Generated code: /Users/mindhacker999/STM32CubeIDE/workspace_1.17.0/Sonya-Tech/Sonya Tech Tests/MXTmpFiles/rtos_vars.tmp
2025-05-24 20:05:04,199 [INFO] CodeEngine:255 - oldGeneratedFile, /Users/mindhacker999/STM32CubeIDE/workspace_1.17.0/Sonya-Tech/Sonya Tech Tests/MXTmpFiles/rtos_pfp.tmp_save
2025-05-24 20:05:04,250 [INFO] CodeEngine:279 - Generated code: /Users/mindhacker999/STM32CubeIDE/workspace_1.17.0/Sonya-Tech/Sonya Tech Tests/MXTmpFiles/rtos_pfp.tmp
2025-05-24 20:05:04,251 [INFO] CodeEngine:255 - oldGeneratedFile, /Users/mindhacker999/STM32CubeIDE/workspace_1.17.0/Sonya-Tech/Sonya Tech Tests/MXTmpFiles/rtos_obj_creat.tmp_save
2025-05-24 20:05:04,303 [INFO] CodeEngine:279 - Generated code: /Users/mindhacker999/STM32CubeIDE/workspace_1.17.0/Sonya-Tech/Sonya Tech Tests/MXTmpFiles/rtos_obj_creat.tmp
2025-05-24 20:05:04,305 [INFO] CodeEngine:255 - oldGeneratedFile, /Users/mindhacker999/STM32CubeIDE/workspace_1.17.0/Sonya-Tech/Sonya Tech Tests/MXTmpFiles/rtos_kernelStart.tmp_save
2025-05-24 20:05:04,354 [INFO] CodeEngine:279 - Generated code: /Users/mindhacker999/STM32CubeIDE/workspace_1.17.0/Sonya-Tech/Sonya Tech Tests/MXTmpFiles/rtos_kernelStart.tmp
2025-05-24 20:05:04,355 [INFO] CodeEngine:255 - oldGeneratedFile, /Users/mindhacker999/STM32CubeIDE/workspace_1.17.0/Sonya-Tech/Sonya Tech Tests/MXTmpFiles/rtos_default_thread.tmp_save
2025-05-24 20:05:04,411 [INFO] CodeEngine:279 - Generated code: /Users/mindhacker999/STM32CubeIDE/workspace_1.17.0/Sonya-Tech/Sonya Tech Tests/MXTmpFiles/rtos_default_thread.tmp
2025-05-24 20:05:04,412 [INFO] CodeEngine:255 - oldGeneratedFile, /Users/mindhacker999/STM32CubeIDE/workspace_1.17.0/Sonya-Tech/Sonya Tech Tests/MXTmpFiles/rtos_threads.tmp_save
2025-05-24 20:05:04,460 [INFO] CodeEngine:279 - Generated code: /Users/mindhacker999/STM32CubeIDE/workspace_1.17.0/Sonya-Tech/Sonya Tech Tests/MXTmpFiles/rtos_threads.tmp
2025-05-24 20:05:04,475 [INFO] Middleware:1450 - No code input for Bsp Dependency
2025-05-24 20:05:04,479 [INFO] CodeEngine:255 - oldGeneratedFile, /Users/mindhacker999/STM32CubeIDE/workspace_1.17.0/Sonya-Tech/Sonya Tech Tests/MXTmpFiles/rtos_inc.tmp_save
2025-05-24 20:05:04,526 [INFO] CodeEngine:279 - Generated code: /Users/mindhacker999/STM32CubeIDE/workspace_1.17.0/Sonya-Tech/Sonya Tech Tests/MXTmpFiles/rtos_inc.tmp
2025-05-24 20:05:04,527 [INFO] CodeEngine:255 - oldGeneratedFile, /Users/mindhacker999/STM32CubeIDE/workspace_1.17.0/Sonya-Tech/Sonya Tech Tests/MXTmpFiles/rtos_vars.tmp_save
2025-05-24 20:05:04,576 [INFO] CodeEngine:279 - Generated code: /Users/mindhacker999/STM32CubeIDE/workspace_1.17.0/Sonya-Tech/Sonya Tech Tests/MXTmpFiles/rtos_vars.tmp
2025-05-24 20:05:04,577 [INFO] CodeEngine:255 - oldGeneratedFile, /Users/mindhacker999/STM32CubeIDE/workspace_1.17.0/Sonya-Tech/Sonya Tech Tests/MXTmpFiles/rtos_pfp.tmp_save
2025-05-24 20:05:04,625 [INFO] CodeEngine:279 - Generated code: /Users/mindhacker999/STM32CubeIDE/workspace_1.17.0/Sonya-Tech/Sonya Tech Tests/MXTmpFiles/rtos_pfp.tmp
2025-05-24 20:05:04,626 [INFO] CodeEngine:255 - oldGeneratedFile, /Users/mindhacker999/STM32CubeIDE/workspace_1.17.0/Sonya-Tech/Sonya Tech Tests/MXTmpFiles/rtos_obj_creat.tmp_save
2025-05-24 20:05:04,677 [INFO] CodeEngine:279 - Generated code: /Users/mindhacker999/STM32CubeIDE/workspace_1.17.0/Sonya-Tech/Sonya Tech Tests/MXTmpFiles/rtos_obj_creat.tmp
2025-05-24 20:05:04,679 [INFO] CodeEngine:255 - oldGeneratedFile, /Users/mindhacker999/STM32CubeIDE/workspace_1.17.0/Sonya-Tech/Sonya Tech Tests/MXTmpFiles/rtos_kernelStart.tmp_save
2025-05-24 20:05:04,728 [INFO] CodeEngine:279 - Generated code: /Users/mindhacker999/STM32CubeIDE/workspace_1.17.0/Sonya-Tech/Sonya Tech Tests/MXTmpFiles/rtos_kernelStart.tmp
2025-05-24 20:05:04,729 [INFO] CodeEngine:255 - oldGeneratedFile, /Users/mindhacker999/STM32CubeIDE/workspace_1.17.0/Sonya-Tech/Sonya Tech Tests/MXTmpFiles/rtos_default_thread.tmp_save
2025-05-24 20:05:04,777 [INFO] CodeEngine:279 - Generated code: /Users/mindhacker999/STM32CubeIDE/workspace_1.17.0/Sonya-Tech/Sonya Tech Tests/MXTmpFiles/rtos_default_thread.tmp
2025-05-24 20:05:04,779 [INFO] CodeEngine:255 - oldGeneratedFile, /Users/mindhacker999/STM32CubeIDE/workspace_1.17.0/Sonya-Tech/Sonya Tech Tests/MXTmpFiles/rtos_threads.tmp_save
2025-05-24 20:05:04,827 [INFO] CodeEngine:279 - Generated code: /Users/mindhacker999/STM32CubeIDE/workspace_1.17.0/Sonya-Tech/Sonya Tech Tests/MXTmpFiles/rtos_threads.tmp
2025-05-24 20:05:04,829 [INFO] CodeEngine:255 - oldGeneratedFile, /Users/mindhacker999/STM32CubeIDE/workspace_1.17.0/Sonya-Tech/Sonya Tech Tests/Core/Inc/FreeRTOSConfig.h_save
2025-05-24 20:05:04,893 [INFO] CodeEngine:279 - Generated code: /Users/mindhacker999/STM32CubeIDE/workspace_1.17.0/Sonya-Tech/Sonya Tech Tests/Core/Inc/FreeRTOSConfig.h
2025-05-24 20:05:04,895 [INFO] CodeEngine:255 - oldGeneratedFile, /Users/mindhacker999/STM32CubeIDE/workspace_1.17.0/Sonya-Tech/Sonya Tech Tests/Core/Src/freertos.c_save
2025-05-24 20:05:04,949 [INFO] CodeEngine:279 - Generated code: /Users/mindhacker999/STM32CubeIDE/workspace_1.17.0/Sonya-Tech/Sonya Tech Tests/Core/Src/freertos.c
2025-05-24 20:05:04,955 [INFO] CodeEngine:255 - oldGeneratedFile, /Users/mindhacker999/STM32CubeIDE/workspace_1.17.0/Sonya-Tech/Sonya Tech Tests/Core/Src/stm32f1xx_it.c_save
2025-05-24 20:05:05,020 [INFO] CodeEngine:279 - Generated code: /Users/mindhacker999/STM32CubeIDE/workspace_1.17.0/Sonya-Tech/Sonya Tech Tests/Core/Src/stm32f1xx_it.c
2025-05-24 20:05:05,022 [INFO] CodeEngine:255 - oldGeneratedFile, /Users/mindhacker999/STM32CubeIDE/workspace_1.17.0/Sonya-Tech/Sonya Tech Tests/Core/Inc/stm32f1xx_it.h_save
2025-05-24 20:05:05,071 [INFO] CodeEngine:279 - Generated code: /Users/mindhacker999/STM32CubeIDE/workspace_1.17.0/Sonya-Tech/Sonya Tech Tests/Core/Inc/stm32f1xx_it.h
2025-05-24 20:05:05,080 [INFO] CodeEngine:255 - oldGeneratedFile, /Users/mindhacker999/STM32CubeIDE/workspace_1.17.0/Sonya-Tech/Sonya Tech Tests/Core/Src/stm32f1xx_hal_msp.c_save
2025-05-24 20:05:05,187 [INFO] CodeEngine:279 - Generated code: /Users/mindhacker999/STM32CubeIDE/workspace_1.17.0/Sonya-Tech/Sonya Tech Tests/Core/Src/stm32f1xx_hal_msp.c
2025-05-24 20:05:05,189 [INFO] CodeEngine:255 - oldGeneratedFile, /Users/mindhacker999/STM32CubeIDE/workspace_1.17.0/Sonya-Tech/Sonya Tech Tests/MXTmpFiles/system.tmp_save
2025-05-24 20:05:05,239 [INFO] CodeEngine:279 - Generated code: /Users/mindhacker999/STM32CubeIDE/workspace_1.17.0/Sonya-Tech/Sonya Tech Tests/MXTmpFiles/system.tmp
2025-05-24 20:05:05,241 [INFO] CodeEngine:255 - oldGeneratedFile, /Users/mindhacker999/STM32CubeIDE/workspace_1.17.0/Sonya-Tech/Sonya Tech Tests/Core/Src/stm32f1xx_hal_timebase_tim.c_save
2025-05-24 20:05:05,295 [INFO] CodeEngine:279 - Generated code: /Users/mindhacker999/STM32CubeIDE/workspace_1.17.0/Sonya-Tech/Sonya Tech Tests/Core/Src/stm32f1xx_hal_timebase_tim.c
2025-05-24 20:05:05,302 [INFO] CodeEngine:311 - oldGeneratedFile, /Users/mindhacker999/STM32CubeIDE/workspace_1.17.0/Sonya-Tech/Sonya Tech Tests/Core/Inc/stm32f1xx_hal_conf.h_save
2025-05-24 20:05:05,364 [INFO] CodeEngine:335 - Generated code: /Users/mindhacker999/STM32CubeIDE/workspace_1.17.0/Sonya-Tech/Sonya Tech Tests/Core/Inc/stm32f1xx_hal_conf.h
2025-05-24 20:05:05,403 [WARN] IPConfigManager:3618 - IP not found : TIM
2025-05-24 20:05:05,404 [WARN] CodeGenerator:4152 - IP not found : null
2025-05-24 20:05:05,408 [INFO] CodeEngine:255 - oldGeneratedFile, /Users/mindhacker999/STM32CubeIDE/workspace_1.17.0/Sonya-Tech/Sonya Tech Tests/Core/Inc/main.h_save
2025-05-24 20:05:05,464 [INFO] CodeEngine:279 - Generated code: /Users/mindhacker999/STM32CubeIDE/workspace_1.17.0/Sonya-Tech/Sonya Tech Tests/Core/Inc/main.h
2025-05-24 20:05:05,465 [INFO] CodeEngine:255 - oldGeneratedFile, /Users/mindhacker999/STM32CubeIDE/workspace_1.17.0/Sonya-Tech/Sonya Tech Tests/Core/Src/main.c_save
2025-05-24 20:05:05,570 [INFO] CodeEngine:279 - Generated code: /Users/mindhacker999/STM32CubeIDE/workspace_1.17.0/Sonya-Tech/Sonya Tech Tests/Core/Src/main.c
2025-05-24 20:05:05,787 [INFO] ProjectBuilder:3289 - Time for Copy HAL[1] : 86mS.
2025-05-24 20:05:05,792 [INFO] ProjectBuilder:4876 - Project Generator version: 4.5.0-RC5
2025-05-24 20:05:05,857 [INFO] ConfigFileManager:1579 - The Die is : DIE412
2025-05-24 20:05:09,425 [INFO] ProjectBuilder:5154 - Time for Generating toolchain IDE Files: 3619mS.
2025-05-24 20:05:09,454 [INFO] ProjectBuilder:3146 - Time for Copy CMSIS : 3mS.
2025-05-24 20:05:09,461 [INFO] ProjectBuilder:3146 - Time for Copy CMSIS : 0mS.
2025-05-24 20:07:50,336 [INFO] UtilMem:75 - End SaveConfig() Used Memory: 954810216 Bytes (1073741824)
2025-05-24 20:07:51,952 [INFO] UtilMem:75 - End SaveConfig() Used Memory: 984170344 Bytes (1073741824)
2025-05-24 20:07:53,612 [INFO] UtilMem:75 - End SaveConfig() Used Memory: 711651592 Bytes (1073741824)
2025-05-24 20:07:54,304 [INFO] BlockDiagram:2766 - set Specific Code input for plugin: NVIC
2025-05-24 20:07:54,307 [INFO] BlockDiagram:2766 - set Specific Code input for plugin: FREERTOS
2025-05-24 20:07:54,308 [INFO] BlockDiagram:2766 - set Specific Code input for plugin: TIM1_8F1
2025-05-24 20:07:54,308 [INFO] BlockDiagram:2766 - set Specific Code input for plugin: TIM1_8F1
2025-05-24 20:07:54,308 [INFO] BlockDiagram:2766 - set Specific Code input for plugin: SYS
2025-05-24 20:07:54,308 [INFO] BlockDiagram:2766 - set Specific Code input for plugin: GPIO
2025-05-24 20:07:54,308 [INFO] BlockDiagram:2766 - set Specific Code input for plugin: ADC
2025-05-24 20:07:54,308 [INFO] BlockDiagram:2766 - set Specific Code input for plugin: RCC
2025-05-24 20:07:54,308 [INFO] BlockDiagram:2766 - set Specific Code input for plugin: I2C
2025-05-24 20:07:54,311 [INFO] CodeGenerator:896 - code generatio: config db path: /Applications/STM32CubeIDE.app/Contents/Eclipse/plugins/com.st.stm32cube.common.mx_6.13.0.202411220809//db/
2025-05-24 20:07:54,347 [WARN] IP:2251 - I2C_Coeff_DF not found: check if there is a RefParameter without a condition.
2025-05-24 20:07:54,347 [WARN] IP:2251 - Analog_Filter not found: check if there is a RefParameter without a condition.
2025-05-24 20:07:54,433 [INFO] CodeEngine:255 - oldGeneratedFile, /Users/mindhacker999/STM32CubeIDE/workspace_1.17.0/Sonya-Tech/Sonya Tech Tests/MXTmpFiles/license.tmp_save
2025-05-24 20:07:54,576 [INFO] CodeEngine:279 - Generated code: /Users/mindhacker999/STM32CubeIDE/workspace_1.17.0/Sonya-Tech/Sonya Tech Tests/MXTmpFiles/license.tmp
2025-05-24 20:07:54,642 [INFO] CodeEngine:255 - oldGeneratedFile, /Users/mindhacker999/STM32CubeIDE/workspace_1.17.0/Sonya-Tech/Sonya Tech Tests/MXTmpFiles/gpio.tmp_save
2025-05-24 20:07:54,737 [INFO] CodeEngine:279 - Generated code: /Users/mindhacker999/STM32CubeIDE/workspace_1.17.0/Sonya-Tech/Sonya Tech Tests/MXTmpFiles/gpio.tmp
2025-05-24 20:07:55,163 [INFO] Middleware:1450 - No code input for Bsp Dependency
2025-05-24 20:07:55,171 [INFO] CodeEngine:255 - oldGeneratedFile, /Users/mindhacker999/STM32CubeIDE/workspace_1.17.0/Sonya-Tech/Sonya Tech Tests/MXTmpFiles/rtos_inc.tmp_save
2025-05-24 20:07:55,220 [INFO] CodeEngine:279 - Generated code: /Users/mindhacker999/STM32CubeIDE/workspace_1.17.0/Sonya-Tech/Sonya Tech Tests/MXTmpFiles/rtos_inc.tmp
2025-05-24 20:07:55,221 [INFO] CodeEngine:255 - oldGeneratedFile, /Users/mindhacker999/STM32CubeIDE/workspace_1.17.0/Sonya-Tech/Sonya Tech Tests/MXTmpFiles/rtos_vars.tmp_save
2025-05-24 20:07:55,275 [INFO] CodeEngine:279 - Generated code: /Users/mindhacker999/STM32CubeIDE/workspace_1.17.0/Sonya-Tech/Sonya Tech Tests/MXTmpFiles/rtos_vars.tmp
2025-05-24 20:07:55,277 [INFO] CodeEngine:255 - oldGeneratedFile, /Users/mindhacker999/STM32CubeIDE/workspace_1.17.0/Sonya-Tech/Sonya Tech Tests/MXTmpFiles/rtos_pfp.tmp_save
2025-05-24 20:07:55,325 [INFO] CodeEngine:279 - Generated code: /Users/mindhacker999/STM32CubeIDE/workspace_1.17.0/Sonya-Tech/Sonya Tech Tests/MXTmpFiles/rtos_pfp.tmp
2025-05-24 20:07:55,326 [INFO] CodeEngine:255 - oldGeneratedFile, /Users/mindhacker999/STM32CubeIDE/workspace_1.17.0/Sonya-Tech/Sonya Tech Tests/MXTmpFiles/rtos_obj_creat.tmp_save
2025-05-24 20:07:55,376 [INFO] CodeEngine:279 - Generated code: /Users/mindhacker999/STM32CubeIDE/workspace_1.17.0/Sonya-Tech/Sonya Tech Tests/MXTmpFiles/rtos_obj_creat.tmp
2025-05-24 20:07:55,379 [INFO] CodeEngine:255 - oldGeneratedFile, /Users/mindhacker999/STM32CubeIDE/workspace_1.17.0/Sonya-Tech/Sonya Tech Tests/MXTmpFiles/rtos_kernelStart.tmp_save
2025-05-24 20:07:55,426 [INFO] CodeEngine:279 - Generated code: /Users/mindhacker999/STM32CubeIDE/workspace_1.17.0/Sonya-Tech/Sonya Tech Tests/MXTmpFiles/rtos_kernelStart.tmp
2025-05-24 20:07:55,428 [INFO] CodeEngine:255 - oldGeneratedFile, /Users/mindhacker999/STM32CubeIDE/workspace_1.17.0/Sonya-Tech/Sonya Tech Tests/MXTmpFiles/rtos_default_thread.tmp_save
2025-05-24 20:07:55,477 [INFO] CodeEngine:279 - Generated code: /Users/mindhacker999/STM32CubeIDE/workspace_1.17.0/Sonya-Tech/Sonya Tech Tests/MXTmpFiles/rtos_default_thread.tmp
2025-05-24 20:07:55,478 [INFO] CodeEngine:255 - oldGeneratedFile, /Users/mindhacker999/STM32CubeIDE/workspace_1.17.0/Sonya-Tech/Sonya Tech Tests/MXTmpFiles/rtos_threads.tmp_save
2025-05-24 20:07:55,528 [INFO] CodeEngine:279 - Generated code: /Users/mindhacker999/STM32CubeIDE/workspace_1.17.0/Sonya-Tech/Sonya Tech Tests/MXTmpFiles/rtos_threads.tmp
2025-05-24 20:07:55,537 [INFO] Middleware:1450 - No code input for Bsp Dependency
2025-05-24 20:07:55,540 [INFO] CodeEngine:255 - oldGeneratedFile, /Users/mindhacker999/STM32CubeIDE/workspace_1.17.0/Sonya-Tech/Sonya Tech Tests/MXTmpFiles/rtos_inc.tmp_save
2025-05-24 20:07:55,589 [INFO] CodeEngine:279 - Generated code: /Users/mindhacker999/STM32CubeIDE/workspace_1.17.0/Sonya-Tech/Sonya Tech Tests/MXTmpFiles/rtos_inc.tmp
2025-05-24 20:07:55,590 [INFO] CodeEngine:255 - oldGeneratedFile, /Users/mindhacker999/STM32CubeIDE/workspace_1.17.0/Sonya-Tech/Sonya Tech Tests/MXTmpFiles/rtos_vars.tmp_save
2025-05-24 20:07:55,641 [INFO] CodeEngine:279 - Generated code: /Users/mindhacker999/STM32CubeIDE/workspace_1.17.0/Sonya-Tech/Sonya Tech Tests/MXTmpFiles/rtos_vars.tmp
2025-05-24 20:07:55,643 [INFO] CodeEngine:255 - oldGeneratedFile, /Users/mindhacker999/STM32CubeIDE/workspace_1.17.0/Sonya-Tech/Sonya Tech Tests/MXTmpFiles/rtos_pfp.tmp_save
2025-05-24 20:07:55,692 [INFO] CodeEngine:279 - Generated code: /Users/mindhacker999/STM32CubeIDE/workspace_1.17.0/Sonya-Tech/Sonya Tech Tests/MXTmpFiles/rtos_pfp.tmp
2025-05-24 20:07:55,695 [INFO] CodeEngine:255 - oldGeneratedFile, /Users/mindhacker999/STM32CubeIDE/workspace_1.17.0/Sonya-Tech/Sonya Tech Tests/MXTmpFiles/rtos_obj_creat.tmp_save
2025-05-24 20:07:55,752 [INFO] CodeEngine:279 - Generated code: /Users/mindhacker999/STM32CubeIDE/workspace_1.17.0/Sonya-Tech/Sonya Tech Tests/MXTmpFiles/rtos_obj_creat.tmp
2025-05-24 20:07:55,754 [INFO] CodeEngine:255 - oldGeneratedFile, /Users/mindhacker999/STM32CubeIDE/workspace_1.17.0/Sonya-Tech/Sonya Tech Tests/MXTmpFiles/rtos_kernelStart.tmp_save
2025-05-24 20:07:55,803 [INFO] CodeEngine:279 - Generated code: /Users/mindhacker999/STM32CubeIDE/workspace_1.17.0/Sonya-Tech/Sonya Tech Tests/MXTmpFiles/rtos_kernelStart.tmp
2025-05-24 20:07:55,805 [INFO] CodeEngine:255 - oldGeneratedFile, /Users/mindhacker999/STM32CubeIDE/workspace_1.17.0/Sonya-Tech/Sonya Tech Tests/MXTmpFiles/rtos_default_thread.tmp_save
2025-05-24 20:07:55,854 [INFO] CodeEngine:279 - Generated code: /Users/mindhacker999/STM32CubeIDE/workspace_1.17.0/Sonya-Tech/Sonya Tech Tests/MXTmpFiles/rtos_default_thread.tmp
2025-05-24 20:07:55,860 [INFO] CodeEngine:255 - oldGeneratedFile, /Users/mindhacker999/STM32CubeIDE/workspace_1.17.0/Sonya-Tech/Sonya Tech Tests/MXTmpFiles/rtos_threads.tmp_save
2025-05-24 20:07:55,910 [INFO] CodeEngine:279 - Generated code: /Users/mindhacker999/STM32CubeIDE/workspace_1.17.0/Sonya-Tech/Sonya Tech Tests/MXTmpFiles/rtos_threads.tmp
2025-05-24 20:07:55,913 [INFO] CodeEngine:255 - oldGeneratedFile, /Users/mindhacker999/STM32CubeIDE/workspace_1.17.0/Sonya-Tech/Sonya Tech Tests/Core/Inc/FreeRTOSConfig.h_save
2025-05-24 20:07:55,975 [INFO] CodeEngine:279 - Generated code: /Users/mindhacker999/STM32CubeIDE/workspace_1.17.0/Sonya-Tech/Sonya Tech Tests/Core/Inc/FreeRTOSConfig.h
2025-05-24 20:07:55,978 [INFO] CodeEngine:255 - oldGeneratedFile, /Users/mindhacker999/STM32CubeIDE/workspace_1.17.0/Sonya-Tech/Sonya Tech Tests/Core/Src/freertos.c_save
2025-05-24 20:07:56,051 [INFO] CodeEngine:279 - Generated code: /Users/mindhacker999/STM32CubeIDE/workspace_1.17.0/Sonya-Tech/Sonya Tech Tests/Core/Src/freertos.c
2025-05-24 20:07:56,058 [INFO] CodeEngine:255 - oldGeneratedFile, /Users/mindhacker999/STM32CubeIDE/workspace_1.17.0/Sonya-Tech/Sonya Tech Tests/Core/Src/stm32f1xx_it.c_save
2025-05-24 20:07:56,124 [INFO] CodeEngine:279 - Generated code: /Users/mindhacker999/STM32CubeIDE/workspace_1.17.0/Sonya-Tech/Sonya Tech Tests/Core/Src/stm32f1xx_it.c
2025-05-24 20:07:56,126 [INFO] CodeEngine:255 - oldGeneratedFile, /Users/mindhacker999/STM32CubeIDE/workspace_1.17.0/Sonya-Tech/Sonya Tech Tests/Core/Inc/stm32f1xx_it.h_save
2025-05-24 20:07:56,178 [INFO] CodeEngine:279 - Generated code: /Users/mindhacker999/STM32CubeIDE/workspace_1.17.0/Sonya-Tech/Sonya Tech Tests/Core/Inc/stm32f1xx_it.h
2025-05-24 20:07:56,193 [INFO] CodeEngine:255 - oldGeneratedFile, /Users/mindhacker999/STM32CubeIDE/workspace_1.17.0/Sonya-Tech/Sonya Tech Tests/Core/Src/stm32f1xx_hal_msp.c_save
2025-05-24 20:07:56,293 [INFO] CodeEngine:279 - Generated code: /Users/mindhacker999/STM32CubeIDE/workspace_1.17.0/Sonya-Tech/Sonya Tech Tests/Core/Src/stm32f1xx_hal_msp.c
2025-05-24 20:07:56,296 [INFO] CodeEngine:255 - oldGeneratedFile, /Users/mindhacker999/STM32CubeIDE/workspace_1.17.0/Sonya-Tech/Sonya Tech Tests/MXTmpFiles/system.tmp_save
2025-05-24 20:07:56,349 [INFO] CodeEngine:279 - Generated code: /Users/mindhacker999/STM32CubeIDE/workspace_1.17.0/Sonya-Tech/Sonya Tech Tests/MXTmpFiles/system.tmp
2025-05-24 20:07:56,351 [INFO] CodeEngine:255 - oldGeneratedFile, /Users/mindhacker999/STM32CubeIDE/workspace_1.17.0/Sonya-Tech/Sonya Tech Tests/Core/Src/stm32f1xx_hal_timebase_tim.c_save
2025-05-24 20:07:56,405 [INFO] CodeEngine:279 - Generated code: /Users/mindhacker999/STM32CubeIDE/workspace_1.17.0/Sonya-Tech/Sonya Tech Tests/Core/Src/stm32f1xx_hal_timebase_tim.c
2025-05-24 20:07:56,412 [INFO] CodeEngine:311 - oldGeneratedFile, /Users/mindhacker999/STM32CubeIDE/workspace_1.17.0/Sonya-Tech/Sonya Tech Tests/Core/Inc/stm32f1xx_hal_conf.h_save
2025-05-24 20:07:56,470 [INFO] CodeEngine:335 - Generated code: /Users/mindhacker999/STM32CubeIDE/workspace_1.17.0/Sonya-Tech/Sonya Tech Tests/Core/Inc/stm32f1xx_hal_conf.h
2025-05-24 20:07:56,512 [WARN] IPConfigManager:3618 - IP not found : TIM
2025-05-24 20:07:56,512 [WARN] CodeGenerator:4152 - IP not found : null
2025-05-24 20:07:56,515 [INFO] CodeEngine:255 - oldGeneratedFile, /Users/mindhacker999/STM32CubeIDE/workspace_1.17.0/Sonya-Tech/Sonya Tech Tests/Core/Inc/main.h_save
2025-05-24 20:07:56,572 [INFO] CodeEngine:279 - Generated code: /Users/mindhacker999/STM32CubeIDE/workspace_1.17.0/Sonya-Tech/Sonya Tech Tests/Core/Inc/main.h
2025-05-24 20:07:56,574 [INFO] CodeEngine:255 - oldGeneratedFile, /Users/mindhacker999/STM32CubeIDE/workspace_1.17.0/Sonya-Tech/Sonya Tech Tests/Core/Src/main.c_save
2025-05-24 20:07:56,674 [INFO] CodeEngine:279 - Generated code: /Users/mindhacker999/STM32CubeIDE/workspace_1.17.0/Sonya-Tech/Sonya Tech Tests/Core/Src/main.c
2025-05-24 20:07:56,904 [INFO] ProjectBuilder:3289 - Time for Copy HAL[1] : 103mS.
2025-05-24 20:07:56,910 [INFO] ProjectBuilder:4876 - Project Generator version: 4.5.0-RC5
2025-05-24 20:07:56,982 [INFO] ConfigFileManager:1579 - The Die is : DIE412
2025-05-24 20:08:00,118 [INFO] ProjectBuilder:5154 - Time for Generating toolchain IDE Files: 3194mS.
2025-05-24 20:08:00,138 [INFO] ProjectBuilder:3146 - Time for Copy CMSIS : 2mS.
2025-05-24 20:08:00,146 [INFO] ProjectBuilder:3146 - Time for Copy CMSIS : 1mS.
2025-05-24 23:22:40,244 [INFO] MainUpdater:2872 - connection check result : 10
2025-05-24 23:22:40,246 [INFO] MainUpdater:2872 - connection check result : 10
2025-05-24 23:22:40,921 [INFO] MicroXplorer:468 - Change Database Path : 
2025-05-24 23:22:40,921 [INFO] MicroXplorer:498 - Change Database Version : DB.6.0.130
2025-05-24 23:22:40,980 [ERROR] ProjectManagerView:394 - 
java.lang.NullPointerException: Cannot invoke "javax.swing.JTextField.getText()" because the return value of "java.util.List.get(int)" is null
	at com.st.microxplorer.plugins.projectmanager.gui.ProjectChoiceTab$9.caretUpdate(ProjectChoiceTab.java:2616) ~[filemanager.jar:?]
	at javax.swing.text.JTextComponent.fireCaretUpdate(JTextComponent.java:408) ~[?:?]
	at javax.swing.text.JTextComponent$MutableCaretEvent.fire(JTextComponent.java:4484) ~[?:?]
	at javax.swing.text.JTextComponent$MutableCaretEvent.stateChanged(JTextComponent.java:4506) ~[?:?]
	at javax.swing.text.DefaultCaret.fireStateChanged(DefaultCaret.java:857) ~[?:?]
	at javax.swing.text.DefaultCaret.changeCaretPosition(DefaultCaret.java:1343) ~[?:?]
	at javax.swing.text.DefaultCaret.handleSetDot(DefaultCaret.java:1242) ~[?:?]
	at javax.swing.text.DefaultCaret.setDot(DefaultCaret.java:1223) ~[?:?]
	at javax.swing.text.DefaultCaret$Handler.insertUpdate(DefaultCaret.java:1819) ~[?:?]
	at javax.swing.text.AbstractDocument.fireInsertUpdate(AbstractDocument.java:227) ~[?:?]
	at javax.swing.text.AbstractDocument.handleInsertString(AbstractDocument.java:781) ~[?:?]
	at javax.swing.text.AbstractDocument.insertString(AbstractDocument.java:740) ~[?:?]
	at javax.swing.text.PlainDocument.insertString(PlainDocument.java:131) ~[?:?]
	at javax.swing.text.AbstractDocument.replace(AbstractDocument.java:699) ~[?:?]
	at javax.swing.text.JTextComponent.setText(JTextComponent.java:1725) ~[?:?]
	at com.st.microxplorer.plugins.projectmanager.gui.ProjectChoiceTab.createHeapStackFields(ProjectChoiceTab.java:975) ~[filemanager.jar:?]
	at com.st.microxplorer.plugins.projectmanager.gui.ProjectChoiceTab.buildLinkSettingsPanel(ProjectChoiceTab.java:3666) ~[filemanager.jar:?]
	at com.st.microxplorer.plugins.projectmanager.gui.ProjectChoiceTab.defineWindowsFields(ProjectChoiceTab.java:1934) ~[filemanager.jar:?]
	at com.st.microxplorer.plugins.projectmanager.gui.ProjectChoiceTab.updateSettings(ProjectChoiceTab.java:553) ~[filemanager.jar:?]
	at com.st.microxplorer.plugins.projectmanager.gui.ProjectSettingsPanel.UpdateDialog(ProjectSettingsPanel.java:245) ~[filemanager.jar:?]
	at com.st.microxplorer.plugins.projectmanager.ProjectManagerView.propertyChange(ProjectManagerView.java:391) ~[filemanager.jar:?]
	at java.beans.PropertyChangeSupport.fire(PropertyChangeSupport.java:343) ~[?:?]
	at java.beans.PropertyChangeSupport.firePropertyChange(PropertyChangeSupport.java:335) ~[?:?]
	at java.beans.PropertyChangeSupport.firePropertyChange(PropertyChangeSupport.java:268) ~[?:?]
	at com.st.microxplorer.util.MXPropertyChangeSupport.firePropertyChange(MXPropertyChangeSupport.java:54) ~[STM32CubeMX.jar:?]
	at com.st.microxplorer.mxsystem.MxSystem.closeConfig(MxSystem.java:899) ~[STM32CubeMX.jar:?]
	at com.st.microxplorer.maingui.MainPanel.closeConfig(MainPanel.java:789) ~[STM32CubeMX.jar:?]
	at com.st.microxplorer.plugins.filemanager.engine.OpenFileManager.loadConfigurationFile(OpenFileManager.java:265) ~[filemanager.jar:?]
	at com.st.microxplorer.plugins.filemanager.engine.MainFileManager.userLoadConfig(MainFileManager.java:340) ~[filemanager.jar:?]
	at com.st.microxplorer.plugins.filemanager.engine.MainFileManager.userLoadConfig(MainFileManager.java:318) ~[filemanager.jar:?]
	at com.st.microxplorer.plugins.filemanager.FileManagerView.getSpecificTask(FileManagerView.java:246) ~[filemanager.jar:?]
	at com.st.stm32cube.common.mx.editor.CubeMxEditor.getMxTabbedPaneInstance(CubeMxEditor.java:1198) ~[com.st.stm32cube.common.mx_6.13.0.202411220809/:?]
	at com.st.stm32cube.common.mx.editor.CubeMxEditor$12$1.createSwingComponent(CubeMxEditor.java:1068) ~[com.st.stm32cube.common.mx_6.13.0.202411220809/:?]
	at com.st.stm32cube.common.mx.oss.core.awtswtbridge.EmbeddedSwingComposite.doComponentCreation(EmbeddedSwingComposite.java:492) ~[com.st.stm32cube.common.mx.oss_6.13.0.202411220809/:?]
	at com.st.stm32cube.common.mx.oss.core.awtswtbridge.EmbeddedSwingComposite$4.run(EmbeddedSwingComposite.java:291) ~[com.st.stm32cube.common.mx.oss_6.13.0.202411220809/:?]
	at com.st.stm32cube.common.mx.oss.core.awtswtbridge.AwtEnvironment$2.run(AwtEnvironment.java:166) ~[com.st.stm32cube.common.mx.oss_6.13.0.202411220809/:?]
	at java.awt.event.InvocationEvent.dispatch(InvocationEvent.java:318) ~[?:?]
	at java.awt.EventQueue.dispatchEventImpl(EventQueue.java:773) ~[?:?]
	at java.awt.EventQueue$4.run(EventQueue.java:720) ~[?:?]
	at java.awt.EventQueue$4.run(EventQueue.java:714) ~[?:?]
	at java.security.AccessController.doPrivileged(AccessController.java:400) ~[?:?]
	at java.security.ProtectionDomain$JavaSecurityAccessImpl.doIntersectionPrivilege(ProtectionDomain.java:87) ~[?:?]
	at java.awt.EventQueue.dispatchEvent(EventQueue.java:742) ~[?:?]
	at java.awt.EventDispatchThread.pumpOneEventForFilters(EventDispatchThread.java:203) ~[?:?]
	at java.awt.EventDispatchThread.pumpEventsForFilter(EventDispatchThread.java:124) ~[?:?]
	at java.awt.EventDispatchThread.pumpEventsForHierarchy(EventDispatchThread.java:113) ~[?:?]
	at java.awt.EventDispatchThread.pumpEvents(EventDispatchThread.java:109) ~[?:?]
	at java.awt.EventDispatchThread.pumpEvents(EventDispatchThread.java:101) ~[?:?]
	at java.awt.EventDispatchThread.run(EventDispatchThread.java:90) ~[?:?]
2025-05-24 23:22:40,983 [WARN] ThirdParty:871 - waiting for thirdparty lock release [close project]
2025-05-24 23:22:40,983 [INFO] ThirdParty:873 - entering critical section [close project]
2025-05-24 23:22:40,983 [INFO] ThirdParty:883 - exiting critical section [close project]
2025-05-24 23:22:40,996 [INFO] PinOutPanel:1589 - setPackage(No Configuration,No Configuration)
2025-05-24 23:22:41,006 [INFO] UtilMem:75 - Begin LoadConfig() Used Memory: 906024784 Bytes (1073741824)
2025-05-24 23:22:41,008 [INFO] MicroXplorer:468 - Change Database Path : 
2025-05-24 23:22:41,009 [INFO] MicroXplorer:498 - Change Database Version : DB.6.0.130
2025-05-24 23:22:41,009 [INFO] OpenFileManager:332 - Change cursor
2025-05-24 23:22:41,155 [INFO] RulesReader:64 - Compatibility file has been processed (297 Rules)
2025-05-24 23:22:41,179 [INFO] Mcu:2035 - Initializing MCU STM32F411C(C-E)Ux STM32F411CEUx STM32F411CEU6
2025-05-24 23:22:42,995 [INFO] Context:748 - Trying to add GPIOservice into a context  which must be forbidden
2025-05-24 23:22:43,922 [INFO] RtosManager:555 - Registered RTOS mode: class=CMSIS, group=RTOS, mode=CMSIS_V1, owner=FREERTOS
2025-05-24 23:22:43,923 [INFO] RtosManager:555 - Registered RTOS mode: class=CMSIS, group=RTOS2, mode=CMSIS_V2, owner=FREERTOS
2025-05-24 23:22:43,923 [INFO] RtosManager:555 - Registered RTOS mode: class=RTOS, group=Core, mode=CMSIS_V1, owner=FREERTOS
2025-05-24 23:22:43,923 [INFO] RtosManager:555 - Registered RTOS mode: class=RTOS, group=Core, mode=CMSIS_V2, owner=FREERTOS
2025-05-24 23:22:43,924 [WARN] ModelIntegratedComponent:184 - Missing modes for component STMicroelectronics:FreeRTOS:0.0.1:STMicroelectronics:RTOS:FreeRTOS:Core:::10.2.0:
2025-05-24 23:22:43,935 [WARN] ModelIntegratedComponent:182 - Modes not found for component STMicroelectronics:USB_HOST:1.0.0:STMicroelectronics:USB::USB Host:Audio HS::1.0:USB_HOST_1_0_RESTRICTED_HS
2025-05-24 23:22:43,935 [WARN] ModelIntegratedComponent:188 - Modes not found for component STMicroelectronics:USB_HOST:1.0.0:STMicroelectronics:USB::USB Host:Audio HS::1.0:USB_HOST_1_0_RESTRICTED_HS
2025-05-24 23:22:43,935 [WARN] ModelIntegratedComponent:182 - Modes not found for component STMicroelectronics:USB_HOST:1.0.0:STMicroelectronics:USB::USB Host:CDC HS::1.0:USB_HOST_1_0_RESTRICTED_HS
2025-05-24 23:22:43,936 [WARN] ModelIntegratedComponent:188 - Modes not found for component STMicroelectronics:USB_HOST:1.0.0:STMicroelectronics:USB::USB Host:CDC HS::1.0:USB_HOST_1_0_RESTRICTED_HS
2025-05-24 23:22:43,936 [WARN] ModelIntegratedComponent:182 - Modes not found for component STMicroelectronics:USB_HOST:1.0.0:STMicroelectronics:USB::USB Host:MSC HS::1.0:USB_HOST_1_0_RESTRICTED_HS
2025-05-24 23:22:43,936 [WARN] ModelIntegratedComponent:188 - Modes not found for component STMicroelectronics:USB_HOST:1.0.0:STMicroelectronics:USB::USB Host:MSC HS::1.0:USB_HOST_1_0_RESTRICTED_HS
2025-05-24 23:22:43,936 [WARN] ModelIntegratedComponent:182 - Modes not found for component STMicroelectronics:USB_HOST:1.0.0:STMicroelectronics:USB::USB Host:HID HS::1.0:USB_HOST_1_0_RESTRICTED_HS
2025-05-24 23:22:43,936 [WARN] ModelIntegratedComponent:188 - Modes not found for component STMicroelectronics:USB_HOST:1.0.0:STMicroelectronics:USB::USB Host:HID HS::1.0:USB_HOST_1_0_RESTRICTED_HS
2025-05-24 23:22:43,936 [WARN] ModelIntegratedComponent:182 - Modes not found for component STMicroelectronics:USB_HOST:1.0.0:STMicroelectronics:USB::USB Host:MTP HS::1.0:USB_HOST_1_0_RESTRICTED_HS
2025-05-24 23:22:43,937 [WARN] ModelIntegratedComponent:188 - Modes not found for component STMicroelectronics:USB_HOST:1.0.0:STMicroelectronics:USB::USB Host:MTP HS::1.0:USB_HOST_1_0_RESTRICTED_HS
2025-05-24 23:22:43,949 [WARN] ModelIntegratedComponent:63 - No mode defined for component null
2025-05-24 23:22:43,950 [WARN] ModelIntegratedComponent:63 - No mode defined for component null
2025-05-24 23:22:43,950 [WARN] ModelIntegratedComponent:63 - No mode defined for component null
2025-05-24 23:22:43,950 [WARN] ModelIntegratedComponent:63 - No mode defined for component null
2025-05-24 23:22:43,950 [WARN] ModelIntegratedComponent:63 - No mode defined for component null
2025-05-24 23:22:43,951 [WARN] ModelIntegratedComponent:63 - No mode defined for component null
2025-05-24 23:22:43,951 [WARN] ModelIntegratedComponent:63 - No mode defined for component null
2025-05-24 23:22:43,951 [WARN] ModelIntegratedComponent:63 - No mode defined for component null
2025-05-24 23:22:43,951 [WARN] ModelIntegratedComponent:63 - No mode defined for component null
2025-05-24 23:22:43,951 [WARN] ModelIntegratedComponent:63 - No mode defined for component null
2025-05-24 23:22:43,951 [WARN] ModelIntegratedComponent:63 - No mode defined for component null
2025-05-24 23:22:43,952 [WARN] ModelIntegratedComponent:63 - No mode defined for component null
2025-05-24 23:22:43,953 [WARN] ModelIntegratedComponent:63 - No mode defined for component null
2025-05-24 23:22:43,953 [WARN] ModelIntegratedComponent:63 - No mode defined for component null
2025-05-24 23:22:43,953 [WARN] ModelIntegratedComponent:63 - No mode defined for component null
2025-05-24 23:22:43,953 [WARN] ModelIntegratedComponent:63 - No mode defined for component null
2025-05-24 23:22:43,953 [WARN] ModelIntegratedComponent:63 - No mode defined for component null
2025-05-24 23:22:43,954 [WARN] ModelIntegratedComponent:63 - No mode defined for component null
2025-05-24 23:22:43,954 [WARN] ModelIntegratedComponent:63 - No mode defined for component null
2025-05-24 23:22:43,954 [WARN] ModelIntegratedComponent:63 - No mode defined for component null
2025-05-24 23:22:43,955 [WARN] ModelIntegratedComponent:63 - No mode defined for component null
2025-05-24 23:22:43,955 [WARN] ModelIntegratedComponent:63 - No mode defined for component null
2025-05-24 23:22:43,955 [WARN] ModelIntegratedComponent:63 - No mode defined for component null
2025-05-24 23:22:43,956 [WARN] ModelIntegratedComponent:63 - No mode defined for component null
2025-05-24 23:22:43,956 [WARN] ModelIntegratedComponent:63 - No mode defined for component null
2025-05-24 23:22:43,956 [WARN] ModelIntegratedComponent:63 - No mode defined for component null
2025-05-24 23:22:43,956 [WARN] ModelIntegratedComponent:63 - No mode defined for component null
2025-05-24 23:22:43,956 [WARN] ModelIntegratedComponent:63 - No mode defined for component null
2025-05-24 23:22:43,956 [WARN] ModelIntegratedComponent:63 - No mode defined for component null
2025-05-24 23:22:43,956 [WARN] ModelIntegratedComponent:63 - No mode defined for component null
2025-05-24 23:22:43,956 [WARN] ModelIntegratedComponent:63 - No mode defined for component null
2025-05-24 23:22:43,956 [WARN] ModelIntegratedComponent:63 - No mode defined for component null
2025-05-24 23:22:43,956 [WARN] ModelIntegratedComponent:63 - No mode defined for component null
2025-05-24 23:22:43,956 [WARN] ModelIntegratedComponent:63 - No mode defined for component null
2025-05-24 23:22:43,956 [WARN] ModelIntegratedComponent:63 - No mode defined for component null
2025-05-24 23:22:43,957 [WARN] ModelPack:524 - Component already loaded: STMicroelectronics:HAL Drivers:0.0.0:STMicroelectronics:Device:STMicro_Driver:XSPI:HAL::0.0.1:HAL_XSPI
2025-05-24 23:22:44,170 [WARN] ModelIntegratedComponent:182 - Modes not found for component STMicroelectronics:USB_DEVICE:1.0.0:STMicroelectronics:USB::USB Device:Audio HS::1.0:USB_DEVICE_1_0_RESTRICTED_HS
2025-05-24 23:22:44,172 [WARN] ModelIntegratedComponent:188 - Modes not found for component STMicroelectronics:USB_DEVICE:1.0.0:STMicroelectronics:USB::USB Device:Audio HS::1.0:USB_DEVICE_1_0_RESTRICTED_HS
2025-05-24 23:22:44,173 [WARN] ModelIntegratedComponent:182 - Modes not found for component STMicroelectronics:USB_DEVICE:1.0.0:STMicroelectronics:USB::USB Device:CDC HS::1.0:USB_DEVICE_1_0_RESTRICTED_HS
2025-05-24 23:22:44,173 [WARN] ModelIntegratedComponent:188 - Modes not found for component STMicroelectronics:USB_DEVICE:1.0.0:STMicroelectronics:USB::USB Device:CDC HS::1.0:USB_DEVICE_1_0_RESTRICTED_HS
2025-05-24 23:22:44,173 [WARN] ModelIntegratedComponent:182 - Modes not found for component STMicroelectronics:USB_DEVICE:1.0.0:STMicroelectronics:USB::USB Device:DFU HS::1.0:USB_DEVICE_1_0_RESTRICTED_HS
2025-05-24 23:22:44,173 [WARN] ModelIntegratedComponent:188 - Modes not found for component STMicroelectronics:USB_DEVICE:1.0.0:STMicroelectronics:USB::USB Device:DFU HS::1.0:USB_DEVICE_1_0_RESTRICTED_HS
2025-05-24 23:22:44,173 [WARN] ModelIntegratedComponent:182 - Modes not found for component STMicroelectronics:USB_DEVICE:1.0.0:STMicroelectronics:USB::USB Device:HID HS::1.0:USB_DEVICE_1_0_RESTRICTED_HS
2025-05-24 23:22:44,173 [WARN] ModelIntegratedComponent:188 - Modes not found for component STMicroelectronics:USB_DEVICE:1.0.0:STMicroelectronics:USB::USB Device:HID HS::1.0:USB_DEVICE_1_0_RESTRICTED_HS
2025-05-24 23:22:44,173 [WARN] ModelIntegratedComponent:182 - Modes not found for component STMicroelectronics:USB_DEVICE:1.0.0:STMicroelectronics:USB::USB Device:Custom HID HS::1.0:USB_DEVICE_1_0_RESTRICTED_HS
2025-05-24 23:22:44,173 [WARN] ModelIntegratedComponent:188 - Modes not found for component STMicroelectronics:USB_DEVICE:1.0.0:STMicroelectronics:USB::USB Device:Custom HID HS::1.0:USB_DEVICE_1_0_RESTRICTED_HS
2025-05-24 23:22:44,173 [WARN] ModelIntegratedComponent:182 - Modes not found for component STMicroelectronics:USB_DEVICE:1.0.0:STMicroelectronics:USB::USB Device:MSC HS::1.0:USB_DEVICE_1_0_RESTRICTED_HS
2025-05-24 23:22:44,174 [WARN] ModelIntegratedComponent:188 - Modes not found for component STMicroelectronics:USB_DEVICE:1.0.0:STMicroelectronics:USB::USB Device:MSC HS::1.0:USB_DEVICE_1_0_RESTRICTED_HS
2025-05-24 23:22:44,203 [INFO] ThirdPartyModel:298 - Start build external matchings
2025-05-24 23:22:45,368 [INFO] ThirdPartyModel:316 - End build external matchings
2025-05-24 23:22:45,386 [INFO] RtosManager:922 - Current active RTOS is FREERTOS [Cortex-M4NS]
2025-05-24 23:22:45,403 [INFO] ImportTextPane:218 - (OptionalMessage_ERROR) IP (DMA) : Parameter (Instance) has Id (USART1_RX) currently not set
2025-05-24 23:22:45,404 [INFO] ImportTextPane:218 - (OptionalMessage_ERROR) IP (DMA) : Parameter (Channel) has Id (USART1_RX) currently not set
2025-05-24 23:22:45,404 [INFO] ImportTextPane:218 - (OptionalMessage_ERROR) IP (DMA) : Parameter (Direction) has Id (USART1_RX) currently not set
2025-05-24 23:22:45,404 [INFO] ImportTextPane:218 - (OptionalMessage_ERROR) IP (DMA) : Parameter (PeriphInc) has Id (USART1_RX) currently not set
2025-05-24 23:22:45,404 [INFO] ImportTextPane:218 - (OptionalMessage_ERROR) IP (DMA) : Parameter (MemInc) has Id (USART1_RX) currently not set
2025-05-24 23:22:45,405 [INFO] ImportTextPane:218 - (OptionalMessage_ERROR) IP (DMA) : Parameter (PeriphDataAlignment) has Id (USART1_RX) currently not set
2025-05-24 23:22:45,406 [INFO] ImportTextPane:218 - (OptionalMessage_ERROR) IP (DMA) : Parameter (MemDataAlignment) has Id (USART1_RX) currently not set
2025-05-24 23:22:45,406 [INFO] ImportTextPane:218 - (OptionalMessage_ERROR) IP (DMA) : Parameter (Mode) has Id (USART1_RX) currently not set
2025-05-24 23:22:45,406 [INFO] ImportTextPane:218 - (OptionalMessage_ERROR) IP (DMA) : Parameter (Priority) has Id (USART1_RX) currently not set
2025-05-24 23:22:45,406 [INFO] ImportTextPane:218 - (OptionalMessage_ERROR) IP (DMA) : Parameter (FIFOMode) has Id (USART1_RX) currently not set
2025-05-24 23:22:45,433 [INFO] ImportTextPane:218 - (OptionalMessage_ERROR) IP (RCC) : Parameter (48MHZClocksFreq_Value) has invalid value (50000000)
2025-05-24 23:22:45,443 [INFO] ImportTextPane:218 - (OptionalMessage_ERROR) IP (RCC) : Parameter (RTCHSEDivFreq_Value) has invalid value (12500000)
2025-05-24 23:22:45,698 [INFO] UtilMem:75 - End LoadConfig() Used Memory: 732172152 Bytes (1073741824)
2025-05-24 23:22:45,920 [WARN] ThirdParty:833 - waiting for thirdparty lock release [change project]
2025-05-24 23:22:45,923 [INFO] ThirdParty:835 - entering critical section [change project]
2025-05-24 23:22:45,924 [INFO] ThirdParty:1030 - CMSIS Pack Vendor :STMicroelectronics USBPD 4.1
2025-05-24 23:22:45,925 [INFO] ThirdParty:1030 - CMSIS Pack Vendor :STMicroelectronics X-CUBE-AZRTOS-H7 3.3.0
2025-05-24 23:22:45,925 [INFO] ThirdParty:1030 - CMSIS Pack Vendor :STMicroelectronics X-CUBE-NFC9 1.0.0
2025-05-24 23:22:45,926 [INFO] ThirdParty:1030 - CMSIS Pack Vendor :STMicroelectronics USB_HOST 2.0.0
2025-05-24 23:22:45,926 [INFO] ThirdParty:1030 - CMSIS Pack Vendor :STMicroelectronics FP-SNS-MOTENVWB1 1.4.0
2025-05-24 23:22:45,926 [INFO] ThirdParty:1030 - CMSIS Pack Vendor :STMicroelectronics X-CUBE-AZRTOS-F4 1.1.0
2025-05-24 23:22:45,926 [INFO] ThirdParty:1030 - CMSIS Pack Vendor :STMicroelectronics LIBJPEG 8.0.0
2025-05-24 23:22:45,926 [INFO] ThirdParty:1030 - CMSIS Pack Vendor :STMicroelectronics FP-ATR-ASTRA1 2.0.2
2025-05-24 23:22:45,926 [INFO] ThirdParty:1030 - CMSIS Pack Vendor :STMicroelectronics FP-ATR-ASTRA1 2.0.1
2025-05-24 23:22:45,926 [INFO] ThirdParty:1030 - CMSIS Pack Vendor :STMicroelectronics X-CUBE-BLE1 7.1.0
2025-05-24 23:22:45,926 [INFO] ThirdParty:1030 - CMSIS Pack Vendor :Avnet-IotConnect X-CUBE-IoTC-DA16k-PMOD 1.0.0
2025-05-24 23:22:45,926 [INFO] ThirdParty:1030 - CMSIS Pack Vendor :STMicroelectronics X-CUBE-SMBUS 2.1.0
2025-05-24 23:22:45,926 [INFO] ThirdParty:1030 - CMSIS Pack Vendor :STMicroelectronics X-CUBE-WB05N 1.1.0
2025-05-24 23:22:45,926 [INFO] ThirdParty:1030 - CMSIS Pack Vendor :STMicroelectronics USB_DEVICE 3.0.0
2025-05-24 23:22:45,926 [INFO] ThirdParty:1030 - CMSIS Pack Vendor :STMicroelectronics X-CUBE-ISPU 2.1.0
2025-05-24 23:22:45,926 [INFO] ThirdParty:1030 - CMSIS Pack Vendor :STMicroelectronics X-CUBE-AZRTOS-WB 2.0.0
2025-05-24 23:22:45,926 [INFO] ThirdParty:1030 - CMSIS Pack Vendor :STMicroelectronics X-CUBE-GNSS1 7.0.1
2025-05-24 23:22:45,926 [INFO] ThirdParty:1030 - CMSIS Pack Vendor :STMicroelectronics X-CUBE-AZRTOS-F7 1.1.0
2025-05-24 23:22:45,926 [INFO] ThirdParty:1030 - CMSIS Pack Vendor :STMicroelectronics X-CUBE-AZRTOS-L5 2.0.0
2025-05-24 23:22:45,927 [INFO] ThirdParty:1030 - CMSIS Pack Vendor :STMicroelectronics X-CUBE-TOUCHGFX 4.25.0
2025-05-24 23:22:45,928 [INFO] ThirdParty:1030 - CMSIS Pack Vendor :STMicroelectronics USB_DEVICE 2.0.0
2025-05-24 23:22:45,929 [INFO] ThirdParty:1030 - CMSIS Pack Vendor :STMicroelectronics X-CUBE-NFC6 3.1.0
2025-05-24 23:22:45,930 [INFO] ThirdParty:1030 - CMSIS Pack Vendor :STMicroelectronics FP-SNS-STBOX1 2.0.0
2025-05-24 23:22:45,931 [INFO] ThirdParty:1030 - CMSIS Pack Vendor :STMicroelectronics X-CUBE-MEMS1 11.2.0
2025-05-24 23:22:45,934 [INFO] ThirdParty:1030 - CMSIS Pack Vendor :STMicroelectronics FreeRTOS 0.0.1
2025-05-24 23:22:45,936 [INFO] ThirdParty:1030 - CMSIS Pack Vendor :STMicroelectronics X-CUBE-AZRTOS-G0 1.1.0
2025-05-24 23:22:45,937 [INFO] ThirdParty:1030 - CMSIS Pack Vendor :STMicroelectronics X-CUBE-SAFEA1 1.2.2
2025-05-24 23:22:45,938 [INFO] ThirdParty:1030 - CMSIS Pack Vendor :STMicroelectronics X-CUBE-NFC4 3.0.0
2025-05-24 23:22:45,939 [INFO] ThirdParty:1030 - CMSIS Pack Vendor :STMicroelectronics X-CUBE-DPower 1.2.0
2025-05-24 23:22:45,940 [INFO] ThirdParty:1030 - CMSIS Pack Vendor :STMicroelectronics X-CUBE-SUBG2 5.0.0
2025-05-24 23:22:45,940 [INFO] ThirdParty:1030 - CMSIS Pack Vendor :STMicroelectronics X-CUBE-AZRTOS-H7RS 1.1.0
2025-05-24 23:22:45,940 [INFO] ThirdParty:1030 - CMSIS Pack Vendor :STMicroelectronics STM32_WPAN 1.0.0
2025-05-24 23:22:45,940 [INFO] ThirdParty:1030 - CMSIS Pack Vendor :EmbeddedOffice I-CUBE-FS-RTOS 1.0.1
2025-05-24 23:22:45,941 [INFO] ThirdParty:1030 - CMSIS Pack Vendor :STMicroelectronics lwIP 2.0.3
2025-05-24 23:22:45,941 [INFO] ThirdParty:1030 - CMSIS Pack Vendor :STMicroelectronics FP-SNS-FLIGHT1 5.0.2
2025-05-24 23:22:45,941 [INFO] ThirdParty:1030 - CMSIS Pack Vendor :Cesanta I-CUBE-Mongoose 7.13.0
2025-05-24 23:22:45,941 [INFO] ThirdParty:1030 - CMSIS Pack Vendor :STMicroelectronics USB_HOST 1.0.0
2025-05-24 23:22:45,941 [INFO] ThirdParty:1030 - CMSIS Pack Vendor :Infineon AIROC-Wi-Fi-Bluetooth-STM32 1.7.0
2025-05-24 23:22:45,941 [INFO] ThirdParty:1030 - CMSIS Pack Vendor :STMicroelectronics X-CUBE-AZRTOS-G4 2.0.0
2025-05-24 23:22:45,941 [INFO] ThirdParty:1030 - CMSIS Pack Vendor :STMicroelectronics X-CUBE-WB05N 2.0.0
2025-05-24 23:22:45,941 [INFO] ThirdParty:1030 - CMSIS Pack Vendor :STMicroelectronics PDM2PCM 3.1.0
2025-05-24 23:22:45,941 [INFO] ThirdParty:1030 - CMSIS Pack Vendor :STMicroelectronics PDM2PCM 3.3.0
2025-05-24 23:22:45,941 [INFO] ThirdParty:1030 - CMSIS Pack Vendor :STMicroelectronics X-CUBE-DISPLAY 3.0.0
2025-05-24 23:22:45,941 [INFO] ThirdParty:1030 - CMSIS Pack Vendor :STMicroelectronics X-CUBE-NFC7 2.0.0
2025-05-24 23:22:45,941 [INFO] ThirdParty:1030 - CMSIS Pack Vendor :STMicroelectronics X-CUBE-TCPP 4.2.0
2025-05-24 23:22:45,941 [INFO] ThirdParty:1030 - CMSIS Pack Vendor :RealThread X-CUBE-RT-Thread_Nano 4.1.1
2025-05-24 23:22:45,941 [INFO] ThirdParty:1030 - CMSIS Pack Vendor :STMicroelectronics X-CUBE-BLE1 7.0.0
2025-05-24 23:22:45,941 [INFO] ThirdParty:1030 - CMSIS Pack Vendor :STMicroelectronics FP-ATR-SIGFOX1 3.2.0
2025-05-24 23:22:45,941 [INFO] ThirdParty:1030 - CMSIS Pack Vendor :STMicroelectronics X-CUBE-NFC10 1.0.0
2025-05-24 23:22:45,941 [INFO] ThirdParty:1030 - CMSIS Pack Vendor :quantropi X-CUBE-qispace-sdk-base 1.9.3
2025-05-24 23:22:45,941 [INFO] ThirdParty:1030 - CMSIS Pack Vendor :STMicroelectronics X-CUBE-BLEMGR 4.0.0
2025-05-24 23:22:45,941 [INFO] ThirdParty:1030 - CMSIS Pack Vendor :STMicroelectronics X-CUBE-EEPRMA1 5.1.0
2025-05-24 23:22:45,941 [INFO] ThirdParty:1030 - CMSIS Pack Vendor :STMicroelectronics X-CUBE-FREERTOS 1.3.1
2025-05-24 23:22:45,941 [INFO] ThirdParty:1030 - CMSIS Pack Vendor :STMicroelectronics HAL Drivers 0.0.0
2025-05-24 23:22:45,941 [INFO] ThirdParty:1030 - CMSIS Pack Vendor :STMicroelectronics MBEDTLS 2.16.2
2025-05-24 23:22:45,941 [INFO] ThirdParty:1030 - CMSIS Pack Vendor :STMicroelectronics X-CUBE-IPS 3.1.0
2025-05-24 23:22:45,941 [INFO] ThirdParty:1030 - CMSIS Pack Vendor :STMicroelectronics X-CUBE-ALS 1.0.2
2025-05-24 23:22:45,941 [INFO] ThirdParty:1030 - CMSIS Pack Vendor :emotas I-CUBE-CANOPEN 1.3.0
2025-05-24 23:22:45,941 [INFO] ThirdParty:1030 - CMSIS Pack Vendor :STMicroelectronics X-CUBE-FREERTOS 1.3.0
2025-05-24 23:22:45,941 [INFO] ThirdParty:1030 - CMSIS Pack Vendor :wolfSSL I-CUBE-wolfSSL 5.7.4
2025-05-24 23:22:45,941 [INFO] ThirdParty:1030 - CMSIS Pack Vendor :STMicroelectronics X-CUBE-NFC7 1.0.1
2025-05-24 23:22:45,941 [INFO] ThirdParty:1030 - CMSIS Pack Vendor :STMicroelectronics MBEDTLS 2.14.1
2025-05-24 23:22:45,941 [INFO] ThirdParty:1030 - CMSIS Pack Vendor :ITTIA_DB I-CUBE-ITTIADB 8.9.0
2025-05-24 23:22:45,941 [INFO] ThirdParty:1030 - CMSIS Pack Vendor :STMicroelectronics X-CUBE-TOUCHGFX 4.24.2
2025-05-24 23:22:45,941 [INFO] ThirdParty:1030 - CMSIS Pack Vendor :wolfSSL I-CUBE-wolfTPM 3.4.0
2025-05-24 23:22:45,941 [INFO] ThirdParty:1030 - CMSIS Pack Vendor :portGmbH I-Cube-SoM-uGOAL 1.1.0
2025-05-24 23:22:45,941 [INFO] ThirdParty:1030 - CMSIS Pack Vendor :STMicroelectronics X-CUBE-AI 10.0.0
2025-05-24 23:22:45,941 [INFO] ThirdParty:1030 - CMSIS Pack Vendor :STMicroelectronics ThreadX 1.0.0
2025-05-24 23:22:45,941 [INFO] ThirdParty:1030 - CMSIS Pack Vendor :STMicroelectronics FP-SNS-SMARTAG2 1.2.0
2025-05-24 23:22:45,941 [INFO] ThirdParty:1030 - CMSIS Pack Vendor :STMicroelectronics FP-SNS-FLIGHT1 5.1.0
2025-05-24 23:22:45,941 [INFO] ThirdParty:1030 - CMSIS Pack Vendor :STMicroelectronics X-CUBE-MEMS1 11.1.0
2025-05-24 23:22:45,941 [INFO] ThirdParty:1030 - CMSIS Pack Vendor :STMicroelectronics X-CUBE-AZRTOS-WL 2.0.0
2025-05-24 23:22:45,942 [INFO] ThirdParty:1030 - CMSIS Pack Vendor :SEGGER I-CUBE-embOS 1.3.1
2025-05-24 23:22:45,942 [INFO] ThirdParty:1030 - CMSIS Pack Vendor :STMicroelectronics X-CUBE-ALGOBUILD 1.4.0
2025-05-24 23:22:45,942 [INFO] ThirdParty:1030 - CMSIS Pack Vendor :STMicroelectronics X-CUBE-DPower 1.3.0
2025-05-24 23:22:45,942 [INFO] ThirdParty:1030 - CMSIS Pack Vendor :STMicroelectronics FP-SNS-MOTENV1 5.0.0
2025-05-24 23:22:45,942 [INFO] ThirdParty:1030 - CMSIS Pack Vendor :STMicroelectronics USB_DEVICE 1.0.0
2025-05-24 23:22:45,942 [INFO] ThirdParty:1030 - CMSIS Pack Vendor :STMicroelectronics X-CUBE-AZRTOS-H7RS 1.0.0
2025-05-24 23:22:45,942 [INFO] ThirdParty:1030 - CMSIS Pack Vendor :wolfSSL I-CUBE-wolfMQTT 1.19.0
2025-05-24 23:22:45,942 [INFO] ThirdParty:1030 - CMSIS Pack Vendor :STMicroelectronics X-CUBE-AZRTOS-L4 2.0.0
2025-05-24 23:22:45,942 [INFO] ThirdParty:1030 - CMSIS Pack Vendor :STMicroelectronics ThreadX 0.0.2
2025-05-24 23:22:45,942 [INFO] ThirdParty:1030 - CMSIS Pack Vendor :WES I-CUBE-Cesium 1.3.0
2025-05-24 23:22:45,942 [INFO] ThirdParty:1030 - CMSIS Pack Vendor :STMicroelectronics lwIP 2.1.2
2025-05-24 23:22:45,942 [INFO] ThirdParty:1030 - CMSIS Pack Vendor :STMicroelectronics X-CUBE-SFXS2LP1 4.0.0
2025-05-24 23:22:45,942 [INFO] ThirdParty:1030 - CMSIS Pack Vendor :STMicroelectronics X-CUBE-BLE2 3.3.0
2025-05-24 23:22:45,942 [INFO] ThirdParty:1030 - CMSIS Pack Vendor :STMicroelectronics X-CUBE-TOF1 3.4.2
2025-05-24 23:22:45,942 [INFO] ThirdParty:1030 - CMSIS Pack Vendor :STMicroelectronics X-CUBE-TOF1 3.4.3
2025-05-24 23:22:45,942 [INFO] ThirdParty:1030 - CMSIS Pack Vendor :STMicroelectronics X-CUBE-AI 9.1.0
2025-05-24 23:22:45,942 [INFO] ThirdParty:1030 - CMSIS Pack Vendor :STMicroelectronics PDM2PCM 3.2.0
2025-05-24 23:22:45,942 [INFO] ThirdParty:1030 - CMSIS Pack Vendor :wolfSSL I-CUBE-wolfSSH 1.4.17
2025-05-24 23:22:45,944 [INFO] ThirdParty:841 - exiting critical section [change project]
2025-05-24 23:22:46,502 [INFO] PinOutPanel:1589 - setPackage(No Configuration,No Configuration)
2025-05-24 23:22:46,506 [INFO] PinOutPanel:1589 - setPackage(STM32F411CEUx,UFQFPN48)
2025-05-24 23:22:47,638 [INFO] UtilMem:75 - Before build in PCC Used Memory: 807071080 Bytes (1073741824)
2025-05-24 23:22:48,429 [INFO] UtilMem:75 - After build in PCC Used Memory: 850589032 Bytes (1073741824)
2025-05-24 23:22:48,565 [INFO] ApiDbMcu:508 - Load IP Config File for FREERTOS
2025-05-24 23:22:48,640 [INFO] IPUIPlugin:80 - create IPUIPlugin
2025-05-24 23:22:48,642 [INFO] IPUIPlugin:80 - create IPUIPlugin
2025-05-24 23:22:48,642 [INFO] IPUIPlugin:80 - create IPUIPlugin
2025-05-24 23:22:48,643 [INFO] IPUIPlugin:80 - create IPUIPlugin
2025-05-24 23:22:48,644 [INFO] IPUIPlugin:80 - create IPUIPlugin
2025-05-24 23:22:48,645 [INFO] IPUIPlugin:80 - create IPUIPlugin
2025-05-24 23:22:48,645 [INFO] IPUIPlugin:80 - create IPUIPlugin
2025-05-24 23:22:48,645 [INFO] IPUIPlugin:80 - create IPUIPlugin
2025-05-24 23:22:48,645 [INFO] IPUIPlugin:80 - create IPUIPlugin
2025-05-24 23:22:48,645 [INFO] IPUIPlugin:80 - create IPUIPlugin
2025-05-24 23:22:48,645 [INFO] IPUIPlugin:80 - create IPUIPlugin
2025-05-24 23:22:48,645 [INFO] IPUIPlugin:80 - create IPUIPlugin
2025-05-24 23:22:48,645 [INFO] IPUIPlugin:80 - create IPUIPlugin
2025-05-24 23:22:48,646 [INFO] IPUIPlugin:80 - create IPUIPlugin
2025-05-24 23:22:48,646 [INFO] IPUIPlugin:80 - create IPUIPlugin
2025-05-24 23:22:48,646 [INFO] IPUIPlugin:80 - create IPUIPlugin
2025-05-24 23:22:48,646 [INFO] IPUIPlugin:80 - create IPUIPlugin
2025-05-24 23:22:48,646 [INFO] IPUIPlugin:80 - create IPUIPlugin
2025-05-24 23:22:48,646 [INFO] IPUIPlugin:80 - create IPUIPlugin
2025-05-24 23:22:48,646 [INFO] IPUIPlugin:80 - create IPUIPlugin
2025-05-24 23:22:48,646 [INFO] IPUIPlugin:80 - create IPUIPlugin
2025-05-24 23:22:48,646 [INFO] IPUIPlugin:80 - create IPUIPlugin
2025-05-24 23:22:48,647 [INFO] IPUIPlugin:80 - create IPUIPlugin
2025-05-24 23:22:48,647 [INFO] IPUIPlugin:80 - create IPUIPlugin
2025-05-24 23:22:48,647 [INFO] IPUIPlugin:80 - create IPUIPlugin
2025-05-24 23:22:48,647 [INFO] IPUIPlugin:80 - create IPUIPlugin
2025-05-24 23:22:48,647 [INFO] IPUIPlugin:80 - create IPUIPlugin
2025-05-24 23:22:48,647 [INFO] IPUIPlugin:80 - create IPUIPlugin
2025-05-24 23:22:48,647 [INFO] IPUIPlugin:80 - create IPUIPlugin
2025-05-24 23:22:48,648 [INFO] IPUIPlugin:80 - create IPUIPlugin
2025-05-24 23:22:48,648 [INFO] IPUIPlugin:80 - create IPUIPlugin
2025-05-24 23:22:48,648 [INFO] IPUIPlugin:80 - create IPUIPlugin
2025-05-24 23:22:48,648 [INFO] IPUIPlugin:80 - create IPUIPlugin
2025-05-24 23:22:48,648 [INFO] IPUIPlugin:80 - create IPUIPlugin
2025-05-24 23:22:48,648 [INFO] IPUIPlugin:80 - create IPUIPlugin
2025-05-24 23:22:48,648 [INFO] IPUIPlugin:80 - create IPUIPlugin
2025-05-24 23:22:48,648 [INFO] IPUIPlugin:80 - create IPUIPlugin
2025-05-24 23:22:48,648 [INFO] IPUIPlugin:80 - create IPUIPlugin
2025-05-24 23:22:48,648 [INFO] IPUIPlugin:80 - create IPUIPlugin
2025-05-24 23:22:48,649 [INFO] IPUIPlugin:80 - create IPUIPlugin
2025-05-24 23:22:48,649 [INFO] IPUIPlugin:80 - create IPUIPlugin
2025-05-24 23:22:48,649 [INFO] IPUIPlugin:80 - create IPUIPlugin
2025-05-24 23:22:48,649 [INFO] IPUIPlugin:80 - create IPUIPlugin
2025-05-24 23:22:48,664 [INFO] ApiDbMcu:508 - Load IP Config File for PDM2PCM
2025-05-24 23:22:48,684 [WARN] FreeRTOS:1023 - Null or empty value: should not occur! (nothing added to the table)
2025-05-24 23:22:48,815 [INFO] CADModel:165 - CPN selected for project levelSTM32F411CEU6
2025-05-24 23:22:48,816 [INFO] CADModel:114 - Register for checkConnection events
2025-05-24 23:22:48,821 [INFO] RtosManager:697 - Active RTOS found at IOC load: FREERTOS [Cortex-M4NS]
2025-05-24 23:22:48,881 [INFO] OpenFileManager:363 - Restore cursor
2025-05-24 23:35:41,225 [INFO] WebApp:190 - Connection lost
