2025-05-25 00:20:08,315 [INFO] WebApp:187 - Connection restablished
2025-05-25 14:03:00,685 [INFO] WebApp:190 - Connection lost
2025-05-25 14:04:53,881 [INFO] WebApp:187 - Connection restablished
2025-05-25 14:06:00,052 [INFO] WebApp:190 - Connection lost
2025-05-25 14:54:05,399 [INFO] WebApp:187 - Connection restablished
2025-05-25 14:58:07,637 [INFO] ParamManager:896 - [Generic UI] PropertyChangeEvent: TAB_STATUS_CHANGED , "dont care", "never mind"
2025-05-25 14:58:07,871 [INFO] ParamManager:896 - [Generic UI] PropertyChangeEvent: TAB_STATUS_CHANGED , "dont care", "never mind"
2025-05-25 14:58:11,002 [INFO] ParamManager:896 - [Generic UI] PropertyChangeEvent: TAB_STATUS_CHANGED , "dont care", "never mind"
2025-05-25 14:58:11,238 [INFO] ParamManager:896 - [Generic UI] PropertyChangeEvent: TAB_STATUS_CHANGED , "dont care", "never mind"
2025-05-25 14:58:16,846 [INFO] ParamManager:896 - [Generic UI] PropertyChangeEvent: TAB_STATUS_CHANGED , "dont care", "never mind"
2025-05-25 14:58:17,101 [INFO] ParamManager:896 - [Generic UI] PropertyChangeEvent: TAB_STATUS_CHANGED , "dont care", "never mind"
2025-05-25 15:01:10,934 [INFO] NvicIntPanel:101 - NVIC parent = com.st.microxplorer.plugins.ip.nvic.MultiNvicIntPanel[,0,0,0x0,invalid,layout=javax.swing.BoxLayout,alignmentX=0.0,alignmentY=0.0,border=,flags=9,maximumSize=,minimumSize=,preferredSize=]
2025-05-25 15:02:44,537 [INFO] NvicIntPanel:101 - NVIC parent = com.st.microxplorer.plugins.ip.nvic.MultiNvicIntPanel[,0,0,0x0,invalid,layout=javax.swing.BoxLayout,alignmentX=0.0,alignmentY=0.0,border=,flags=9,maximumSize=,minimumSize=,preferredSize=]
2025-05-25 15:02:47,951 [INFO] NvicIntPanel:101 - NVIC parent = com.st.microxplorer.plugins.ip.nvic.MultiNvicIntPanel[,0,0,0x0,invalid,layout=javax.swing.BoxLayout,alignmentX=0.0,alignmentY=0.0,border=,flags=9,maximumSize=,minimumSize=,preferredSize=]
2025-05-25 15:04:09,123 [INFO] UtilMem:75 - End SaveConfig() Used Memory: 797157816 Bytes (1073741824)
2025-05-25 15:04:11,560 [INFO] UtilMem:75 - End SaveConfig() Used Memory: 839245872 Bytes (1073741824)
2025-05-25 15:04:15,213 [INFO] UtilMem:75 - End SaveConfig() Used Memory: 975940024 Bytes (1073741824)
2025-05-25 15:04:16,616 [INFO] BlockDiagram:2766 - set Specific Code input for plugin: NVIC
2025-05-25 15:04:16,622 [INFO] BlockDiagram:2766 - set Specific Code input for plugin: FREERTOS
2025-05-25 15:04:16,625 [INFO] BlockDiagram:2766 - set Specific Code input for plugin: USART
2025-05-25 15:04:16,626 [INFO] BlockDiagram:2766 - set Specific Code input for plugin: DMA
2025-05-25 15:04:16,631 [INFO] BlockDiagram:2766 - set Specific Code input for plugin: TIM1_8
2025-05-25 15:04:16,631 [INFO] BlockDiagram:2766 - set Specific Code input for plugin: TIM1_8
2025-05-25 15:04:16,631 [INFO] BlockDiagram:2766 - set Specific Code input for plugin: TIM1_8
2025-05-25 15:04:16,631 [INFO] BlockDiagram:2766 - set Specific Code input for plugin: TIM1_8
2025-05-25 15:04:16,631 [INFO] BlockDiagram:2766 - set Specific Code input for plugin: TIM1_8
2025-05-25 15:04:16,631 [INFO] BlockDiagram:2766 - set Specific Code input for plugin: SYS
2025-05-25 15:04:16,633 [INFO] BlockDiagram:2766 - set Specific Code input for plugin: GPIO
2025-05-25 15:04:16,633 [INFO] BlockDiagram:2766 - set Specific Code input for plugin: RCC
2025-05-25 15:04:16,636 [INFO] CodeGenerator:896 - code generatio: config db path: /Applications/STM32CubeIDE.app/Contents/Eclipse/plugins/com.st.stm32cube.common.mx_6.13.0.202411220809//db/
2025-05-25 15:04:17,442 [INFO] CodeEngine:255 - oldGeneratedFile, /Users/mindhacker999/STM32CubeIDE/workspace_1.17.0/Sonya-Tech/Sonya Tech Main MCU/MXTmpFiles/license.tmp_save
2025-05-25 15:04:18,017 [INFO] CodeEngine:279 - Generated code: /Users/mindhacker999/STM32CubeIDE/workspace_1.17.0/Sonya-Tech/Sonya Tech Main MCU/MXTmpFiles/license.tmp
2025-05-25 15:04:18,258 [INFO] CodeEngine:255 - oldGeneratedFile, /Users/mindhacker999/STM32CubeIDE/workspace_1.17.0/Sonya-Tech/Sonya Tech Main MCU/MXTmpFiles/gpio.tmp_save
2025-05-25 15:04:18,459 [INFO] CodeEngine:279 - Generated code: /Users/mindhacker999/STM32CubeIDE/workspace_1.17.0/Sonya-Tech/Sonya Tech Main MCU/MXTmpFiles/gpio.tmp
2025-05-25 15:04:18,967 [INFO] Middleware:1450 - No code input for Bsp Dependency
2025-05-25 15:04:18,974 [INFO] CodeEngine:255 - oldGeneratedFile, /Users/mindhacker999/STM32CubeIDE/workspace_1.17.0/Sonya-Tech/Sonya Tech Main MCU/MXTmpFiles/rtos_inc.tmp_save
2025-05-25 15:04:19,064 [INFO] CodeEngine:279 - Generated code: /Users/mindhacker999/STM32CubeIDE/workspace_1.17.0/Sonya-Tech/Sonya Tech Main MCU/MXTmpFiles/rtos_inc.tmp
2025-05-25 15:04:19,068 [INFO] CodeEngine:255 - oldGeneratedFile, /Users/mindhacker999/STM32CubeIDE/workspace_1.17.0/Sonya-Tech/Sonya Tech Main MCU/MXTmpFiles/rtos_vars.tmp_save
2025-05-25 15:04:19,143 [INFO] CodeEngine:279 - Generated code: /Users/mindhacker999/STM32CubeIDE/workspace_1.17.0/Sonya-Tech/Sonya Tech Main MCU/MXTmpFiles/rtos_vars.tmp
2025-05-25 15:04:19,146 [INFO] CodeEngine:255 - oldGeneratedFile, /Users/mindhacker999/STM32CubeIDE/workspace_1.17.0/Sonya-Tech/Sonya Tech Main MCU/MXTmpFiles/rtos_pfp.tmp_save
2025-05-25 15:04:19,228 [INFO] CodeEngine:279 - Generated code: /Users/mindhacker999/STM32CubeIDE/workspace_1.17.0/Sonya-Tech/Sonya Tech Main MCU/MXTmpFiles/rtos_pfp.tmp
2025-05-25 15:04:19,230 [INFO] CodeEngine:255 - oldGeneratedFile, /Users/mindhacker999/STM32CubeIDE/workspace_1.17.0/Sonya-Tech/Sonya Tech Main MCU/MXTmpFiles/rtos_obj_creat.tmp_save
2025-05-25 15:04:19,316 [INFO] CodeEngine:279 - Generated code: /Users/mindhacker999/STM32CubeIDE/workspace_1.17.0/Sonya-Tech/Sonya Tech Main MCU/MXTmpFiles/rtos_obj_creat.tmp
2025-05-25 15:04:19,318 [INFO] CodeEngine:255 - oldGeneratedFile, /Users/mindhacker999/STM32CubeIDE/workspace_1.17.0/Sonya-Tech/Sonya Tech Main MCU/MXTmpFiles/rtos_kernelStart.tmp_save
2025-05-25 15:04:19,375 [INFO] CodeEngine:279 - Generated code: /Users/mindhacker999/STM32CubeIDE/workspace_1.17.0/Sonya-Tech/Sonya Tech Main MCU/MXTmpFiles/rtos_kernelStart.tmp
2025-05-25 15:04:19,377 [INFO] CodeEngine:255 - oldGeneratedFile, /Users/mindhacker999/STM32CubeIDE/workspace_1.17.0/Sonya-Tech/Sonya Tech Main MCU/MXTmpFiles/rtos_default_thread.tmp_save
2025-05-25 15:04:19,445 [INFO] CodeEngine:279 - Generated code: /Users/mindhacker999/STM32CubeIDE/workspace_1.17.0/Sonya-Tech/Sonya Tech Main MCU/MXTmpFiles/rtos_default_thread.tmp
2025-05-25 15:04:19,448 [INFO] CodeEngine:255 - oldGeneratedFile, /Users/mindhacker999/STM32CubeIDE/workspace_1.17.0/Sonya-Tech/Sonya Tech Main MCU/MXTmpFiles/rtos_threads.tmp_save
2025-05-25 15:04:19,504 [INFO] CodeEngine:279 - Generated code: /Users/mindhacker999/STM32CubeIDE/workspace_1.17.0/Sonya-Tech/Sonya Tech Main MCU/MXTmpFiles/rtos_threads.tmp
2025-05-25 15:04:19,526 [INFO] Middleware:1450 - No code input for Bsp Dependency
2025-05-25 15:04:19,531 [INFO] CodeEngine:255 - oldGeneratedFile, /Users/mindhacker999/STM32CubeIDE/workspace_1.17.0/Sonya-Tech/Sonya Tech Main MCU/MXTmpFiles/rtos_inc.tmp_save
2025-05-25 15:04:19,589 [INFO] CodeEngine:279 - Generated code: /Users/mindhacker999/STM32CubeIDE/workspace_1.17.0/Sonya-Tech/Sonya Tech Main MCU/MXTmpFiles/rtos_inc.tmp
2025-05-25 15:04:19,594 [INFO] CodeEngine:255 - oldGeneratedFile, /Users/mindhacker999/STM32CubeIDE/workspace_1.17.0/Sonya-Tech/Sonya Tech Main MCU/MXTmpFiles/rtos_vars.tmp_save
2025-05-25 15:04:19,673 [INFO] CodeEngine:279 - Generated code: /Users/mindhacker999/STM32CubeIDE/workspace_1.17.0/Sonya-Tech/Sonya Tech Main MCU/MXTmpFiles/rtos_vars.tmp
2025-05-25 15:04:19,678 [INFO] CodeEngine:255 - oldGeneratedFile, /Users/mindhacker999/STM32CubeIDE/workspace_1.17.0/Sonya-Tech/Sonya Tech Main MCU/MXTmpFiles/rtos_pfp.tmp_save
2025-05-25 15:04:19,735 [INFO] CodeEngine:279 - Generated code: /Users/mindhacker999/STM32CubeIDE/workspace_1.17.0/Sonya-Tech/Sonya Tech Main MCU/MXTmpFiles/rtos_pfp.tmp
2025-05-25 15:04:19,738 [INFO] CodeEngine:255 - oldGeneratedFile, /Users/mindhacker999/STM32CubeIDE/workspace_1.17.0/Sonya-Tech/Sonya Tech Main MCU/MXTmpFiles/rtos_obj_creat.tmp_save
2025-05-25 15:04:19,841 [INFO] CodeEngine:279 - Generated code: /Users/mindhacker999/STM32CubeIDE/workspace_1.17.0/Sonya-Tech/Sonya Tech Main MCU/MXTmpFiles/rtos_obj_creat.tmp
2025-05-25 15:04:19,846 [INFO] CodeEngine:255 - oldGeneratedFile, /Users/mindhacker999/STM32CubeIDE/workspace_1.17.0/Sonya-Tech/Sonya Tech Main MCU/MXTmpFiles/rtos_kernelStart.tmp_save
2025-05-25 15:04:20,053 [INFO] CodeEngine:279 - Generated code: /Users/mindhacker999/STM32CubeIDE/workspace_1.17.0/Sonya-Tech/Sonya Tech Main MCU/MXTmpFiles/rtos_kernelStart.tmp
2025-05-25 15:04:20,055 [INFO] CodeEngine:255 - oldGeneratedFile, /Users/mindhacker999/STM32CubeIDE/workspace_1.17.0/Sonya-Tech/Sonya Tech Main MCU/MXTmpFiles/rtos_default_thread.tmp_save
2025-05-25 15:04:20,148 [INFO] CodeEngine:279 - Generated code: /Users/mindhacker999/STM32CubeIDE/workspace_1.17.0/Sonya-Tech/Sonya Tech Main MCU/MXTmpFiles/rtos_default_thread.tmp
2025-05-25 15:04:20,150 [INFO] CodeEngine:255 - oldGeneratedFile, /Users/mindhacker999/STM32CubeIDE/workspace_1.17.0/Sonya-Tech/Sonya Tech Main MCU/MXTmpFiles/rtos_threads.tmp_save
2025-05-25 15:04:20,212 [INFO] CodeEngine:279 - Generated code: /Users/mindhacker999/STM32CubeIDE/workspace_1.17.0/Sonya-Tech/Sonya Tech Main MCU/MXTmpFiles/rtos_threads.tmp
2025-05-25 15:04:20,219 [INFO] CodeEngine:255 - oldGeneratedFile, /Users/mindhacker999/STM32CubeIDE/workspace_1.17.0/Sonya-Tech/Sonya Tech Main MCU/Core/Inc/FreeRTOSConfig.h_save
2025-05-25 15:04:20,310 [INFO] CodeEngine:279 - Generated code: /Users/mindhacker999/STM32CubeIDE/workspace_1.17.0/Sonya-Tech/Sonya Tech Main MCU/Core/Inc/FreeRTOSConfig.h
2025-05-25 15:04:20,321 [INFO] CodeEngine:255 - oldGeneratedFile, /Users/mindhacker999/STM32CubeIDE/workspace_1.17.0/Sonya-Tech/Sonya Tech Main MCU/Core/Src/freertos.c_save
2025-05-25 15:04:20,385 [INFO] CodeEngine:279 - Generated code: /Users/mindhacker999/STM32CubeIDE/workspace_1.17.0/Sonya-Tech/Sonya Tech Main MCU/Core/Src/freertos.c
2025-05-25 15:04:20,409 [INFO] CodeEngine:255 - oldGeneratedFile, /Users/mindhacker999/STM32CubeIDE/workspace_1.17.0/Sonya-Tech/Sonya Tech Main MCU/MXTmpFiles/dma.tmp_save
2025-05-25 15:04:20,472 [INFO] CodeEngine:279 - Generated code: /Users/mindhacker999/STM32CubeIDE/workspace_1.17.0/Sonya-Tech/Sonya Tech Main MCU/MXTmpFiles/dma.tmp
2025-05-25 15:04:20,474 [INFO] CodeEngine:255 - oldGeneratedFile, /Users/mindhacker999/STM32CubeIDE/workspace_1.17.0/Sonya-Tech/Sonya Tech Main MCU/MXTmpFiles/dma_GV.tmp_save
2025-05-25 15:04:20,523 [INFO] CodeEngine:279 - Generated code: /Users/mindhacker999/STM32CubeIDE/workspace_1.17.0/Sonya-Tech/Sonya Tech Main MCU/MXTmpFiles/dma_GV.tmp
2025-05-25 15:04:20,537 [INFO] CodeEngine:255 - oldGeneratedFile, /Users/mindhacker999/STM32CubeIDE/workspace_1.17.0/Sonya-Tech/Sonya Tech Main MCU/Core/Src/stm32f4xx_it.c_save
2025-05-25 15:04:20,765 [INFO] CodeEngine:279 - Generated code: /Users/mindhacker999/STM32CubeIDE/workspace_1.17.0/Sonya-Tech/Sonya Tech Main MCU/Core/Src/stm32f4xx_it.c
2025-05-25 15:04:20,769 [INFO] CodeEngine:255 - oldGeneratedFile, /Users/mindhacker999/STM32CubeIDE/workspace_1.17.0/Sonya-Tech/Sonya Tech Main MCU/Core/Inc/stm32f4xx_it.h_save
2025-05-25 15:04:20,847 [INFO] CodeEngine:279 - Generated code: /Users/mindhacker999/STM32CubeIDE/workspace_1.17.0/Sonya-Tech/Sonya Tech Main MCU/Core/Inc/stm32f4xx_it.h
2025-05-25 15:04:20,866 [INFO] CodeEngine:255 - oldGeneratedFile, /Users/mindhacker999/STM32CubeIDE/workspace_1.17.0/Sonya-Tech/Sonya Tech Main MCU/Core/Src/stm32f4xx_hal_msp.c_save
2025-05-25 15:04:21,076 [INFO] CodeEngine:279 - Generated code: /Users/mindhacker999/STM32CubeIDE/workspace_1.17.0/Sonya-Tech/Sonya Tech Main MCU/Core/Src/stm32f4xx_hal_msp.c
2025-05-25 15:04:21,081 [INFO] CodeEngine:255 - oldGeneratedFile, /Users/mindhacker999/STM32CubeIDE/workspace_1.17.0/Sonya-Tech/Sonya Tech Main MCU/MXTmpFiles/system.tmp_save
2025-05-25 15:04:21,146 [INFO] CodeEngine:279 - Generated code: /Users/mindhacker999/STM32CubeIDE/workspace_1.17.0/Sonya-Tech/Sonya Tech Main MCU/MXTmpFiles/system.tmp
2025-05-25 15:04:21,148 [INFO] CodeEngine:255 - oldGeneratedFile, /Users/mindhacker999/STM32CubeIDE/workspace_1.17.0/Sonya-Tech/Sonya Tech Main MCU/Core/Src/stm32f4xx_hal_timebase_tim.c_save
2025-05-25 15:04:21,228 [INFO] CodeEngine:279 - Generated code: /Users/mindhacker999/STM32CubeIDE/workspace_1.17.0/Sonya-Tech/Sonya Tech Main MCU/Core/Src/stm32f4xx_hal_timebase_tim.c
2025-05-25 15:04:21,238 [INFO] CodeEngine:311 - oldGeneratedFile, /Users/mindhacker999/STM32CubeIDE/workspace_1.17.0/Sonya-Tech/Sonya Tech Main MCU/Core/Inc/stm32f4xx_hal_conf.h_save
2025-05-25 15:04:21,311 [INFO] CodeEngine:335 - Generated code: /Users/mindhacker999/STM32CubeIDE/workspace_1.17.0/Sonya-Tech/Sonya Tech Main MCU/Core/Inc/stm32f4xx_hal_conf.h
2025-05-25 15:04:21,453 [INFO] ApiDbMcu:508 - Load IP Config File for TIM1
2025-05-25 15:04:21,461 [INFO] ApiDbMcu:508 - Load IP Config File for TIM2
2025-05-25 15:04:21,470 [INFO] ApiDbMcu:508 - Load IP Config File for TIM3
2025-05-25 15:04:21,483 [INFO] ApiDbMcu:508 - Load IP Config File for TIM4
2025-05-25 15:04:21,492 [INFO] ApiDbMcu:508 - Load IP Config File for TIM5
2025-05-25 15:04:21,497 [INFO] ApiDbMcu:508 - Load IP Config File for USART1
2025-05-25 15:04:21,503 [INFO] ApiDbMcu:508 - Load IP Config File for RCC
2025-05-25 15:04:21,508 [WARN] IPConfigManager:3618 - IP not found : TIM
2025-05-25 15:04:21,509 [WARN] CodeGenerator:4152 - IP not found : null
2025-05-25 15:04:21,515 [INFO] CodeEngine:255 - oldGeneratedFile, /Users/mindhacker999/STM32CubeIDE/workspace_1.17.0/Sonya-Tech/Sonya Tech Main MCU/Core/Inc/main.h_save
2025-05-25 15:04:21,623 [INFO] CodeEngine:279 - Generated code: /Users/mindhacker999/STM32CubeIDE/workspace_1.17.0/Sonya-Tech/Sonya Tech Main MCU/Core/Inc/main.h
2025-05-25 15:04:21,627 [INFO] CodeEngine:255 - oldGeneratedFile, /Users/mindhacker999/STM32CubeIDE/workspace_1.17.0/Sonya-Tech/Sonya Tech Main MCU/Core/Src/main.c_save
2025-05-25 15:04:21,793 [INFO] CodeEngine:279 - Generated code: /Users/mindhacker999/STM32CubeIDE/workspace_1.17.0/Sonya-Tech/Sonya Tech Main MCU/Core/Src/main.c
2025-05-25 15:04:22,621 [INFO] ProjectBuilder:3289 - Time for Copy HAL[1] : 154mS.
2025-05-25 15:04:22,650 [INFO] ProjectBuilder:4876 - Project Generator version: 4.5.0-RC5
2025-05-25 15:04:22,926 [INFO] ConfigFileManager:1579 - The Die is : DIE431
2025-05-25 15:04:22,960 [INFO] ApiDbMcu:508 - Load IP Config File for FATFS
2025-05-25 15:04:22,966 [INFO] ApiDbMcu:508 - Load IP Config File for LIBJPEG
2025-05-25 15:04:22,989 [INFO] ApiDbMcu:508 - Load IP Config File for MBEDTLS
2025-05-25 15:04:23,021 [INFO] ApiDbMcu:508 - Load IP Config File for USB_DEVICE
2025-05-25 15:04:23,032 [INFO] ApiDbMcu:508 - Load IP Config File for USB_HOST
2025-05-25 15:04:26,795 [INFO] ProjectBuilder:5154 - Time for Generating toolchain IDE Files: 4143mS.
2025-05-25 15:04:26,817 [INFO] ProjectBuilder:3146 - Time for Copy CMSIS : 1mS.
2025-05-25 15:04:26,829 [INFO] ProjectBuilder:3146 - Time for Copy CMSIS : 1mS.
2025-05-25 15:37:45,695 [INFO] UtilMem:75 - End SaveConfig() Used Memory: 755332632 Bytes (1073741824)
2025-05-25 15:37:47,121 [INFO] UtilMem:75 - End SaveConfig() Used Memory: 776702848 Bytes (1073741824)
2025-05-25 15:37:49,141 [INFO] UtilMem:75 - End SaveConfig() Used Memory: 895716240 Bytes (1073741824)
2025-05-25 15:37:49,394 [INFO] BlockDiagram:2766 - set Specific Code input for plugin: NVIC
2025-05-25 15:37:49,394 [INFO] BlockDiagram:2766 - set Specific Code input for plugin: FREERTOS
2025-05-25 15:37:49,395 [INFO] BlockDiagram:2766 - set Specific Code input for plugin: USART
2025-05-25 15:37:49,395 [INFO] BlockDiagram:2766 - set Specific Code input for plugin: DMA
2025-05-25 15:37:49,395 [INFO] BlockDiagram:2766 - set Specific Code input for plugin: TIM1_8
2025-05-25 15:37:49,395 [INFO] BlockDiagram:2766 - set Specific Code input for plugin: TIM1_8
2025-05-25 15:37:49,395 [INFO] BlockDiagram:2766 - set Specific Code input for plugin: TIM1_8
2025-05-25 15:37:49,395 [INFO] BlockDiagram:2766 - set Specific Code input for plugin: TIM1_8
2025-05-25 15:37:49,395 [INFO] BlockDiagram:2766 - set Specific Code input for plugin: TIM1_8
2025-05-25 15:37:49,395 [INFO] BlockDiagram:2766 - set Specific Code input for plugin: SYS
2025-05-25 15:37:49,396 [INFO] BlockDiagram:2766 - set Specific Code input for plugin: GPIO
2025-05-25 15:37:49,396 [INFO] BlockDiagram:2766 - set Specific Code input for plugin: RCC
2025-05-25 15:37:49,398 [INFO] CodeGenerator:896 - code generatio: config db path: /Applications/STM32CubeIDE.app/Contents/Eclipse/plugins/com.st.stm32cube.common.mx_6.13.0.202411220809//db/
2025-05-25 15:37:49,474 [INFO] Argument:325 - Argument : hdmavalue: null
2025-05-25 15:37:49,480 [INFO] Argument:327 - 	 sub Args: 
2025-05-25 15:37:49,482 [INFO] Argument:325 - Argument : Instancevalue: DMA2_Stream2
2025-05-25 15:37:49,483 [INFO] Argument:335 - Argument : Instancevalue: DMA2_Stream2
2025-05-25 15:37:49,484 [INFO] Argument:325 - Argument : Initvalue: null
2025-05-25 15:37:49,484 [INFO] Argument:327 - 	 sub Args: 
2025-05-25 15:37:49,484 [INFO] Argument:325 - Argument : Channelvalue: DMA_CHANNEL_4
2025-05-25 15:37:49,484 [INFO] Argument:335 - Argument : Channelvalue: DMA_CHANNEL_4
2025-05-25 15:37:49,484 [INFO] Argument:325 - Argument : Directionvalue: DMA_PERIPH_TO_MEMORY
2025-05-25 15:37:49,484 [INFO] Argument:335 - Argument : Directionvalue: DMA_PERIPH_TO_MEMORY
2025-05-25 15:37:49,484 [INFO] Argument:325 - Argument : PeriphIncvalue: DMA_PINC_DISABLE
2025-05-25 15:37:49,484 [INFO] Argument:335 - Argument : PeriphIncvalue: DMA_PINC_DISABLE
2025-05-25 15:37:49,484 [INFO] Argument:325 - Argument : MemIncvalue: DMA_MINC_ENABLE
2025-05-25 15:37:49,484 [INFO] Argument:335 - Argument : MemIncvalue: DMA_MINC_ENABLE
2025-05-25 15:37:49,484 [INFO] Argument:325 - Argument : PeriphDataAlignmentvalue: DMA_PDATAALIGN_BYTE
2025-05-25 15:37:49,484 [INFO] Argument:335 - Argument : PeriphDataAlignmentvalue: DMA_PDATAALIGN_BYTE
2025-05-25 15:37:49,484 [INFO] Argument:325 - Argument : MemDataAlignmentvalue: DMA_MDATAALIGN_BYTE
2025-05-25 15:37:49,484 [INFO] Argument:335 - Argument : MemDataAlignmentvalue: DMA_MDATAALIGN_BYTE
2025-05-25 15:37:49,484 [INFO] Argument:325 - Argument : Modevalue: DMA_NORMAL
2025-05-25 15:37:49,484 [INFO] Argument:335 - Argument : Modevalue: DMA_NORMAL
2025-05-25 15:37:49,484 [INFO] Argument:325 - Argument : Priorityvalue: DMA_PRIORITY_LOW
2025-05-25 15:37:49,484 [INFO] Argument:335 - Argument : Priorityvalue: DMA_PRIORITY_LOW
2025-05-25 15:37:49,484 [INFO] Argument:325 - Argument : FIFOModevalue: DMA_FIFOMODE_DISABLE
2025-05-25 15:37:49,484 [INFO] Argument:335 - Argument : FIFOModevalue: DMA_FIFOMODE_DISABLE
2025-05-25 15:37:49,484 [INFO] Argument:325 - Argument : FIFOThresholdvalue: null
2025-05-25 15:37:49,484 [INFO] Argument:335 - Argument : FIFOThresholdvalue: null
2025-05-25 15:37:49,485 [INFO] Argument:325 - Argument : MemBurstvalue: null
2025-05-25 15:37:49,485 [INFO] Argument:335 - Argument : MemBurstvalue: null
2025-05-25 15:37:49,485 [INFO] Argument:325 - Argument : PeriphBurstvalue: null
2025-05-25 15:37:49,486 [INFO] Argument:335 - Argument : PeriphBurstvalue: null
2025-05-25 15:37:49,486 [INFO] Argument:325 - Argument : Lockvalue: null
2025-05-25 15:37:49,486 [INFO] Argument:335 - Argument : Lockvalue: null
2025-05-25 15:37:49,486 [INFO] Argument:325 - Argument : Statevalue: null
2025-05-25 15:37:49,486 [INFO] Argument:335 - Argument : Statevalue: null
2025-05-25 15:37:49,486 [INFO] Argument:325 - Argument : Parentvalue: null
2025-05-25 15:37:49,486 [INFO] Argument:335 - Argument : Parentvalue: null
2025-05-25 15:37:49,486 [INFO] Argument:325 - Argument : XferCpltCallbackvalue: null
2025-05-25 15:37:49,486 [INFO] Argument:335 - Argument : XferCpltCallbackvalue: null
2025-05-25 15:37:49,486 [INFO] Argument:325 - Argument : XferHalfCpltCallbackvalue: null
2025-05-25 15:37:49,486 [INFO] Argument:335 - Argument : XferHalfCpltCallbackvalue: null
2025-05-25 15:37:49,486 [INFO] Argument:325 - Argument : XferM1CpltCallbackvalue: null
2025-05-25 15:37:49,486 [INFO] Argument:335 - Argument : XferM1CpltCallbackvalue: null
2025-05-25 15:37:49,486 [INFO] Argument:325 - Argument : XferErrorCallbackvalue: null
2025-05-25 15:37:49,486 [INFO] Argument:335 - Argument : XferErrorCallbackvalue: null
2025-05-25 15:37:49,486 [INFO] Argument:325 - Argument : ErrorCodevalue: null
2025-05-25 15:37:49,486 [INFO] Argument:335 - Argument : ErrorCodevalue: null
2025-05-25 15:37:49,577 [INFO] CodeEngine:255 - oldGeneratedFile, /Users/mindhacker999/STM32CubeIDE/workspace_1.17.0/Sonya-Tech/Sonya Tech Main MCU/MXTmpFiles/license.tmp_save
2025-05-25 15:37:49,836 [INFO] CodeEngine:279 - Generated code: /Users/mindhacker999/STM32CubeIDE/workspace_1.17.0/Sonya-Tech/Sonya Tech Main MCU/MXTmpFiles/license.tmp
2025-05-25 15:37:49,938 [INFO] CodeEngine:255 - oldGeneratedFile, /Users/mindhacker999/STM32CubeIDE/workspace_1.17.0/Sonya-Tech/Sonya Tech Main MCU/MXTmpFiles/gpio.tmp_save
2025-05-25 15:37:50,055 [INFO] CodeEngine:279 - Generated code: /Users/mindhacker999/STM32CubeIDE/workspace_1.17.0/Sonya-Tech/Sonya Tech Main MCU/MXTmpFiles/gpio.tmp
2025-05-25 15:37:50,382 [INFO] Middleware:1450 - No code input for Bsp Dependency
2025-05-25 15:37:50,387 [INFO] CodeEngine:255 - oldGeneratedFile, /Users/mindhacker999/STM32CubeIDE/workspace_1.17.0/Sonya-Tech/Sonya Tech Main MCU/MXTmpFiles/rtos_inc.tmp_save
2025-05-25 15:37:50,439 [INFO] CodeEngine:279 - Generated code: /Users/mindhacker999/STM32CubeIDE/workspace_1.17.0/Sonya-Tech/Sonya Tech Main MCU/MXTmpFiles/rtos_inc.tmp
2025-05-25 15:37:50,444 [INFO] CodeEngine:255 - oldGeneratedFile, /Users/mindhacker999/STM32CubeIDE/workspace_1.17.0/Sonya-Tech/Sonya Tech Main MCU/MXTmpFiles/rtos_vars.tmp_save
2025-05-25 15:37:50,501 [INFO] CodeEngine:279 - Generated code: /Users/mindhacker999/STM32CubeIDE/workspace_1.17.0/Sonya-Tech/Sonya Tech Main MCU/MXTmpFiles/rtos_vars.tmp
2025-05-25 15:37:50,503 [INFO] CodeEngine:255 - oldGeneratedFile, /Users/mindhacker999/STM32CubeIDE/workspace_1.17.0/Sonya-Tech/Sonya Tech Main MCU/MXTmpFiles/rtos_pfp.tmp_save
2025-05-25 15:37:50,554 [INFO] CodeEngine:279 - Generated code: /Users/mindhacker999/STM32CubeIDE/workspace_1.17.0/Sonya-Tech/Sonya Tech Main MCU/MXTmpFiles/rtos_pfp.tmp
2025-05-25 15:37:50,557 [INFO] CodeEngine:255 - oldGeneratedFile, /Users/mindhacker999/STM32CubeIDE/workspace_1.17.0/Sonya-Tech/Sonya Tech Main MCU/MXTmpFiles/rtos_obj_creat.tmp_save
2025-05-25 15:37:50,611 [INFO] CodeEngine:279 - Generated code: /Users/mindhacker999/STM32CubeIDE/workspace_1.17.0/Sonya-Tech/Sonya Tech Main MCU/MXTmpFiles/rtos_obj_creat.tmp
2025-05-25 15:37:50,613 [INFO] CodeEngine:255 - oldGeneratedFile, /Users/mindhacker999/STM32CubeIDE/workspace_1.17.0/Sonya-Tech/Sonya Tech Main MCU/MXTmpFiles/rtos_kernelStart.tmp_save
2025-05-25 15:37:50,662 [INFO] CodeEngine:279 - Generated code: /Users/mindhacker999/STM32CubeIDE/workspace_1.17.0/Sonya-Tech/Sonya Tech Main MCU/MXTmpFiles/rtos_kernelStart.tmp
2025-05-25 15:37:50,663 [INFO] CodeEngine:255 - oldGeneratedFile, /Users/mindhacker999/STM32CubeIDE/workspace_1.17.0/Sonya-Tech/Sonya Tech Main MCU/MXTmpFiles/rtos_default_thread.tmp_save
2025-05-25 15:37:50,713 [INFO] CodeEngine:279 - Generated code: /Users/mindhacker999/STM32CubeIDE/workspace_1.17.0/Sonya-Tech/Sonya Tech Main MCU/MXTmpFiles/rtos_default_thread.tmp
2025-05-25 15:37:50,715 [INFO] CodeEngine:255 - oldGeneratedFile, /Users/mindhacker999/STM32CubeIDE/workspace_1.17.0/Sonya-Tech/Sonya Tech Main MCU/MXTmpFiles/rtos_threads.tmp_save
2025-05-25 15:37:50,768 [INFO] CodeEngine:279 - Generated code: /Users/mindhacker999/STM32CubeIDE/workspace_1.17.0/Sonya-Tech/Sonya Tech Main MCU/MXTmpFiles/rtos_threads.tmp
2025-05-25 15:37:50,805 [INFO] Middleware:1450 - No code input for Bsp Dependency
2025-05-25 15:37:50,809 [INFO] CodeEngine:255 - oldGeneratedFile, /Users/mindhacker999/STM32CubeIDE/workspace_1.17.0/Sonya-Tech/Sonya Tech Main MCU/MXTmpFiles/rtos_inc.tmp_save
2025-05-25 15:37:50,859 [INFO] CodeEngine:279 - Generated code: /Users/mindhacker999/STM32CubeIDE/workspace_1.17.0/Sonya-Tech/Sonya Tech Main MCU/MXTmpFiles/rtos_inc.tmp
2025-05-25 15:37:50,862 [INFO] CodeEngine:255 - oldGeneratedFile, /Users/mindhacker999/STM32CubeIDE/workspace_1.17.0/Sonya-Tech/Sonya Tech Main MCU/MXTmpFiles/rtos_vars.tmp_save
2025-05-25 15:37:50,915 [INFO] CodeEngine:279 - Generated code: /Users/mindhacker999/STM32CubeIDE/workspace_1.17.0/Sonya-Tech/Sonya Tech Main MCU/MXTmpFiles/rtos_vars.tmp
2025-05-25 15:37:50,917 [INFO] CodeEngine:255 - oldGeneratedFile, /Users/mindhacker999/STM32CubeIDE/workspace_1.17.0/Sonya-Tech/Sonya Tech Main MCU/MXTmpFiles/rtos_pfp.tmp_save
2025-05-25 15:37:50,972 [INFO] CodeEngine:279 - Generated code: /Users/mindhacker999/STM32CubeIDE/workspace_1.17.0/Sonya-Tech/Sonya Tech Main MCU/MXTmpFiles/rtos_pfp.tmp
2025-05-25 15:37:50,973 [INFO] CodeEngine:255 - oldGeneratedFile, /Users/mindhacker999/STM32CubeIDE/workspace_1.17.0/Sonya-Tech/Sonya Tech Main MCU/MXTmpFiles/rtos_obj_creat.tmp_save
2025-05-25 15:37:51,026 [INFO] CodeEngine:279 - Generated code: /Users/mindhacker999/STM32CubeIDE/workspace_1.17.0/Sonya-Tech/Sonya Tech Main MCU/MXTmpFiles/rtos_obj_creat.tmp
2025-05-25 15:37:51,028 [INFO] CodeEngine:255 - oldGeneratedFile, /Users/mindhacker999/STM32CubeIDE/workspace_1.17.0/Sonya-Tech/Sonya Tech Main MCU/MXTmpFiles/rtos_kernelStart.tmp_save
2025-05-25 15:37:51,082 [INFO] CodeEngine:279 - Generated code: /Users/mindhacker999/STM32CubeIDE/workspace_1.17.0/Sonya-Tech/Sonya Tech Main MCU/MXTmpFiles/rtos_kernelStart.tmp
2025-05-25 15:37:51,083 [INFO] CodeEngine:255 - oldGeneratedFile, /Users/mindhacker999/STM32CubeIDE/workspace_1.17.0/Sonya-Tech/Sonya Tech Main MCU/MXTmpFiles/rtos_default_thread.tmp_save
2025-05-25 15:37:51,141 [INFO] CodeEngine:279 - Generated code: /Users/mindhacker999/STM32CubeIDE/workspace_1.17.0/Sonya-Tech/Sonya Tech Main MCU/MXTmpFiles/rtos_default_thread.tmp
2025-05-25 15:37:51,145 [INFO] CodeEngine:255 - oldGeneratedFile, /Users/mindhacker999/STM32CubeIDE/workspace_1.17.0/Sonya-Tech/Sonya Tech Main MCU/MXTmpFiles/rtos_threads.tmp_save
2025-05-25 15:37:51,194 [INFO] CodeEngine:279 - Generated code: /Users/mindhacker999/STM32CubeIDE/workspace_1.17.0/Sonya-Tech/Sonya Tech Main MCU/MXTmpFiles/rtos_threads.tmp
2025-05-25 15:37:51,197 [INFO] CodeEngine:255 - oldGeneratedFile, /Users/mindhacker999/STM32CubeIDE/workspace_1.17.0/Sonya-Tech/Sonya Tech Main MCU/Core/Inc/FreeRTOSConfig.h_save
2025-05-25 15:37:51,335 [INFO] CodeEngine:279 - Generated code: /Users/mindhacker999/STM32CubeIDE/workspace_1.17.0/Sonya-Tech/Sonya Tech Main MCU/Core/Inc/FreeRTOSConfig.h
2025-05-25 15:37:51,386 [INFO] CodeEngine:255 - oldGeneratedFile, /Users/mindhacker999/STM32CubeIDE/workspace_1.17.0/Sonya-Tech/Sonya Tech Main MCU/Core/Src/freertos.c_save
2025-05-25 15:37:51,524 [INFO] CodeEngine:279 - Generated code: /Users/mindhacker999/STM32CubeIDE/workspace_1.17.0/Sonya-Tech/Sonya Tech Main MCU/Core/Src/freertos.c
2025-05-25 15:37:51,589 [INFO] CodeEngine:255 - oldGeneratedFile, /Users/mindhacker999/STM32CubeIDE/workspace_1.17.0/Sonya-Tech/Sonya Tech Main MCU/MXTmpFiles/dma.tmp_save
2025-05-25 15:37:51,945 [INFO] CodeEngine:279 - Generated code: /Users/mindhacker999/STM32CubeIDE/workspace_1.17.0/Sonya-Tech/Sonya Tech Main MCU/MXTmpFiles/dma.tmp
2025-05-25 15:37:51,996 [INFO] CodeEngine:255 - oldGeneratedFile, /Users/mindhacker999/STM32CubeIDE/workspace_1.17.0/Sonya-Tech/Sonya Tech Main MCU/MXTmpFiles/dma_GV.tmp_save
2025-05-25 15:37:52,059 [INFO] CodeEngine:279 - Generated code: /Users/mindhacker999/STM32CubeIDE/workspace_1.17.0/Sonya-Tech/Sonya Tech Main MCU/MXTmpFiles/dma_GV.tmp
2025-05-25 15:37:52,122 [INFO] CodeEngine:255 - oldGeneratedFile, /Users/mindhacker999/STM32CubeIDE/workspace_1.17.0/Sonya-Tech/Sonya Tech Main MCU/Core/Src/stm32f4xx_it.c_save
2025-05-25 15:37:52,297 [INFO] CodeEngine:279 - Generated code: /Users/mindhacker999/STM32CubeIDE/workspace_1.17.0/Sonya-Tech/Sonya Tech Main MCU/Core/Src/stm32f4xx_it.c
2025-05-25 15:37:52,299 [INFO] CodeEngine:255 - oldGeneratedFile, /Users/mindhacker999/STM32CubeIDE/workspace_1.17.0/Sonya-Tech/Sonya Tech Main MCU/Core/Inc/stm32f4xx_it.h_save
2025-05-25 15:37:52,358 [INFO] CodeEngine:279 - Generated code: /Users/mindhacker999/STM32CubeIDE/workspace_1.17.0/Sonya-Tech/Sonya Tech Main MCU/Core/Inc/stm32f4xx_it.h
2025-05-25 15:37:52,378 [INFO] CodeEngine:255 - oldGeneratedFile, /Users/mindhacker999/STM32CubeIDE/workspace_1.17.0/Sonya-Tech/Sonya Tech Main MCU/Core/Src/stm32f4xx_hal_msp.c_save
2025-05-25 15:37:52,567 [INFO] CodeEngine:279 - Generated code: /Users/mindhacker999/STM32CubeIDE/workspace_1.17.0/Sonya-Tech/Sonya Tech Main MCU/Core/Src/stm32f4xx_hal_msp.c
2025-05-25 15:37:52,570 [INFO] CodeEngine:255 - oldGeneratedFile, /Users/mindhacker999/STM32CubeIDE/workspace_1.17.0/Sonya-Tech/Sonya Tech Main MCU/MXTmpFiles/system.tmp_save
2025-05-25 15:37:52,620 [INFO] CodeEngine:279 - Generated code: /Users/mindhacker999/STM32CubeIDE/workspace_1.17.0/Sonya-Tech/Sonya Tech Main MCU/MXTmpFiles/system.tmp
2025-05-25 15:37:52,622 [INFO] CodeEngine:255 - oldGeneratedFile, /Users/mindhacker999/STM32CubeIDE/workspace_1.17.0/Sonya-Tech/Sonya Tech Main MCU/Core/Src/stm32f4xx_hal_timebase_tim.c_save
2025-05-25 15:37:52,687 [INFO] CodeEngine:279 - Generated code: /Users/mindhacker999/STM32CubeIDE/workspace_1.17.0/Sonya-Tech/Sonya Tech Main MCU/Core/Src/stm32f4xx_hal_timebase_tim.c
2025-05-25 15:37:52,700 [INFO] CodeEngine:311 - oldGeneratedFile, /Users/mindhacker999/STM32CubeIDE/workspace_1.17.0/Sonya-Tech/Sonya Tech Main MCU/Core/Inc/stm32f4xx_hal_conf.h_save
2025-05-25 15:37:52,762 [INFO] CodeEngine:335 - Generated code: /Users/mindhacker999/STM32CubeIDE/workspace_1.17.0/Sonya-Tech/Sonya Tech Main MCU/Core/Inc/stm32f4xx_hal_conf.h
2025-05-25 15:37:52,948 [WARN] IPConfigManager:3618 - IP not found : TIM
2025-05-25 15:37:52,948 [WARN] CodeGenerator:4152 - IP not found : null
2025-05-25 15:37:52,953 [INFO] CodeEngine:255 - oldGeneratedFile, /Users/mindhacker999/STM32CubeIDE/workspace_1.17.0/Sonya-Tech/Sonya Tech Main MCU/Core/Inc/main.h_save
2025-05-25 15:37:53,062 [INFO] CodeEngine:279 - Generated code: /Users/mindhacker999/STM32CubeIDE/workspace_1.17.0/Sonya-Tech/Sonya Tech Main MCU/Core/Inc/main.h
2025-05-25 15:37:53,065 [INFO] CodeEngine:255 - oldGeneratedFile, /Users/mindhacker999/STM32CubeIDE/workspace_1.17.0/Sonya-Tech/Sonya Tech Main MCU/Core/Src/main.c_save
2025-05-25 15:37:53,223 [INFO] CodeEngine:279 - Generated code: /Users/mindhacker999/STM32CubeIDE/workspace_1.17.0/Sonya-Tech/Sonya Tech Main MCU/Core/Src/main.c
2025-05-25 15:37:53,645 [INFO] ProjectBuilder:3289 - Time for Copy HAL[1] : 120mS.
2025-05-25 15:37:53,653 [INFO] ProjectBuilder:4876 - Project Generator version: 4.5.0-RC5
2025-05-25 15:37:53,742 [INFO] ConfigFileManager:1579 - The Die is : DIE431
2025-05-25 15:37:57,498 [INFO] ProjectBuilder:5154 - Time for Generating toolchain IDE Files: 3825mS.
2025-05-25 15:37:57,520 [INFO] ProjectBuilder:3146 - Time for Copy CMSIS : 3mS.
2025-05-25 15:37:57,530 [INFO] ProjectBuilder:3146 - Time for Copy CMSIS : 0mS.
2025-05-25 16:57:08,391 [INFO] NvicIntPanel:101 - NVIC parent = com.st.microxplorer.plugins.ip.nvic.MultiNvicIntPanel[,0,0,0x0,invalid,layout=javax.swing.BoxLayout,alignmentX=0.0,alignmentY=0.0,border=,flags=9,maximumSize=,minimumSize=,preferredSize=]
2025-05-25 16:57:12,257 [INFO] UtilMem:75 - End SaveConfig() Used Memory: 879234072 Bytes (1073741824)
2025-05-25 16:57:13,765 [INFO] UtilMem:75 - End SaveConfig() Used Memory: 901780504 Bytes (1073741824)
2025-05-25 16:57:15,894 [INFO] UtilMem:75 - End SaveConfig() Used Memory: 986188824 Bytes (1073741824)
2025-05-25 16:57:17,414 [INFO] BlockDiagram:2766 - set Specific Code input for plugin: NVIC
2025-05-25 16:57:17,445 [INFO] BlockDiagram:2766 - set Specific Code input for plugin: FREERTOS
2025-05-25 16:57:17,448 [INFO] BlockDiagram:2766 - set Specific Code input for plugin: USART
2025-05-25 16:57:17,448 [INFO] BlockDiagram:2766 - set Specific Code input for plugin: DMA
2025-05-25 16:57:17,448 [INFO] BlockDiagram:2766 - set Specific Code input for plugin: TIM1_8
2025-05-25 16:57:17,448 [INFO] BlockDiagram:2766 - set Specific Code input for plugin: TIM1_8
2025-05-25 16:57:17,448 [INFO] BlockDiagram:2766 - set Specific Code input for plugin: TIM1_8
2025-05-25 16:57:17,448 [INFO] BlockDiagram:2766 - set Specific Code input for plugin: TIM1_8
2025-05-25 16:57:17,448 [INFO] BlockDiagram:2766 - set Specific Code input for plugin: TIM1_8
2025-05-25 16:57:17,448 [INFO] BlockDiagram:2766 - set Specific Code input for plugin: SYS
2025-05-25 16:57:17,452 [INFO] BlockDiagram:2766 - set Specific Code input for plugin: GPIO
2025-05-25 16:57:17,452 [INFO] BlockDiagram:2766 - set Specific Code input for plugin: RCC
2025-05-25 16:57:17,457 [INFO] CodeGenerator:896 - code generatio: config db path: /Applications/STM32CubeIDE.app/Contents/Eclipse/plugins/com.st.stm32cube.common.mx_6.13.0.202411220809//db/
2025-05-25 16:57:17,523 [INFO] Argument:325 - Argument : hdmavalue: null
2025-05-25 16:57:17,523 [INFO] Argument:327 - 	 sub Args: 
2025-05-25 16:57:17,523 [INFO] Argument:325 - Argument : Instancevalue: DMA2_Stream2
2025-05-25 16:57:17,523 [INFO] Argument:335 - Argument : Instancevalue: DMA2_Stream2
2025-05-25 16:57:17,523 [INFO] Argument:325 - Argument : Initvalue: null
2025-05-25 16:57:17,523 [INFO] Argument:327 - 	 sub Args: 
2025-05-25 16:57:17,523 [INFO] Argument:325 - Argument : Channelvalue: DMA_CHANNEL_4
2025-05-25 16:57:17,523 [INFO] Argument:335 - Argument : Channelvalue: DMA_CHANNEL_4
2025-05-25 16:57:17,523 [INFO] Argument:325 - Argument : Directionvalue: DMA_PERIPH_TO_MEMORY
2025-05-25 16:57:17,523 [INFO] Argument:335 - Argument : Directionvalue: DMA_PERIPH_TO_MEMORY
2025-05-25 16:57:17,523 [INFO] Argument:325 - Argument : PeriphIncvalue: DMA_PINC_DISABLE
2025-05-25 16:57:17,523 [INFO] Argument:335 - Argument : PeriphIncvalue: DMA_PINC_DISABLE
2025-05-25 16:57:17,523 [INFO] Argument:325 - Argument : MemIncvalue: DMA_MINC_ENABLE
2025-05-25 16:57:17,523 [INFO] Argument:335 - Argument : MemIncvalue: DMA_MINC_ENABLE
2025-05-25 16:57:17,523 [INFO] Argument:325 - Argument : PeriphDataAlignmentvalue: DMA_PDATAALIGN_BYTE
2025-05-25 16:57:17,523 [INFO] Argument:335 - Argument : PeriphDataAlignmentvalue: DMA_PDATAALIGN_BYTE
2025-05-25 16:57:17,524 [INFO] Argument:325 - Argument : MemDataAlignmentvalue: DMA_MDATAALIGN_BYTE
2025-05-25 16:57:17,524 [INFO] Argument:335 - Argument : MemDataAlignmentvalue: DMA_MDATAALIGN_BYTE
2025-05-25 16:57:17,524 [INFO] Argument:325 - Argument : Modevalue: DMA_NORMAL
2025-05-25 16:57:17,524 [INFO] Argument:335 - Argument : Modevalue: DMA_NORMAL
2025-05-25 16:57:17,524 [INFO] Argument:325 - Argument : Priorityvalue: DMA_PRIORITY_LOW
2025-05-25 16:57:17,524 [INFO] Argument:335 - Argument : Priorityvalue: DMA_PRIORITY_LOW
2025-05-25 16:57:17,524 [INFO] Argument:325 - Argument : FIFOModevalue: DMA_FIFOMODE_DISABLE
2025-05-25 16:57:17,524 [INFO] Argument:335 - Argument : FIFOModevalue: DMA_FIFOMODE_DISABLE
2025-05-25 16:57:17,524 [INFO] Argument:325 - Argument : FIFOThresholdvalue: null
2025-05-25 16:57:17,524 [INFO] Argument:335 - Argument : FIFOThresholdvalue: null
2025-05-25 16:57:17,524 [INFO] Argument:325 - Argument : MemBurstvalue: null
2025-05-25 16:57:17,524 [INFO] Argument:335 - Argument : MemBurstvalue: null
2025-05-25 16:57:17,524 [INFO] Argument:325 - Argument : PeriphBurstvalue: null
2025-05-25 16:57:17,524 [INFO] Argument:335 - Argument : PeriphBurstvalue: null
2025-05-25 16:57:17,524 [INFO] Argument:325 - Argument : Lockvalue: null
2025-05-25 16:57:17,524 [INFO] Argument:335 - Argument : Lockvalue: null
2025-05-25 16:57:17,524 [INFO] Argument:325 - Argument : Statevalue: null
2025-05-25 16:57:17,524 [INFO] Argument:335 - Argument : Statevalue: null
2025-05-25 16:57:17,524 [INFO] Argument:325 - Argument : Parentvalue: null
2025-05-25 16:57:17,524 [INFO] Argument:335 - Argument : Parentvalue: null
2025-05-25 16:57:17,524 [INFO] Argument:325 - Argument : XferCpltCallbackvalue: null
2025-05-25 16:57:17,524 [INFO] Argument:335 - Argument : XferCpltCallbackvalue: null
2025-05-25 16:57:17,524 [INFO] Argument:325 - Argument : XferHalfCpltCallbackvalue: null
2025-05-25 16:57:17,524 [INFO] Argument:335 - Argument : XferHalfCpltCallbackvalue: null
2025-05-25 16:57:17,524 [INFO] Argument:325 - Argument : XferM1CpltCallbackvalue: null
2025-05-25 16:57:17,524 [INFO] Argument:335 - Argument : XferM1CpltCallbackvalue: null
2025-05-25 16:57:17,524 [INFO] Argument:325 - Argument : XferErrorCallbackvalue: null
2025-05-25 16:57:17,524 [INFO] Argument:335 - Argument : XferErrorCallbackvalue: null
2025-05-25 16:57:17,524 [INFO] Argument:325 - Argument : ErrorCodevalue: null
2025-05-25 16:57:17,524 [INFO] Argument:335 - Argument : ErrorCodevalue: null
2025-05-25 16:57:17,650 [INFO] CodeEngine:255 - oldGeneratedFile, /Users/mindhacker999/STM32CubeIDE/workspace_1.17.0/Sonya-Tech/Sonya Tech Main MCU/MXTmpFiles/license.tmp_save
2025-05-25 16:57:17,851 [INFO] CodeEngine:279 - Generated code: /Users/mindhacker999/STM32CubeIDE/workspace_1.17.0/Sonya-Tech/Sonya Tech Main MCU/MXTmpFiles/license.tmp
2025-05-25 16:57:17,896 [INFO] CodeEngine:255 - oldGeneratedFile, /Users/mindhacker999/STM32CubeIDE/workspace_1.17.0/Sonya-Tech/Sonya Tech Main MCU/MXTmpFiles/gpio.tmp_save
2025-05-25 16:57:18,004 [INFO] CodeEngine:279 - Generated code: /Users/mindhacker999/STM32CubeIDE/workspace_1.17.0/Sonya-Tech/Sonya Tech Main MCU/MXTmpFiles/gpio.tmp
2025-05-25 16:57:18,240 [INFO] Middleware:1450 - No code input for Bsp Dependency
2025-05-25 16:57:18,246 [INFO] CodeEngine:255 - oldGeneratedFile, /Users/mindhacker999/STM32CubeIDE/workspace_1.17.0/Sonya-Tech/Sonya Tech Main MCU/MXTmpFiles/rtos_inc.tmp_save
2025-05-25 16:57:18,295 [INFO] CodeEngine:279 - Generated code: /Users/mindhacker999/STM32CubeIDE/workspace_1.17.0/Sonya-Tech/Sonya Tech Main MCU/MXTmpFiles/rtos_inc.tmp
2025-05-25 16:57:18,297 [INFO] CodeEngine:255 - oldGeneratedFile, /Users/mindhacker999/STM32CubeIDE/workspace_1.17.0/Sonya-Tech/Sonya Tech Main MCU/MXTmpFiles/rtos_vars.tmp_save
2025-05-25 16:57:18,368 [INFO] CodeEngine:279 - Generated code: /Users/mindhacker999/STM32CubeIDE/workspace_1.17.0/Sonya-Tech/Sonya Tech Main MCU/MXTmpFiles/rtos_vars.tmp
2025-05-25 16:57:18,372 [INFO] CodeEngine:255 - oldGeneratedFile, /Users/mindhacker999/STM32CubeIDE/workspace_1.17.0/Sonya-Tech/Sonya Tech Main MCU/MXTmpFiles/rtos_pfp.tmp_save
2025-05-25 16:57:18,421 [INFO] CodeEngine:279 - Generated code: /Users/mindhacker999/STM32CubeIDE/workspace_1.17.0/Sonya-Tech/Sonya Tech Main MCU/MXTmpFiles/rtos_pfp.tmp
2025-05-25 16:57:18,423 [INFO] CodeEngine:255 - oldGeneratedFile, /Users/mindhacker999/STM32CubeIDE/workspace_1.17.0/Sonya-Tech/Sonya Tech Main MCU/MXTmpFiles/rtos_obj_creat.tmp_save
2025-05-25 16:57:18,476 [INFO] CodeEngine:279 - Generated code: /Users/mindhacker999/STM32CubeIDE/workspace_1.17.0/Sonya-Tech/Sonya Tech Main MCU/MXTmpFiles/rtos_obj_creat.tmp
2025-05-25 16:57:18,478 [INFO] CodeEngine:255 - oldGeneratedFile, /Users/mindhacker999/STM32CubeIDE/workspace_1.17.0/Sonya-Tech/Sonya Tech Main MCU/MXTmpFiles/rtos_kernelStart.tmp_save
2025-05-25 16:57:18,526 [INFO] CodeEngine:279 - Generated code: /Users/mindhacker999/STM32CubeIDE/workspace_1.17.0/Sonya-Tech/Sonya Tech Main MCU/MXTmpFiles/rtos_kernelStart.tmp
2025-05-25 16:57:18,528 [INFO] CodeEngine:255 - oldGeneratedFile, /Users/mindhacker999/STM32CubeIDE/workspace_1.17.0/Sonya-Tech/Sonya Tech Main MCU/MXTmpFiles/rtos_default_thread.tmp_save
2025-05-25 16:57:18,596 [INFO] CodeEngine:279 - Generated code: /Users/mindhacker999/STM32CubeIDE/workspace_1.17.0/Sonya-Tech/Sonya Tech Main MCU/MXTmpFiles/rtos_default_thread.tmp
2025-05-25 16:57:18,598 [INFO] CodeEngine:255 - oldGeneratedFile, /Users/mindhacker999/STM32CubeIDE/workspace_1.17.0/Sonya-Tech/Sonya Tech Main MCU/MXTmpFiles/rtos_threads.tmp_save
2025-05-25 16:57:18,648 [INFO] CodeEngine:279 - Generated code: /Users/mindhacker999/STM32CubeIDE/workspace_1.17.0/Sonya-Tech/Sonya Tech Main MCU/MXTmpFiles/rtos_threads.tmp
2025-05-25 16:57:18,657 [INFO] Middleware:1450 - No code input for Bsp Dependency
2025-05-25 16:57:18,662 [INFO] CodeEngine:255 - oldGeneratedFile, /Users/mindhacker999/STM32CubeIDE/workspace_1.17.0/Sonya-Tech/Sonya Tech Main MCU/MXTmpFiles/rtos_inc.tmp_save
2025-05-25 16:57:18,712 [INFO] CodeEngine:279 - Generated code: /Users/mindhacker999/STM32CubeIDE/workspace_1.17.0/Sonya-Tech/Sonya Tech Main MCU/MXTmpFiles/rtos_inc.tmp
2025-05-25 16:57:18,714 [INFO] CodeEngine:255 - oldGeneratedFile, /Users/mindhacker999/STM32CubeIDE/workspace_1.17.0/Sonya-Tech/Sonya Tech Main MCU/MXTmpFiles/rtos_vars.tmp_save
2025-05-25 16:57:18,765 [INFO] CodeEngine:279 - Generated code: /Users/mindhacker999/STM32CubeIDE/workspace_1.17.0/Sonya-Tech/Sonya Tech Main MCU/MXTmpFiles/rtos_vars.tmp
2025-05-25 16:57:18,766 [INFO] CodeEngine:255 - oldGeneratedFile, /Users/mindhacker999/STM32CubeIDE/workspace_1.17.0/Sonya-Tech/Sonya Tech Main MCU/MXTmpFiles/rtos_pfp.tmp_save
2025-05-25 16:57:18,815 [INFO] CodeEngine:279 - Generated code: /Users/mindhacker999/STM32CubeIDE/workspace_1.17.0/Sonya-Tech/Sonya Tech Main MCU/MXTmpFiles/rtos_pfp.tmp
2025-05-25 16:57:18,817 [INFO] CodeEngine:255 - oldGeneratedFile, /Users/mindhacker999/STM32CubeIDE/workspace_1.17.0/Sonya-Tech/Sonya Tech Main MCU/MXTmpFiles/rtos_obj_creat.tmp_save
2025-05-25 16:57:18,872 [INFO] CodeEngine:279 - Generated code: /Users/mindhacker999/STM32CubeIDE/workspace_1.17.0/Sonya-Tech/Sonya Tech Main MCU/MXTmpFiles/rtos_obj_creat.tmp
2025-05-25 16:57:18,878 [INFO] CodeEngine:255 - oldGeneratedFile, /Users/mindhacker999/STM32CubeIDE/workspace_1.17.0/Sonya-Tech/Sonya Tech Main MCU/MXTmpFiles/rtos_kernelStart.tmp_save
2025-05-25 16:57:18,927 [INFO] CodeEngine:279 - Generated code: /Users/mindhacker999/STM32CubeIDE/workspace_1.17.0/Sonya-Tech/Sonya Tech Main MCU/MXTmpFiles/rtos_kernelStart.tmp
2025-05-25 16:57:18,929 [INFO] CodeEngine:255 - oldGeneratedFile, /Users/mindhacker999/STM32CubeIDE/workspace_1.17.0/Sonya-Tech/Sonya Tech Main MCU/MXTmpFiles/rtos_default_thread.tmp_save
2025-05-25 16:57:19,018 [INFO] CodeEngine:279 - Generated code: /Users/mindhacker999/STM32CubeIDE/workspace_1.17.0/Sonya-Tech/Sonya Tech Main MCU/MXTmpFiles/rtos_default_thread.tmp
2025-05-25 16:57:19,022 [INFO] CodeEngine:255 - oldGeneratedFile, /Users/mindhacker999/STM32CubeIDE/workspace_1.17.0/Sonya-Tech/Sonya Tech Main MCU/MXTmpFiles/rtos_threads.tmp_save
2025-05-25 16:57:19,086 [INFO] CodeEngine:279 - Generated code: /Users/mindhacker999/STM32CubeIDE/workspace_1.17.0/Sonya-Tech/Sonya Tech Main MCU/MXTmpFiles/rtos_threads.tmp
2025-05-25 16:57:19,090 [INFO] CodeEngine:255 - oldGeneratedFile, /Users/mindhacker999/STM32CubeIDE/workspace_1.17.0/Sonya-Tech/Sonya Tech Main MCU/Core/Inc/FreeRTOSConfig.h_save
2025-05-25 16:57:19,153 [INFO] CodeEngine:279 - Generated code: /Users/mindhacker999/STM32CubeIDE/workspace_1.17.0/Sonya-Tech/Sonya Tech Main MCU/Core/Inc/FreeRTOSConfig.h
2025-05-25 16:57:19,155 [INFO] CodeEngine:255 - oldGeneratedFile, /Users/mindhacker999/STM32CubeIDE/workspace_1.17.0/Sonya-Tech/Sonya Tech Main MCU/Core/Src/freertos.c_save
2025-05-25 16:57:19,206 [INFO] CodeEngine:279 - Generated code: /Users/mindhacker999/STM32CubeIDE/workspace_1.17.0/Sonya-Tech/Sonya Tech Main MCU/Core/Src/freertos.c
2025-05-25 16:57:19,225 [INFO] CodeEngine:255 - oldGeneratedFile, /Users/mindhacker999/STM32CubeIDE/workspace_1.17.0/Sonya-Tech/Sonya Tech Main MCU/MXTmpFiles/dma.tmp_save
2025-05-25 16:57:19,274 [INFO] CodeEngine:279 - Generated code: /Users/mindhacker999/STM32CubeIDE/workspace_1.17.0/Sonya-Tech/Sonya Tech Main MCU/MXTmpFiles/dma.tmp
2025-05-25 16:57:19,277 [INFO] CodeEngine:255 - oldGeneratedFile, /Users/mindhacker999/STM32CubeIDE/workspace_1.17.0/Sonya-Tech/Sonya Tech Main MCU/MXTmpFiles/dma_GV.tmp_save
2025-05-25 16:57:19,323 [INFO] CodeEngine:279 - Generated code: /Users/mindhacker999/STM32CubeIDE/workspace_1.17.0/Sonya-Tech/Sonya Tech Main MCU/MXTmpFiles/dma_GV.tmp
2025-05-25 16:57:19,333 [INFO] CodeEngine:255 - oldGeneratedFile, /Users/mindhacker999/STM32CubeIDE/workspace_1.17.0/Sonya-Tech/Sonya Tech Main MCU/Core/Src/stm32f4xx_it.c_save
2025-05-25 16:57:19,457 [INFO] CodeEngine:279 - Generated code: /Users/mindhacker999/STM32CubeIDE/workspace_1.17.0/Sonya-Tech/Sonya Tech Main MCU/Core/Src/stm32f4xx_it.c
2025-05-25 16:57:19,459 [INFO] CodeEngine:255 - oldGeneratedFile, /Users/mindhacker999/STM32CubeIDE/workspace_1.17.0/Sonya-Tech/Sonya Tech Main MCU/Core/Inc/stm32f4xx_it.h_save
2025-05-25 16:57:19,524 [INFO] CodeEngine:279 - Generated code: /Users/mindhacker999/STM32CubeIDE/workspace_1.17.0/Sonya-Tech/Sonya Tech Main MCU/Core/Inc/stm32f4xx_it.h
2025-05-25 16:57:19,535 [INFO] CodeEngine:255 - oldGeneratedFile, /Users/mindhacker999/STM32CubeIDE/workspace_1.17.0/Sonya-Tech/Sonya Tech Main MCU/Core/Src/stm32f4xx_hal_msp.c_save
2025-05-25 16:57:19,639 [INFO] CodeEngine:279 - Generated code: /Users/mindhacker999/STM32CubeIDE/workspace_1.17.0/Sonya-Tech/Sonya Tech Main MCU/Core/Src/stm32f4xx_hal_msp.c
2025-05-25 16:57:19,642 [INFO] CodeEngine:255 - oldGeneratedFile, /Users/mindhacker999/STM32CubeIDE/workspace_1.17.0/Sonya-Tech/Sonya Tech Main MCU/MXTmpFiles/system.tmp_save
2025-05-25 16:57:19,692 [INFO] CodeEngine:279 - Generated code: /Users/mindhacker999/STM32CubeIDE/workspace_1.17.0/Sonya-Tech/Sonya Tech Main MCU/MXTmpFiles/system.tmp
2025-05-25 16:57:19,694 [INFO] CodeEngine:255 - oldGeneratedFile, /Users/mindhacker999/STM32CubeIDE/workspace_1.17.0/Sonya-Tech/Sonya Tech Main MCU/Core/Src/stm32f4xx_hal_timebase_tim.c_save
2025-05-25 16:57:19,746 [INFO] CodeEngine:279 - Generated code: /Users/mindhacker999/STM32CubeIDE/workspace_1.17.0/Sonya-Tech/Sonya Tech Main MCU/Core/Src/stm32f4xx_hal_timebase_tim.c
2025-05-25 16:57:19,751 [INFO] CodeEngine:311 - oldGeneratedFile, /Users/mindhacker999/STM32CubeIDE/workspace_1.17.0/Sonya-Tech/Sonya Tech Main MCU/Core/Inc/stm32f4xx_hal_conf.h_save
2025-05-25 16:57:19,810 [INFO] CodeEngine:335 - Generated code: /Users/mindhacker999/STM32CubeIDE/workspace_1.17.0/Sonya-Tech/Sonya Tech Main MCU/Core/Inc/stm32f4xx_hal_conf.h
2025-05-25 16:57:19,849 [WARN] IPConfigManager:3618 - IP not found : TIM
2025-05-25 16:57:19,849 [WARN] CodeGenerator:4152 - IP not found : null
2025-05-25 16:57:19,852 [INFO] CodeEngine:255 - oldGeneratedFile, /Users/mindhacker999/STM32CubeIDE/workspace_1.17.0/Sonya-Tech/Sonya Tech Main MCU/Core/Inc/main.h_save
2025-05-25 16:57:19,929 [INFO] CodeEngine:279 - Generated code: /Users/mindhacker999/STM32CubeIDE/workspace_1.17.0/Sonya-Tech/Sonya Tech Main MCU/Core/Inc/main.h
2025-05-25 16:57:19,931 [INFO] CodeEngine:255 - oldGeneratedFile, /Users/mindhacker999/STM32CubeIDE/workspace_1.17.0/Sonya-Tech/Sonya Tech Main MCU/Core/Src/main.c_save
2025-05-25 16:57:20,080 [INFO] CodeEngine:279 - Generated code: /Users/mindhacker999/STM32CubeIDE/workspace_1.17.0/Sonya-Tech/Sonya Tech Main MCU/Core/Src/main.c
2025-05-25 16:57:20,840 [INFO] ProjectBuilder:3289 - Time for Copy HAL[1] : 113mS.
2025-05-25 16:57:20,868 [INFO] ProjectBuilder:4876 - Project Generator version: 4.5.0-RC5
2025-05-25 16:57:21,148 [INFO] ConfigFileManager:1579 - The Die is : DIE431
2025-05-25 16:57:23,448 [INFO] ProjectBuilder:5154 - Time for Generating toolchain IDE Files: 2579mS.
2025-05-25 16:57:23,457 [INFO] ProjectBuilder:3146 - Time for Copy CMSIS : 4mS.
2025-05-25 16:57:23,461 [INFO] ProjectBuilder:3146 - Time for Copy CMSIS : 0mS.
2025-05-25 17:06:36,879 [INFO] Gpio:277 - dependency for GPIO [RCC, SYS, TIM2, TIM3, TIM4, TIM5, USART1]
2025-05-25 17:09:59,249 [INFO] NvicIntPanel:101 - NVIC parent = com.st.microxplorer.plugins.ip.nvic.MultiNvicIntPanel[,0,0,0x0,invalid,layout=javax.swing.BoxLayout,alignmentX=0.0,alignmentY=0.0,border=,flags=9,maximumSize=,minimumSize=,preferredSize=]
2025-05-25 17:10:07,501 [INFO] Gpio:277 - dependency for GPIO [RCC, SYS, TIM2, TIM3, TIM4, TIM5, USART1]
2025-05-25 17:10:39,660 [INFO] UtilMem:75 - End SaveConfig() Used Memory: 1039811776 Bytes (1073741824)
2025-05-25 17:10:41,269 [INFO] UtilMem:75 - End SaveConfig() Used Memory: 769071312 Bytes (1073741824)
2025-05-25 17:10:41,692 [INFO] UtilMem:75 - End SaveConfig() Used Memory: 794613560 Bytes (1073741824)
2025-05-25 17:10:43,027 [INFO] BlockDiagram:2766 - set Specific Code input for plugin: NVIC
2025-05-25 17:10:43,033 [INFO] BlockDiagram:2766 - set Specific Code input for plugin: FREERTOS
2025-05-25 17:10:43,035 [INFO] BlockDiagram:2766 - set Specific Code input for plugin: USART
2025-05-25 17:10:43,036 [INFO] BlockDiagram:2766 - set Specific Code input for plugin: DMA
2025-05-25 17:10:43,036 [INFO] BlockDiagram:2766 - set Specific Code input for plugin: TIM1_8
2025-05-25 17:10:43,036 [INFO] BlockDiagram:2766 - set Specific Code input for plugin: TIM1_8
2025-05-25 17:10:43,036 [INFO] BlockDiagram:2766 - set Specific Code input for plugin: TIM1_8
2025-05-25 17:10:43,036 [INFO] BlockDiagram:2766 - set Specific Code input for plugin: TIM1_8
2025-05-25 17:10:43,036 [INFO] BlockDiagram:2766 - set Specific Code input for plugin: TIM1_8
2025-05-25 17:10:43,036 [INFO] BlockDiagram:2766 - set Specific Code input for plugin: SYS
2025-05-25 17:10:43,049 [INFO] BlockDiagram:2766 - set Specific Code input for plugin: GPIO
2025-05-25 17:10:43,051 [INFO] BlockDiagram:2766 - set Specific Code input for plugin: RCC
2025-05-25 17:10:43,056 [INFO] CodeGenerator:896 - code generatio: config db path: /Applications/STM32CubeIDE.app/Contents/Eclipse/plugins/com.st.stm32cube.common.mx_6.13.0.202411220809//db/
2025-05-25 17:10:43,163 [INFO] Argument:325 - Argument : hdmavalue: null
2025-05-25 17:10:43,164 [INFO] Argument:327 - 	 sub Args: 
2025-05-25 17:10:43,164 [INFO] Argument:325 - Argument : Instancevalue: DMA2_Stream2
2025-05-25 17:10:43,164 [INFO] Argument:335 - Argument : Instancevalue: DMA2_Stream2
2025-05-25 17:10:43,164 [INFO] Argument:325 - Argument : Initvalue: null
2025-05-25 17:10:43,164 [INFO] Argument:327 - 	 sub Args: 
2025-05-25 17:10:43,165 [INFO] Argument:325 - Argument : Channelvalue: DMA_CHANNEL_4
2025-05-25 17:10:43,165 [INFO] Argument:335 - Argument : Channelvalue: DMA_CHANNEL_4
2025-05-25 17:10:43,165 [INFO] Argument:325 - Argument : Directionvalue: DMA_PERIPH_TO_MEMORY
2025-05-25 17:10:43,166 [INFO] Argument:335 - Argument : Directionvalue: DMA_PERIPH_TO_MEMORY
2025-05-25 17:10:43,166 [INFO] Argument:325 - Argument : PeriphIncvalue: DMA_PINC_DISABLE
2025-05-25 17:10:43,167 [INFO] Argument:335 - Argument : PeriphIncvalue: DMA_PINC_DISABLE
2025-05-25 17:10:43,167 [INFO] Argument:325 - Argument : MemIncvalue: DMA_MINC_ENABLE
2025-05-25 17:10:43,167 [INFO] Argument:335 - Argument : MemIncvalue: DMA_MINC_ENABLE
2025-05-25 17:10:43,167 [INFO] Argument:325 - Argument : PeriphDataAlignmentvalue: DMA_PDATAALIGN_BYTE
2025-05-25 17:10:43,167 [INFO] Argument:335 - Argument : PeriphDataAlignmentvalue: DMA_PDATAALIGN_BYTE
2025-05-25 17:10:43,167 [INFO] Argument:325 - Argument : MemDataAlignmentvalue: DMA_MDATAALIGN_BYTE
2025-05-25 17:10:43,167 [INFO] Argument:335 - Argument : MemDataAlignmentvalue: DMA_MDATAALIGN_BYTE
2025-05-25 17:10:43,167 [INFO] Argument:325 - Argument : Modevalue: DMA_NORMAL
2025-05-25 17:10:43,167 [INFO] Argument:335 - Argument : Modevalue: DMA_NORMAL
2025-05-25 17:10:43,167 [INFO] Argument:325 - Argument : Priorityvalue: DMA_PRIORITY_LOW
2025-05-25 17:10:43,167 [INFO] Argument:335 - Argument : Priorityvalue: DMA_PRIORITY_LOW
2025-05-25 17:10:43,167 [INFO] Argument:325 - Argument : FIFOModevalue: DMA_FIFOMODE_DISABLE
2025-05-25 17:10:43,167 [INFO] Argument:335 - Argument : FIFOModevalue: DMA_FIFOMODE_DISABLE
2025-05-25 17:10:43,167 [INFO] Argument:325 - Argument : FIFOThresholdvalue: null
2025-05-25 17:10:43,167 [INFO] Argument:335 - Argument : FIFOThresholdvalue: null
2025-05-25 17:10:43,167 [INFO] Argument:325 - Argument : MemBurstvalue: null
2025-05-25 17:10:43,167 [INFO] Argument:335 - Argument : MemBurstvalue: null
2025-05-25 17:10:43,167 [INFO] Argument:325 - Argument : PeriphBurstvalue: null
2025-05-25 17:10:43,167 [INFO] Argument:335 - Argument : PeriphBurstvalue: null
2025-05-25 17:10:43,167 [INFO] Argument:325 - Argument : Lockvalue: null
2025-05-25 17:10:43,167 [INFO] Argument:335 - Argument : Lockvalue: null
2025-05-25 17:10:43,167 [INFO] Argument:325 - Argument : Statevalue: null
2025-05-25 17:10:43,167 [INFO] Argument:335 - Argument : Statevalue: null
2025-05-25 17:10:43,168 [INFO] Argument:325 - Argument : Parentvalue: null
2025-05-25 17:10:43,168 [INFO] Argument:335 - Argument : Parentvalue: null
2025-05-25 17:10:43,168 [INFO] Argument:325 - Argument : XferCpltCallbackvalue: null
2025-05-25 17:10:43,169 [INFO] Argument:335 - Argument : XferCpltCallbackvalue: null
2025-05-25 17:10:43,169 [INFO] Argument:325 - Argument : XferHalfCpltCallbackvalue: null
2025-05-25 17:10:43,169 [INFO] Argument:335 - Argument : XferHalfCpltCallbackvalue: null
2025-05-25 17:10:43,169 [INFO] Argument:325 - Argument : XferM1CpltCallbackvalue: null
2025-05-25 17:10:43,169 [INFO] Argument:335 - Argument : XferM1CpltCallbackvalue: null
2025-05-25 17:10:43,169 [INFO] Argument:325 - Argument : XferErrorCallbackvalue: null
2025-05-25 17:10:43,169 [INFO] Argument:335 - Argument : XferErrorCallbackvalue: null
2025-05-25 17:10:43,169 [INFO] Argument:325 - Argument : ErrorCodevalue: null
2025-05-25 17:10:43,169 [INFO] Argument:335 - Argument : ErrorCodevalue: null
2025-05-25 17:10:43,314 [INFO] CodeEngine:255 - oldGeneratedFile, /Users/mindhacker999/STM32CubeIDE/workspace_1.17.0/Sonya-Tech/Sonya Tech Main MCU/MXTmpFiles/license.tmp_save
2025-05-25 17:10:43,774 [INFO] CodeEngine:279 - Generated code: /Users/mindhacker999/STM32CubeIDE/workspace_1.17.0/Sonya-Tech/Sonya Tech Main MCU/MXTmpFiles/license.tmp
2025-05-25 17:10:43,881 [INFO] CodeEngine:255 - oldGeneratedFile, /Users/mindhacker999/STM32CubeIDE/workspace_1.17.0/Sonya-Tech/Sonya Tech Main MCU/MXTmpFiles/gpio.tmp_save
2025-05-25 17:10:44,093 [INFO] CodeEngine:279 - Generated code: /Users/mindhacker999/STM32CubeIDE/workspace_1.17.0/Sonya-Tech/Sonya Tech Main MCU/MXTmpFiles/gpio.tmp
2025-05-25 17:10:44,671 [INFO] Middleware:1450 - No code input for Bsp Dependency
2025-05-25 17:10:44,676 [INFO] CodeEngine:255 - oldGeneratedFile, /Users/mindhacker999/STM32CubeIDE/workspace_1.17.0/Sonya-Tech/Sonya Tech Main MCU/MXTmpFiles/rtos_inc.tmp_save
2025-05-25 17:10:44,771 [INFO] CodeEngine:279 - Generated code: /Users/mindhacker999/STM32CubeIDE/workspace_1.17.0/Sonya-Tech/Sonya Tech Main MCU/MXTmpFiles/rtos_inc.tmp
2025-05-25 17:10:44,773 [INFO] CodeEngine:255 - oldGeneratedFile, /Users/mindhacker999/STM32CubeIDE/workspace_1.17.0/Sonya-Tech/Sonya Tech Main MCU/MXTmpFiles/rtos_vars.tmp_save
2025-05-25 17:10:44,864 [INFO] CodeEngine:279 - Generated code: /Users/mindhacker999/STM32CubeIDE/workspace_1.17.0/Sonya-Tech/Sonya Tech Main MCU/MXTmpFiles/rtos_vars.tmp
2025-05-25 17:10:44,866 [INFO] CodeEngine:255 - oldGeneratedFile, /Users/mindhacker999/STM32CubeIDE/workspace_1.17.0/Sonya-Tech/Sonya Tech Main MCU/MXTmpFiles/rtos_pfp.tmp_save
2025-05-25 17:10:44,944 [INFO] CodeEngine:279 - Generated code: /Users/mindhacker999/STM32CubeIDE/workspace_1.17.0/Sonya-Tech/Sonya Tech Main MCU/MXTmpFiles/rtos_pfp.tmp
2025-05-25 17:10:44,946 [INFO] CodeEngine:255 - oldGeneratedFile, /Users/mindhacker999/STM32CubeIDE/workspace_1.17.0/Sonya-Tech/Sonya Tech Main MCU/MXTmpFiles/rtos_obj_creat.tmp_save
2025-05-25 17:10:45,047 [INFO] CodeEngine:279 - Generated code: /Users/mindhacker999/STM32CubeIDE/workspace_1.17.0/Sonya-Tech/Sonya Tech Main MCU/MXTmpFiles/rtos_obj_creat.tmp
2025-05-25 17:10:45,050 [INFO] CodeEngine:255 - oldGeneratedFile, /Users/mindhacker999/STM32CubeIDE/workspace_1.17.0/Sonya-Tech/Sonya Tech Main MCU/MXTmpFiles/rtos_kernelStart.tmp_save
2025-05-25 17:10:45,113 [INFO] CodeEngine:279 - Generated code: /Users/mindhacker999/STM32CubeIDE/workspace_1.17.0/Sonya-Tech/Sonya Tech Main MCU/MXTmpFiles/rtos_kernelStart.tmp
2025-05-25 17:10:45,116 [INFO] CodeEngine:255 - oldGeneratedFile, /Users/mindhacker999/STM32CubeIDE/workspace_1.17.0/Sonya-Tech/Sonya Tech Main MCU/MXTmpFiles/rtos_default_thread.tmp_save
2025-05-25 17:10:45,184 [INFO] CodeEngine:279 - Generated code: /Users/mindhacker999/STM32CubeIDE/workspace_1.17.0/Sonya-Tech/Sonya Tech Main MCU/MXTmpFiles/rtos_default_thread.tmp
2025-05-25 17:10:45,190 [INFO] CodeEngine:255 - oldGeneratedFile, /Users/mindhacker999/STM32CubeIDE/workspace_1.17.0/Sonya-Tech/Sonya Tech Main MCU/MXTmpFiles/rtos_threads.tmp_save
2025-05-25 17:10:45,252 [INFO] CodeEngine:279 - Generated code: /Users/mindhacker999/STM32CubeIDE/workspace_1.17.0/Sonya-Tech/Sonya Tech Main MCU/MXTmpFiles/rtos_threads.tmp
2025-05-25 17:10:45,279 [INFO] Middleware:1450 - No code input for Bsp Dependency
2025-05-25 17:10:45,284 [INFO] CodeEngine:255 - oldGeneratedFile, /Users/mindhacker999/STM32CubeIDE/workspace_1.17.0/Sonya-Tech/Sonya Tech Main MCU/MXTmpFiles/rtos_inc.tmp_save
2025-05-25 17:10:45,362 [INFO] CodeEngine:279 - Generated code: /Users/mindhacker999/STM32CubeIDE/workspace_1.17.0/Sonya-Tech/Sonya Tech Main MCU/MXTmpFiles/rtos_inc.tmp
2025-05-25 17:10:45,365 [INFO] CodeEngine:255 - oldGeneratedFile, /Users/mindhacker999/STM32CubeIDE/workspace_1.17.0/Sonya-Tech/Sonya Tech Main MCU/MXTmpFiles/rtos_vars.tmp_save
2025-05-25 17:10:45,427 [INFO] CodeEngine:279 - Generated code: /Users/mindhacker999/STM32CubeIDE/workspace_1.17.0/Sonya-Tech/Sonya Tech Main MCU/MXTmpFiles/rtos_vars.tmp
2025-05-25 17:10:45,430 [INFO] CodeEngine:255 - oldGeneratedFile, /Users/mindhacker999/STM32CubeIDE/workspace_1.17.0/Sonya-Tech/Sonya Tech Main MCU/MXTmpFiles/rtos_pfp.tmp_save
2025-05-25 17:10:45,494 [INFO] CodeEngine:279 - Generated code: /Users/mindhacker999/STM32CubeIDE/workspace_1.17.0/Sonya-Tech/Sonya Tech Main MCU/MXTmpFiles/rtos_pfp.tmp
2025-05-25 17:10:45,497 [INFO] CodeEngine:255 - oldGeneratedFile, /Users/mindhacker999/STM32CubeIDE/workspace_1.17.0/Sonya-Tech/Sonya Tech Main MCU/MXTmpFiles/rtos_obj_creat.tmp_save
2025-05-25 17:10:45,558 [INFO] CodeEngine:279 - Generated code: /Users/mindhacker999/STM32CubeIDE/workspace_1.17.0/Sonya-Tech/Sonya Tech Main MCU/MXTmpFiles/rtos_obj_creat.tmp
2025-05-25 17:10:45,561 [INFO] CodeEngine:255 - oldGeneratedFile, /Users/mindhacker999/STM32CubeIDE/workspace_1.17.0/Sonya-Tech/Sonya Tech Main MCU/MXTmpFiles/rtos_kernelStart.tmp_save
2025-05-25 17:10:45,617 [INFO] CodeEngine:279 - Generated code: /Users/mindhacker999/STM32CubeIDE/workspace_1.17.0/Sonya-Tech/Sonya Tech Main MCU/MXTmpFiles/rtos_kernelStart.tmp
2025-05-25 17:10:45,620 [INFO] CodeEngine:255 - oldGeneratedFile, /Users/mindhacker999/STM32CubeIDE/workspace_1.17.0/Sonya-Tech/Sonya Tech Main MCU/MXTmpFiles/rtos_default_thread.tmp_save
2025-05-25 17:10:45,680 [INFO] CodeEngine:279 - Generated code: /Users/mindhacker999/STM32CubeIDE/workspace_1.17.0/Sonya-Tech/Sonya Tech Main MCU/MXTmpFiles/rtos_default_thread.tmp
2025-05-25 17:10:45,682 [INFO] CodeEngine:255 - oldGeneratedFile, /Users/mindhacker999/STM32CubeIDE/workspace_1.17.0/Sonya-Tech/Sonya Tech Main MCU/MXTmpFiles/rtos_threads.tmp_save
2025-05-25 17:10:45,743 [INFO] CodeEngine:279 - Generated code: /Users/mindhacker999/STM32CubeIDE/workspace_1.17.0/Sonya-Tech/Sonya Tech Main MCU/MXTmpFiles/rtos_threads.tmp
2025-05-25 17:10:45,747 [INFO] CodeEngine:255 - oldGeneratedFile, /Users/mindhacker999/STM32CubeIDE/workspace_1.17.0/Sonya-Tech/Sonya Tech Main MCU/Core/Inc/FreeRTOSConfig.h_save
2025-05-25 17:10:45,827 [INFO] CodeEngine:279 - Generated code: /Users/mindhacker999/STM32CubeIDE/workspace_1.17.0/Sonya-Tech/Sonya Tech Main MCU/Core/Inc/FreeRTOSConfig.h
2025-05-25 17:10:45,830 [INFO] CodeEngine:255 - oldGeneratedFile, /Users/mindhacker999/STM32CubeIDE/workspace_1.17.0/Sonya-Tech/Sonya Tech Main MCU/Core/Src/freertos.c_save
2025-05-25 17:10:45,898 [INFO] CodeEngine:279 - Generated code: /Users/mindhacker999/STM32CubeIDE/workspace_1.17.0/Sonya-Tech/Sonya Tech Main MCU/Core/Src/freertos.c
2025-05-25 17:10:45,921 [INFO] CodeEngine:255 - oldGeneratedFile, /Users/mindhacker999/STM32CubeIDE/workspace_1.17.0/Sonya-Tech/Sonya Tech Main MCU/MXTmpFiles/dma.tmp_save
2025-05-25 17:10:45,983 [INFO] CodeEngine:279 - Generated code: /Users/mindhacker999/STM32CubeIDE/workspace_1.17.0/Sonya-Tech/Sonya Tech Main MCU/MXTmpFiles/dma.tmp
2025-05-25 17:10:45,984 [INFO] CodeEngine:255 - oldGeneratedFile, /Users/mindhacker999/STM32CubeIDE/workspace_1.17.0/Sonya-Tech/Sonya Tech Main MCU/MXTmpFiles/dma_GV.tmp_save
2025-05-25 17:10:46,062 [INFO] CodeEngine:279 - Generated code: /Users/mindhacker999/STM32CubeIDE/workspace_1.17.0/Sonya-Tech/Sonya Tech Main MCU/MXTmpFiles/dma_GV.tmp
2025-05-25 17:10:46,080 [INFO] CodeEngine:255 - oldGeneratedFile, /Users/mindhacker999/STM32CubeIDE/workspace_1.17.0/Sonya-Tech/Sonya Tech Main MCU/Core/Src/stm32f4xx_it.c_save
2025-05-25 17:10:46,348 [INFO] CodeEngine:279 - Generated code: /Users/mindhacker999/STM32CubeIDE/workspace_1.17.0/Sonya-Tech/Sonya Tech Main MCU/Core/Src/stm32f4xx_it.c
2025-05-25 17:10:46,350 [INFO] CodeEngine:255 - oldGeneratedFile, /Users/mindhacker999/STM32CubeIDE/workspace_1.17.0/Sonya-Tech/Sonya Tech Main MCU/Core/Inc/stm32f4xx_it.h_save
2025-05-25 17:10:46,487 [INFO] CodeEngine:279 - Generated code: /Users/mindhacker999/STM32CubeIDE/workspace_1.17.0/Sonya-Tech/Sonya Tech Main MCU/Core/Inc/stm32f4xx_it.h
2025-05-25 17:10:46,507 [INFO] CodeEngine:255 - oldGeneratedFile, /Users/mindhacker999/STM32CubeIDE/workspace_1.17.0/Sonya-Tech/Sonya Tech Main MCU/Core/Src/stm32f4xx_hal_msp.c_save
2025-05-25 17:10:46,664 [INFO] CodeEngine:279 - Generated code: /Users/mindhacker999/STM32CubeIDE/workspace_1.17.0/Sonya-Tech/Sonya Tech Main MCU/Core/Src/stm32f4xx_hal_msp.c
2025-05-25 17:10:46,666 [INFO] CodeEngine:255 - oldGeneratedFile, /Users/mindhacker999/STM32CubeIDE/workspace_1.17.0/Sonya-Tech/Sonya Tech Main MCU/MXTmpFiles/system.tmp_save
2025-05-25 17:10:46,750 [INFO] CodeEngine:279 - Generated code: /Users/mindhacker999/STM32CubeIDE/workspace_1.17.0/Sonya-Tech/Sonya Tech Main MCU/MXTmpFiles/system.tmp
2025-05-25 17:10:46,753 [INFO] CodeEngine:255 - oldGeneratedFile, /Users/mindhacker999/STM32CubeIDE/workspace_1.17.0/Sonya-Tech/Sonya Tech Main MCU/Core/Src/stm32f4xx_hal_timebase_tim.c_save
2025-05-25 17:10:46,834 [INFO] CodeEngine:279 - Generated code: /Users/mindhacker999/STM32CubeIDE/workspace_1.17.0/Sonya-Tech/Sonya Tech Main MCU/Core/Src/stm32f4xx_hal_timebase_tim.c
2025-05-25 17:10:46,843 [INFO] CodeEngine:311 - oldGeneratedFile, /Users/mindhacker999/STM32CubeIDE/workspace_1.17.0/Sonya-Tech/Sonya Tech Main MCU/Core/Inc/stm32f4xx_hal_conf.h_save
2025-05-25 17:10:46,910 [INFO] CodeEngine:335 - Generated code: /Users/mindhacker999/STM32CubeIDE/workspace_1.17.0/Sonya-Tech/Sonya Tech Main MCU/Core/Inc/stm32f4xx_hal_conf.h
2025-05-25 17:10:47,041 [WARN] IPConfigManager:3618 - IP not found : TIM
2025-05-25 17:10:47,042 [WARN] CodeGenerator:4152 - IP not found : null
2025-05-25 17:10:47,047 [INFO] CodeEngine:255 - oldGeneratedFile, /Users/mindhacker999/STM32CubeIDE/workspace_1.17.0/Sonya-Tech/Sonya Tech Main MCU/Core/Inc/main.h_save
2025-05-25 17:10:47,172 [INFO] CodeEngine:279 - Generated code: /Users/mindhacker999/STM32CubeIDE/workspace_1.17.0/Sonya-Tech/Sonya Tech Main MCU/Core/Inc/main.h
2025-05-25 17:10:47,176 [INFO] CodeEngine:255 - oldGeneratedFile, /Users/mindhacker999/STM32CubeIDE/workspace_1.17.0/Sonya-Tech/Sonya Tech Main MCU/Core/Src/main.c_save
2025-05-25 17:10:47,367 [INFO] CodeEngine:279 - Generated code: /Users/mindhacker999/STM32CubeIDE/workspace_1.17.0/Sonya-Tech/Sonya Tech Main MCU/Core/Src/main.c
2025-05-25 17:10:48,201 [INFO] ProjectBuilder:3289 - Time for Copy HAL[1] : 124mS.
2025-05-25 17:10:48,234 [INFO] ProjectBuilder:4876 - Project Generator version: 4.5.0-RC5
2025-05-25 17:10:48,524 [INFO] ConfigFileManager:1579 - The Die is : DIE431
2025-05-25 17:10:51,015 [INFO] ProjectBuilder:5154 - Time for Generating toolchain IDE Files: 2781mS.
2025-05-25 17:10:51,019 [INFO] ProjectBuilder:3146 - Time for Copy CMSIS : 1mS.
2025-05-25 17:10:51,025 [INFO] ProjectBuilder:3146 - Time for Copy CMSIS : 1mS.
2025-05-25 17:12:03,210 [INFO] Gpio:277 - dependency for GPIO [RCC, SYS, TIM2, TIM3, TIM4, TIM5, USART1]
2025-05-25 17:13:21,658 [INFO] UtilMem:75 - End SaveConfig() Used Memory: 941734448 Bytes (1073741824)
2025-05-25 17:13:23,012 [INFO] UtilMem:75 - End SaveConfig() Used Memory: 963754544 Bytes (1073741824)
2025-05-25 17:13:25,574 [INFO] UtilMem:75 - End SaveConfig() Used Memory: 791222464 Bytes (1073741824)
2025-05-25 17:13:27,330 [INFO] BlockDiagram:2766 - set Specific Code input for plugin: NVIC
2025-05-25 17:13:27,354 [INFO] BlockDiagram:2766 - set Specific Code input for plugin: FREERTOS
2025-05-25 17:13:27,357 [INFO] BlockDiagram:2766 - set Specific Code input for plugin: USART
2025-05-25 17:13:27,357 [INFO] BlockDiagram:2766 - set Specific Code input for plugin: DMA
2025-05-25 17:13:27,357 [INFO] BlockDiagram:2766 - set Specific Code input for plugin: TIM1_8
2025-05-25 17:13:27,357 [INFO] BlockDiagram:2766 - set Specific Code input for plugin: TIM1_8
2025-05-25 17:13:27,357 [INFO] BlockDiagram:2766 - set Specific Code input for plugin: TIM1_8
2025-05-25 17:13:27,357 [INFO] BlockDiagram:2766 - set Specific Code input for plugin: TIM1_8
2025-05-25 17:13:27,357 [INFO] BlockDiagram:2766 - set Specific Code input for plugin: TIM1_8
2025-05-25 17:13:27,357 [INFO] BlockDiagram:2766 - set Specific Code input for plugin: SYS
2025-05-25 17:13:27,359 [INFO] BlockDiagram:2766 - set Specific Code input for plugin: GPIO
2025-05-25 17:13:27,359 [INFO] BlockDiagram:2766 - set Specific Code input for plugin: RCC
2025-05-25 17:13:27,363 [INFO] CodeGenerator:896 - code generatio: config db path: /Applications/STM32CubeIDE.app/Contents/Eclipse/plugins/com.st.stm32cube.common.mx_6.13.0.202411220809//db/
2025-05-25 17:13:27,454 [INFO] Argument:325 - Argument : hdmavalue: null
2025-05-25 17:13:27,454 [INFO] Argument:327 - 	 sub Args: 
2025-05-25 17:13:27,455 [INFO] Argument:325 - Argument : Instancevalue: DMA2_Stream2
2025-05-25 17:13:27,455 [INFO] Argument:335 - Argument : Instancevalue: DMA2_Stream2
2025-05-25 17:13:27,455 [INFO] Argument:325 - Argument : Initvalue: null
2025-05-25 17:13:27,455 [INFO] Argument:327 - 	 sub Args: 
2025-05-25 17:13:27,455 [INFO] Argument:325 - Argument : Channelvalue: DMA_CHANNEL_4
2025-05-25 17:13:27,455 [INFO] Argument:335 - Argument : Channelvalue: DMA_CHANNEL_4
2025-05-25 17:13:27,455 [INFO] Argument:325 - Argument : Directionvalue: DMA_PERIPH_TO_MEMORY
2025-05-25 17:13:27,455 [INFO] Argument:335 - Argument : Directionvalue: DMA_PERIPH_TO_MEMORY
2025-05-25 17:13:27,455 [INFO] Argument:325 - Argument : PeriphIncvalue: DMA_PINC_DISABLE
2025-05-25 17:13:27,455 [INFO] Argument:335 - Argument : PeriphIncvalue: DMA_PINC_DISABLE
2025-05-25 17:13:27,455 [INFO] Argument:325 - Argument : MemIncvalue: DMA_MINC_ENABLE
2025-05-25 17:13:27,455 [INFO] Argument:335 - Argument : MemIncvalue: DMA_MINC_ENABLE
2025-05-25 17:13:27,455 [INFO] Argument:325 - Argument : PeriphDataAlignmentvalue: DMA_PDATAALIGN_BYTE
2025-05-25 17:13:27,455 [INFO] Argument:335 - Argument : PeriphDataAlignmentvalue: DMA_PDATAALIGN_BYTE
2025-05-25 17:13:27,455 [INFO] Argument:325 - Argument : MemDataAlignmentvalue: DMA_MDATAALIGN_BYTE
2025-05-25 17:13:27,455 [INFO] Argument:335 - Argument : MemDataAlignmentvalue: DMA_MDATAALIGN_BYTE
2025-05-25 17:13:27,455 [INFO] Argument:325 - Argument : Modevalue: DMA_NORMAL
2025-05-25 17:13:27,455 [INFO] Argument:335 - Argument : Modevalue: DMA_NORMAL
2025-05-25 17:13:27,455 [INFO] Argument:325 - Argument : Priorityvalue: DMA_PRIORITY_LOW
2025-05-25 17:13:27,455 [INFO] Argument:335 - Argument : Priorityvalue: DMA_PRIORITY_LOW
2025-05-25 17:13:27,455 [INFO] Argument:325 - Argument : FIFOModevalue: DMA_FIFOMODE_DISABLE
2025-05-25 17:13:27,455 [INFO] Argument:335 - Argument : FIFOModevalue: DMA_FIFOMODE_DISABLE
2025-05-25 17:13:27,455 [INFO] Argument:325 - Argument : FIFOThresholdvalue: null
2025-05-25 17:13:27,455 [INFO] Argument:335 - Argument : FIFOThresholdvalue: null
2025-05-25 17:13:27,455 [INFO] Argument:325 - Argument : MemBurstvalue: null
2025-05-25 17:13:27,455 [INFO] Argument:335 - Argument : MemBurstvalue: null
2025-05-25 17:13:27,455 [INFO] Argument:325 - Argument : PeriphBurstvalue: null
2025-05-25 17:13:27,455 [INFO] Argument:335 - Argument : PeriphBurstvalue: null
2025-05-25 17:13:27,455 [INFO] Argument:325 - Argument : Lockvalue: null
2025-05-25 17:13:27,455 [INFO] Argument:335 - Argument : Lockvalue: null
2025-05-25 17:13:27,455 [INFO] Argument:325 - Argument : Statevalue: null
2025-05-25 17:13:27,455 [INFO] Argument:335 - Argument : Statevalue: null
2025-05-25 17:13:27,455 [INFO] Argument:325 - Argument : Parentvalue: null
2025-05-25 17:13:27,455 [INFO] Argument:335 - Argument : Parentvalue: null
2025-05-25 17:13:27,455 [INFO] Argument:325 - Argument : XferCpltCallbackvalue: null
2025-05-25 17:13:27,455 [INFO] Argument:335 - Argument : XferCpltCallbackvalue: null
2025-05-25 17:13:27,455 [INFO] Argument:325 - Argument : XferHalfCpltCallbackvalue: null
2025-05-25 17:13:27,455 [INFO] Argument:335 - Argument : XferHalfCpltCallbackvalue: null
2025-05-25 17:13:27,455 [INFO] Argument:325 - Argument : XferM1CpltCallbackvalue: null
2025-05-25 17:13:27,455 [INFO] Argument:335 - Argument : XferM1CpltCallbackvalue: null
2025-05-25 17:13:27,455 [INFO] Argument:325 - Argument : XferErrorCallbackvalue: null
2025-05-25 17:13:27,455 [INFO] Argument:335 - Argument : XferErrorCallbackvalue: null
2025-05-25 17:13:27,455 [INFO] Argument:325 - Argument : ErrorCodevalue: null
2025-05-25 17:13:27,455 [INFO] Argument:335 - Argument : ErrorCodevalue: null
2025-05-25 17:13:27,585 [INFO] CodeEngine:255 - oldGeneratedFile, /Users/mindhacker999/STM32CubeIDE/workspace_1.17.0/Sonya-Tech/Sonya Tech Main MCU/MXTmpFiles/license.tmp_save
2025-05-25 17:13:27,751 [INFO] CodeEngine:279 - Generated code: /Users/mindhacker999/STM32CubeIDE/workspace_1.17.0/Sonya-Tech/Sonya Tech Main MCU/MXTmpFiles/license.tmp
2025-05-25 17:13:27,836 [INFO] CodeEngine:255 - oldGeneratedFile, /Users/mindhacker999/STM32CubeIDE/workspace_1.17.0/Sonya-Tech/Sonya Tech Main MCU/MXTmpFiles/gpio.tmp_save
2025-05-25 17:13:27,974 [INFO] CodeEngine:279 - Generated code: /Users/mindhacker999/STM32CubeIDE/workspace_1.17.0/Sonya-Tech/Sonya Tech Main MCU/MXTmpFiles/gpio.tmp
2025-05-25 17:13:28,266 [INFO] Middleware:1450 - No code input for Bsp Dependency
2025-05-25 17:13:28,273 [INFO] CodeEngine:255 - oldGeneratedFile, /Users/mindhacker999/STM32CubeIDE/workspace_1.17.0/Sonya-Tech/Sonya Tech Main MCU/MXTmpFiles/rtos_inc.tmp_save
2025-05-25 17:13:28,324 [INFO] CodeEngine:279 - Generated code: /Users/mindhacker999/STM32CubeIDE/workspace_1.17.0/Sonya-Tech/Sonya Tech Main MCU/MXTmpFiles/rtos_inc.tmp
2025-05-25 17:13:28,325 [INFO] CodeEngine:255 - oldGeneratedFile, /Users/mindhacker999/STM32CubeIDE/workspace_1.17.0/Sonya-Tech/Sonya Tech Main MCU/MXTmpFiles/rtos_vars.tmp_save
2025-05-25 17:13:28,380 [INFO] CodeEngine:279 - Generated code: /Users/mindhacker999/STM32CubeIDE/workspace_1.17.0/Sonya-Tech/Sonya Tech Main MCU/MXTmpFiles/rtos_vars.tmp
2025-05-25 17:13:28,384 [INFO] CodeEngine:255 - oldGeneratedFile, /Users/mindhacker999/STM32CubeIDE/workspace_1.17.0/Sonya-Tech/Sonya Tech Main MCU/MXTmpFiles/rtos_pfp.tmp_save
2025-05-25 17:13:28,439 [INFO] CodeEngine:279 - Generated code: /Users/mindhacker999/STM32CubeIDE/workspace_1.17.0/Sonya-Tech/Sonya Tech Main MCU/MXTmpFiles/rtos_pfp.tmp
2025-05-25 17:13:28,441 [INFO] CodeEngine:255 - oldGeneratedFile, /Users/mindhacker999/STM32CubeIDE/workspace_1.17.0/Sonya-Tech/Sonya Tech Main MCU/MXTmpFiles/rtos_obj_creat.tmp_save
2025-05-25 17:13:28,497 [INFO] CodeEngine:279 - Generated code: /Users/mindhacker999/STM32CubeIDE/workspace_1.17.0/Sonya-Tech/Sonya Tech Main MCU/MXTmpFiles/rtos_obj_creat.tmp
2025-05-25 17:13:28,499 [INFO] CodeEngine:255 - oldGeneratedFile, /Users/mindhacker999/STM32CubeIDE/workspace_1.17.0/Sonya-Tech/Sonya Tech Main MCU/MXTmpFiles/rtos_kernelStart.tmp_save
2025-05-25 17:13:28,558 [INFO] CodeEngine:279 - Generated code: /Users/mindhacker999/STM32CubeIDE/workspace_1.17.0/Sonya-Tech/Sonya Tech Main MCU/MXTmpFiles/rtos_kernelStart.tmp
2025-05-25 17:13:28,560 [INFO] CodeEngine:255 - oldGeneratedFile, /Users/mindhacker999/STM32CubeIDE/workspace_1.17.0/Sonya-Tech/Sonya Tech Main MCU/MXTmpFiles/rtos_default_thread.tmp_save
2025-05-25 17:13:28,612 [INFO] CodeEngine:279 - Generated code: /Users/mindhacker999/STM32CubeIDE/workspace_1.17.0/Sonya-Tech/Sonya Tech Main MCU/MXTmpFiles/rtos_default_thread.tmp
2025-05-25 17:13:28,614 [INFO] CodeEngine:255 - oldGeneratedFile, /Users/mindhacker999/STM32CubeIDE/workspace_1.17.0/Sonya-Tech/Sonya Tech Main MCU/MXTmpFiles/rtos_threads.tmp_save
2025-05-25 17:13:28,674 [INFO] CodeEngine:279 - Generated code: /Users/mindhacker999/STM32CubeIDE/workspace_1.17.0/Sonya-Tech/Sonya Tech Main MCU/MXTmpFiles/rtos_threads.tmp
2025-05-25 17:13:28,695 [INFO] Middleware:1450 - No code input for Bsp Dependency
2025-05-25 17:13:28,699 [INFO] CodeEngine:255 - oldGeneratedFile, /Users/mindhacker999/STM32CubeIDE/workspace_1.17.0/Sonya-Tech/Sonya Tech Main MCU/MXTmpFiles/rtos_inc.tmp_save
2025-05-25 17:13:28,753 [INFO] CodeEngine:279 - Generated code: /Users/mindhacker999/STM32CubeIDE/workspace_1.17.0/Sonya-Tech/Sonya Tech Main MCU/MXTmpFiles/rtos_inc.tmp
2025-05-25 17:13:28,755 [INFO] CodeEngine:255 - oldGeneratedFile, /Users/mindhacker999/STM32CubeIDE/workspace_1.17.0/Sonya-Tech/Sonya Tech Main MCU/MXTmpFiles/rtos_vars.tmp_save
2025-05-25 17:13:28,826 [INFO] CodeEngine:279 - Generated code: /Users/mindhacker999/STM32CubeIDE/workspace_1.17.0/Sonya-Tech/Sonya Tech Main MCU/MXTmpFiles/rtos_vars.tmp
2025-05-25 17:13:28,827 [INFO] CodeEngine:255 - oldGeneratedFile, /Users/mindhacker999/STM32CubeIDE/workspace_1.17.0/Sonya-Tech/Sonya Tech Main MCU/MXTmpFiles/rtos_pfp.tmp_save
2025-05-25 17:13:28,879 [INFO] CodeEngine:279 - Generated code: /Users/mindhacker999/STM32CubeIDE/workspace_1.17.0/Sonya-Tech/Sonya Tech Main MCU/MXTmpFiles/rtos_pfp.tmp
2025-05-25 17:13:28,881 [INFO] CodeEngine:255 - oldGeneratedFile, /Users/mindhacker999/STM32CubeIDE/workspace_1.17.0/Sonya-Tech/Sonya Tech Main MCU/MXTmpFiles/rtos_obj_creat.tmp_save
2025-05-25 17:13:28,942 [INFO] CodeEngine:279 - Generated code: /Users/mindhacker999/STM32CubeIDE/workspace_1.17.0/Sonya-Tech/Sonya Tech Main MCU/MXTmpFiles/rtos_obj_creat.tmp
2025-05-25 17:13:28,943 [INFO] CodeEngine:255 - oldGeneratedFile, /Users/mindhacker999/STM32CubeIDE/workspace_1.17.0/Sonya-Tech/Sonya Tech Main MCU/MXTmpFiles/rtos_kernelStart.tmp_save
2025-05-25 17:13:28,995 [INFO] CodeEngine:279 - Generated code: /Users/mindhacker999/STM32CubeIDE/workspace_1.17.0/Sonya-Tech/Sonya Tech Main MCU/MXTmpFiles/rtos_kernelStart.tmp
2025-05-25 17:13:28,997 [INFO] CodeEngine:255 - oldGeneratedFile, /Users/mindhacker999/STM32CubeIDE/workspace_1.17.0/Sonya-Tech/Sonya Tech Main MCU/MXTmpFiles/rtos_default_thread.tmp_save
2025-05-25 17:13:29,050 [INFO] CodeEngine:279 - Generated code: /Users/mindhacker999/STM32CubeIDE/workspace_1.17.0/Sonya-Tech/Sonya Tech Main MCU/MXTmpFiles/rtos_default_thread.tmp
2025-05-25 17:13:29,052 [INFO] CodeEngine:255 - oldGeneratedFile, /Users/mindhacker999/STM32CubeIDE/workspace_1.17.0/Sonya-Tech/Sonya Tech Main MCU/MXTmpFiles/rtos_threads.tmp_save
2025-05-25 17:13:29,107 [INFO] CodeEngine:279 - Generated code: /Users/mindhacker999/STM32CubeIDE/workspace_1.17.0/Sonya-Tech/Sonya Tech Main MCU/MXTmpFiles/rtos_threads.tmp
2025-05-25 17:13:29,110 [INFO] CodeEngine:255 - oldGeneratedFile, /Users/mindhacker999/STM32CubeIDE/workspace_1.17.0/Sonya-Tech/Sonya Tech Main MCU/Core/Inc/FreeRTOSConfig.h_save
2025-05-25 17:13:29,177 [INFO] CodeEngine:279 - Generated code: /Users/mindhacker999/STM32CubeIDE/workspace_1.17.0/Sonya-Tech/Sonya Tech Main MCU/Core/Inc/FreeRTOSConfig.h
2025-05-25 17:13:29,179 [INFO] CodeEngine:255 - oldGeneratedFile, /Users/mindhacker999/STM32CubeIDE/workspace_1.17.0/Sonya-Tech/Sonya Tech Main MCU/Core/Src/freertos.c_save
2025-05-25 17:13:29,235 [INFO] CodeEngine:279 - Generated code: /Users/mindhacker999/STM32CubeIDE/workspace_1.17.0/Sonya-Tech/Sonya Tech Main MCU/Core/Src/freertos.c
2025-05-25 17:13:29,258 [INFO] CodeEngine:255 - oldGeneratedFile, /Users/mindhacker999/STM32CubeIDE/workspace_1.17.0/Sonya-Tech/Sonya Tech Main MCU/MXTmpFiles/dma.tmp_save
2025-05-25 17:13:29,311 [INFO] CodeEngine:279 - Generated code: /Users/mindhacker999/STM32CubeIDE/workspace_1.17.0/Sonya-Tech/Sonya Tech Main MCU/MXTmpFiles/dma.tmp
2025-05-25 17:13:29,312 [INFO] CodeEngine:255 - oldGeneratedFile, /Users/mindhacker999/STM32CubeIDE/workspace_1.17.0/Sonya-Tech/Sonya Tech Main MCU/MXTmpFiles/dma_GV.tmp_save
2025-05-25 17:13:29,359 [INFO] CodeEngine:279 - Generated code: /Users/mindhacker999/STM32CubeIDE/workspace_1.17.0/Sonya-Tech/Sonya Tech Main MCU/MXTmpFiles/dma_GV.tmp
2025-05-25 17:13:29,369 [INFO] CodeEngine:255 - oldGeneratedFile, /Users/mindhacker999/STM32CubeIDE/workspace_1.17.0/Sonya-Tech/Sonya Tech Main MCU/Core/Src/stm32f4xx_it.c_save
2025-05-25 17:13:29,450 [INFO] CodeEngine:279 - Generated code: /Users/mindhacker999/STM32CubeIDE/workspace_1.17.0/Sonya-Tech/Sonya Tech Main MCU/Core/Src/stm32f4xx_it.c
2025-05-25 17:13:29,453 [INFO] CodeEngine:255 - oldGeneratedFile, /Users/mindhacker999/STM32CubeIDE/workspace_1.17.0/Sonya-Tech/Sonya Tech Main MCU/Core/Inc/stm32f4xx_it.h_save
2025-05-25 17:13:29,502 [INFO] CodeEngine:279 - Generated code: /Users/mindhacker999/STM32CubeIDE/workspace_1.17.0/Sonya-Tech/Sonya Tech Main MCU/Core/Inc/stm32f4xx_it.h
2025-05-25 17:13:29,515 [INFO] CodeEngine:255 - oldGeneratedFile, /Users/mindhacker999/STM32CubeIDE/workspace_1.17.0/Sonya-Tech/Sonya Tech Main MCU/Core/Src/stm32f4xx_hal_msp.c_save
2025-05-25 17:13:29,610 [INFO] CodeEngine:279 - Generated code: /Users/mindhacker999/STM32CubeIDE/workspace_1.17.0/Sonya-Tech/Sonya Tech Main MCU/Core/Src/stm32f4xx_hal_msp.c
2025-05-25 17:13:29,618 [INFO] CodeEngine:255 - oldGeneratedFile, /Users/mindhacker999/STM32CubeIDE/workspace_1.17.0/Sonya-Tech/Sonya Tech Main MCU/MXTmpFiles/system.tmp_save
2025-05-25 17:13:29,675 [INFO] CodeEngine:279 - Generated code: /Users/mindhacker999/STM32CubeIDE/workspace_1.17.0/Sonya-Tech/Sonya Tech Main MCU/MXTmpFiles/system.tmp
2025-05-25 17:13:29,679 [INFO] CodeEngine:255 - oldGeneratedFile, /Users/mindhacker999/STM32CubeIDE/workspace_1.17.0/Sonya-Tech/Sonya Tech Main MCU/Core/Src/stm32f4xx_hal_timebase_tim.c_save
2025-05-25 17:13:29,734 [INFO] CodeEngine:279 - Generated code: /Users/mindhacker999/STM32CubeIDE/workspace_1.17.0/Sonya-Tech/Sonya Tech Main MCU/Core/Src/stm32f4xx_hal_timebase_tim.c
2025-05-25 17:13:29,739 [INFO] CodeEngine:311 - oldGeneratedFile, /Users/mindhacker999/STM32CubeIDE/workspace_1.17.0/Sonya-Tech/Sonya Tech Main MCU/Core/Inc/stm32f4xx_hal_conf.h_save
2025-05-25 17:13:29,805 [INFO] CodeEngine:335 - Generated code: /Users/mindhacker999/STM32CubeIDE/workspace_1.17.0/Sonya-Tech/Sonya Tech Main MCU/Core/Inc/stm32f4xx_hal_conf.h
2025-05-25 17:13:29,851 [WARN] IPConfigManager:3618 - IP not found : TIM
2025-05-25 17:13:29,852 [WARN] CodeGenerator:4152 - IP not found : null
2025-05-25 17:13:29,856 [INFO] CodeEngine:255 - oldGeneratedFile, /Users/mindhacker999/STM32CubeIDE/workspace_1.17.0/Sonya-Tech/Sonya Tech Main MCU/Core/Inc/main.h_save
2025-05-25 17:13:29,920 [INFO] CodeEngine:279 - Generated code: /Users/mindhacker999/STM32CubeIDE/workspace_1.17.0/Sonya-Tech/Sonya Tech Main MCU/Core/Inc/main.h
2025-05-25 17:13:29,922 [INFO] CodeEngine:255 - oldGeneratedFile, /Users/mindhacker999/STM32CubeIDE/workspace_1.17.0/Sonya-Tech/Sonya Tech Main MCU/Core/Src/main.c_save
2025-05-25 17:13:30,097 [INFO] CodeEngine:279 - Generated code: /Users/mindhacker999/STM32CubeIDE/workspace_1.17.0/Sonya-Tech/Sonya Tech Main MCU/Core/Src/main.c
2025-05-25 17:13:30,830 [INFO] ProjectBuilder:3289 - Time for Copy HAL[1] : 117mS.
2025-05-25 17:13:30,858 [INFO] ProjectBuilder:4876 - Project Generator version: 4.5.0-RC5
2025-05-25 17:13:31,140 [INFO] ConfigFileManager:1579 - The Die is : DIE431
2025-05-25 17:13:33,221 [INFO] ProjectBuilder:5154 - Time for Generating toolchain IDE Files: 2363mS.
2025-05-25 17:13:33,224 [INFO] ProjectBuilder:3146 - Time for Copy CMSIS : 0mS.
2025-05-25 17:13:33,226 [INFO] ProjectBuilder:3146 - Time for Copy CMSIS : 0mS.
2025-05-25 17:39:42,575 [INFO] Gpio:277 - dependency for GPIO [RCC, SYS, TIM2, TIM3, TIM4, TIM5, USART1]
2025-05-25 20:11:41,432 [INFO] UtilMem:75 - End SaveConfig() Used Memory: 964176896 Bytes (1073741824)
2025-05-25 20:11:43,316 [INFO] UtilMem:75 - End SaveConfig() Used Memory: 986719232 Bytes (1073741824)
2025-05-25 20:11:46,705 [INFO] UtilMem:75 - End SaveConfig() Used Memory: 879392680 Bytes (1073741824)
2025-05-25 20:11:47,534 [INFO] BlockDiagram:2766 - set Specific Code input for plugin: NVIC
2025-05-25 20:11:47,535 [INFO] BlockDiagram:2766 - set Specific Code input for plugin: FREERTOS
2025-05-25 20:11:47,535 [INFO] BlockDiagram:2766 - set Specific Code input for plugin: USART
2025-05-25 20:11:47,535 [INFO] BlockDiagram:2766 - set Specific Code input for plugin: DMA
2025-05-25 20:11:47,535 [INFO] BlockDiagram:2766 - set Specific Code input for plugin: TIM1_8
2025-05-25 20:11:47,535 [INFO] BlockDiagram:2766 - set Specific Code input for plugin: TIM1_8
2025-05-25 20:11:47,535 [INFO] BlockDiagram:2766 - set Specific Code input for plugin: TIM1_8
2025-05-25 20:11:47,535 [INFO] BlockDiagram:2766 - set Specific Code input for plugin: TIM1_8
2025-05-25 20:11:47,535 [INFO] BlockDiagram:2766 - set Specific Code input for plugin: TIM1_8
2025-05-25 20:11:47,535 [INFO] BlockDiagram:2766 - set Specific Code input for plugin: SYS
2025-05-25 20:11:47,537 [INFO] BlockDiagram:2766 - set Specific Code input for plugin: GPIO
2025-05-25 20:11:47,538 [INFO] BlockDiagram:2766 - set Specific Code input for plugin: RCC
2025-05-25 20:11:47,542 [INFO] CodeGenerator:896 - code generatio: config db path: /Applications/STM32CubeIDE.app/Contents/Eclipse/plugins/com.st.stm32cube.common.mx_6.13.0.202411220809//db/
2025-05-25 20:11:47,634 [INFO] Argument:325 - Argument : hdmavalue: null
2025-05-25 20:11:47,634 [INFO] Argument:327 - 	 sub Args: 
2025-05-25 20:11:47,634 [INFO] Argument:325 - Argument : Instancevalue: DMA2_Stream2
2025-05-25 20:11:47,634 [INFO] Argument:335 - Argument : Instancevalue: DMA2_Stream2
2025-05-25 20:11:47,634 [INFO] Argument:325 - Argument : Initvalue: null
2025-05-25 20:11:47,634 [INFO] Argument:327 - 	 sub Args: 
2025-05-25 20:11:47,635 [INFO] Argument:325 - Argument : Channelvalue: DMA_CHANNEL_4
2025-05-25 20:11:47,635 [INFO] Argument:335 - Argument : Channelvalue: DMA_CHANNEL_4
2025-05-25 20:11:47,635 [INFO] Argument:325 - Argument : Directionvalue: DMA_PERIPH_TO_MEMORY
2025-05-25 20:11:47,635 [INFO] Argument:335 - Argument : Directionvalue: DMA_PERIPH_TO_MEMORY
2025-05-25 20:11:47,635 [INFO] Argument:325 - Argument : PeriphIncvalue: DMA_PINC_DISABLE
2025-05-25 20:11:47,635 [INFO] Argument:335 - Argument : PeriphIncvalue: DMA_PINC_DISABLE
2025-05-25 20:11:47,635 [INFO] Argument:325 - Argument : MemIncvalue: DMA_MINC_ENABLE
2025-05-25 20:11:47,635 [INFO] Argument:335 - Argument : MemIncvalue: DMA_MINC_ENABLE
2025-05-25 20:11:47,635 [INFO] Argument:325 - Argument : PeriphDataAlignmentvalue: DMA_PDATAALIGN_BYTE
2025-05-25 20:11:47,636 [INFO] Argument:335 - Argument : PeriphDataAlignmentvalue: DMA_PDATAALIGN_BYTE
2025-05-25 20:11:47,636 [INFO] Argument:325 - Argument : MemDataAlignmentvalue: DMA_MDATAALIGN_BYTE
2025-05-25 20:11:47,637 [INFO] Argument:335 - Argument : MemDataAlignmentvalue: DMA_MDATAALIGN_BYTE
2025-05-25 20:11:47,637 [INFO] Argument:325 - Argument : Modevalue: DMA_NORMAL
2025-05-25 20:11:47,637 [INFO] Argument:335 - Argument : Modevalue: DMA_NORMAL
2025-05-25 20:11:47,638 [INFO] Argument:325 - Argument : Priorityvalue: DMA_PRIORITY_LOW
2025-05-25 20:11:47,639 [INFO] Argument:335 - Argument : Priorityvalue: DMA_PRIORITY_LOW
2025-05-25 20:11:47,639 [INFO] Argument:325 - Argument : FIFOModevalue: DMA_FIFOMODE_DISABLE
2025-05-25 20:11:47,639 [INFO] Argument:335 - Argument : FIFOModevalue: DMA_FIFOMODE_DISABLE
2025-05-25 20:11:47,639 [INFO] Argument:325 - Argument : FIFOThresholdvalue: null
2025-05-25 20:11:47,639 [INFO] Argument:335 - Argument : FIFOThresholdvalue: null
2025-05-25 20:11:47,639 [INFO] Argument:325 - Argument : MemBurstvalue: null
2025-05-25 20:11:47,639 [INFO] Argument:335 - Argument : MemBurstvalue: null
2025-05-25 20:11:47,639 [INFO] Argument:325 - Argument : PeriphBurstvalue: null
2025-05-25 20:11:47,639 [INFO] Argument:335 - Argument : PeriphBurstvalue: null
2025-05-25 20:11:47,640 [INFO] Argument:325 - Argument : Lockvalue: null
2025-05-25 20:11:47,640 [INFO] Argument:335 - Argument : Lockvalue: null
2025-05-25 20:11:47,642 [INFO] Argument:325 - Argument : Statevalue: null
2025-05-25 20:11:47,643 [INFO] Argument:335 - Argument : Statevalue: null
2025-05-25 20:11:47,644 [INFO] Argument:325 - Argument : Parentvalue: null
2025-05-25 20:11:47,644 [INFO] Argument:335 - Argument : Parentvalue: null
2025-05-25 20:11:47,644 [INFO] Argument:325 - Argument : XferCpltCallbackvalue: null
2025-05-25 20:11:47,644 [INFO] Argument:335 - Argument : XferCpltCallbackvalue: null
2025-05-25 20:11:47,644 [INFO] Argument:325 - Argument : XferHalfCpltCallbackvalue: null
2025-05-25 20:11:47,644 [INFO] Argument:335 - Argument : XferHalfCpltCallbackvalue: null
2025-05-25 20:11:47,644 [INFO] Argument:325 - Argument : XferM1CpltCallbackvalue: null
2025-05-25 20:11:47,644 [INFO] Argument:335 - Argument : XferM1CpltCallbackvalue: null
2025-05-25 20:11:47,644 [INFO] Argument:325 - Argument : XferErrorCallbackvalue: null
2025-05-25 20:11:47,644 [INFO] Argument:335 - Argument : XferErrorCallbackvalue: null
2025-05-25 20:11:47,644 [INFO] Argument:325 - Argument : ErrorCodevalue: null
2025-05-25 20:11:47,644 [INFO] Argument:335 - Argument : ErrorCodevalue: null
2025-05-25 20:11:47,744 [INFO] CodeEngine:255 - oldGeneratedFile, /Users/mindhacker999/STM32CubeIDE/workspace_1.17.0/Sonya-Tech/Sonya Tech Main MCU/MXTmpFiles/license.tmp_save
2025-05-25 20:11:48,104 [INFO] CodeEngine:279 - Generated code: /Users/mindhacker999/STM32CubeIDE/workspace_1.17.0/Sonya-Tech/Sonya Tech Main MCU/MXTmpFiles/license.tmp
2025-05-25 20:11:48,206 [INFO] CodeEngine:255 - oldGeneratedFile, /Users/mindhacker999/STM32CubeIDE/workspace_1.17.0/Sonya-Tech/Sonya Tech Main MCU/MXTmpFiles/gpio.tmp_save
2025-05-25 20:11:48,376 [INFO] CodeEngine:279 - Generated code: /Users/mindhacker999/STM32CubeIDE/workspace_1.17.0/Sonya-Tech/Sonya Tech Main MCU/MXTmpFiles/gpio.tmp
2025-05-25 20:11:49,174 [INFO] Middleware:1450 - No code input for Bsp Dependency
2025-05-25 20:11:49,178 [INFO] CodeEngine:255 - oldGeneratedFile, /Users/mindhacker999/STM32CubeIDE/workspace_1.17.0/Sonya-Tech/Sonya Tech Main MCU/MXTmpFiles/rtos_inc.tmp_save
2025-05-25 20:11:49,272 [INFO] CodeEngine:279 - Generated code: /Users/mindhacker999/STM32CubeIDE/workspace_1.17.0/Sonya-Tech/Sonya Tech Main MCU/MXTmpFiles/rtos_inc.tmp
2025-05-25 20:11:49,274 [INFO] CodeEngine:255 - oldGeneratedFile, /Users/mindhacker999/STM32CubeIDE/workspace_1.17.0/Sonya-Tech/Sonya Tech Main MCU/MXTmpFiles/rtos_vars.tmp_save
2025-05-25 20:11:49,361 [INFO] CodeEngine:279 - Generated code: /Users/mindhacker999/STM32CubeIDE/workspace_1.17.0/Sonya-Tech/Sonya Tech Main MCU/MXTmpFiles/rtos_vars.tmp
2025-05-25 20:11:49,363 [INFO] CodeEngine:255 - oldGeneratedFile, /Users/mindhacker999/STM32CubeIDE/workspace_1.17.0/Sonya-Tech/Sonya Tech Main MCU/MXTmpFiles/rtos_pfp.tmp_save
2025-05-25 20:11:49,431 [INFO] CodeEngine:279 - Generated code: /Users/mindhacker999/STM32CubeIDE/workspace_1.17.0/Sonya-Tech/Sonya Tech Main MCU/MXTmpFiles/rtos_pfp.tmp
2025-05-25 20:11:49,433 [INFO] CodeEngine:255 - oldGeneratedFile, /Users/mindhacker999/STM32CubeIDE/workspace_1.17.0/Sonya-Tech/Sonya Tech Main MCU/MXTmpFiles/rtos_obj_creat.tmp_save
2025-05-25 20:11:49,504 [INFO] CodeEngine:279 - Generated code: /Users/mindhacker999/STM32CubeIDE/workspace_1.17.0/Sonya-Tech/Sonya Tech Main MCU/MXTmpFiles/rtos_obj_creat.tmp
2025-05-25 20:11:49,507 [INFO] CodeEngine:255 - oldGeneratedFile, /Users/mindhacker999/STM32CubeIDE/workspace_1.17.0/Sonya-Tech/Sonya Tech Main MCU/MXTmpFiles/rtos_kernelStart.tmp_save
2025-05-25 20:11:49,570 [INFO] CodeEngine:279 - Generated code: /Users/mindhacker999/STM32CubeIDE/workspace_1.17.0/Sonya-Tech/Sonya Tech Main MCU/MXTmpFiles/rtos_kernelStart.tmp
2025-05-25 20:11:49,573 [INFO] CodeEngine:255 - oldGeneratedFile, /Users/mindhacker999/STM32CubeIDE/workspace_1.17.0/Sonya-Tech/Sonya Tech Main MCU/MXTmpFiles/rtos_default_thread.tmp_save
2025-05-25 20:11:49,634 [INFO] CodeEngine:279 - Generated code: /Users/mindhacker999/STM32CubeIDE/workspace_1.17.0/Sonya-Tech/Sonya Tech Main MCU/MXTmpFiles/rtos_default_thread.tmp
2025-05-25 20:11:49,636 [INFO] CodeEngine:255 - oldGeneratedFile, /Users/mindhacker999/STM32CubeIDE/workspace_1.17.0/Sonya-Tech/Sonya Tech Main MCU/MXTmpFiles/rtos_threads.tmp_save
2025-05-25 20:11:49,693 [INFO] CodeEngine:279 - Generated code: /Users/mindhacker999/STM32CubeIDE/workspace_1.17.0/Sonya-Tech/Sonya Tech Main MCU/MXTmpFiles/rtos_threads.tmp
2025-05-25 20:11:49,714 [INFO] Middleware:1450 - No code input for Bsp Dependency
2025-05-25 20:11:49,719 [INFO] CodeEngine:255 - oldGeneratedFile, /Users/mindhacker999/STM32CubeIDE/workspace_1.17.0/Sonya-Tech/Sonya Tech Main MCU/MXTmpFiles/rtos_inc.tmp_save
2025-05-25 20:11:49,784 [INFO] CodeEngine:279 - Generated code: /Users/mindhacker999/STM32CubeIDE/workspace_1.17.0/Sonya-Tech/Sonya Tech Main MCU/MXTmpFiles/rtos_inc.tmp
2025-05-25 20:11:49,787 [INFO] CodeEngine:255 - oldGeneratedFile, /Users/mindhacker999/STM32CubeIDE/workspace_1.17.0/Sonya-Tech/Sonya Tech Main MCU/MXTmpFiles/rtos_vars.tmp_save
2025-05-25 20:11:49,847 [INFO] CodeEngine:279 - Generated code: /Users/mindhacker999/STM32CubeIDE/workspace_1.17.0/Sonya-Tech/Sonya Tech Main MCU/MXTmpFiles/rtos_vars.tmp
2025-05-25 20:11:49,848 [INFO] CodeEngine:255 - oldGeneratedFile, /Users/mindhacker999/STM32CubeIDE/workspace_1.17.0/Sonya-Tech/Sonya Tech Main MCU/MXTmpFiles/rtos_pfp.tmp_save
2025-05-25 20:11:49,905 [INFO] CodeEngine:279 - Generated code: /Users/mindhacker999/STM32CubeIDE/workspace_1.17.0/Sonya-Tech/Sonya Tech Main MCU/MXTmpFiles/rtos_pfp.tmp
2025-05-25 20:11:49,907 [INFO] CodeEngine:255 - oldGeneratedFile, /Users/mindhacker999/STM32CubeIDE/workspace_1.17.0/Sonya-Tech/Sonya Tech Main MCU/MXTmpFiles/rtos_obj_creat.tmp_save
2025-05-25 20:11:49,968 [INFO] CodeEngine:279 - Generated code: /Users/mindhacker999/STM32CubeIDE/workspace_1.17.0/Sonya-Tech/Sonya Tech Main MCU/MXTmpFiles/rtos_obj_creat.tmp
2025-05-25 20:11:49,971 [INFO] CodeEngine:255 - oldGeneratedFile, /Users/mindhacker999/STM32CubeIDE/workspace_1.17.0/Sonya-Tech/Sonya Tech Main MCU/MXTmpFiles/rtos_kernelStart.tmp_save
2025-05-25 20:11:50,033 [INFO] CodeEngine:279 - Generated code: /Users/mindhacker999/STM32CubeIDE/workspace_1.17.0/Sonya-Tech/Sonya Tech Main MCU/MXTmpFiles/rtos_kernelStart.tmp
2025-05-25 20:11:50,035 [INFO] CodeEngine:255 - oldGeneratedFile, /Users/mindhacker999/STM32CubeIDE/workspace_1.17.0/Sonya-Tech/Sonya Tech Main MCU/MXTmpFiles/rtos_default_thread.tmp_save
2025-05-25 20:11:50,237 [INFO] CodeEngine:279 - Generated code: /Users/mindhacker999/STM32CubeIDE/workspace_1.17.0/Sonya-Tech/Sonya Tech Main MCU/MXTmpFiles/rtos_default_thread.tmp
2025-05-25 20:11:50,286 [INFO] CodeEngine:255 - oldGeneratedFile, /Users/mindhacker999/STM32CubeIDE/workspace_1.17.0/Sonya-Tech/Sonya Tech Main MCU/MXTmpFiles/rtos_threads.tmp_save
2025-05-25 20:11:50,371 [INFO] CodeEngine:279 - Generated code: /Users/mindhacker999/STM32CubeIDE/workspace_1.17.0/Sonya-Tech/Sonya Tech Main MCU/MXTmpFiles/rtos_threads.tmp
2025-05-25 20:11:50,380 [INFO] CodeEngine:255 - oldGeneratedFile, /Users/mindhacker999/STM32CubeIDE/workspace_1.17.0/Sonya-Tech/Sonya Tech Main MCU/Core/Inc/FreeRTOSConfig.h_save
2025-05-25 20:11:50,516 [INFO] CodeEngine:279 - Generated code: /Users/mindhacker999/STM32CubeIDE/workspace_1.17.0/Sonya-Tech/Sonya Tech Main MCU/Core/Inc/FreeRTOSConfig.h
2025-05-25 20:11:50,518 [INFO] CodeEngine:255 - oldGeneratedFile, /Users/mindhacker999/STM32CubeIDE/workspace_1.17.0/Sonya-Tech/Sonya Tech Main MCU/Core/Src/freertos.c_save
2025-05-25 20:11:50,964 [INFO] CodeEngine:279 - Generated code: /Users/mindhacker999/STM32CubeIDE/workspace_1.17.0/Sonya-Tech/Sonya Tech Main MCU/Core/Src/freertos.c
2025-05-25 20:11:51,088 [INFO] CodeEngine:255 - oldGeneratedFile, /Users/mindhacker999/STM32CubeIDE/workspace_1.17.0/Sonya-Tech/Sonya Tech Main MCU/MXTmpFiles/dma.tmp_save
2025-05-25 20:11:51,185 [INFO] CodeEngine:279 - Generated code: /Users/mindhacker999/STM32CubeIDE/workspace_1.17.0/Sonya-Tech/Sonya Tech Main MCU/MXTmpFiles/dma.tmp
2025-05-25 20:11:51,190 [INFO] CodeEngine:255 - oldGeneratedFile, /Users/mindhacker999/STM32CubeIDE/workspace_1.17.0/Sonya-Tech/Sonya Tech Main MCU/MXTmpFiles/dma_GV.tmp_save
2025-05-25 20:11:51,246 [INFO] CodeEngine:279 - Generated code: /Users/mindhacker999/STM32CubeIDE/workspace_1.17.0/Sonya-Tech/Sonya Tech Main MCU/MXTmpFiles/dma_GV.tmp
2025-05-25 20:11:51,265 [INFO] CodeEngine:255 - oldGeneratedFile, /Users/mindhacker999/STM32CubeIDE/workspace_1.17.0/Sonya-Tech/Sonya Tech Main MCU/Core/Src/stm32f4xx_it.c_save
2025-05-25 20:11:51,511 [INFO] CodeEngine:279 - Generated code: /Users/mindhacker999/STM32CubeIDE/workspace_1.17.0/Sonya-Tech/Sonya Tech Main MCU/Core/Src/stm32f4xx_it.c
2025-05-25 20:11:51,514 [INFO] CodeEngine:255 - oldGeneratedFile, /Users/mindhacker999/STM32CubeIDE/workspace_1.17.0/Sonya-Tech/Sonya Tech Main MCU/Core/Inc/stm32f4xx_it.h_save
2025-05-25 20:11:51,649 [INFO] CodeEngine:279 - Generated code: /Users/mindhacker999/STM32CubeIDE/workspace_1.17.0/Sonya-Tech/Sonya Tech Main MCU/Core/Inc/stm32f4xx_it.h
2025-05-25 20:11:51,663 [INFO] CodeEngine:255 - oldGeneratedFile, /Users/mindhacker999/STM32CubeIDE/workspace_1.17.0/Sonya-Tech/Sonya Tech Main MCU/Core/Src/stm32f4xx_hal_msp.c_save
2025-05-25 20:11:51,871 [INFO] CodeEngine:279 - Generated code: /Users/mindhacker999/STM32CubeIDE/workspace_1.17.0/Sonya-Tech/Sonya Tech Main MCU/Core/Src/stm32f4xx_hal_msp.c
2025-05-25 20:11:51,875 [INFO] CodeEngine:255 - oldGeneratedFile, /Users/mindhacker999/STM32CubeIDE/workspace_1.17.0/Sonya-Tech/Sonya Tech Main MCU/MXTmpFiles/system.tmp_save
2025-05-25 20:11:51,947 [INFO] CodeEngine:279 - Generated code: /Users/mindhacker999/STM32CubeIDE/workspace_1.17.0/Sonya-Tech/Sonya Tech Main MCU/MXTmpFiles/system.tmp
2025-05-25 20:11:51,949 [INFO] CodeEngine:255 - oldGeneratedFile, /Users/mindhacker999/STM32CubeIDE/workspace_1.17.0/Sonya-Tech/Sonya Tech Main MCU/Core/Src/stm32f4xx_hal_timebase_tim.c_save
2025-05-25 20:11:52,021 [INFO] CodeEngine:279 - Generated code: /Users/mindhacker999/STM32CubeIDE/workspace_1.17.0/Sonya-Tech/Sonya Tech Main MCU/Core/Src/stm32f4xx_hal_timebase_tim.c
2025-05-25 20:11:52,034 [INFO] CodeEngine:311 - oldGeneratedFile, /Users/mindhacker999/STM32CubeIDE/workspace_1.17.0/Sonya-Tech/Sonya Tech Main MCU/Core/Inc/stm32f4xx_hal_conf.h_save
2025-05-25 20:11:52,098 [INFO] CodeEngine:335 - Generated code: /Users/mindhacker999/STM32CubeIDE/workspace_1.17.0/Sonya-Tech/Sonya Tech Main MCU/Core/Inc/stm32f4xx_hal_conf.h
2025-05-25 20:11:52,300 [WARN] IPConfigManager:3618 - IP not found : TIM
2025-05-25 20:11:52,305 [WARN] CodeGenerator:4152 - IP not found : null
2025-05-25 20:11:52,315 [INFO] CodeEngine:255 - oldGeneratedFile, /Users/mindhacker999/STM32CubeIDE/workspace_1.17.0/Sonya-Tech/Sonya Tech Main MCU/Core/Inc/main.h_save
2025-05-25 20:11:52,419 [INFO] CodeEngine:279 - Generated code: /Users/mindhacker999/STM32CubeIDE/workspace_1.17.0/Sonya-Tech/Sonya Tech Main MCU/Core/Inc/main.h
2025-05-25 20:11:52,431 [INFO] CodeEngine:255 - oldGeneratedFile, /Users/mindhacker999/STM32CubeIDE/workspace_1.17.0/Sonya-Tech/Sonya Tech Main MCU/Core/Src/main.c_save
2025-05-25 20:11:52,618 [INFO] CodeEngine:279 - Generated code: /Users/mindhacker999/STM32CubeIDE/workspace_1.17.0/Sonya-Tech/Sonya Tech Main MCU/Core/Src/main.c
2025-05-25 20:11:53,076 [INFO] ProjectBuilder:3289 - Time for Copy HAL[1] : 128mS.
2025-05-25 20:11:53,086 [INFO] ProjectBuilder:4876 - Project Generator version: 4.5.0-RC5
2025-05-25 20:11:53,193 [INFO] ConfigFileManager:1579 - The Die is : DIE431
2025-05-25 20:11:56,702 [INFO] ProjectBuilder:5154 - Time for Generating toolchain IDE Files: 3604mS.
2025-05-25 20:11:56,719 [INFO] ProjectBuilder:3146 - Time for Copy CMSIS : 2mS.
2025-05-25 20:11:56,728 [INFO] ProjectBuilder:3146 - Time for Copy CMSIS : 0mS.
2025-05-25 20:27:46,439 [INFO] UtilMem:75 - End SaveConfig() Used Memory: 769070840 Bytes (1073741824)
2025-05-25 20:28:06,245 [INFO] UtilMem:75 - End SaveConfig() Used Memory: 798117624 Bytes (1073741824)
2025-05-25 20:28:09,207 [INFO] UtilMem:75 - End SaveConfig() Used Memory: 974080424 Bytes (1073741824)
2025-05-25 20:28:10,651 [INFO] BlockDiagram:2766 - set Specific Code input for plugin: NVIC
2025-05-25 20:28:10,655 [INFO] BlockDiagram:2766 - set Specific Code input for plugin: FREERTOS
2025-05-25 20:28:10,656 [INFO] BlockDiagram:2766 - set Specific Code input for plugin: USART
2025-05-25 20:28:10,656 [INFO] BlockDiagram:2766 - set Specific Code input for plugin: DMA
2025-05-25 20:28:10,656 [INFO] BlockDiagram:2766 - set Specific Code input for plugin: TIM1_8
2025-05-25 20:28:10,656 [INFO] BlockDiagram:2766 - set Specific Code input for plugin: TIM1_8
2025-05-25 20:28:10,656 [INFO] BlockDiagram:2766 - set Specific Code input for plugin: TIM1_8
2025-05-25 20:28:10,656 [INFO] BlockDiagram:2766 - set Specific Code input for plugin: TIM1_8
2025-05-25 20:28:10,656 [INFO] BlockDiagram:2766 - set Specific Code input for plugin: TIM1_8
2025-05-25 20:28:10,657 [INFO] BlockDiagram:2766 - set Specific Code input for plugin: SYS
2025-05-25 20:28:10,659 [INFO] BlockDiagram:2766 - set Specific Code input for plugin: GPIO
2025-05-25 20:28:10,663 [INFO] BlockDiagram:2766 - set Specific Code input for plugin: RCC
2025-05-25 20:28:10,666 [INFO] CodeGenerator:896 - code generatio: config db path: /Applications/STM32CubeIDE.app/Contents/Eclipse/plugins/com.st.stm32cube.common.mx_6.13.0.202411220809//db/
2025-05-25 20:28:10,727 [INFO] Argument:325 - Argument : hdmavalue: null
2025-05-25 20:28:10,727 [INFO] Argument:327 - 	 sub Args: 
2025-05-25 20:28:10,727 [INFO] Argument:325 - Argument : Instancevalue: DMA2_Stream2
2025-05-25 20:28:10,727 [INFO] Argument:335 - Argument : Instancevalue: DMA2_Stream2
2025-05-25 20:28:10,728 [INFO] Argument:325 - Argument : Initvalue: null
2025-05-25 20:28:10,728 [INFO] Argument:327 - 	 sub Args: 
2025-05-25 20:28:10,728 [INFO] Argument:325 - Argument : Channelvalue: DMA_CHANNEL_4
2025-05-25 20:28:10,728 [INFO] Argument:335 - Argument : Channelvalue: DMA_CHANNEL_4
2025-05-25 20:28:10,728 [INFO] Argument:325 - Argument : Directionvalue: DMA_PERIPH_TO_MEMORY
2025-05-25 20:28:10,728 [INFO] Argument:335 - Argument : Directionvalue: DMA_PERIPH_TO_MEMORY
2025-05-25 20:28:10,728 [INFO] Argument:325 - Argument : PeriphIncvalue: DMA_PINC_DISABLE
2025-05-25 20:28:10,729 [INFO] Argument:335 - Argument : PeriphIncvalue: DMA_PINC_DISABLE
2025-05-25 20:28:10,730 [INFO] Argument:325 - Argument : MemIncvalue: DMA_MINC_ENABLE
2025-05-25 20:28:10,730 [INFO] Argument:335 - Argument : MemIncvalue: DMA_MINC_ENABLE
2025-05-25 20:28:10,730 [INFO] Argument:325 - Argument : PeriphDataAlignmentvalue: DMA_PDATAALIGN_BYTE
2025-05-25 20:28:10,730 [INFO] Argument:335 - Argument : PeriphDataAlignmentvalue: DMA_PDATAALIGN_BYTE
2025-05-25 20:28:10,730 [INFO] Argument:325 - Argument : MemDataAlignmentvalue: DMA_MDATAALIGN_BYTE
2025-05-25 20:28:10,730 [INFO] Argument:335 - Argument : MemDataAlignmentvalue: DMA_MDATAALIGN_BYTE
2025-05-25 20:28:10,730 [INFO] Argument:325 - Argument : Modevalue: DMA_NORMAL
2025-05-25 20:28:10,730 [INFO] Argument:335 - Argument : Modevalue: DMA_NORMAL
2025-05-25 20:28:10,731 [INFO] Argument:325 - Argument : Priorityvalue: DMA_PRIORITY_LOW
2025-05-25 20:28:10,731 [INFO] Argument:335 - Argument : Priorityvalue: DMA_PRIORITY_LOW
2025-05-25 20:28:10,731 [INFO] Argument:325 - Argument : FIFOModevalue: DMA_FIFOMODE_DISABLE
2025-05-25 20:28:10,732 [INFO] Argument:335 - Argument : FIFOModevalue: DMA_FIFOMODE_DISABLE
2025-05-25 20:28:10,732 [INFO] Argument:325 - Argument : FIFOThresholdvalue: null
2025-05-25 20:28:10,733 [INFO] Argument:335 - Argument : FIFOThresholdvalue: null
2025-05-25 20:28:10,733 [INFO] Argument:325 - Argument : MemBurstvalue: null
2025-05-25 20:28:10,733 [INFO] Argument:335 - Argument : MemBurstvalue: null
2025-05-25 20:28:10,733 [INFO] Argument:325 - Argument : PeriphBurstvalue: null
2025-05-25 20:28:10,733 [INFO] Argument:335 - Argument : PeriphBurstvalue: null
2025-05-25 20:28:10,733 [INFO] Argument:325 - Argument : Lockvalue: null
2025-05-25 20:28:10,733 [INFO] Argument:335 - Argument : Lockvalue: null
2025-05-25 20:28:10,733 [INFO] Argument:325 - Argument : Statevalue: null
2025-05-25 20:28:10,733 [INFO] Argument:335 - Argument : Statevalue: null
2025-05-25 20:28:10,733 [INFO] Argument:325 - Argument : Parentvalue: null
2025-05-25 20:28:10,733 [INFO] Argument:335 - Argument : Parentvalue: null
2025-05-25 20:28:10,733 [INFO] Argument:325 - Argument : XferCpltCallbackvalue: null
2025-05-25 20:28:10,733 [INFO] Argument:335 - Argument : XferCpltCallbackvalue: null
2025-05-25 20:28:10,733 [INFO] Argument:325 - Argument : XferHalfCpltCallbackvalue: null
2025-05-25 20:28:10,733 [INFO] Argument:335 - Argument : XferHalfCpltCallbackvalue: null
2025-05-25 20:28:10,733 [INFO] Argument:325 - Argument : XferM1CpltCallbackvalue: null
2025-05-25 20:28:10,733 [INFO] Argument:335 - Argument : XferM1CpltCallbackvalue: null
2025-05-25 20:28:10,733 [INFO] Argument:325 - Argument : XferErrorCallbackvalue: null
2025-05-25 20:28:10,733 [INFO] Argument:335 - Argument : XferErrorCallbackvalue: null
2025-05-25 20:28:10,733 [INFO] Argument:325 - Argument : ErrorCodevalue: null
2025-05-25 20:28:10,733 [INFO] Argument:335 - Argument : ErrorCodevalue: null
2025-05-25 20:28:11,083 [INFO] CodeEngine:255 - oldGeneratedFile, /Users/mindhacker999/STM32CubeIDE/workspace_1.17.0/Sonya-Tech/Sonya Tech Main MCU/MXTmpFiles/license.tmp_save
2025-05-25 20:28:11,487 [INFO] CodeEngine:279 - Generated code: /Users/mindhacker999/STM32CubeIDE/workspace_1.17.0/Sonya-Tech/Sonya Tech Main MCU/MXTmpFiles/license.tmp
2025-05-25 20:28:11,589 [INFO] CodeEngine:255 - oldGeneratedFile, /Users/mindhacker999/STM32CubeIDE/workspace_1.17.0/Sonya-Tech/Sonya Tech Main MCU/MXTmpFiles/gpio.tmp_save
2025-05-25 20:28:11,775 [INFO] CodeEngine:279 - Generated code: /Users/mindhacker999/STM32CubeIDE/workspace_1.17.0/Sonya-Tech/Sonya Tech Main MCU/MXTmpFiles/gpio.tmp
2025-05-25 20:28:12,508 [INFO] Middleware:1450 - No code input for Bsp Dependency
2025-05-25 20:28:12,514 [INFO] CodeEngine:255 - oldGeneratedFile, /Users/mindhacker999/STM32CubeIDE/workspace_1.17.0/Sonya-Tech/Sonya Tech Main MCU/MXTmpFiles/rtos_inc.tmp_save
2025-05-25 20:28:12,614 [INFO] CodeEngine:279 - Generated code: /Users/mindhacker999/STM32CubeIDE/workspace_1.17.0/Sonya-Tech/Sonya Tech Main MCU/MXTmpFiles/rtos_inc.tmp
2025-05-25 20:28:12,616 [INFO] CodeEngine:255 - oldGeneratedFile, /Users/mindhacker999/STM32CubeIDE/workspace_1.17.0/Sonya-Tech/Sonya Tech Main MCU/MXTmpFiles/rtos_vars.tmp_save
2025-05-25 20:28:12,701 [INFO] CodeEngine:279 - Generated code: /Users/mindhacker999/STM32CubeIDE/workspace_1.17.0/Sonya-Tech/Sonya Tech Main MCU/MXTmpFiles/rtos_vars.tmp
2025-05-25 20:28:12,706 [INFO] CodeEngine:255 - oldGeneratedFile, /Users/mindhacker999/STM32CubeIDE/workspace_1.17.0/Sonya-Tech/Sonya Tech Main MCU/MXTmpFiles/rtos_pfp.tmp_save
2025-05-25 20:28:12,816 [INFO] CodeEngine:279 - Generated code: /Users/mindhacker999/STM32CubeIDE/workspace_1.17.0/Sonya-Tech/Sonya Tech Main MCU/MXTmpFiles/rtos_pfp.tmp
2025-05-25 20:28:12,818 [INFO] CodeEngine:255 - oldGeneratedFile, /Users/mindhacker999/STM32CubeIDE/workspace_1.17.0/Sonya-Tech/Sonya Tech Main MCU/MXTmpFiles/rtos_obj_creat.tmp_save
2025-05-25 20:28:12,918 [INFO] CodeEngine:279 - Generated code: /Users/mindhacker999/STM32CubeIDE/workspace_1.17.0/Sonya-Tech/Sonya Tech Main MCU/MXTmpFiles/rtos_obj_creat.tmp
2025-05-25 20:28:12,920 [INFO] CodeEngine:255 - oldGeneratedFile, /Users/mindhacker999/STM32CubeIDE/workspace_1.17.0/Sonya-Tech/Sonya Tech Main MCU/MXTmpFiles/rtos_kernelStart.tmp_save
2025-05-25 20:28:12,995 [INFO] CodeEngine:279 - Generated code: /Users/mindhacker999/STM32CubeIDE/workspace_1.17.0/Sonya-Tech/Sonya Tech Main MCU/MXTmpFiles/rtos_kernelStart.tmp
2025-05-25 20:28:12,997 [INFO] CodeEngine:255 - oldGeneratedFile, /Users/mindhacker999/STM32CubeIDE/workspace_1.17.0/Sonya-Tech/Sonya Tech Main MCU/MXTmpFiles/rtos_default_thread.tmp_save
2025-05-25 20:28:13,061 [INFO] CodeEngine:279 - Generated code: /Users/mindhacker999/STM32CubeIDE/workspace_1.17.0/Sonya-Tech/Sonya Tech Main MCU/MXTmpFiles/rtos_default_thread.tmp
2025-05-25 20:28:13,063 [INFO] CodeEngine:255 - oldGeneratedFile, /Users/mindhacker999/STM32CubeIDE/workspace_1.17.0/Sonya-Tech/Sonya Tech Main MCU/MXTmpFiles/rtos_threads.tmp_save
2025-05-25 20:28:13,133 [INFO] CodeEngine:279 - Generated code: /Users/mindhacker999/STM32CubeIDE/workspace_1.17.0/Sonya-Tech/Sonya Tech Main MCU/MXTmpFiles/rtos_threads.tmp
2025-05-25 20:28:13,143 [INFO] Middleware:1450 - No code input for Bsp Dependency
2025-05-25 20:28:13,149 [INFO] CodeEngine:255 - oldGeneratedFile, /Users/mindhacker999/STM32CubeIDE/workspace_1.17.0/Sonya-Tech/Sonya Tech Main MCU/MXTmpFiles/rtos_inc.tmp_save
2025-05-25 20:28:13,208 [INFO] CodeEngine:279 - Generated code: /Users/mindhacker999/STM32CubeIDE/workspace_1.17.0/Sonya-Tech/Sonya Tech Main MCU/MXTmpFiles/rtos_inc.tmp
2025-05-25 20:28:13,211 [INFO] CodeEngine:255 - oldGeneratedFile, /Users/mindhacker999/STM32CubeIDE/workspace_1.17.0/Sonya-Tech/Sonya Tech Main MCU/MXTmpFiles/rtos_vars.tmp_save
2025-05-25 20:28:13,268 [INFO] CodeEngine:279 - Generated code: /Users/mindhacker999/STM32CubeIDE/workspace_1.17.0/Sonya-Tech/Sonya Tech Main MCU/MXTmpFiles/rtos_vars.tmp
2025-05-25 20:28:13,271 [INFO] CodeEngine:255 - oldGeneratedFile, /Users/mindhacker999/STM32CubeIDE/workspace_1.17.0/Sonya-Tech/Sonya Tech Main MCU/MXTmpFiles/rtos_pfp.tmp_save
2025-05-25 20:28:13,333 [INFO] CodeEngine:279 - Generated code: /Users/mindhacker999/STM32CubeIDE/workspace_1.17.0/Sonya-Tech/Sonya Tech Main MCU/MXTmpFiles/rtos_pfp.tmp
2025-05-25 20:28:13,338 [INFO] CodeEngine:255 - oldGeneratedFile, /Users/mindhacker999/STM32CubeIDE/workspace_1.17.0/Sonya-Tech/Sonya Tech Main MCU/MXTmpFiles/rtos_obj_creat.tmp_save
2025-05-25 20:28:13,401 [INFO] CodeEngine:279 - Generated code: /Users/mindhacker999/STM32CubeIDE/workspace_1.17.0/Sonya-Tech/Sonya Tech Main MCU/MXTmpFiles/rtos_obj_creat.tmp
2025-05-25 20:28:13,407 [INFO] CodeEngine:255 - oldGeneratedFile, /Users/mindhacker999/STM32CubeIDE/workspace_1.17.0/Sonya-Tech/Sonya Tech Main MCU/MXTmpFiles/rtos_kernelStart.tmp_save
2025-05-25 20:28:13,469 [INFO] CodeEngine:279 - Generated code: /Users/mindhacker999/STM32CubeIDE/workspace_1.17.0/Sonya-Tech/Sonya Tech Main MCU/MXTmpFiles/rtos_kernelStart.tmp
2025-05-25 20:28:13,471 [INFO] CodeEngine:255 - oldGeneratedFile, /Users/mindhacker999/STM32CubeIDE/workspace_1.17.0/Sonya-Tech/Sonya Tech Main MCU/MXTmpFiles/rtos_default_thread.tmp_save
2025-05-25 20:28:13,534 [INFO] CodeEngine:279 - Generated code: /Users/mindhacker999/STM32CubeIDE/workspace_1.17.0/Sonya-Tech/Sonya Tech Main MCU/MXTmpFiles/rtos_default_thread.tmp
2025-05-25 20:28:13,536 [INFO] CodeEngine:255 - oldGeneratedFile, /Users/mindhacker999/STM32CubeIDE/workspace_1.17.0/Sonya-Tech/Sonya Tech Main MCU/MXTmpFiles/rtos_threads.tmp_save
2025-05-25 20:28:13,595 [INFO] CodeEngine:279 - Generated code: /Users/mindhacker999/STM32CubeIDE/workspace_1.17.0/Sonya-Tech/Sonya Tech Main MCU/MXTmpFiles/rtos_threads.tmp
2025-05-25 20:28:13,597 [INFO] CodeEngine:255 - oldGeneratedFile, /Users/mindhacker999/STM32CubeIDE/workspace_1.17.0/Sonya-Tech/Sonya Tech Main MCU/Core/Inc/FreeRTOSConfig.h_save
2025-05-25 20:28:13,695 [INFO] CodeEngine:279 - Generated code: /Users/mindhacker999/STM32CubeIDE/workspace_1.17.0/Sonya-Tech/Sonya Tech Main MCU/Core/Inc/FreeRTOSConfig.h
2025-05-25 20:28:13,697 [INFO] CodeEngine:255 - oldGeneratedFile, /Users/mindhacker999/STM32CubeIDE/workspace_1.17.0/Sonya-Tech/Sonya Tech Main MCU/Core/Src/freertos.c_save
2025-05-25 20:28:13,764 [INFO] CodeEngine:279 - Generated code: /Users/mindhacker999/STM32CubeIDE/workspace_1.17.0/Sonya-Tech/Sonya Tech Main MCU/Core/Src/freertos.c
2025-05-25 20:28:13,789 [INFO] CodeEngine:255 - oldGeneratedFile, /Users/mindhacker999/STM32CubeIDE/workspace_1.17.0/Sonya-Tech/Sonya Tech Main MCU/MXTmpFiles/dma.tmp_save
2025-05-25 20:28:13,854 [INFO] CodeEngine:279 - Generated code: /Users/mindhacker999/STM32CubeIDE/workspace_1.17.0/Sonya-Tech/Sonya Tech Main MCU/MXTmpFiles/dma.tmp
2025-05-25 20:28:13,856 [INFO] CodeEngine:255 - oldGeneratedFile, /Users/mindhacker999/STM32CubeIDE/workspace_1.17.0/Sonya-Tech/Sonya Tech Main MCU/MXTmpFiles/dma_GV.tmp_save
2025-05-25 20:28:13,909 [INFO] CodeEngine:279 - Generated code: /Users/mindhacker999/STM32CubeIDE/workspace_1.17.0/Sonya-Tech/Sonya Tech Main MCU/MXTmpFiles/dma_GV.tmp
2025-05-25 20:28:13,920 [INFO] CodeEngine:255 - oldGeneratedFile, /Users/mindhacker999/STM32CubeIDE/workspace_1.17.0/Sonya-Tech/Sonya Tech Main MCU/Core/Src/stm32f4xx_it.c_save
2025-05-25 20:28:14,137 [INFO] CodeEngine:279 - Generated code: /Users/mindhacker999/STM32CubeIDE/workspace_1.17.0/Sonya-Tech/Sonya Tech Main MCU/Core/Src/stm32f4xx_it.c
2025-05-25 20:28:14,140 [INFO] CodeEngine:255 - oldGeneratedFile, /Users/mindhacker999/STM32CubeIDE/workspace_1.17.0/Sonya-Tech/Sonya Tech Main MCU/Core/Inc/stm32f4xx_it.h_save
2025-05-25 20:28:14,204 [INFO] CodeEngine:279 - Generated code: /Users/mindhacker999/STM32CubeIDE/workspace_1.17.0/Sonya-Tech/Sonya Tech Main MCU/Core/Inc/stm32f4xx_it.h
2025-05-25 20:28:14,219 [INFO] CodeEngine:255 - oldGeneratedFile, /Users/mindhacker999/STM32CubeIDE/workspace_1.17.0/Sonya-Tech/Sonya Tech Main MCU/Core/Src/stm32f4xx_hal_msp.c_save
2025-05-25 20:28:14,399 [INFO] CodeEngine:279 - Generated code: /Users/mindhacker999/STM32CubeIDE/workspace_1.17.0/Sonya-Tech/Sonya Tech Main MCU/Core/Src/stm32f4xx_hal_msp.c
2025-05-25 20:28:14,403 [INFO] CodeEngine:255 - oldGeneratedFile, /Users/mindhacker999/STM32CubeIDE/workspace_1.17.0/Sonya-Tech/Sonya Tech Main MCU/MXTmpFiles/system.tmp_save
2025-05-25 20:28:14,461 [INFO] CodeEngine:279 - Generated code: /Users/mindhacker999/STM32CubeIDE/workspace_1.17.0/Sonya-Tech/Sonya Tech Main MCU/MXTmpFiles/system.tmp
2025-05-25 20:28:14,464 [INFO] CodeEngine:255 - oldGeneratedFile, /Users/mindhacker999/STM32CubeIDE/workspace_1.17.0/Sonya-Tech/Sonya Tech Main MCU/Core/Src/stm32f4xx_hal_timebase_tim.c_save
2025-05-25 20:28:14,534 [INFO] CodeEngine:279 - Generated code: /Users/mindhacker999/STM32CubeIDE/workspace_1.17.0/Sonya-Tech/Sonya Tech Main MCU/Core/Src/stm32f4xx_hal_timebase_tim.c
2025-05-25 20:28:14,542 [INFO] CodeEngine:311 - oldGeneratedFile, /Users/mindhacker999/STM32CubeIDE/workspace_1.17.0/Sonya-Tech/Sonya Tech Main MCU/Core/Inc/stm32f4xx_hal_conf.h_save
2025-05-25 20:28:14,614 [INFO] CodeEngine:335 - Generated code: /Users/mindhacker999/STM32CubeIDE/workspace_1.17.0/Sonya-Tech/Sonya Tech Main MCU/Core/Inc/stm32f4xx_hal_conf.h
2025-05-25 20:28:14,701 [WARN] IPConfigManager:3618 - IP not found : TIM
2025-05-25 20:28:14,706 [WARN] CodeGenerator:4152 - IP not found : null
2025-05-25 20:28:14,717 [INFO] CodeEngine:255 - oldGeneratedFile, /Users/mindhacker999/STM32CubeIDE/workspace_1.17.0/Sonya-Tech/Sonya Tech Main MCU/Core/Inc/main.h_save
2025-05-25 20:28:14,821 [INFO] CodeEngine:279 - Generated code: /Users/mindhacker999/STM32CubeIDE/workspace_1.17.0/Sonya-Tech/Sonya Tech Main MCU/Core/Inc/main.h
2025-05-25 20:28:14,833 [INFO] CodeEngine:255 - oldGeneratedFile, /Users/mindhacker999/STM32CubeIDE/workspace_1.17.0/Sonya-Tech/Sonya Tech Main MCU/Core/Src/main.c_save
2025-05-25 20:28:15,007 [INFO] CodeEngine:279 - Generated code: /Users/mindhacker999/STM32CubeIDE/workspace_1.17.0/Sonya-Tech/Sonya Tech Main MCU/Core/Src/main.c
2025-05-25 20:28:16,464 [INFO] ProjectBuilder:3289 - Time for Copy HAL[1] : 127mS.
2025-05-25 20:28:16,492 [INFO] ProjectBuilder:4876 - Project Generator version: 4.5.0-RC5
2025-05-25 20:28:16,908 [INFO] ConfigFileManager:1579 - The Die is : DIE431
2025-05-25 20:28:20,312 [INFO] ProjectBuilder:5154 - Time for Generating toolchain IDE Files: 3820mS.
2025-05-25 20:28:20,315 [INFO] ProjectBuilder:3146 - Time for Copy CMSIS : 1mS.
2025-05-25 20:28:20,362 [INFO] ProjectBuilder:3146 - Time for Copy CMSIS : 0mS.
2025-05-25 20:34:19,575 [INFO] Gpio:277 - dependency for GPIO [RCC, SYS, TIM2, TIM3, TIM4, TIM5, USART1]
2025-05-25 20:34:50,885 [INFO] UtilMem:75 - End SaveConfig() Used Memory: 967650776 Bytes (1073741824)
2025-05-25 20:34:53,123 [INFO] UtilMem:75 - End SaveConfig() Used Memory: 751452112 Bytes (1073741824)
2025-05-25 20:34:54,936 [INFO] UtilMem:75 - End SaveConfig() Used Memory: 790771664 Bytes (1073741824)
2025-05-25 20:34:55,426 [INFO] BlockDiagram:2766 - set Specific Code input for plugin: NVIC
2025-05-25 20:34:55,429 [INFO] BlockDiagram:2766 - set Specific Code input for plugin: FREERTOS
2025-05-25 20:34:55,429 [INFO] BlockDiagram:2766 - set Specific Code input for plugin: USART
2025-05-25 20:34:55,429 [INFO] BlockDiagram:2766 - set Specific Code input for plugin: DMA
2025-05-25 20:34:55,429 [INFO] BlockDiagram:2766 - set Specific Code input for plugin: TIM1_8
2025-05-25 20:34:55,429 [INFO] BlockDiagram:2766 - set Specific Code input for plugin: TIM1_8
2025-05-25 20:34:55,429 [INFO] BlockDiagram:2766 - set Specific Code input for plugin: TIM1_8
2025-05-25 20:34:55,429 [INFO] BlockDiagram:2766 - set Specific Code input for plugin: TIM1_8
2025-05-25 20:34:55,429 [INFO] BlockDiagram:2766 - set Specific Code input for plugin: TIM1_8
2025-05-25 20:34:55,429 [INFO] BlockDiagram:2766 - set Specific Code input for plugin: SYS
2025-05-25 20:34:55,429 [INFO] BlockDiagram:2766 - set Specific Code input for plugin: GPIO
2025-05-25 20:34:55,429 [INFO] BlockDiagram:2766 - set Specific Code input for plugin: RCC
2025-05-25 20:34:55,430 [INFO] CodeGenerator:896 - code generatio: config db path: /Applications/STM32CubeIDE.app/Contents/Eclipse/plugins/com.st.stm32cube.common.mx_6.13.0.202411220809//db/
2025-05-25 20:34:55,476 [INFO] Argument:325 - Argument : hdmavalue: null
2025-05-25 20:34:55,476 [INFO] Argument:327 - 	 sub Args: 
2025-05-25 20:34:55,476 [INFO] Argument:325 - Argument : Instancevalue: DMA2_Stream2
2025-05-25 20:34:55,476 [INFO] Argument:335 - Argument : Instancevalue: DMA2_Stream2
2025-05-25 20:34:55,476 [INFO] Argument:325 - Argument : Initvalue: null
2025-05-25 20:34:55,476 [INFO] Argument:327 - 	 sub Args: 
2025-05-25 20:34:55,477 [INFO] Argument:325 - Argument : Channelvalue: DMA_CHANNEL_4
2025-05-25 20:34:55,477 [INFO] Argument:335 - Argument : Channelvalue: DMA_CHANNEL_4
2025-05-25 20:34:55,477 [INFO] Argument:325 - Argument : Directionvalue: DMA_PERIPH_TO_MEMORY
2025-05-25 20:34:55,477 [INFO] Argument:335 - Argument : Directionvalue: DMA_PERIPH_TO_MEMORY
2025-05-25 20:34:55,477 [INFO] Argument:325 - Argument : PeriphIncvalue: DMA_PINC_DISABLE
2025-05-25 20:34:55,477 [INFO] Argument:335 - Argument : PeriphIncvalue: DMA_PINC_DISABLE
2025-05-25 20:34:55,477 [INFO] Argument:325 - Argument : MemIncvalue: DMA_MINC_ENABLE
2025-05-25 20:34:55,477 [INFO] Argument:335 - Argument : MemIncvalue: DMA_MINC_ENABLE
2025-05-25 20:34:55,477 [INFO] Argument:325 - Argument : PeriphDataAlignmentvalue: DMA_PDATAALIGN_BYTE
2025-05-25 20:34:55,477 [INFO] Argument:335 - Argument : PeriphDataAlignmentvalue: DMA_PDATAALIGN_BYTE
2025-05-25 20:34:55,477 [INFO] Argument:325 - Argument : MemDataAlignmentvalue: DMA_MDATAALIGN_BYTE
2025-05-25 20:34:55,477 [INFO] Argument:335 - Argument : MemDataAlignmentvalue: DMA_MDATAALIGN_BYTE
2025-05-25 20:34:55,477 [INFO] Argument:325 - Argument : Modevalue: DMA_NORMAL
2025-05-25 20:34:55,477 [INFO] Argument:335 - Argument : Modevalue: DMA_NORMAL
2025-05-25 20:34:55,477 [INFO] Argument:325 - Argument : Priorityvalue: DMA_PRIORITY_LOW
2025-05-25 20:34:55,477 [INFO] Argument:335 - Argument : Priorityvalue: DMA_PRIORITY_LOW
2025-05-25 20:34:55,477 [INFO] Argument:325 - Argument : FIFOModevalue: DMA_FIFOMODE_DISABLE
2025-05-25 20:34:55,477 [INFO] Argument:335 - Argument : FIFOModevalue: DMA_FIFOMODE_DISABLE
2025-05-25 20:34:55,477 [INFO] Argument:325 - Argument : FIFOThresholdvalue: null
2025-05-25 20:34:55,477 [INFO] Argument:335 - Argument : FIFOThresholdvalue: null
2025-05-25 20:34:55,477 [INFO] Argument:325 - Argument : MemBurstvalue: null
2025-05-25 20:34:55,477 [INFO] Argument:335 - Argument : MemBurstvalue: null
2025-05-25 20:34:55,477 [INFO] Argument:325 - Argument : PeriphBurstvalue: null
2025-05-25 20:34:55,477 [INFO] Argument:335 - Argument : PeriphBurstvalue: null
2025-05-25 20:34:55,477 [INFO] Argument:325 - Argument : Lockvalue: null
2025-05-25 20:34:55,477 [INFO] Argument:335 - Argument : Lockvalue: null
2025-05-25 20:34:55,477 [INFO] Argument:325 - Argument : Statevalue: null
2025-05-25 20:34:55,477 [INFO] Argument:335 - Argument : Statevalue: null
2025-05-25 20:34:55,477 [INFO] Argument:325 - Argument : Parentvalue: null
2025-05-25 20:34:55,477 [INFO] Argument:335 - Argument : Parentvalue: null
2025-05-25 20:34:55,477 [INFO] Argument:325 - Argument : XferCpltCallbackvalue: null
2025-05-25 20:34:55,477 [INFO] Argument:335 - Argument : XferCpltCallbackvalue: null
2025-05-25 20:34:55,477 [INFO] Argument:325 - Argument : XferHalfCpltCallbackvalue: null
2025-05-25 20:34:55,477 [INFO] Argument:335 - Argument : XferHalfCpltCallbackvalue: null
2025-05-25 20:34:55,477 [INFO] Argument:325 - Argument : XferM1CpltCallbackvalue: null
2025-05-25 20:34:55,477 [INFO] Argument:335 - Argument : XferM1CpltCallbackvalue: null
2025-05-25 20:34:55,477 [INFO] Argument:325 - Argument : XferErrorCallbackvalue: null
2025-05-25 20:34:55,477 [INFO] Argument:335 - Argument : XferErrorCallbackvalue: null
2025-05-25 20:34:55,477 [INFO] Argument:325 - Argument : ErrorCodevalue: null
2025-05-25 20:34:55,477 [INFO] Argument:335 - Argument : ErrorCodevalue: null
2025-05-25 20:34:55,566 [INFO] CodeEngine:255 - oldGeneratedFile, /Users/mindhacker999/STM32CubeIDE/workspace_1.17.0/Sonya-Tech/Sonya Tech Main MCU/MXTmpFiles/license.tmp_save
2025-05-25 20:34:55,920 [INFO] CodeEngine:279 - Generated code: /Users/mindhacker999/STM32CubeIDE/workspace_1.17.0/Sonya-Tech/Sonya Tech Main MCU/MXTmpFiles/license.tmp
2025-05-25 20:34:55,991 [INFO] CodeEngine:255 - oldGeneratedFile, /Users/mindhacker999/STM32CubeIDE/workspace_1.17.0/Sonya-Tech/Sonya Tech Main MCU/MXTmpFiles/gpio.tmp_save
2025-05-25 20:34:56,136 [INFO] CodeEngine:279 - Generated code: /Users/mindhacker999/STM32CubeIDE/workspace_1.17.0/Sonya-Tech/Sonya Tech Main MCU/MXTmpFiles/gpio.tmp
2025-05-25 20:34:56,433 [INFO] Middleware:1450 - No code input for Bsp Dependency
2025-05-25 20:34:56,446 [INFO] CodeEngine:255 - oldGeneratedFile, /Users/mindhacker999/STM32CubeIDE/workspace_1.17.0/Sonya-Tech/Sonya Tech Main MCU/MXTmpFiles/rtos_inc.tmp_save
2025-05-25 20:34:56,503 [INFO] CodeEngine:279 - Generated code: /Users/mindhacker999/STM32CubeIDE/workspace_1.17.0/Sonya-Tech/Sonya Tech Main MCU/MXTmpFiles/rtos_inc.tmp
2025-05-25 20:34:56,505 [INFO] CodeEngine:255 - oldGeneratedFile, /Users/mindhacker999/STM32CubeIDE/workspace_1.17.0/Sonya-Tech/Sonya Tech Main MCU/MXTmpFiles/rtos_vars.tmp_save
2025-05-25 20:34:56,557 [INFO] CodeEngine:279 - Generated code: /Users/mindhacker999/STM32CubeIDE/workspace_1.17.0/Sonya-Tech/Sonya Tech Main MCU/MXTmpFiles/rtos_vars.tmp
2025-05-25 20:34:56,560 [INFO] CodeEngine:255 - oldGeneratedFile, /Users/mindhacker999/STM32CubeIDE/workspace_1.17.0/Sonya-Tech/Sonya Tech Main MCU/MXTmpFiles/rtos_pfp.tmp_save
2025-05-25 20:34:56,607 [INFO] CodeEngine:279 - Generated code: /Users/mindhacker999/STM32CubeIDE/workspace_1.17.0/Sonya-Tech/Sonya Tech Main MCU/MXTmpFiles/rtos_pfp.tmp
2025-05-25 20:34:56,610 [INFO] CodeEngine:255 - oldGeneratedFile, /Users/mindhacker999/STM32CubeIDE/workspace_1.17.0/Sonya-Tech/Sonya Tech Main MCU/MXTmpFiles/rtos_obj_creat.tmp_save
2025-05-25 20:34:56,659 [INFO] CodeEngine:279 - Generated code: /Users/mindhacker999/STM32CubeIDE/workspace_1.17.0/Sonya-Tech/Sonya Tech Main MCU/MXTmpFiles/rtos_obj_creat.tmp
2025-05-25 20:34:56,661 [INFO] CodeEngine:255 - oldGeneratedFile, /Users/mindhacker999/STM32CubeIDE/workspace_1.17.0/Sonya-Tech/Sonya Tech Main MCU/MXTmpFiles/rtos_kernelStart.tmp_save
2025-05-25 20:34:56,713 [INFO] CodeEngine:279 - Generated code: /Users/mindhacker999/STM32CubeIDE/workspace_1.17.0/Sonya-Tech/Sonya Tech Main MCU/MXTmpFiles/rtos_kernelStart.tmp
2025-05-25 20:34:56,715 [INFO] CodeEngine:255 - oldGeneratedFile, /Users/mindhacker999/STM32CubeIDE/workspace_1.17.0/Sonya-Tech/Sonya Tech Main MCU/MXTmpFiles/rtos_default_thread.tmp_save
2025-05-25 20:34:56,767 [INFO] CodeEngine:279 - Generated code: /Users/mindhacker999/STM32CubeIDE/workspace_1.17.0/Sonya-Tech/Sonya Tech Main MCU/MXTmpFiles/rtos_default_thread.tmp
2025-05-25 20:34:56,769 [INFO] CodeEngine:255 - oldGeneratedFile, /Users/mindhacker999/STM32CubeIDE/workspace_1.17.0/Sonya-Tech/Sonya Tech Main MCU/MXTmpFiles/rtos_threads.tmp_save
2025-05-25 20:34:56,834 [INFO] CodeEngine:279 - Generated code: /Users/mindhacker999/STM32CubeIDE/workspace_1.17.0/Sonya-Tech/Sonya Tech Main MCU/MXTmpFiles/rtos_threads.tmp
2025-05-25 20:34:56,851 [INFO] Middleware:1450 - No code input for Bsp Dependency
2025-05-25 20:34:56,855 [INFO] CodeEngine:255 - oldGeneratedFile, /Users/mindhacker999/STM32CubeIDE/workspace_1.17.0/Sonya-Tech/Sonya Tech Main MCU/MXTmpFiles/rtos_inc.tmp_save
2025-05-25 20:34:56,941 [INFO] CodeEngine:279 - Generated code: /Users/mindhacker999/STM32CubeIDE/workspace_1.17.0/Sonya-Tech/Sonya Tech Main MCU/MXTmpFiles/rtos_inc.tmp
2025-05-25 20:34:56,942 [INFO] CodeEngine:255 - oldGeneratedFile, /Users/mindhacker999/STM32CubeIDE/workspace_1.17.0/Sonya-Tech/Sonya Tech Main MCU/MXTmpFiles/rtos_vars.tmp_save
2025-05-25 20:34:56,988 [INFO] CodeEngine:279 - Generated code: /Users/mindhacker999/STM32CubeIDE/workspace_1.17.0/Sonya-Tech/Sonya Tech Main MCU/MXTmpFiles/rtos_vars.tmp
2025-05-25 20:34:56,989 [INFO] CodeEngine:255 - oldGeneratedFile, /Users/mindhacker999/STM32CubeIDE/workspace_1.17.0/Sonya-Tech/Sonya Tech Main MCU/MXTmpFiles/rtos_pfp.tmp_save
2025-05-25 20:34:57,041 [INFO] CodeEngine:279 - Generated code: /Users/mindhacker999/STM32CubeIDE/workspace_1.17.0/Sonya-Tech/Sonya Tech Main MCU/MXTmpFiles/rtos_pfp.tmp
2025-05-25 20:34:57,043 [INFO] CodeEngine:255 - oldGeneratedFile, /Users/mindhacker999/STM32CubeIDE/workspace_1.17.0/Sonya-Tech/Sonya Tech Main MCU/MXTmpFiles/rtos_obj_creat.tmp_save
2025-05-25 20:34:57,100 [INFO] CodeEngine:279 - Generated code: /Users/mindhacker999/STM32CubeIDE/workspace_1.17.0/Sonya-Tech/Sonya Tech Main MCU/MXTmpFiles/rtos_obj_creat.tmp
2025-05-25 20:34:57,102 [INFO] CodeEngine:255 - oldGeneratedFile, /Users/mindhacker999/STM32CubeIDE/workspace_1.17.0/Sonya-Tech/Sonya Tech Main MCU/MXTmpFiles/rtos_kernelStart.tmp_save
2025-05-25 20:34:57,151 [INFO] CodeEngine:279 - Generated code: /Users/mindhacker999/STM32CubeIDE/workspace_1.17.0/Sonya-Tech/Sonya Tech Main MCU/MXTmpFiles/rtos_kernelStart.tmp
2025-05-25 20:34:57,152 [INFO] CodeEngine:255 - oldGeneratedFile, /Users/mindhacker999/STM32CubeIDE/workspace_1.17.0/Sonya-Tech/Sonya Tech Main MCU/MXTmpFiles/rtos_default_thread.tmp_save
2025-05-25 20:34:57,202 [INFO] CodeEngine:279 - Generated code: /Users/mindhacker999/STM32CubeIDE/workspace_1.17.0/Sonya-Tech/Sonya Tech Main MCU/MXTmpFiles/rtos_default_thread.tmp
2025-05-25 20:34:57,204 [INFO] CodeEngine:255 - oldGeneratedFile, /Users/mindhacker999/STM32CubeIDE/workspace_1.17.0/Sonya-Tech/Sonya Tech Main MCU/MXTmpFiles/rtos_threads.tmp_save
2025-05-25 20:34:57,252 [INFO] CodeEngine:279 - Generated code: /Users/mindhacker999/STM32CubeIDE/workspace_1.17.0/Sonya-Tech/Sonya Tech Main MCU/MXTmpFiles/rtos_threads.tmp
2025-05-25 20:34:57,255 [INFO] CodeEngine:255 - oldGeneratedFile, /Users/mindhacker999/STM32CubeIDE/workspace_1.17.0/Sonya-Tech/Sonya Tech Main MCU/Core/Inc/FreeRTOSConfig.h_save
2025-05-25 20:34:57,338 [INFO] CodeEngine:279 - Generated code: /Users/mindhacker999/STM32CubeIDE/workspace_1.17.0/Sonya-Tech/Sonya Tech Main MCU/Core/Inc/FreeRTOSConfig.h
2025-05-25 20:34:57,341 [INFO] CodeEngine:255 - oldGeneratedFile, /Users/mindhacker999/STM32CubeIDE/workspace_1.17.0/Sonya-Tech/Sonya Tech Main MCU/Core/Src/freertos.c_save
2025-05-25 20:34:57,405 [INFO] CodeEngine:279 - Generated code: /Users/mindhacker999/STM32CubeIDE/workspace_1.17.0/Sonya-Tech/Sonya Tech Main MCU/Core/Src/freertos.c
2025-05-25 20:34:57,433 [INFO] CodeEngine:255 - oldGeneratedFile, /Users/mindhacker999/STM32CubeIDE/workspace_1.17.0/Sonya-Tech/Sonya Tech Main MCU/MXTmpFiles/dma.tmp_save
2025-05-25 20:34:57,492 [INFO] CodeEngine:279 - Generated code: /Users/mindhacker999/STM32CubeIDE/workspace_1.17.0/Sonya-Tech/Sonya Tech Main MCU/MXTmpFiles/dma.tmp
2025-05-25 20:34:57,493 [INFO] CodeEngine:255 - oldGeneratedFile, /Users/mindhacker999/STM32CubeIDE/workspace_1.17.0/Sonya-Tech/Sonya Tech Main MCU/MXTmpFiles/dma_GV.tmp_save
2025-05-25 20:34:57,574 [INFO] CodeEngine:279 - Generated code: /Users/mindhacker999/STM32CubeIDE/workspace_1.17.0/Sonya-Tech/Sonya Tech Main MCU/MXTmpFiles/dma_GV.tmp
2025-05-25 20:34:57,586 [INFO] CodeEngine:255 - oldGeneratedFile, /Users/mindhacker999/STM32CubeIDE/workspace_1.17.0/Sonya-Tech/Sonya Tech Main MCU/Core/Src/stm32f4xx_it.c_save
2025-05-25 20:34:57,740 [INFO] CodeEngine:279 - Generated code: /Users/mindhacker999/STM32CubeIDE/workspace_1.17.0/Sonya-Tech/Sonya Tech Main MCU/Core/Src/stm32f4xx_it.c
2025-05-25 20:34:57,741 [INFO] CodeEngine:255 - oldGeneratedFile, /Users/mindhacker999/STM32CubeIDE/workspace_1.17.0/Sonya-Tech/Sonya Tech Main MCU/Core/Inc/stm32f4xx_it.h_save
2025-05-25 20:34:57,794 [INFO] CodeEngine:279 - Generated code: /Users/mindhacker999/STM32CubeIDE/workspace_1.17.0/Sonya-Tech/Sonya Tech Main MCU/Core/Inc/stm32f4xx_it.h
2025-05-25 20:34:57,804 [INFO] CodeEngine:255 - oldGeneratedFile, /Users/mindhacker999/STM32CubeIDE/workspace_1.17.0/Sonya-Tech/Sonya Tech Main MCU/Core/Src/stm32f4xx_hal_msp.c_save
2025-05-25 20:34:57,916 [INFO] CodeEngine:279 - Generated code: /Users/mindhacker999/STM32CubeIDE/workspace_1.17.0/Sonya-Tech/Sonya Tech Main MCU/Core/Src/stm32f4xx_hal_msp.c
2025-05-25 20:34:57,918 [INFO] CodeEngine:255 - oldGeneratedFile, /Users/mindhacker999/STM32CubeIDE/workspace_1.17.0/Sonya-Tech/Sonya Tech Main MCU/MXTmpFiles/system.tmp_save
2025-05-25 20:34:57,968 [INFO] CodeEngine:279 - Generated code: /Users/mindhacker999/STM32CubeIDE/workspace_1.17.0/Sonya-Tech/Sonya Tech Main MCU/MXTmpFiles/system.tmp
2025-05-25 20:34:57,970 [INFO] CodeEngine:255 - oldGeneratedFile, /Users/mindhacker999/STM32CubeIDE/workspace_1.17.0/Sonya-Tech/Sonya Tech Main MCU/Core/Src/stm32f4xx_hal_timebase_tim.c_save
2025-05-25 20:34:58,024 [INFO] CodeEngine:279 - Generated code: /Users/mindhacker999/STM32CubeIDE/workspace_1.17.0/Sonya-Tech/Sonya Tech Main MCU/Core/Src/stm32f4xx_hal_timebase_tim.c
2025-05-25 20:34:58,029 [INFO] CodeEngine:311 - oldGeneratedFile, /Users/mindhacker999/STM32CubeIDE/workspace_1.17.0/Sonya-Tech/Sonya Tech Main MCU/Core/Inc/stm32f4xx_hal_conf.h_save
2025-05-25 20:34:58,088 [INFO] CodeEngine:335 - Generated code: /Users/mindhacker999/STM32CubeIDE/workspace_1.17.0/Sonya-Tech/Sonya Tech Main MCU/Core/Inc/stm32f4xx_hal_conf.h
2025-05-25 20:34:58,145 [WARN] IPConfigManager:3618 - IP not found : TIM
2025-05-25 20:34:58,146 [WARN] CodeGenerator:4152 - IP not found : null
2025-05-25 20:34:58,149 [INFO] CodeEngine:255 - oldGeneratedFile, /Users/mindhacker999/STM32CubeIDE/workspace_1.17.0/Sonya-Tech/Sonya Tech Main MCU/Core/Inc/main.h_save
2025-05-25 20:34:58,236 [INFO] CodeEngine:279 - Generated code: /Users/mindhacker999/STM32CubeIDE/workspace_1.17.0/Sonya-Tech/Sonya Tech Main MCU/Core/Inc/main.h
2025-05-25 20:34:58,239 [INFO] CodeEngine:255 - oldGeneratedFile, /Users/mindhacker999/STM32CubeIDE/workspace_1.17.0/Sonya-Tech/Sonya Tech Main MCU/Core/Src/main.c_save
2025-05-25 20:34:58,379 [INFO] CodeEngine:279 - Generated code: /Users/mindhacker999/STM32CubeIDE/workspace_1.17.0/Sonya-Tech/Sonya Tech Main MCU/Core/Src/main.c
2025-05-25 20:34:59,183 [INFO] ProjectBuilder:3289 - Time for Copy HAL[1] : 110mS.
2025-05-25 20:34:59,212 [INFO] ProjectBuilder:4876 - Project Generator version: 4.5.0-RC5
2025-05-25 20:34:59,482 [INFO] ConfigFileManager:1579 - The Die is : DIE431
2025-05-25 20:35:01,841 [INFO] ProjectBuilder:5154 - Time for Generating toolchain IDE Files: 2631mS.
2025-05-25 20:35:01,843 [INFO] ProjectBuilder:3146 - Time for Copy CMSIS : 1mS.
2025-05-25 20:35:01,846 [INFO] ProjectBuilder:3146 - Time for Copy CMSIS : 0mS.
2025-05-25 21:53:58,653 [INFO] NvicIntPanel:101 - NVIC parent = com.st.microxplorer.plugins.ip.nvic.MultiNvicIntPanel[,0,0,0x0,invalid,layout=javax.swing.BoxLayout,alignmentX=0.0,alignmentY=0.0,border=,flags=9,maximumSize=,minimumSize=,preferredSize=]
2025-05-25 22:01:06,689 [INFO] NvicIntPanel:101 - NVIC parent = com.st.microxplorer.plugins.ip.nvic.MultiNvicIntPanel[,0,0,0x0,invalid,layout=javax.swing.BoxLayout,alignmentX=0.0,alignmentY=0.0,border=,flags=9,maximumSize=,minimumSize=,preferredSize=]
2025-05-25 22:01:16,482 [INFO] Gpio:277 - dependency for GPIO [RCC, SYS, TIM2, TIM3, TIM4, TIM5, USART1]
2025-05-25 22:01:32,181 [INFO] UtilMem:75 - End SaveConfig() Used Memory: 1000456512 Bytes (1073741824)
2025-05-25 22:01:35,136 [INFO] UtilMem:75 - End SaveConfig() Used Memory: 759924040 Bytes (1073741824)
2025-05-25 22:01:37,690 [INFO] UtilMem:75 - End SaveConfig() Used Memory: 866878792 Bytes (1073741824)
2025-05-25 22:01:38,007 [INFO] BlockDiagram:2766 - set Specific Code input for plugin: NVIC
2025-05-25 22:01:38,010 [INFO] BlockDiagram:2766 - set Specific Code input for plugin: FREERTOS
2025-05-25 22:01:38,010 [INFO] BlockDiagram:2766 - set Specific Code input for plugin: USART
2025-05-25 22:01:38,011 [INFO] BlockDiagram:2766 - set Specific Code input for plugin: DMA
2025-05-25 22:01:38,011 [INFO] BlockDiagram:2766 - set Specific Code input for plugin: TIM1_8
2025-05-25 22:01:38,011 [INFO] BlockDiagram:2766 - set Specific Code input for plugin: TIM1_8
2025-05-25 22:01:38,011 [INFO] BlockDiagram:2766 - set Specific Code input for plugin: TIM1_8
2025-05-25 22:01:38,011 [INFO] BlockDiagram:2766 - set Specific Code input for plugin: TIM1_8
2025-05-25 22:01:38,011 [INFO] BlockDiagram:2766 - set Specific Code input for plugin: TIM1_8
2025-05-25 22:01:38,011 [INFO] BlockDiagram:2766 - set Specific Code input for plugin: SYS
2025-05-25 22:01:38,012 [INFO] BlockDiagram:2766 - set Specific Code input for plugin: GPIO
2025-05-25 22:01:38,012 [INFO] BlockDiagram:2766 - set Specific Code input for plugin: RCC
2025-05-25 22:01:38,014 [INFO] CodeGenerator:896 - code generatio: config db path: /Applications/STM32CubeIDE.app/Contents/Eclipse/plugins/com.st.stm32cube.common.mx_6.13.0.202411220809//db/
2025-05-25 22:01:38,070 [INFO] Argument:325 - Argument : hdmavalue: null
2025-05-25 22:01:38,070 [INFO] Argument:327 - 	 sub Args: 
2025-05-25 22:01:38,070 [INFO] Argument:325 - Argument : Instancevalue: DMA2_Stream2
2025-05-25 22:01:38,070 [INFO] Argument:335 - Argument : Instancevalue: DMA2_Stream2
2025-05-25 22:01:38,070 [INFO] Argument:325 - Argument : Initvalue: null
2025-05-25 22:01:38,070 [INFO] Argument:327 - 	 sub Args: 
2025-05-25 22:01:38,070 [INFO] Argument:325 - Argument : Channelvalue: DMA_CHANNEL_4
2025-05-25 22:01:38,070 [INFO] Argument:335 - Argument : Channelvalue: DMA_CHANNEL_4
2025-05-25 22:01:38,070 [INFO] Argument:325 - Argument : Directionvalue: DMA_PERIPH_TO_MEMORY
2025-05-25 22:01:38,070 [INFO] Argument:335 - Argument : Directionvalue: DMA_PERIPH_TO_MEMORY
2025-05-25 22:01:38,070 [INFO] Argument:325 - Argument : PeriphIncvalue: DMA_PINC_DISABLE
2025-05-25 22:01:38,071 [INFO] Argument:335 - Argument : PeriphIncvalue: DMA_PINC_DISABLE
2025-05-25 22:01:38,071 [INFO] Argument:325 - Argument : MemIncvalue: DMA_MINC_ENABLE
2025-05-25 22:01:38,071 [INFO] Argument:335 - Argument : MemIncvalue: DMA_MINC_ENABLE
2025-05-25 22:01:38,071 [INFO] Argument:325 - Argument : PeriphDataAlignmentvalue: DMA_PDATAALIGN_BYTE
2025-05-25 22:01:38,071 [INFO] Argument:335 - Argument : PeriphDataAlignmentvalue: DMA_PDATAALIGN_BYTE
2025-05-25 22:01:38,071 [INFO] Argument:325 - Argument : MemDataAlignmentvalue: DMA_MDATAALIGN_BYTE
2025-05-25 22:01:38,071 [INFO] Argument:335 - Argument : MemDataAlignmentvalue: DMA_MDATAALIGN_BYTE
2025-05-25 22:01:38,071 [INFO] Argument:325 - Argument : Modevalue: DMA_NORMAL
2025-05-25 22:01:38,071 [INFO] Argument:335 - Argument : Modevalue: DMA_NORMAL
2025-05-25 22:01:38,071 [INFO] Argument:325 - Argument : Priorityvalue: DMA_PRIORITY_LOW
2025-05-25 22:01:38,071 [INFO] Argument:335 - Argument : Priorityvalue: DMA_PRIORITY_LOW
2025-05-25 22:01:38,071 [INFO] Argument:325 - Argument : FIFOModevalue: DMA_FIFOMODE_DISABLE
2025-05-25 22:01:38,071 [INFO] Argument:335 - Argument : FIFOModevalue: DMA_FIFOMODE_DISABLE
2025-05-25 22:01:38,074 [INFO] Argument:325 - Argument : FIFOThresholdvalue: null
2025-05-25 22:01:38,075 [INFO] Argument:335 - Argument : FIFOThresholdvalue: null
2025-05-25 22:01:38,076 [INFO] Argument:325 - Argument : MemBurstvalue: null
2025-05-25 22:01:38,076 [INFO] Argument:335 - Argument : MemBurstvalue: null
2025-05-25 22:01:38,076 [INFO] Argument:325 - Argument : PeriphBurstvalue: null
2025-05-25 22:01:38,076 [INFO] Argument:335 - Argument : PeriphBurstvalue: null
2025-05-25 22:01:38,076 [INFO] Argument:325 - Argument : Lockvalue: null
2025-05-25 22:01:38,076 [INFO] Argument:335 - Argument : Lockvalue: null
2025-05-25 22:01:38,076 [INFO] Argument:325 - Argument : Statevalue: null
2025-05-25 22:01:38,077 [INFO] Argument:335 - Argument : Statevalue: null
2025-05-25 22:01:38,077 [INFO] Argument:325 - Argument : Parentvalue: null
2025-05-25 22:01:38,077 [INFO] Argument:335 - Argument : Parentvalue: null
2025-05-25 22:01:38,077 [INFO] Argument:325 - Argument : XferCpltCallbackvalue: null
2025-05-25 22:01:38,077 [INFO] Argument:335 - Argument : XferCpltCallbackvalue: null
2025-05-25 22:01:38,077 [INFO] Argument:325 - Argument : XferHalfCpltCallbackvalue: null
2025-05-25 22:01:38,077 [INFO] Argument:335 - Argument : XferHalfCpltCallbackvalue: null
2025-05-25 22:01:38,077 [INFO] Argument:325 - Argument : XferM1CpltCallbackvalue: null
2025-05-25 22:01:38,077 [INFO] Argument:335 - Argument : XferM1CpltCallbackvalue: null
2025-05-25 22:01:38,077 [INFO] Argument:325 - Argument : XferErrorCallbackvalue: null
2025-05-25 22:01:38,077 [INFO] Argument:335 - Argument : XferErrorCallbackvalue: null
2025-05-25 22:01:38,077 [INFO] Argument:325 - Argument : ErrorCodevalue: null
2025-05-25 22:01:38,077 [INFO] Argument:335 - Argument : ErrorCodevalue: null
2025-05-25 22:01:38,169 [INFO] CodeEngine:255 - oldGeneratedFile, /Users/mindhacker999/STM32CubeIDE/workspace_1.17.0/Sonya-Tech/Sonya Tech Main MCU/MXTmpFiles/license.tmp_save
2025-05-25 22:01:38,557 [INFO] CodeEngine:279 - Generated code: /Users/mindhacker999/STM32CubeIDE/workspace_1.17.0/Sonya-Tech/Sonya Tech Main MCU/MXTmpFiles/license.tmp
2025-05-25 22:01:38,687 [INFO] CodeEngine:255 - oldGeneratedFile, /Users/mindhacker999/STM32CubeIDE/workspace_1.17.0/Sonya-Tech/Sonya Tech Main MCU/MXTmpFiles/gpio.tmp_save
2025-05-25 22:01:38,885 [INFO] CodeEngine:279 - Generated code: /Users/mindhacker999/STM32CubeIDE/workspace_1.17.0/Sonya-Tech/Sonya Tech Main MCU/MXTmpFiles/gpio.tmp
2025-05-25 22:01:39,650 [INFO] Middleware:1450 - No code input for Bsp Dependency
2025-05-25 22:01:39,656 [INFO] CodeEngine:255 - oldGeneratedFile, /Users/mindhacker999/STM32CubeIDE/workspace_1.17.0/Sonya-Tech/Sonya Tech Main MCU/MXTmpFiles/rtos_inc.tmp_save
2025-05-25 22:01:39,773 [INFO] CodeEngine:279 - Generated code: /Users/mindhacker999/STM32CubeIDE/workspace_1.17.0/Sonya-Tech/Sonya Tech Main MCU/MXTmpFiles/rtos_inc.tmp
2025-05-25 22:01:39,775 [INFO] CodeEngine:255 - oldGeneratedFile, /Users/mindhacker999/STM32CubeIDE/workspace_1.17.0/Sonya-Tech/Sonya Tech Main MCU/MXTmpFiles/rtos_vars.tmp_save
2025-05-25 22:01:39,859 [INFO] CodeEngine:279 - Generated code: /Users/mindhacker999/STM32CubeIDE/workspace_1.17.0/Sonya-Tech/Sonya Tech Main MCU/MXTmpFiles/rtos_vars.tmp
2025-05-25 22:01:39,861 [INFO] CodeEngine:255 - oldGeneratedFile, /Users/mindhacker999/STM32CubeIDE/workspace_1.17.0/Sonya-Tech/Sonya Tech Main MCU/MXTmpFiles/rtos_pfp.tmp_save
2025-05-25 22:01:39,928 [INFO] CodeEngine:279 - Generated code: /Users/mindhacker999/STM32CubeIDE/workspace_1.17.0/Sonya-Tech/Sonya Tech Main MCU/MXTmpFiles/rtos_pfp.tmp
2025-05-25 22:01:39,930 [INFO] CodeEngine:255 - oldGeneratedFile, /Users/mindhacker999/STM32CubeIDE/workspace_1.17.0/Sonya-Tech/Sonya Tech Main MCU/MXTmpFiles/rtos_obj_creat.tmp_save
2025-05-25 22:01:39,996 [INFO] CodeEngine:279 - Generated code: /Users/mindhacker999/STM32CubeIDE/workspace_1.17.0/Sonya-Tech/Sonya Tech Main MCU/MXTmpFiles/rtos_obj_creat.tmp
2025-05-25 22:01:39,999 [INFO] CodeEngine:255 - oldGeneratedFile, /Users/mindhacker999/STM32CubeIDE/workspace_1.17.0/Sonya-Tech/Sonya Tech Main MCU/MXTmpFiles/rtos_kernelStart.tmp_save
2025-05-25 22:01:40,059 [INFO] CodeEngine:279 - Generated code: /Users/mindhacker999/STM32CubeIDE/workspace_1.17.0/Sonya-Tech/Sonya Tech Main MCU/MXTmpFiles/rtos_kernelStart.tmp
2025-05-25 22:01:40,061 [INFO] CodeEngine:255 - oldGeneratedFile, /Users/mindhacker999/STM32CubeIDE/workspace_1.17.0/Sonya-Tech/Sonya Tech Main MCU/MXTmpFiles/rtos_default_thread.tmp_save
2025-05-25 22:01:40,134 [INFO] CodeEngine:279 - Generated code: /Users/mindhacker999/STM32CubeIDE/workspace_1.17.0/Sonya-Tech/Sonya Tech Main MCU/MXTmpFiles/rtos_default_thread.tmp
2025-05-25 22:01:40,136 [INFO] CodeEngine:255 - oldGeneratedFile, /Users/mindhacker999/STM32CubeIDE/workspace_1.17.0/Sonya-Tech/Sonya Tech Main MCU/MXTmpFiles/rtos_threads.tmp_save
2025-05-25 22:01:40,199 [INFO] CodeEngine:279 - Generated code: /Users/mindhacker999/STM32CubeIDE/workspace_1.17.0/Sonya-Tech/Sonya Tech Main MCU/MXTmpFiles/rtos_threads.tmp
2025-05-25 22:01:40,210 [INFO] Middleware:1450 - No code input for Bsp Dependency
2025-05-25 22:01:40,216 [INFO] CodeEngine:255 - oldGeneratedFile, /Users/mindhacker999/STM32CubeIDE/workspace_1.17.0/Sonya-Tech/Sonya Tech Main MCU/MXTmpFiles/rtos_inc.tmp_save
2025-05-25 22:01:40,283 [INFO] CodeEngine:279 - Generated code: /Users/mindhacker999/STM32CubeIDE/workspace_1.17.0/Sonya-Tech/Sonya Tech Main MCU/MXTmpFiles/rtos_inc.tmp
2025-05-25 22:01:40,286 [INFO] CodeEngine:255 - oldGeneratedFile, /Users/mindhacker999/STM32CubeIDE/workspace_1.17.0/Sonya-Tech/Sonya Tech Main MCU/MXTmpFiles/rtos_vars.tmp_save
2025-05-25 22:01:40,346 [INFO] CodeEngine:279 - Generated code: /Users/mindhacker999/STM32CubeIDE/workspace_1.17.0/Sonya-Tech/Sonya Tech Main MCU/MXTmpFiles/rtos_vars.tmp
2025-05-25 22:01:40,348 [INFO] CodeEngine:255 - oldGeneratedFile, /Users/mindhacker999/STM32CubeIDE/workspace_1.17.0/Sonya-Tech/Sonya Tech Main MCU/MXTmpFiles/rtos_pfp.tmp_save
2025-05-25 22:01:40,411 [INFO] CodeEngine:279 - Generated code: /Users/mindhacker999/STM32CubeIDE/workspace_1.17.0/Sonya-Tech/Sonya Tech Main MCU/MXTmpFiles/rtos_pfp.tmp
2025-05-25 22:01:40,414 [INFO] CodeEngine:255 - oldGeneratedFile, /Users/mindhacker999/STM32CubeIDE/workspace_1.17.0/Sonya-Tech/Sonya Tech Main MCU/MXTmpFiles/rtos_obj_creat.tmp_save
2025-05-25 22:01:40,471 [INFO] CodeEngine:279 - Generated code: /Users/mindhacker999/STM32CubeIDE/workspace_1.17.0/Sonya-Tech/Sonya Tech Main MCU/MXTmpFiles/rtos_obj_creat.tmp
2025-05-25 22:01:40,473 [INFO] CodeEngine:255 - oldGeneratedFile, /Users/mindhacker999/STM32CubeIDE/workspace_1.17.0/Sonya-Tech/Sonya Tech Main MCU/MXTmpFiles/rtos_kernelStart.tmp_save
2025-05-25 22:01:40,533 [INFO] CodeEngine:279 - Generated code: /Users/mindhacker999/STM32CubeIDE/workspace_1.17.0/Sonya-Tech/Sonya Tech Main MCU/MXTmpFiles/rtos_kernelStart.tmp
2025-05-25 22:01:40,535 [INFO] CodeEngine:255 - oldGeneratedFile, /Users/mindhacker999/STM32CubeIDE/workspace_1.17.0/Sonya-Tech/Sonya Tech Main MCU/MXTmpFiles/rtos_default_thread.tmp_save
2025-05-25 22:01:40,591 [INFO] CodeEngine:279 - Generated code: /Users/mindhacker999/STM32CubeIDE/workspace_1.17.0/Sonya-Tech/Sonya Tech Main MCU/MXTmpFiles/rtos_default_thread.tmp
2025-05-25 22:01:40,595 [INFO] CodeEngine:255 - oldGeneratedFile, /Users/mindhacker999/STM32CubeIDE/workspace_1.17.0/Sonya-Tech/Sonya Tech Main MCU/MXTmpFiles/rtos_threads.tmp_save
2025-05-25 22:01:40,649 [INFO] CodeEngine:279 - Generated code: /Users/mindhacker999/STM32CubeIDE/workspace_1.17.0/Sonya-Tech/Sonya Tech Main MCU/MXTmpFiles/rtos_threads.tmp
2025-05-25 22:01:40,653 [INFO] CodeEngine:255 - oldGeneratedFile, /Users/mindhacker999/STM32CubeIDE/workspace_1.17.0/Sonya-Tech/Sonya Tech Main MCU/Core/Inc/FreeRTOSConfig.h_save
2025-05-25 22:01:40,730 [INFO] CodeEngine:279 - Generated code: /Users/mindhacker999/STM32CubeIDE/workspace_1.17.0/Sonya-Tech/Sonya Tech Main MCU/Core/Inc/FreeRTOSConfig.h
2025-05-25 22:01:40,736 [INFO] CodeEngine:255 - oldGeneratedFile, /Users/mindhacker999/STM32CubeIDE/workspace_1.17.0/Sonya-Tech/Sonya Tech Main MCU/Core/Src/freertos.c_save
2025-05-25 22:01:40,953 [INFO] CodeEngine:279 - Generated code: /Users/mindhacker999/STM32CubeIDE/workspace_1.17.0/Sonya-Tech/Sonya Tech Main MCU/Core/Src/freertos.c
2025-05-25 22:01:41,076 [INFO] CodeEngine:255 - oldGeneratedFile, /Users/mindhacker999/STM32CubeIDE/workspace_1.17.0/Sonya-Tech/Sonya Tech Main MCU/MXTmpFiles/dma.tmp_save
2025-05-25 22:01:41,596 [INFO] CodeEngine:279 - Generated code: /Users/mindhacker999/STM32CubeIDE/workspace_1.17.0/Sonya-Tech/Sonya Tech Main MCU/MXTmpFiles/dma.tmp
2025-05-25 22:01:41,646 [INFO] CodeEngine:255 - oldGeneratedFile, /Users/mindhacker999/STM32CubeIDE/workspace_1.17.0/Sonya-Tech/Sonya Tech Main MCU/MXTmpFiles/dma_GV.tmp_save
2025-05-25 22:01:41,732 [INFO] CodeEngine:279 - Generated code: /Users/mindhacker999/STM32CubeIDE/workspace_1.17.0/Sonya-Tech/Sonya Tech Main MCU/MXTmpFiles/dma_GV.tmp
2025-05-25 22:01:41,773 [INFO] CodeEngine:255 - oldGeneratedFile, /Users/mindhacker999/STM32CubeIDE/workspace_1.17.0/Sonya-Tech/Sonya Tech Main MCU/Core/Src/stm32f4xx_it.c_save
2025-05-25 22:01:41,994 [INFO] CodeEngine:279 - Generated code: /Users/mindhacker999/STM32CubeIDE/workspace_1.17.0/Sonya-Tech/Sonya Tech Main MCU/Core/Src/stm32f4xx_it.c
2025-05-25 22:01:41,997 [INFO] CodeEngine:255 - oldGeneratedFile, /Users/mindhacker999/STM32CubeIDE/workspace_1.17.0/Sonya-Tech/Sonya Tech Main MCU/Core/Inc/stm32f4xx_it.h_save
2025-05-25 22:01:42,062 [INFO] CodeEngine:279 - Generated code: /Users/mindhacker999/STM32CubeIDE/workspace_1.17.0/Sonya-Tech/Sonya Tech Main MCU/Core/Inc/stm32f4xx_it.h
2025-05-25 22:01:42,079 [INFO] CodeEngine:255 - oldGeneratedFile, /Users/mindhacker999/STM32CubeIDE/workspace_1.17.0/Sonya-Tech/Sonya Tech Main MCU/Core/Src/stm32f4xx_hal_msp.c_save
2025-05-25 22:01:42,263 [INFO] CodeEngine:279 - Generated code: /Users/mindhacker999/STM32CubeIDE/workspace_1.17.0/Sonya-Tech/Sonya Tech Main MCU/Core/Src/stm32f4xx_hal_msp.c
2025-05-25 22:01:42,266 [INFO] CodeEngine:255 - oldGeneratedFile, /Users/mindhacker999/STM32CubeIDE/workspace_1.17.0/Sonya-Tech/Sonya Tech Main MCU/MXTmpFiles/system.tmp_save
2025-05-25 22:01:42,332 [INFO] CodeEngine:279 - Generated code: /Users/mindhacker999/STM32CubeIDE/workspace_1.17.0/Sonya-Tech/Sonya Tech Main MCU/MXTmpFiles/system.tmp
2025-05-25 22:01:42,335 [INFO] CodeEngine:255 - oldGeneratedFile, /Users/mindhacker999/STM32CubeIDE/workspace_1.17.0/Sonya-Tech/Sonya Tech Main MCU/Core/Src/stm32f4xx_hal_timebase_tim.c_save
2025-05-25 22:01:42,394 [INFO] CodeEngine:279 - Generated code: /Users/mindhacker999/STM32CubeIDE/workspace_1.17.0/Sonya-Tech/Sonya Tech Main MCU/Core/Src/stm32f4xx_hal_timebase_tim.c
2025-05-25 22:01:42,409 [INFO] CodeEngine:311 - oldGeneratedFile, /Users/mindhacker999/STM32CubeIDE/workspace_1.17.0/Sonya-Tech/Sonya Tech Main MCU/Core/Inc/stm32f4xx_hal_conf.h_save
2025-05-25 22:01:42,478 [INFO] CodeEngine:335 - Generated code: /Users/mindhacker999/STM32CubeIDE/workspace_1.17.0/Sonya-Tech/Sonya Tech Main MCU/Core/Inc/stm32f4xx_hal_conf.h
2025-05-25 22:01:42,693 [WARN] IPConfigManager:3618 - IP not found : TIM
2025-05-25 22:01:42,698 [WARN] CodeGenerator:4152 - IP not found : null
2025-05-25 22:01:42,710 [INFO] CodeEngine:255 - oldGeneratedFile, /Users/mindhacker999/STM32CubeIDE/workspace_1.17.0/Sonya-Tech/Sonya Tech Main MCU/Core/Inc/main.h_save
2025-05-25 22:01:42,864 [INFO] CodeEngine:279 - Generated code: /Users/mindhacker999/STM32CubeIDE/workspace_1.17.0/Sonya-Tech/Sonya Tech Main MCU/Core/Inc/main.h
2025-05-25 22:01:42,868 [INFO] CodeEngine:255 - oldGeneratedFile, /Users/mindhacker999/STM32CubeIDE/workspace_1.17.0/Sonya-Tech/Sonya Tech Main MCU/Core/Src/main.c_save
2025-05-25 22:01:43,060 [INFO] CodeEngine:279 - Generated code: /Users/mindhacker999/STM32CubeIDE/workspace_1.17.0/Sonya-Tech/Sonya Tech Main MCU/Core/Src/main.c
2025-05-25 22:01:43,465 [INFO] ProjectBuilder:3289 - Time for Copy HAL[1] : 124mS.
2025-05-25 22:01:43,473 [INFO] ProjectBuilder:4876 - Project Generator version: 4.5.0-RC5
2025-05-25 22:01:43,604 [INFO] ConfigFileManager:1579 - The Die is : DIE431
2025-05-25 22:01:47,560 [INFO] ProjectBuilder:5154 - Time for Generating toolchain IDE Files: 4077mS.
2025-05-25 22:01:47,576 [INFO] ProjectBuilder:3146 - Time for Copy CMSIS : 4mS.
2025-05-25 22:01:47,585 [INFO] ProjectBuilder:3146 - Time for Copy CMSIS : 1mS.
2025-05-25 22:17:40,350 [INFO] MainUpdater:2872 - connection check result : 10
2025-05-25 22:17:40,358 [INFO] MainUpdater:2872 - connection check result : 10
2025-05-25 22:17:41,020 [INFO] MicroXplorer:468 - Change Database Path : 
2025-05-25 22:17:41,021 [INFO] MicroXplorer:498 - Change Database Version : DB.6.0.130
2025-05-25 22:17:41,094 [ERROR] ProjectManagerView:394 - 
java.lang.NullPointerException: Cannot invoke "javax.swing.JTextField.getText()" because the return value of "java.util.List.get(int)" is null
	at com.st.microxplorer.plugins.projectmanager.gui.ProjectChoiceTab$9.caretUpdate(ProjectChoiceTab.java:2616) ~[filemanager.jar:?]
	at javax.swing.text.JTextComponent.fireCaretUpdate(JTextComponent.java:408) ~[?:?]
	at javax.swing.text.JTextComponent$MutableCaretEvent.fire(JTextComponent.java:4484) ~[?:?]
	at javax.swing.text.JTextComponent$MutableCaretEvent.stateChanged(JTextComponent.java:4506) ~[?:?]
	at javax.swing.text.DefaultCaret.fireStateChanged(DefaultCaret.java:857) ~[?:?]
	at javax.swing.text.DefaultCaret.changeCaretPosition(DefaultCaret.java:1343) ~[?:?]
	at javax.swing.text.DefaultCaret.handleSetDot(DefaultCaret.java:1242) ~[?:?]
	at javax.swing.text.DefaultCaret.setDot(DefaultCaret.java:1223) ~[?:?]
	at javax.swing.text.DefaultCaret$Handler.insertUpdate(DefaultCaret.java:1819) ~[?:?]
	at javax.swing.text.AbstractDocument.fireInsertUpdate(AbstractDocument.java:227) ~[?:?]
	at javax.swing.text.AbstractDocument.handleInsertString(AbstractDocument.java:781) ~[?:?]
	at javax.swing.text.AbstractDocument.insertString(AbstractDocument.java:740) ~[?:?]
	at javax.swing.text.PlainDocument.insertString(PlainDocument.java:131) ~[?:?]
	at javax.swing.text.AbstractDocument.replace(AbstractDocument.java:699) ~[?:?]
	at javax.swing.text.JTextComponent.setText(JTextComponent.java:1725) ~[?:?]
	at com.st.microxplorer.plugins.projectmanager.gui.ProjectChoiceTab.createHeapStackFields(ProjectChoiceTab.java:975) ~[filemanager.jar:?]
	at com.st.microxplorer.plugins.projectmanager.gui.ProjectChoiceTab.buildLinkSettingsPanel(ProjectChoiceTab.java:3666) ~[filemanager.jar:?]
	at com.st.microxplorer.plugins.projectmanager.gui.ProjectChoiceTab.defineWindowsFields(ProjectChoiceTab.java:1934) ~[filemanager.jar:?]
	at com.st.microxplorer.plugins.projectmanager.gui.ProjectChoiceTab.updateSettings(ProjectChoiceTab.java:553) ~[filemanager.jar:?]
	at com.st.microxplorer.plugins.projectmanager.gui.ProjectSettingsPanel.UpdateDialog(ProjectSettingsPanel.java:245) ~[filemanager.jar:?]
	at com.st.microxplorer.plugins.projectmanager.ProjectManagerView.propertyChange(ProjectManagerView.java:391) ~[filemanager.jar:?]
	at java.beans.PropertyChangeSupport.fire(PropertyChangeSupport.java:343) ~[?:?]
	at java.beans.PropertyChangeSupport.firePropertyChange(PropertyChangeSupport.java:335) ~[?:?]
	at java.beans.PropertyChangeSupport.firePropertyChange(PropertyChangeSupport.java:268) ~[?:?]
	at com.st.microxplorer.util.MXPropertyChangeSupport.firePropertyChange(MXPropertyChangeSupport.java:54) ~[STM32CubeMX.jar:?]
	at com.st.microxplorer.mxsystem.MxSystem.closeConfig(MxSystem.java:899) ~[STM32CubeMX.jar:?]
	at com.st.microxplorer.maingui.MainPanel.closeConfig(MainPanel.java:789) ~[STM32CubeMX.jar:?]
	at com.st.microxplorer.plugins.filemanager.engine.OpenFileManager.loadConfigurationFile(OpenFileManager.java:265) ~[filemanager.jar:?]
	at com.st.microxplorer.plugins.filemanager.engine.MainFileManager.userLoadConfig(MainFileManager.java:340) ~[filemanager.jar:?]
	at com.st.microxplorer.plugins.filemanager.engine.MainFileManager.userLoadConfig(MainFileManager.java:318) ~[filemanager.jar:?]
	at com.st.microxplorer.plugins.filemanager.FileManagerView.getSpecificTask(FileManagerView.java:246) ~[filemanager.jar:?]
	at com.st.stm32cube.common.mx.editor.CubeMxEditor.getMxTabbedPaneInstance(CubeMxEditor.java:1198) ~[com.st.stm32cube.common.mx_6.13.0.202411220809/:?]
	at com.st.stm32cube.common.mx.editor.CubeMxEditor$12$1.createSwingComponent(CubeMxEditor.java:1068) ~[com.st.stm32cube.common.mx_6.13.0.202411220809/:?]
	at com.st.stm32cube.common.mx.oss.core.awtswtbridge.EmbeddedSwingComposite.doComponentCreation(EmbeddedSwingComposite.java:492) ~[com.st.stm32cube.common.mx.oss_6.13.0.202411220809/:?]
	at com.st.stm32cube.common.mx.oss.core.awtswtbridge.EmbeddedSwingComposite$4.run(EmbeddedSwingComposite.java:291) ~[com.st.stm32cube.common.mx.oss_6.13.0.202411220809/:?]
	at com.st.stm32cube.common.mx.oss.core.awtswtbridge.AwtEnvironment$2.run(AwtEnvironment.java:166) ~[com.st.stm32cube.common.mx.oss_6.13.0.202411220809/:?]
	at java.awt.event.InvocationEvent.dispatch(InvocationEvent.java:318) ~[?:?]
	at java.awt.EventQueue.dispatchEventImpl(EventQueue.java:773) ~[?:?]
	at java.awt.EventQueue$4.run(EventQueue.java:720) ~[?:?]
	at java.awt.EventQueue$4.run(EventQueue.java:714) ~[?:?]
	at java.security.AccessController.doPrivileged(AccessController.java:400) ~[?:?]
	at java.security.ProtectionDomain$JavaSecurityAccessImpl.doIntersectionPrivilege(ProtectionDomain.java:87) ~[?:?]
	at java.awt.EventQueue.dispatchEvent(EventQueue.java:742) ~[?:?]
	at java.awt.EventDispatchThread.pumpOneEventForFilters(EventDispatchThread.java:203) ~[?:?]
	at java.awt.EventDispatchThread.pumpEventsForFilter(EventDispatchThread.java:124) ~[?:?]
	at java.awt.EventDispatchThread.pumpEventsForHierarchy(EventDispatchThread.java:113) ~[?:?]
	at java.awt.EventDispatchThread.pumpEvents(EventDispatchThread.java:109) ~[?:?]
	at java.awt.EventDispatchThread.pumpEvents(EventDispatchThread.java:101) ~[?:?]
	at java.awt.EventDispatchThread.run(EventDispatchThread.java:90) ~[?:?]
2025-05-25 22:17:41,099 [WARN] ThirdParty:871 - waiting for thirdparty lock release [close project]
2025-05-25 22:17:41,099 [INFO] ThirdParty:873 - entering critical section [close project]
2025-05-25 22:17:41,100 [INFO] ThirdParty:883 - exiting critical section [close project]
2025-05-25 22:17:41,106 [INFO] PinOutPanel:1589 - setPackage(No Configuration,No Configuration)
2025-05-25 22:17:41,158 [WARN] IpParametersView:154 - Warning: This peripheral hasn't parameters
2025-05-25 22:17:41,186 [WARN] MainPanel:289 - <html><b><center>Warning: This peripheral has no parameters to be configured<br></b></html>
2025-05-25 22:17:41,187 [ERROR] MainPanel:599 - java.lang.IndexOutOfBoundsException: Index: 0, Tab count: 0
2025-05-25 22:17:41,199 [INFO] UtilMem:75 - Begin LoadConfig() Used Memory: 984971000 Bytes (1073741824)
2025-05-25 22:17:41,202 [INFO] MicroXplorer:468 - Change Database Path : 
2025-05-25 22:17:41,202 [INFO] MicroXplorer:498 - Change Database Version : DB.6.0.130
2025-05-25 22:17:41,202 [INFO] OpenFileManager:332 - Change cursor
2025-05-25 22:17:41,336 [INFO] RulesReader:64 - Compatibility file has been processed (297 Rules)
2025-05-25 22:17:41,350 [INFO] Mcu:2035 - Initializing MCU STM32F411C(C-E)Ux STM32F411CEUx STM32F411CEU6
2025-05-25 22:17:42,845 [INFO] Context:748 - Trying to add GPIOservice into a context  which must be forbidden
2025-05-25 22:17:44,131 [INFO] RtosManager:555 - Registered RTOS mode: class=CMSIS, group=RTOS, mode=CMSIS_V1, owner=FREERTOS
2025-05-25 22:17:44,136 [INFO] RtosManager:555 - Registered RTOS mode: class=CMSIS, group=RTOS2, mode=CMSIS_V2, owner=FREERTOS
2025-05-25 22:17:44,137 [INFO] RtosManager:555 - Registered RTOS mode: class=RTOS, group=Core, mode=CMSIS_V1, owner=FREERTOS
2025-05-25 22:17:44,137 [INFO] RtosManager:555 - Registered RTOS mode: class=RTOS, group=Core, mode=CMSIS_V2, owner=FREERTOS
2025-05-25 22:17:44,138 [WARN] ModelIntegratedComponent:184 - Missing modes for component STMicroelectronics:FreeRTOS:0.0.1:STMicroelectronics:RTOS:FreeRTOS:Core:::10.2.0:
2025-05-25 22:17:44,161 [WARN] ModelIntegratedComponent:182 - Modes not found for component STMicroelectronics:USB_HOST:1.0.0:STMicroelectronics:USB::USB Host:Audio HS::1.0:USB_HOST_1_0_RESTRICTED_HS
2025-05-25 22:17:44,161 [WARN] ModelIntegratedComponent:188 - Modes not found for component STMicroelectronics:USB_HOST:1.0.0:STMicroelectronics:USB::USB Host:Audio HS::1.0:USB_HOST_1_0_RESTRICTED_HS
2025-05-25 22:17:44,161 [WARN] ModelIntegratedComponent:182 - Modes not found for component STMicroelectronics:USB_HOST:1.0.0:STMicroelectronics:USB::USB Host:CDC HS::1.0:USB_HOST_1_0_RESTRICTED_HS
2025-05-25 22:17:44,162 [WARN] ModelIntegratedComponent:188 - Modes not found for component STMicroelectronics:USB_HOST:1.0.0:STMicroelectronics:USB::USB Host:CDC HS::1.0:USB_HOST_1_0_RESTRICTED_HS
2025-05-25 22:17:44,162 [WARN] ModelIntegratedComponent:182 - Modes not found for component STMicroelectronics:USB_HOST:1.0.0:STMicroelectronics:USB::USB Host:MSC HS::1.0:USB_HOST_1_0_RESTRICTED_HS
2025-05-25 22:17:44,162 [WARN] ModelIntegratedComponent:188 - Modes not found for component STMicroelectronics:USB_HOST:1.0.0:STMicroelectronics:USB::USB Host:MSC HS::1.0:USB_HOST_1_0_RESTRICTED_HS
2025-05-25 22:17:44,162 [WARN] ModelIntegratedComponent:182 - Modes not found for component STMicroelectronics:USB_HOST:1.0.0:STMicroelectronics:USB::USB Host:HID HS::1.0:USB_HOST_1_0_RESTRICTED_HS
2025-05-25 22:17:44,162 [WARN] ModelIntegratedComponent:188 - Modes not found for component STMicroelectronics:USB_HOST:1.0.0:STMicroelectronics:USB::USB Host:HID HS::1.0:USB_HOST_1_0_RESTRICTED_HS
2025-05-25 22:17:44,162 [WARN] ModelIntegratedComponent:182 - Modes not found for component STMicroelectronics:USB_HOST:1.0.0:STMicroelectronics:USB::USB Host:MTP HS::1.0:USB_HOST_1_0_RESTRICTED_HS
2025-05-25 22:17:44,162 [WARN] ModelIntegratedComponent:188 - Modes not found for component STMicroelectronics:USB_HOST:1.0.0:STMicroelectronics:USB::USB Host:MTP HS::1.0:USB_HOST_1_0_RESTRICTED_HS
2025-05-25 22:17:44,169 [WARN] ModelIntegratedComponent:63 - No mode defined for component null
2025-05-25 22:17:44,169 [WARN] ModelIntegratedComponent:63 - No mode defined for component null
2025-05-25 22:17:44,169 [WARN] ModelIntegratedComponent:63 - No mode defined for component null
2025-05-25 22:17:44,169 [WARN] ModelIntegratedComponent:63 - No mode defined for component null
2025-05-25 22:17:44,169 [WARN] ModelIntegratedComponent:63 - No mode defined for component null
2025-05-25 22:17:44,169 [WARN] ModelIntegratedComponent:63 - No mode defined for component null
2025-05-25 22:17:44,170 [WARN] ModelIntegratedComponent:63 - No mode defined for component null
2025-05-25 22:17:44,170 [WARN] ModelIntegratedComponent:63 - No mode defined for component null
2025-05-25 22:17:44,171 [WARN] ModelIntegratedComponent:63 - No mode defined for component null
2025-05-25 22:17:44,171 [WARN] ModelIntegratedComponent:63 - No mode defined for component null
2025-05-25 22:17:44,171 [WARN] ModelIntegratedComponent:63 - No mode defined for component null
2025-05-25 22:17:44,171 [WARN] ModelIntegratedComponent:63 - No mode defined for component null
2025-05-25 22:17:44,171 [WARN] ModelIntegratedComponent:63 - No mode defined for component null
2025-05-25 22:17:44,172 [WARN] ModelIntegratedComponent:63 - No mode defined for component null
2025-05-25 22:17:44,172 [WARN] ModelIntegratedComponent:63 - No mode defined for component null
2025-05-25 22:17:44,172 [WARN] ModelIntegratedComponent:63 - No mode defined for component null
2025-05-25 22:17:44,172 [WARN] ModelIntegratedComponent:63 - No mode defined for component null
2025-05-25 22:17:44,172 [WARN] ModelIntegratedComponent:63 - No mode defined for component null
2025-05-25 22:17:44,172 [WARN] ModelIntegratedComponent:63 - No mode defined for component null
2025-05-25 22:17:44,172 [WARN] ModelIntegratedComponent:63 - No mode defined for component null
2025-05-25 22:17:44,172 [WARN] ModelIntegratedComponent:63 - No mode defined for component null
2025-05-25 22:17:44,172 [WARN] ModelIntegratedComponent:63 - No mode defined for component null
2025-05-25 22:17:44,172 [WARN] ModelIntegratedComponent:63 - No mode defined for component null
2025-05-25 22:17:44,172 [WARN] ModelIntegratedComponent:63 - No mode defined for component null
2025-05-25 22:17:44,173 [WARN] ModelIntegratedComponent:63 - No mode defined for component null
2025-05-25 22:17:44,174 [WARN] ModelIntegratedComponent:63 - No mode defined for component null
2025-05-25 22:17:44,175 [WARN] ModelIntegratedComponent:63 - No mode defined for component null
2025-05-25 22:17:44,175 [WARN] ModelIntegratedComponent:63 - No mode defined for component null
2025-05-25 22:17:44,175 [WARN] ModelIntegratedComponent:63 - No mode defined for component null
2025-05-25 22:17:44,175 [WARN] ModelIntegratedComponent:63 - No mode defined for component null
2025-05-25 22:17:44,175 [WARN] ModelIntegratedComponent:63 - No mode defined for component null
2025-05-25 22:17:44,175 [WARN] ModelIntegratedComponent:63 - No mode defined for component null
2025-05-25 22:17:44,175 [WARN] ModelIntegratedComponent:63 - No mode defined for component null
2025-05-25 22:17:44,175 [WARN] ModelIntegratedComponent:63 - No mode defined for component null
2025-05-25 22:17:44,175 [WARN] ModelIntegratedComponent:63 - No mode defined for component null
2025-05-25 22:17:44,176 [WARN] ModelPack:524 - Component already loaded: STMicroelectronics:HAL Drivers:0.0.0:STMicroelectronics:Device:STMicro_Driver:XSPI:HAL::0.0.1:HAL_XSPI
2025-05-25 22:17:44,376 [WARN] ModelIntegratedComponent:182 - Modes not found for component STMicroelectronics:USB_DEVICE:1.0.0:STMicroelectronics:USB::USB Device:Audio HS::1.0:USB_DEVICE_1_0_RESTRICTED_HS
2025-05-25 22:17:44,376 [WARN] ModelIntegratedComponent:188 - Modes not found for component STMicroelectronics:USB_DEVICE:1.0.0:STMicroelectronics:USB::USB Device:Audio HS::1.0:USB_DEVICE_1_0_RESTRICTED_HS
2025-05-25 22:17:44,376 [WARN] ModelIntegratedComponent:182 - Modes not found for component STMicroelectronics:USB_DEVICE:1.0.0:STMicroelectronics:USB::USB Device:CDC HS::1.0:USB_DEVICE_1_0_RESTRICTED_HS
2025-05-25 22:17:44,377 [WARN] ModelIntegratedComponent:188 - Modes not found for component STMicroelectronics:USB_DEVICE:1.0.0:STMicroelectronics:USB::USB Device:CDC HS::1.0:USB_DEVICE_1_0_RESTRICTED_HS
2025-05-25 22:17:44,377 [WARN] ModelIntegratedComponent:182 - Modes not found for component STMicroelectronics:USB_DEVICE:1.0.0:STMicroelectronics:USB::USB Device:DFU HS::1.0:USB_DEVICE_1_0_RESTRICTED_HS
2025-05-25 22:17:44,377 [WARN] ModelIntegratedComponent:188 - Modes not found for component STMicroelectronics:USB_DEVICE:1.0.0:STMicroelectronics:USB::USB Device:DFU HS::1.0:USB_DEVICE_1_0_RESTRICTED_HS
2025-05-25 22:17:44,377 [WARN] ModelIntegratedComponent:182 - Modes not found for component STMicroelectronics:USB_DEVICE:1.0.0:STMicroelectronics:USB::USB Device:HID HS::1.0:USB_DEVICE_1_0_RESTRICTED_HS
2025-05-25 22:17:44,377 [WARN] ModelIntegratedComponent:188 - Modes not found for component STMicroelectronics:USB_DEVICE:1.0.0:STMicroelectronics:USB::USB Device:HID HS::1.0:USB_DEVICE_1_0_RESTRICTED_HS
2025-05-25 22:17:44,377 [WARN] ModelIntegratedComponent:182 - Modes not found for component STMicroelectronics:USB_DEVICE:1.0.0:STMicroelectronics:USB::USB Device:Custom HID HS::1.0:USB_DEVICE_1_0_RESTRICTED_HS
2025-05-25 22:17:44,377 [WARN] ModelIntegratedComponent:188 - Modes not found for component STMicroelectronics:USB_DEVICE:1.0.0:STMicroelectronics:USB::USB Device:Custom HID HS::1.0:USB_DEVICE_1_0_RESTRICTED_HS
2025-05-25 22:17:44,377 [WARN] ModelIntegratedComponent:182 - Modes not found for component STMicroelectronics:USB_DEVICE:1.0.0:STMicroelectronics:USB::USB Device:MSC HS::1.0:USB_DEVICE_1_0_RESTRICTED_HS
2025-05-25 22:17:44,377 [WARN] ModelIntegratedComponent:188 - Modes not found for component STMicroelectronics:USB_DEVICE:1.0.0:STMicroelectronics:USB::USB Device:MSC HS::1.0:USB_DEVICE_1_0_RESTRICTED_HS
2025-05-25 22:17:44,403 [INFO] ThirdPartyModel:298 - Start build external matchings
2025-05-25 22:17:45,826 [INFO] ThirdPartyModel:316 - End build external matchings
2025-05-25 22:17:45,863 [INFO] ImportTextPane:218 - (OptionalMessage_ERROR) IP (RCC) : Parameter (48MHZClocksFreq_Value) has invalid value (50000000)
2025-05-25 22:17:45,871 [INFO] ImportTextPane:218 - (OptionalMessage_ERROR) IP (RCC) : Parameter (RTCHSEDivFreq_Value) has invalid value (12500000)
2025-05-25 22:17:46,137 [INFO] UtilMem:75 - End LoadConfig() Used Memory: 876161120 Bytes (1073741824)
2025-05-25 22:17:46,337 [WARN] ThirdParty:833 - waiting for thirdparty lock release [change project]
2025-05-25 22:17:46,343 [INFO] ThirdParty:835 - entering critical section [change project]
2025-05-25 22:17:46,344 [INFO] ThirdParty:1030 - CMSIS Pack Vendor :STMicroelectronics USBPD 4.1
2025-05-25 22:17:46,344 [INFO] ThirdParty:1030 - CMSIS Pack Vendor :STMicroelectronics X-CUBE-AZRTOS-H7 3.3.0
2025-05-25 22:17:46,344 [INFO] ThirdParty:1030 - CMSIS Pack Vendor :STMicroelectronics X-CUBE-NFC9 1.0.0
2025-05-25 22:17:46,344 [INFO] ThirdParty:1030 - CMSIS Pack Vendor :STMicroelectronics USB_HOST 2.0.0
2025-05-25 22:17:46,344 [INFO] ThirdParty:1030 - CMSIS Pack Vendor :STMicroelectronics FP-SNS-MOTENVWB1 1.4.0
2025-05-25 22:17:46,345 [INFO] ThirdParty:1030 - CMSIS Pack Vendor :STMicroelectronics X-CUBE-AZRTOS-F4 1.1.0
2025-05-25 22:17:46,345 [INFO] ThirdParty:1030 - CMSIS Pack Vendor :STMicroelectronics LIBJPEG 8.0.0
2025-05-25 22:17:46,346 [INFO] ThirdParty:1030 - CMSIS Pack Vendor :STMicroelectronics FP-ATR-ASTRA1 2.0.2
2025-05-25 22:17:46,347 [INFO] ThirdParty:1030 - CMSIS Pack Vendor :STMicroelectronics FP-ATR-ASTRA1 2.0.1
2025-05-25 22:17:46,347 [INFO] ThirdParty:1030 - CMSIS Pack Vendor :STMicroelectronics X-CUBE-BLE1 7.1.0
2025-05-25 22:17:46,347 [INFO] ThirdParty:1030 - CMSIS Pack Vendor :Avnet-IotConnect X-CUBE-IoTC-DA16k-PMOD 1.0.0
2025-05-25 22:17:46,347 [INFO] ThirdParty:1030 - CMSIS Pack Vendor :STMicroelectronics X-CUBE-SMBUS 2.1.0
2025-05-25 22:17:46,347 [INFO] ThirdParty:1030 - CMSIS Pack Vendor :STMicroelectronics X-CUBE-WB05N 1.1.0
2025-05-25 22:17:46,347 [INFO] ThirdParty:1030 - CMSIS Pack Vendor :STMicroelectronics USB_DEVICE 3.0.0
2025-05-25 22:17:46,347 [INFO] ThirdParty:1030 - CMSIS Pack Vendor :STMicroelectronics X-CUBE-ISPU 2.1.0
2025-05-25 22:17:46,347 [INFO] ThirdParty:1030 - CMSIS Pack Vendor :STMicroelectronics X-CUBE-AZRTOS-WB 2.0.0
2025-05-25 22:17:46,347 [INFO] ThirdParty:1030 - CMSIS Pack Vendor :STMicroelectronics X-CUBE-GNSS1 7.0.1
2025-05-25 22:17:46,347 [INFO] ThirdParty:1030 - CMSIS Pack Vendor :STMicroelectronics X-CUBE-AZRTOS-F7 1.1.0
2025-05-25 22:17:46,347 [INFO] ThirdParty:1030 - CMSIS Pack Vendor :STMicroelectronics X-CUBE-AZRTOS-L5 2.0.0
2025-05-25 22:17:46,347 [INFO] ThirdParty:1030 - CMSIS Pack Vendor :STMicroelectronics X-CUBE-TOUCHGFX 4.25.0
2025-05-25 22:17:46,347 [INFO] ThirdParty:1030 - CMSIS Pack Vendor :STMicroelectronics USB_DEVICE 2.0.0
2025-05-25 22:17:46,347 [INFO] ThirdParty:1030 - CMSIS Pack Vendor :STMicroelectronics X-CUBE-NFC6 3.1.0
2025-05-25 22:17:46,347 [INFO] ThirdParty:1030 - CMSIS Pack Vendor :STMicroelectronics FP-SNS-STBOX1 2.0.0
2025-05-25 22:17:46,348 [INFO] ThirdParty:1030 - CMSIS Pack Vendor :STMicroelectronics X-CUBE-MEMS1 11.2.0
2025-05-25 22:17:46,348 [INFO] ThirdParty:1030 - CMSIS Pack Vendor :STMicroelectronics FreeRTOS 0.0.1
2025-05-25 22:17:46,348 [INFO] ThirdParty:1030 - CMSIS Pack Vendor :STMicroelectronics X-CUBE-AZRTOS-G0 1.1.0
2025-05-25 22:17:46,349 [INFO] ThirdParty:1030 - CMSIS Pack Vendor :STMicroelectronics X-CUBE-SAFEA1 1.2.2
2025-05-25 22:17:46,350 [INFO] ThirdParty:1030 - CMSIS Pack Vendor :STMicroelectronics X-CUBE-NFC4 3.0.0
2025-05-25 22:17:46,351 [INFO] ThirdParty:1030 - CMSIS Pack Vendor :STMicroelectronics X-CUBE-DPower 1.2.0
2025-05-25 22:17:46,352 [INFO] ThirdParty:1030 - CMSIS Pack Vendor :STMicroelectronics X-CUBE-SUBG2 5.0.0
2025-05-25 22:17:46,353 [INFO] ThirdParty:1030 - CMSIS Pack Vendor :STMicroelectronics X-CUBE-AZRTOS-H7RS 1.1.0
2025-05-25 22:17:46,357 [INFO] ThirdParty:1030 - CMSIS Pack Vendor :STMicroelectronics STM32_WPAN 1.0.0
2025-05-25 22:17:46,362 [INFO] ThirdParty:1030 - CMSIS Pack Vendor :EmbeddedOffice I-CUBE-FS-RTOS 1.0.1
2025-05-25 22:17:46,373 [INFO] ThirdParty:1030 - CMSIS Pack Vendor :STMicroelectronics lwIP 2.0.3
2025-05-25 22:17:46,380 [INFO] ThirdParty:1030 - CMSIS Pack Vendor :STMicroelectronics FP-SNS-FLIGHT1 5.0.2
2025-05-25 22:17:46,384 [INFO] ThirdParty:1030 - CMSIS Pack Vendor :Cesanta I-CUBE-Mongoose 7.13.0
2025-05-25 22:17:46,386 [INFO] ThirdParty:1030 - CMSIS Pack Vendor :STMicroelectronics USB_HOST 1.0.0
2025-05-25 22:17:46,387 [INFO] ThirdParty:1030 - CMSIS Pack Vendor :Infineon AIROC-Wi-Fi-Bluetooth-STM32 1.7.0
2025-05-25 22:17:46,387 [INFO] ThirdParty:1030 - CMSIS Pack Vendor :STMicroelectronics X-CUBE-AZRTOS-G4 2.0.0
2025-05-25 22:17:46,387 [INFO] ThirdParty:1030 - CMSIS Pack Vendor :STMicroelectronics X-CUBE-WB05N 2.0.0
2025-05-25 22:17:46,387 [INFO] ThirdParty:1030 - CMSIS Pack Vendor :STMicroelectronics PDM2PCM 3.1.0
2025-05-25 22:17:46,388 [INFO] ThirdParty:1030 - CMSIS Pack Vendor :STMicroelectronics PDM2PCM 3.3.0
2025-05-25 22:17:46,388 [INFO] ThirdParty:1030 - CMSIS Pack Vendor :STMicroelectronics X-CUBE-DISPLAY 3.0.0
2025-05-25 22:17:46,388 [INFO] ThirdParty:1030 - CMSIS Pack Vendor :STMicroelectronics X-CUBE-NFC7 2.0.0
2025-05-25 22:17:46,388 [INFO] ThirdParty:1030 - CMSIS Pack Vendor :STMicroelectronics X-CUBE-TCPP 4.2.0
2025-05-25 22:17:46,388 [INFO] ThirdParty:1030 - CMSIS Pack Vendor :RealThread X-CUBE-RT-Thread_Nano 4.1.1
2025-05-25 22:17:46,389 [INFO] ThirdParty:1030 - CMSIS Pack Vendor :STMicroelectronics X-CUBE-BLE1 7.0.0
2025-05-25 22:17:46,389 [INFO] ThirdParty:1030 - CMSIS Pack Vendor :STMicroelectronics FP-ATR-SIGFOX1 3.2.0
2025-05-25 22:17:46,389 [INFO] ThirdParty:1030 - CMSIS Pack Vendor :STMicroelectronics X-CUBE-NFC10 1.0.0
2025-05-25 22:17:46,389 [INFO] ThirdParty:1030 - CMSIS Pack Vendor :quantropi X-CUBE-qispace-sdk-base 1.9.3
2025-05-25 22:17:46,389 [INFO] ThirdParty:1030 - CMSIS Pack Vendor :STMicroelectronics X-CUBE-BLEMGR 4.0.0
2025-05-25 22:17:46,389 [INFO] ThirdParty:1030 - CMSIS Pack Vendor :STMicroelectronics X-CUBE-EEPRMA1 5.1.0
2025-05-25 22:17:46,389 [INFO] ThirdParty:1030 - CMSIS Pack Vendor :STMicroelectronics X-CUBE-FREERTOS 1.3.1
2025-05-25 22:17:46,389 [INFO] ThirdParty:1030 - CMSIS Pack Vendor :STMicroelectronics HAL Drivers 0.0.0
2025-05-25 22:17:46,389 [INFO] ThirdParty:1030 - CMSIS Pack Vendor :STMicroelectronics MBEDTLS 2.16.2
2025-05-25 22:17:46,389 [INFO] ThirdParty:1030 - CMSIS Pack Vendor :STMicroelectronics X-CUBE-IPS 3.1.0
2025-05-25 22:17:46,389 [INFO] ThirdParty:1030 - CMSIS Pack Vendor :STMicroelectronics X-CUBE-ALS 1.0.2
2025-05-25 22:17:46,389 [INFO] ThirdParty:1030 - CMSIS Pack Vendor :emotas I-CUBE-CANOPEN 1.3.0
2025-05-25 22:17:46,389 [INFO] ThirdParty:1030 - CMSIS Pack Vendor :STMicroelectronics X-CUBE-FREERTOS 1.3.0
2025-05-25 22:17:46,389 [INFO] ThirdParty:1030 - CMSIS Pack Vendor :wolfSSL I-CUBE-wolfSSL 5.7.4
2025-05-25 22:17:46,389 [INFO] ThirdParty:1030 - CMSIS Pack Vendor :STMicroelectronics X-CUBE-NFC7 1.0.1
2025-05-25 22:17:46,389 [INFO] ThirdParty:1030 - CMSIS Pack Vendor :STMicroelectronics MBEDTLS 2.14.1
2025-05-25 22:17:46,389 [INFO] ThirdParty:1030 - CMSIS Pack Vendor :ITTIA_DB I-CUBE-ITTIADB 8.9.0
2025-05-25 22:17:46,389 [INFO] ThirdParty:1030 - CMSIS Pack Vendor :STMicroelectronics X-CUBE-TOUCHGFX 4.24.2
2025-05-25 22:17:46,389 [INFO] ThirdParty:1030 - CMSIS Pack Vendor :wolfSSL I-CUBE-wolfTPM 3.4.0
2025-05-25 22:17:46,389 [INFO] ThirdParty:1030 - CMSIS Pack Vendor :portGmbH I-Cube-SoM-uGOAL 1.1.0
2025-05-25 22:17:46,389 [INFO] ThirdParty:1030 - CMSIS Pack Vendor :STMicroelectronics X-CUBE-AI 10.0.0
2025-05-25 22:17:46,389 [INFO] ThirdParty:1030 - CMSIS Pack Vendor :STMicroelectronics ThreadX 1.0.0
2025-05-25 22:17:46,389 [INFO] ThirdParty:1030 - CMSIS Pack Vendor :STMicroelectronics FP-SNS-SMARTAG2 1.2.0
2025-05-25 22:17:46,389 [INFO] ThirdParty:1030 - CMSIS Pack Vendor :STMicroelectronics FP-SNS-FLIGHT1 5.1.0
2025-05-25 22:17:46,389 [INFO] ThirdParty:1030 - CMSIS Pack Vendor :STMicroelectronics X-CUBE-MEMS1 11.1.0
2025-05-25 22:17:46,389 [INFO] ThirdParty:1030 - CMSIS Pack Vendor :STMicroelectronics X-CUBE-AZRTOS-WL 2.0.0
2025-05-25 22:17:46,389 [INFO] ThirdParty:1030 - CMSIS Pack Vendor :SEGGER I-CUBE-embOS 1.3.1
2025-05-25 22:17:46,390 [INFO] ThirdParty:1030 - CMSIS Pack Vendor :STMicroelectronics X-CUBE-ALGOBUILD 1.4.0
2025-05-25 22:17:46,390 [INFO] ThirdParty:1030 - CMSIS Pack Vendor :STMicroelectronics X-CUBE-DPower 1.3.0
2025-05-25 22:17:46,390 [INFO] ThirdParty:1030 - CMSIS Pack Vendor :STMicroelectronics FP-SNS-MOTENV1 5.0.0
2025-05-25 22:17:46,390 [INFO] ThirdParty:1030 - CMSIS Pack Vendor :STMicroelectronics USB_DEVICE 1.0.0
2025-05-25 22:17:46,390 [INFO] ThirdParty:1030 - CMSIS Pack Vendor :STMicroelectronics X-CUBE-AZRTOS-H7RS 1.0.0
2025-05-25 22:17:46,392 [INFO] ThirdParty:1030 - CMSIS Pack Vendor :wolfSSL I-CUBE-wolfMQTT 1.19.0
2025-05-25 22:17:46,393 [INFO] ThirdParty:1030 - CMSIS Pack Vendor :STMicroelectronics X-CUBE-AZRTOS-L4 2.0.0
2025-05-25 22:17:46,393 [INFO] ThirdParty:1030 - CMSIS Pack Vendor :STMicroelectronics ThreadX 0.0.2
2025-05-25 22:17:46,393 [INFO] ThirdParty:1030 - CMSIS Pack Vendor :WES I-CUBE-Cesium 1.3.0
2025-05-25 22:17:46,394 [INFO] ThirdParty:1030 - CMSIS Pack Vendor :STMicroelectronics lwIP 2.1.2
2025-05-25 22:17:46,394 [INFO] ThirdParty:1030 - CMSIS Pack Vendor :STMicroelectronics X-CUBE-SFXS2LP1 4.0.0
2025-05-25 22:17:46,394 [INFO] ThirdParty:1030 - CMSIS Pack Vendor :STMicroelectronics X-CUBE-BLE2 3.3.0
2025-05-25 22:17:46,394 [INFO] ThirdParty:1030 - CMSIS Pack Vendor :STMicroelectronics X-CUBE-TOF1 3.4.2
2025-05-25 22:17:46,395 [INFO] ThirdParty:1030 - CMSIS Pack Vendor :STMicroelectronics X-CUBE-TOF1 3.4.3
2025-05-25 22:17:46,395 [INFO] ThirdParty:1030 - CMSIS Pack Vendor :STMicroelectronics X-CUBE-AI 9.1.0
2025-05-25 22:17:46,395 [INFO] ThirdParty:1030 - CMSIS Pack Vendor :STMicroelectronics PDM2PCM 3.2.0
2025-05-25 22:17:46,395 [INFO] ThirdParty:1030 - CMSIS Pack Vendor :wolfSSL I-CUBE-wolfSSH 1.4.17
2025-05-25 22:17:46,396 [INFO] ThirdParty:841 - exiting critical section [change project]
2025-05-25 22:17:46,997 [INFO] PinOutPanel:1589 - setPackage(No Configuration,No Configuration)
2025-05-25 22:17:46,999 [INFO] PinOutPanel:1589 - setPackage(STM32F411CEUx,UFQFPN48)
2025-05-25 22:17:47,620 [INFO] UtilMem:75 - Before build in PCC Used Memory: 844065624 Bytes (1073741824)
2025-05-25 22:17:48,237 [INFO] UtilMem:75 - After build in PCC Used Memory: 889680728 Bytes (1073741824)
2025-05-25 22:17:48,270 [INFO] IPUIPlugin:80 - create IPUIPlugin
2025-05-25 22:17:48,272 [INFO] IPUIPlugin:80 - create IPUIPlugin
2025-05-25 22:17:48,273 [INFO] IPUIPlugin:80 - create IPUIPlugin
2025-05-25 22:17:48,273 [INFO] IPUIPlugin:80 - create IPUIPlugin
2025-05-25 22:17:48,273 [INFO] IPUIPlugin:80 - create IPUIPlugin
2025-05-25 22:17:48,273 [INFO] IPUIPlugin:80 - create IPUIPlugin
2025-05-25 22:17:48,273 [INFO] IPUIPlugin:80 - create IPUIPlugin
2025-05-25 22:17:48,273 [INFO] IPUIPlugin:80 - create IPUIPlugin
2025-05-25 22:17:48,274 [INFO] IPUIPlugin:80 - create IPUIPlugin
2025-05-25 22:17:48,274 [INFO] IPUIPlugin:80 - create IPUIPlugin
2025-05-25 22:17:48,275 [INFO] IPUIPlugin:80 - create IPUIPlugin
2025-05-25 22:17:48,275 [INFO] IPUIPlugin:80 - create IPUIPlugin
2025-05-25 22:17:48,275 [INFO] IPUIPlugin:80 - create IPUIPlugin
2025-05-25 22:17:48,275 [INFO] IPUIPlugin:80 - create IPUIPlugin
2025-05-25 22:17:48,275 [INFO] IPUIPlugin:80 - create IPUIPlugin
2025-05-25 22:17:48,275 [INFO] IPUIPlugin:80 - create IPUIPlugin
2025-05-25 22:17:48,275 [INFO] IPUIPlugin:80 - create IPUIPlugin
2025-05-25 22:17:48,275 [INFO] IPUIPlugin:80 - create IPUIPlugin
2025-05-25 22:17:48,275 [INFO] IPUIPlugin:80 - create IPUIPlugin
2025-05-25 22:17:48,275 [INFO] IPUIPlugin:80 - create IPUIPlugin
2025-05-25 22:17:48,276 [INFO] IPUIPlugin:80 - create IPUIPlugin
2025-05-25 22:17:48,277 [INFO] IPUIPlugin:80 - create IPUIPlugin
2025-05-25 22:17:48,278 [INFO] IPUIPlugin:80 - create IPUIPlugin
2025-05-25 22:17:48,278 [INFO] IPUIPlugin:80 - create IPUIPlugin
2025-05-25 22:17:48,278 [INFO] IPUIPlugin:80 - create IPUIPlugin
2025-05-25 22:17:48,278 [INFO] IPUIPlugin:80 - create IPUIPlugin
2025-05-25 22:17:48,278 [INFO] IPUIPlugin:80 - create IPUIPlugin
2025-05-25 22:17:48,279 [INFO] IPUIPlugin:80 - create IPUIPlugin
2025-05-25 22:17:48,279 [INFO] IPUIPlugin:80 - create IPUIPlugin
2025-05-25 22:17:48,279 [INFO] IPUIPlugin:80 - create IPUIPlugin
2025-05-25 22:17:48,279 [INFO] IPUIPlugin:80 - create IPUIPlugin
2025-05-25 22:17:48,279 [INFO] IPUIPlugin:80 - create IPUIPlugin
2025-05-25 22:17:48,279 [INFO] IPUIPlugin:80 - create IPUIPlugin
2025-05-25 22:17:48,279 [INFO] IPUIPlugin:80 - create IPUIPlugin
2025-05-25 22:17:48,279 [INFO] IPUIPlugin:80 - create IPUIPlugin
2025-05-25 22:17:48,279 [INFO] IPUIPlugin:80 - create IPUIPlugin
2025-05-25 22:17:48,279 [INFO] IPUIPlugin:80 - create IPUIPlugin
2025-05-25 22:17:48,279 [INFO] IPUIPlugin:80 - create IPUIPlugin
2025-05-25 22:17:48,279 [INFO] IPUIPlugin:80 - create IPUIPlugin
2025-05-25 22:17:48,280 [INFO] IPUIPlugin:80 - create IPUIPlugin
2025-05-25 22:17:48,280 [INFO] IPUIPlugin:80 - create IPUIPlugin
2025-05-25 22:17:48,280 [INFO] IPUIPlugin:80 - create IPUIPlugin
2025-05-25 22:17:48,280 [INFO] IPUIPlugin:80 - create IPUIPlugin
2025-05-25 22:17:48,287 [INFO] ApiDbMcu:508 - Load IP Config File for PDM2PCM
2025-05-25 22:17:48,291 [WARN] IP:2251 - I2C_Coeff_DF not found: check if there is a RefParameter without a condition.
2025-05-25 22:17:48,291 [WARN] IP:2251 - Analog_Filter not found: check if there is a RefParameter without a condition.
2025-05-25 22:17:48,402 [INFO] CADModel:165 - CPN selected for project levelSTM32F411CEU6
2025-05-25 22:17:48,402 [INFO] CADModel:114 - Register for checkConnection events
2025-05-25 22:17:48,452 [INFO] OpenFileManager:363 - Restore cursor
2025-05-25 22:17:48,753 [WARN] IP:2251 - I2C_Coeff_DF not found: check if there is a RefParameter without a condition.
2025-05-25 22:17:48,753 [WARN] IP:2251 - Analog_Filter not found: check if there is a RefParameter without a condition.
2025-05-25 22:17:48,754 [WARN] IP:2251 - I2C_Coeff_DF not found: check if there is a RefParameter without a condition.
2025-05-25 22:17:48,754 [WARN] IP:2251 - Analog_Filter not found: check if there is a RefParameter without a condition.
2025-05-25 22:19:47,468 [INFO] MainUpdater:2872 - connection check result : 10
2025-05-25 22:19:47,491 [INFO] MainUpdater:2872 - connection check result : 10
2025-05-25 22:19:48,183 [INFO] MicroXplorer:468 - Change Database Path : 
2025-05-25 22:19:48,185 [INFO] MicroXplorer:498 - Change Database Version : DB.6.0.130
2025-05-25 22:19:48,431 [ERROR] ProjectManagerView:394 - 
java.lang.NullPointerException: Cannot invoke "javax.swing.JTextField.getText()" because the return value of "java.util.List.get(int)" is null
	at com.st.microxplorer.plugins.projectmanager.gui.ProjectChoiceTab$9.caretUpdate(ProjectChoiceTab.java:2616) ~[filemanager.jar:?]
	at javax.swing.text.JTextComponent.fireCaretUpdate(JTextComponent.java:408) ~[?:?]
	at javax.swing.text.JTextComponent$MutableCaretEvent.fire(JTextComponent.java:4484) ~[?:?]
	at javax.swing.text.JTextComponent$MutableCaretEvent.stateChanged(JTextComponent.java:4506) ~[?:?]
	at javax.swing.text.DefaultCaret.fireStateChanged(DefaultCaret.java:857) ~[?:?]
	at javax.swing.text.DefaultCaret.changeCaretPosition(DefaultCaret.java:1343) ~[?:?]
	at javax.swing.text.DefaultCaret.handleSetDot(DefaultCaret.java:1242) ~[?:?]
	at javax.swing.text.DefaultCaret.setDot(DefaultCaret.java:1223) ~[?:?]
	at javax.swing.text.DefaultCaret$Handler.insertUpdate(DefaultCaret.java:1819) ~[?:?]
	at javax.swing.text.AbstractDocument.fireInsertUpdate(AbstractDocument.java:227) ~[?:?]
	at javax.swing.text.AbstractDocument.handleInsertString(AbstractDocument.java:781) ~[?:?]
	at javax.swing.text.AbstractDocument.insertString(AbstractDocument.java:740) ~[?:?]
	at javax.swing.text.PlainDocument.insertString(PlainDocument.java:131) ~[?:?]
	at javax.swing.text.AbstractDocument.replace(AbstractDocument.java:699) ~[?:?]
	at javax.swing.text.JTextComponent.setText(JTextComponent.java:1725) ~[?:?]
	at com.st.microxplorer.plugins.projectmanager.gui.ProjectChoiceTab.createHeapStackFields(ProjectChoiceTab.java:975) ~[filemanager.jar:?]
	at com.st.microxplorer.plugins.projectmanager.gui.ProjectChoiceTab.buildLinkSettingsPanel(ProjectChoiceTab.java:3666) ~[filemanager.jar:?]
	at com.st.microxplorer.plugins.projectmanager.gui.ProjectChoiceTab.defineWindowsFields(ProjectChoiceTab.java:1934) ~[filemanager.jar:?]
	at com.st.microxplorer.plugins.projectmanager.gui.ProjectChoiceTab.updateSettings(ProjectChoiceTab.java:553) ~[filemanager.jar:?]
	at com.st.microxplorer.plugins.projectmanager.gui.ProjectSettingsPanel.UpdateDialog(ProjectSettingsPanel.java:245) ~[filemanager.jar:?]
	at com.st.microxplorer.plugins.projectmanager.ProjectManagerView.propertyChange(ProjectManagerView.java:391) ~[filemanager.jar:?]
	at java.beans.PropertyChangeSupport.fire(PropertyChangeSupport.java:343) ~[?:?]
	at java.beans.PropertyChangeSupport.firePropertyChange(PropertyChangeSupport.java:335) ~[?:?]
	at java.beans.PropertyChangeSupport.firePropertyChange(PropertyChangeSupport.java:268) ~[?:?]
	at com.st.microxplorer.util.MXPropertyChangeSupport.firePropertyChange(MXPropertyChangeSupport.java:54) ~[STM32CubeMX.jar:?]
	at com.st.microxplorer.mxsystem.MxSystem.closeConfig(MxSystem.java:899) ~[STM32CubeMX.jar:?]
	at com.st.microxplorer.maingui.MainPanel.closeConfig(MainPanel.java:789) ~[STM32CubeMX.jar:?]
	at com.st.microxplorer.plugins.filemanager.engine.OpenFileManager.loadConfigurationFile(OpenFileManager.java:265) ~[filemanager.jar:?]
	at com.st.microxplorer.plugins.filemanager.engine.MainFileManager.userLoadConfig(MainFileManager.java:340) ~[filemanager.jar:?]
	at com.st.microxplorer.plugins.filemanager.engine.MainFileManager.userLoadConfig(MainFileManager.java:318) ~[filemanager.jar:?]
	at com.st.microxplorer.plugins.filemanager.FileManagerView.getSpecificTask(FileManagerView.java:246) ~[filemanager.jar:?]
	at com.st.stm32cube.common.mx.editor.CubeMxEditor.getMxTabbedPaneInstance(CubeMxEditor.java:1198) ~[com.st.stm32cube.common.mx_6.13.0.202411220809/:?]
	at com.st.stm32cube.common.mx.editor.CubeMxEditor$12$1.createSwingComponent(CubeMxEditor.java:1068) ~[com.st.stm32cube.common.mx_6.13.0.202411220809/:?]
	at com.st.stm32cube.common.mx.oss.core.awtswtbridge.EmbeddedSwingComposite.doComponentCreation(EmbeddedSwingComposite.java:492) ~[com.st.stm32cube.common.mx.oss_6.13.0.202411220809/:?]
	at com.st.stm32cube.common.mx.oss.core.awtswtbridge.EmbeddedSwingComposite$4.run(EmbeddedSwingComposite.java:291) ~[com.st.stm32cube.common.mx.oss_6.13.0.202411220809/:?]
	at com.st.stm32cube.common.mx.oss.core.awtswtbridge.AwtEnvironment$2.run(AwtEnvironment.java:166) ~[com.st.stm32cube.common.mx.oss_6.13.0.202411220809/:?]
	at java.awt.event.InvocationEvent.dispatch(InvocationEvent.java:318) ~[?:?]
	at java.awt.EventQueue.dispatchEventImpl(EventQueue.java:773) ~[?:?]
	at java.awt.EventQueue$4.run(EventQueue.java:720) ~[?:?]
	at java.awt.EventQueue$4.run(EventQueue.java:714) ~[?:?]
	at java.security.AccessController.doPrivileged(AccessController.java:400) ~[?:?]
	at java.security.ProtectionDomain$JavaSecurityAccessImpl.doIntersectionPrivilege(ProtectionDomain.java:87) ~[?:?]
	at java.awt.EventQueue.dispatchEvent(EventQueue.java:742) ~[?:?]
	at java.awt.EventDispatchThread.pumpOneEventForFilters(EventDispatchThread.java:203) ~[?:?]
	at java.awt.EventDispatchThread.pumpEventsForFilter(EventDispatchThread.java:124) ~[?:?]
	at java.awt.EventDispatchThread.pumpEventsForHierarchy(EventDispatchThread.java:113) ~[?:?]
	at java.awt.EventDispatchThread.pumpEvents(EventDispatchThread.java:109) ~[?:?]
	at java.awt.EventDispatchThread.pumpEvents(EventDispatchThread.java:101) ~[?:?]
	at java.awt.EventDispatchThread.run(EventDispatchThread.java:90) ~[?:?]
2025-05-25 22:19:48,438 [WARN] ThirdParty:871 - waiting for thirdparty lock release [close project]
2025-05-25 22:19:48,439 [INFO] ThirdParty:873 - entering critical section [close project]
2025-05-25 22:19:48,439 [INFO] ThirdParty:883 - exiting critical section [close project]
2025-05-25 22:19:48,443 [INFO] PinOutPanel:1589 - setPackage(No Configuration,No Configuration)
2025-05-25 22:19:48,496 [WARN] IpParametersView:154 - Warning: This peripheral hasn't parameters
2025-05-25 22:19:48,523 [WARN] MainPanel:289 - <html><b><center>Warning: This peripheral has no parameters to be configured<br></b></html>
2025-05-25 22:19:48,525 [ERROR] MainPanel:599 - java.lang.IndexOutOfBoundsException: Index: 0, Tab count: 0
2025-05-25 22:19:48,536 [INFO] UtilMem:75 - Begin LoadConfig() Used Memory: 874194632 Bytes (1073741824)
2025-05-25 22:19:48,538 [INFO] MicroXplorer:468 - Change Database Path : 
2025-05-25 22:19:48,540 [INFO] MicroXplorer:498 - Change Database Version : DB.6.0.130
2025-05-25 22:19:48,540 [INFO] OpenFileManager:332 - Change cursor
2025-05-25 22:19:48,593 [INFO] Mcu:2035 - Initializing MCU STM32F411C(C-E)Ux STM32F411CEUx STM32F411CEU6
2025-05-25 22:19:49,793 [INFO] Context:748 - Trying to add GPIOservice into a context  which must be forbidden
2025-05-25 22:19:50,440 [INFO] RtosManager:555 - Registered RTOS mode: class=CMSIS, group=RTOS, mode=CMSIS_V1, owner=FREERTOS
2025-05-25 22:19:50,444 [INFO] RtosManager:555 - Registered RTOS mode: class=CMSIS, group=RTOS2, mode=CMSIS_V2, owner=FREERTOS
2025-05-25 22:19:50,444 [INFO] RtosManager:555 - Registered RTOS mode: class=RTOS, group=Core, mode=CMSIS_V1, owner=FREERTOS
2025-05-25 22:19:50,444 [INFO] RtosManager:555 - Registered RTOS mode: class=RTOS, group=Core, mode=CMSIS_V2, owner=FREERTOS
2025-05-25 22:19:50,444 [WARN] ModelIntegratedComponent:184 - Missing modes for component STMicroelectronics:FreeRTOS:0.0.1:STMicroelectronics:RTOS:FreeRTOS:Core:::10.2.0:
2025-05-25 22:19:50,451 [WARN] ModelIntegratedComponent:182 - Modes not found for component STMicroelectronics:USB_HOST:1.0.0:STMicroelectronics:USB::USB Host:Audio HS::1.0:USB_HOST_1_0_RESTRICTED_HS
2025-05-25 22:19:50,452 [WARN] ModelIntegratedComponent:188 - Modes not found for component STMicroelectronics:USB_HOST:1.0.0:STMicroelectronics:USB::USB Host:Audio HS::1.0:USB_HOST_1_0_RESTRICTED_HS
2025-05-25 22:19:50,452 [WARN] ModelIntegratedComponent:182 - Modes not found for component STMicroelectronics:USB_HOST:1.0.0:STMicroelectronics:USB::USB Host:CDC HS::1.0:USB_HOST_1_0_RESTRICTED_HS
2025-05-25 22:19:50,452 [WARN] ModelIntegratedComponent:188 - Modes not found for component STMicroelectronics:USB_HOST:1.0.0:STMicroelectronics:USB::USB Host:CDC HS::1.0:USB_HOST_1_0_RESTRICTED_HS
2025-05-25 22:19:50,452 [WARN] ModelIntegratedComponent:182 - Modes not found for component STMicroelectronics:USB_HOST:1.0.0:STMicroelectronics:USB::USB Host:MSC HS::1.0:USB_HOST_1_0_RESTRICTED_HS
2025-05-25 22:19:50,452 [WARN] ModelIntegratedComponent:188 - Modes not found for component STMicroelectronics:USB_HOST:1.0.0:STMicroelectronics:USB::USB Host:MSC HS::1.0:USB_HOST_1_0_RESTRICTED_HS
2025-05-25 22:19:50,452 [WARN] ModelIntegratedComponent:182 - Modes not found for component STMicroelectronics:USB_HOST:1.0.0:STMicroelectronics:USB::USB Host:HID HS::1.0:USB_HOST_1_0_RESTRICTED_HS
2025-05-25 22:19:50,452 [WARN] ModelIntegratedComponent:188 - Modes not found for component STMicroelectronics:USB_HOST:1.0.0:STMicroelectronics:USB::USB Host:HID HS::1.0:USB_HOST_1_0_RESTRICTED_HS
2025-05-25 22:19:50,452 [WARN] ModelIntegratedComponent:182 - Modes not found for component STMicroelectronics:USB_HOST:1.0.0:STMicroelectronics:USB::USB Host:MTP HS::1.0:USB_HOST_1_0_RESTRICTED_HS
2025-05-25 22:19:50,452 [WARN] ModelIntegratedComponent:188 - Modes not found for component STMicroelectronics:USB_HOST:1.0.0:STMicroelectronics:USB::USB Host:MTP HS::1.0:USB_HOST_1_0_RESTRICTED_HS
2025-05-25 22:19:50,461 [WARN] ModelIntegratedComponent:63 - No mode defined for component null
2025-05-25 22:19:50,462 [WARN] ModelIntegratedComponent:63 - No mode defined for component null
2025-05-25 22:19:50,462 [WARN] ModelIntegratedComponent:63 - No mode defined for component null
2025-05-25 22:19:50,462 [WARN] ModelIntegratedComponent:63 - No mode defined for component null
2025-05-25 22:19:50,462 [WARN] ModelIntegratedComponent:63 - No mode defined for component null
2025-05-25 22:19:50,462 [WARN] ModelIntegratedComponent:63 - No mode defined for component null
2025-05-25 22:19:50,462 [WARN] ModelIntegratedComponent:63 - No mode defined for component null
2025-05-25 22:19:50,462 [WARN] ModelIntegratedComponent:63 - No mode defined for component null
2025-05-25 22:19:50,462 [WARN] ModelIntegratedComponent:63 - No mode defined for component null
2025-05-25 22:19:50,462 [WARN] ModelIntegratedComponent:63 - No mode defined for component null
2025-05-25 22:19:50,462 [WARN] ModelIntegratedComponent:63 - No mode defined for component null
2025-05-25 22:19:50,462 [WARN] ModelIntegratedComponent:63 - No mode defined for component null
2025-05-25 22:19:50,462 [WARN] ModelIntegratedComponent:63 - No mode defined for component null
2025-05-25 22:19:50,462 [WARN] ModelIntegratedComponent:63 - No mode defined for component null
2025-05-25 22:19:50,462 [WARN] ModelIntegratedComponent:63 - No mode defined for component null
2025-05-25 22:19:50,462 [WARN] ModelIntegratedComponent:63 - No mode defined for component null
2025-05-25 22:19:50,462 [WARN] ModelIntegratedComponent:63 - No mode defined for component null
2025-05-25 22:19:50,462 [WARN] ModelIntegratedComponent:63 - No mode defined for component null
2025-05-25 22:19:50,462 [WARN] ModelIntegratedComponent:63 - No mode defined for component null
2025-05-25 22:19:50,462 [WARN] ModelIntegratedComponent:63 - No mode defined for component null
2025-05-25 22:19:50,462 [WARN] ModelIntegratedComponent:63 - No mode defined for component null
2025-05-25 22:19:50,462 [WARN] ModelIntegratedComponent:63 - No mode defined for component null
2025-05-25 22:19:50,462 [WARN] ModelIntegratedComponent:63 - No mode defined for component null
2025-05-25 22:19:50,462 [WARN] ModelIntegratedComponent:63 - No mode defined for component null
2025-05-25 22:19:50,462 [WARN] ModelIntegratedComponent:63 - No mode defined for component null
2025-05-25 22:19:50,462 [WARN] ModelIntegratedComponent:63 - No mode defined for component null
2025-05-25 22:19:50,462 [WARN] ModelIntegratedComponent:63 - No mode defined for component null
2025-05-25 22:19:50,462 [WARN] ModelIntegratedComponent:63 - No mode defined for component null
2025-05-25 22:19:50,462 [WARN] ModelIntegratedComponent:63 - No mode defined for component null
2025-05-25 22:19:50,462 [WARN] ModelIntegratedComponent:63 - No mode defined for component null
2025-05-25 22:19:50,462 [WARN] ModelIntegratedComponent:63 - No mode defined for component null
2025-05-25 22:19:50,462 [WARN] ModelIntegratedComponent:63 - No mode defined for component null
2025-05-25 22:19:50,462 [WARN] ModelIntegratedComponent:63 - No mode defined for component null
2025-05-25 22:19:50,462 [WARN] ModelIntegratedComponent:63 - No mode defined for component null
2025-05-25 22:19:50,462 [WARN] ModelIntegratedComponent:63 - No mode defined for component null
2025-05-25 22:19:50,463 [WARN] ModelPack:524 - Component already loaded: STMicroelectronics:HAL Drivers:0.0.0:STMicroelectronics:Device:STMicro_Driver:XSPI:HAL::0.0.1:HAL_XSPI
2025-05-25 22:19:50,517 [WARN] ModelIntegratedComponent:182 - Modes not found for component STMicroelectronics:USB_DEVICE:1.0.0:STMicroelectronics:USB::USB Device:Audio HS::1.0:USB_DEVICE_1_0_RESTRICTED_HS
2025-05-25 22:19:50,517 [WARN] ModelIntegratedComponent:188 - Modes not found for component STMicroelectronics:USB_DEVICE:1.0.0:STMicroelectronics:USB::USB Device:Audio HS::1.0:USB_DEVICE_1_0_RESTRICTED_HS
2025-05-25 22:19:50,517 [WARN] ModelIntegratedComponent:182 - Modes not found for component STMicroelectronics:USB_DEVICE:1.0.0:STMicroelectronics:USB::USB Device:CDC HS::1.0:USB_DEVICE_1_0_RESTRICTED_HS
2025-05-25 22:19:50,517 [WARN] ModelIntegratedComponent:188 - Modes not found for component STMicroelectronics:USB_DEVICE:1.0.0:STMicroelectronics:USB::USB Device:CDC HS::1.0:USB_DEVICE_1_0_RESTRICTED_HS
2025-05-25 22:19:50,517 [WARN] ModelIntegratedComponent:182 - Modes not found for component STMicroelectronics:USB_DEVICE:1.0.0:STMicroelectronics:USB::USB Device:DFU HS::1.0:USB_DEVICE_1_0_RESTRICTED_HS
2025-05-25 22:19:50,517 [WARN] ModelIntegratedComponent:188 - Modes not found for component STMicroelectronics:USB_DEVICE:1.0.0:STMicroelectronics:USB::USB Device:DFU HS::1.0:USB_DEVICE_1_0_RESTRICTED_HS
2025-05-25 22:19:50,517 [WARN] ModelIntegratedComponent:182 - Modes not found for component STMicroelectronics:USB_DEVICE:1.0.0:STMicroelectronics:USB::USB Device:HID HS::1.0:USB_DEVICE_1_0_RESTRICTED_HS
2025-05-25 22:19:50,517 [WARN] ModelIntegratedComponent:188 - Modes not found for component STMicroelectronics:USB_DEVICE:1.0.0:STMicroelectronics:USB::USB Device:HID HS::1.0:USB_DEVICE_1_0_RESTRICTED_HS
2025-05-25 22:19:50,517 [WARN] ModelIntegratedComponent:182 - Modes not found for component STMicroelectronics:USB_DEVICE:1.0.0:STMicroelectronics:USB::USB Device:Custom HID HS::1.0:USB_DEVICE_1_0_RESTRICTED_HS
2025-05-25 22:19:50,517 [WARN] ModelIntegratedComponent:188 - Modes not found for component STMicroelectronics:USB_DEVICE:1.0.0:STMicroelectronics:USB::USB Device:Custom HID HS::1.0:USB_DEVICE_1_0_RESTRICTED_HS
2025-05-25 22:19:50,517 [WARN] ModelIntegratedComponent:182 - Modes not found for component STMicroelectronics:USB_DEVICE:1.0.0:STMicroelectronics:USB::USB Device:MSC HS::1.0:USB_DEVICE_1_0_RESTRICTED_HS
2025-05-25 22:19:50,517 [WARN] ModelIntegratedComponent:188 - Modes not found for component STMicroelectronics:USB_DEVICE:1.0.0:STMicroelectronics:USB::USB Device:MSC HS::1.0:USB_DEVICE_1_0_RESTRICTED_HS
2025-05-25 22:19:50,534 [INFO] ThirdPartyModel:298 - Start build external matchings
2025-05-25 22:19:50,950 [INFO] ThirdPartyModel:316 - End build external matchings
2025-05-25 22:19:50,969 [INFO] RtosManager:922 - Current active RTOS is FREERTOS [Cortex-M4NS]
2025-05-25 22:19:50,982 [INFO] ImportTextPane:218 - (OptionalMessage_ERROR) IP (DMA) : Parameter (Instance) has Id (USART1_RX) currently not set
2025-05-25 22:19:50,983 [INFO] ImportTextPane:218 - (OptionalMessage_ERROR) IP (DMA) : Parameter (Channel) has Id (USART1_RX) currently not set
2025-05-25 22:19:50,983 [INFO] ImportTextPane:218 - (OptionalMessage_ERROR) IP (DMA) : Parameter (Direction) has Id (USART1_RX) currently not set
2025-05-25 22:19:50,983 [INFO] ImportTextPane:218 - (OptionalMessage_ERROR) IP (DMA) : Parameter (PeriphInc) has Id (USART1_RX) currently not set
2025-05-25 22:19:50,983 [INFO] ImportTextPane:218 - (OptionalMessage_ERROR) IP (DMA) : Parameter (MemInc) has Id (USART1_RX) currently not set
2025-05-25 22:19:50,983 [INFO] ImportTextPane:218 - (OptionalMessage_ERROR) IP (DMA) : Parameter (PeriphDataAlignment) has Id (USART1_RX) currently not set
2025-05-25 22:19:50,983 [INFO] ImportTextPane:218 - (OptionalMessage_ERROR) IP (DMA) : Parameter (MemDataAlignment) has Id (USART1_RX) currently not set
2025-05-25 22:19:50,983 [INFO] ImportTextPane:218 - (OptionalMessage_ERROR) IP (DMA) : Parameter (Mode) has Id (USART1_RX) currently not set
2025-05-25 22:19:50,983 [INFO] ImportTextPane:218 - (OptionalMessage_ERROR) IP (DMA) : Parameter (Priority) has Id (USART1_RX) currently not set
2025-05-25 22:19:50,983 [INFO] ImportTextPane:218 - (OptionalMessage_ERROR) IP (DMA) : Parameter (FIFOMode) has Id (USART1_RX) currently not set
2025-05-25 22:19:51,001 [INFO] ImportTextPane:218 - (OptionalMessage_ERROR) IP (RCC) : Parameter (48MHZClocksFreq_Value) has invalid value (50000000)
2025-05-25 22:19:51,002 [INFO] ImportTextPane:218 - (OptionalMessage_ERROR) IP (RCC) : Parameter (RTCHSEDivFreq_Value) has invalid value (12500000)
2025-05-25 22:19:51,250 [INFO] UtilMem:75 - End LoadConfig() Used Memory: 833147760 Bytes (1073741824)
2025-05-25 22:19:51,471 [WARN] ThirdParty:833 - waiting for thirdparty lock release [change project]
2025-05-25 22:19:51,478 [INFO] ThirdParty:835 - entering critical section [change project]
2025-05-25 22:19:51,479 [INFO] ThirdParty:1030 - CMSIS Pack Vendor :STMicroelectronics USBPD 4.1
2025-05-25 22:19:51,479 [INFO] ThirdParty:1030 - CMSIS Pack Vendor :STMicroelectronics X-CUBE-AZRTOS-H7 3.3.0
2025-05-25 22:19:51,479 [INFO] ThirdParty:1030 - CMSIS Pack Vendor :STMicroelectronics X-CUBE-NFC9 1.0.0
2025-05-25 22:19:51,479 [INFO] ThirdParty:1030 - CMSIS Pack Vendor :STMicroelectronics USB_HOST 2.0.0
2025-05-25 22:19:51,479 [INFO] ThirdParty:1030 - CMSIS Pack Vendor :STMicroelectronics FP-SNS-MOTENVWB1 1.4.0
2025-05-25 22:19:51,479 [INFO] ThirdParty:1030 - CMSIS Pack Vendor :STMicroelectronics X-CUBE-AZRTOS-F4 1.1.0
2025-05-25 22:19:51,479 [INFO] ThirdParty:1030 - CMSIS Pack Vendor :STMicroelectronics LIBJPEG 8.0.0
2025-05-25 22:19:51,479 [INFO] ThirdParty:1030 - CMSIS Pack Vendor :STMicroelectronics FP-ATR-ASTRA1 2.0.2
2025-05-25 22:19:51,479 [INFO] ThirdParty:1030 - CMSIS Pack Vendor :STMicroelectronics FP-ATR-ASTRA1 2.0.1
2025-05-25 22:19:51,479 [INFO] ThirdParty:1030 - CMSIS Pack Vendor :STMicroelectronics X-CUBE-BLE1 7.1.0
2025-05-25 22:19:51,479 [INFO] ThirdParty:1030 - CMSIS Pack Vendor :Avnet-IotConnect X-CUBE-IoTC-DA16k-PMOD 1.0.0
2025-05-25 22:19:51,479 [INFO] ThirdParty:1030 - CMSIS Pack Vendor :STMicroelectronics X-CUBE-SMBUS 2.1.0
2025-05-25 22:19:51,479 [INFO] ThirdParty:1030 - CMSIS Pack Vendor :STMicroelectronics X-CUBE-WB05N 1.1.0
2025-05-25 22:19:51,479 [INFO] ThirdParty:1030 - CMSIS Pack Vendor :STMicroelectronics USB_DEVICE 3.0.0
2025-05-25 22:19:51,479 [INFO] ThirdParty:1030 - CMSIS Pack Vendor :STMicroelectronics X-CUBE-ISPU 2.1.0
2025-05-25 22:19:51,479 [INFO] ThirdParty:1030 - CMSIS Pack Vendor :STMicroelectronics X-CUBE-AZRTOS-WB 2.0.0
2025-05-25 22:19:51,479 [INFO] ThirdParty:1030 - CMSIS Pack Vendor :STMicroelectronics X-CUBE-GNSS1 7.0.1
2025-05-25 22:19:51,479 [INFO] ThirdParty:1030 - CMSIS Pack Vendor :STMicroelectronics X-CUBE-AZRTOS-F7 1.1.0
2025-05-25 22:19:51,479 [INFO] ThirdParty:1030 - CMSIS Pack Vendor :STMicroelectronics X-CUBE-AZRTOS-L5 2.0.0
2025-05-25 22:19:51,479 [INFO] ThirdParty:1030 - CMSIS Pack Vendor :STMicroelectronics X-CUBE-TOUCHGFX 4.25.0
2025-05-25 22:19:51,479 [INFO] ThirdParty:1030 - CMSIS Pack Vendor :STMicroelectronics USB_DEVICE 2.0.0
2025-05-25 22:19:51,479 [INFO] ThirdParty:1030 - CMSIS Pack Vendor :STMicroelectronics X-CUBE-NFC6 3.1.0
2025-05-25 22:19:51,479 [INFO] ThirdParty:1030 - CMSIS Pack Vendor :STMicroelectronics FP-SNS-STBOX1 2.0.0
2025-05-25 22:19:51,479 [INFO] ThirdParty:1030 - CMSIS Pack Vendor :STMicroelectronics X-CUBE-MEMS1 11.2.0
2025-05-25 22:19:51,479 [INFO] ThirdParty:1030 - CMSIS Pack Vendor :STMicroelectronics FreeRTOS 0.0.1
2025-05-25 22:19:51,479 [INFO] ThirdParty:1030 - CMSIS Pack Vendor :STMicroelectronics X-CUBE-AZRTOS-G0 1.1.0
2025-05-25 22:19:51,479 [INFO] ThirdParty:1030 - CMSIS Pack Vendor :STMicroelectronics X-CUBE-SAFEA1 1.2.2
2025-05-25 22:19:51,479 [INFO] ThirdParty:1030 - CMSIS Pack Vendor :STMicroelectronics X-CUBE-NFC4 3.0.0
2025-05-25 22:19:51,479 [INFO] ThirdParty:1030 - CMSIS Pack Vendor :STMicroelectronics X-CUBE-DPower 1.2.0
2025-05-25 22:19:51,479 [INFO] ThirdParty:1030 - CMSIS Pack Vendor :STMicroelectronics X-CUBE-SUBG2 5.0.0
2025-05-25 22:19:51,479 [INFO] ThirdParty:1030 - CMSIS Pack Vendor :STMicroelectronics X-CUBE-AZRTOS-H7RS 1.1.0
2025-05-25 22:19:51,479 [INFO] ThirdParty:1030 - CMSIS Pack Vendor :STMicroelectronics STM32_WPAN 1.0.0
2025-05-25 22:19:51,479 [INFO] ThirdParty:1030 - CMSIS Pack Vendor :EmbeddedOffice I-CUBE-FS-RTOS 1.0.1
2025-05-25 22:19:51,479 [INFO] ThirdParty:1030 - CMSIS Pack Vendor :STMicroelectronics lwIP 2.0.3
2025-05-25 22:19:51,479 [INFO] ThirdParty:1030 - CMSIS Pack Vendor :STMicroelectronics FP-SNS-FLIGHT1 5.0.2
2025-05-25 22:19:51,479 [INFO] ThirdParty:1030 - CMSIS Pack Vendor :Cesanta I-CUBE-Mongoose 7.13.0
2025-05-25 22:19:51,479 [INFO] ThirdParty:1030 - CMSIS Pack Vendor :STMicroelectronics USB_HOST 1.0.0
2025-05-25 22:19:51,479 [INFO] ThirdParty:1030 - CMSIS Pack Vendor :Infineon AIROC-Wi-Fi-Bluetooth-STM32 1.7.0
2025-05-25 22:19:51,479 [INFO] ThirdParty:1030 - CMSIS Pack Vendor :STMicroelectronics X-CUBE-AZRTOS-G4 2.0.0
2025-05-25 22:19:51,479 [INFO] ThirdParty:1030 - CMSIS Pack Vendor :STMicroelectronics X-CUBE-WB05N 2.0.0
2025-05-25 22:19:51,479 [INFO] ThirdParty:1030 - CMSIS Pack Vendor :STMicroelectronics PDM2PCM 3.1.0
2025-05-25 22:19:51,479 [INFO] ThirdParty:1030 - CMSIS Pack Vendor :STMicroelectronics PDM2PCM 3.3.0
2025-05-25 22:19:51,479 [INFO] ThirdParty:1030 - CMSIS Pack Vendor :STMicroelectronics X-CUBE-DISPLAY 3.0.0
2025-05-25 22:19:51,479 [INFO] ThirdParty:1030 - CMSIS Pack Vendor :STMicroelectronics X-CUBE-NFC7 2.0.0
2025-05-25 22:19:51,479 [INFO] ThirdParty:1030 - CMSIS Pack Vendor :STMicroelectronics X-CUBE-TCPP 4.2.0
2025-05-25 22:19:51,479 [INFO] ThirdParty:1030 - CMSIS Pack Vendor :RealThread X-CUBE-RT-Thread_Nano 4.1.1
2025-05-25 22:19:51,479 [INFO] ThirdParty:1030 - CMSIS Pack Vendor :STMicroelectronics X-CUBE-BLE1 7.0.0
2025-05-25 22:19:51,479 [INFO] ThirdParty:1030 - CMSIS Pack Vendor :STMicroelectronics FP-ATR-SIGFOX1 3.2.0
2025-05-25 22:19:51,479 [INFO] ThirdParty:1030 - CMSIS Pack Vendor :STMicroelectronics X-CUBE-NFC10 1.0.0
2025-05-25 22:19:51,479 [INFO] ThirdParty:1030 - CMSIS Pack Vendor :quantropi X-CUBE-qispace-sdk-base 1.9.3
2025-05-25 22:19:51,479 [INFO] ThirdParty:1030 - CMSIS Pack Vendor :STMicroelectronics X-CUBE-BLEMGR 4.0.0
2025-05-25 22:19:51,480 [INFO] ThirdParty:1030 - CMSIS Pack Vendor :STMicroelectronics X-CUBE-EEPRMA1 5.1.0
2025-05-25 22:19:51,480 [INFO] ThirdParty:1030 - CMSIS Pack Vendor :STMicroelectronics X-CUBE-FREERTOS 1.3.1
2025-05-25 22:19:51,480 [INFO] ThirdParty:1030 - CMSIS Pack Vendor :STMicroelectronics HAL Drivers 0.0.0
2025-05-25 22:19:51,480 [INFO] ThirdParty:1030 - CMSIS Pack Vendor :STMicroelectronics MBEDTLS 2.16.2
2025-05-25 22:19:51,480 [INFO] ThirdParty:1030 - CMSIS Pack Vendor :STMicroelectronics X-CUBE-IPS 3.1.0
2025-05-25 22:19:51,480 [INFO] ThirdParty:1030 - CMSIS Pack Vendor :STMicroelectronics X-CUBE-ALS 1.0.2
2025-05-25 22:19:51,480 [INFO] ThirdParty:1030 - CMSIS Pack Vendor :emotas I-CUBE-CANOPEN 1.3.0
2025-05-25 22:19:51,480 [INFO] ThirdParty:1030 - CMSIS Pack Vendor :STMicroelectronics X-CUBE-FREERTOS 1.3.0
2025-05-25 22:19:51,480 [INFO] ThirdParty:1030 - CMSIS Pack Vendor :wolfSSL I-CUBE-wolfSSL 5.7.4
2025-05-25 22:19:51,480 [INFO] ThirdParty:1030 - CMSIS Pack Vendor :STMicroelectronics X-CUBE-NFC7 1.0.1
2025-05-25 22:19:51,480 [INFO] ThirdParty:1030 - CMSIS Pack Vendor :STMicroelectronics MBEDTLS 2.14.1
2025-05-25 22:19:51,480 [INFO] ThirdParty:1030 - CMSIS Pack Vendor :ITTIA_DB I-CUBE-ITTIADB 8.9.0
2025-05-25 22:19:51,480 [INFO] ThirdParty:1030 - CMSIS Pack Vendor :STMicroelectronics X-CUBE-TOUCHGFX 4.24.2
2025-05-25 22:19:51,480 [INFO] ThirdParty:1030 - CMSIS Pack Vendor :wolfSSL I-CUBE-wolfTPM 3.4.0
2025-05-25 22:19:51,480 [INFO] ThirdParty:1030 - CMSIS Pack Vendor :portGmbH I-Cube-SoM-uGOAL 1.1.0
2025-05-25 22:19:51,480 [INFO] ThirdParty:1030 - CMSIS Pack Vendor :STMicroelectronics X-CUBE-AI 10.0.0
2025-05-25 22:19:51,480 [INFO] ThirdParty:1030 - CMSIS Pack Vendor :STMicroelectronics ThreadX 1.0.0
2025-05-25 22:19:51,480 [INFO] ThirdParty:1030 - CMSIS Pack Vendor :STMicroelectronics FP-SNS-SMARTAG2 1.2.0
2025-05-25 22:19:51,480 [INFO] ThirdParty:1030 - CMSIS Pack Vendor :STMicroelectronics FP-SNS-FLIGHT1 5.1.0
2025-05-25 22:19:51,480 [INFO] ThirdParty:1030 - CMSIS Pack Vendor :STMicroelectronics X-CUBE-MEMS1 11.1.0
2025-05-25 22:19:51,480 [INFO] ThirdParty:1030 - CMSIS Pack Vendor :STMicroelectronics X-CUBE-AZRTOS-WL 2.0.0
2025-05-25 22:19:51,480 [INFO] ThirdParty:1030 - CMSIS Pack Vendor :SEGGER I-CUBE-embOS 1.3.1
2025-05-25 22:19:51,480 [INFO] ThirdParty:1030 - CMSIS Pack Vendor :STMicroelectronics X-CUBE-ALGOBUILD 1.4.0
2025-05-25 22:19:51,480 [INFO] ThirdParty:1030 - CMSIS Pack Vendor :STMicroelectronics X-CUBE-DPower 1.3.0
2025-05-25 22:19:51,480 [INFO] ThirdParty:1030 - CMSIS Pack Vendor :STMicroelectronics FP-SNS-MOTENV1 5.0.0
2025-05-25 22:19:51,480 [INFO] ThirdParty:1030 - CMSIS Pack Vendor :STMicroelectronics USB_DEVICE 1.0.0
2025-05-25 22:19:51,480 [INFO] ThirdParty:1030 - CMSIS Pack Vendor :STMicroelectronics X-CUBE-AZRTOS-H7RS 1.0.0
2025-05-25 22:19:51,480 [INFO] ThirdParty:1030 - CMSIS Pack Vendor :wolfSSL I-CUBE-wolfMQTT 1.19.0
2025-05-25 22:19:51,480 [INFO] ThirdParty:1030 - CMSIS Pack Vendor :STMicroelectronics X-CUBE-AZRTOS-L4 2.0.0
2025-05-25 22:19:51,480 [INFO] ThirdParty:1030 - CMSIS Pack Vendor :STMicroelectronics ThreadX 0.0.2
2025-05-25 22:19:51,480 [INFO] ThirdParty:1030 - CMSIS Pack Vendor :WES I-CUBE-Cesium 1.3.0
2025-05-25 22:19:51,480 [INFO] ThirdParty:1030 - CMSIS Pack Vendor :STMicroelectronics lwIP 2.1.2
2025-05-25 22:19:51,480 [INFO] ThirdParty:1030 - CMSIS Pack Vendor :STMicroelectronics X-CUBE-SFXS2LP1 4.0.0
2025-05-25 22:19:51,480 [INFO] ThirdParty:1030 - CMSIS Pack Vendor :STMicroelectronics X-CUBE-BLE2 3.3.0
2025-05-25 22:19:51,480 [INFO] ThirdParty:1030 - CMSIS Pack Vendor :STMicroelectronics X-CUBE-TOF1 3.4.2
2025-05-25 22:19:51,480 [INFO] ThirdParty:1030 - CMSIS Pack Vendor :STMicroelectronics X-CUBE-TOF1 3.4.3
2025-05-25 22:19:51,480 [INFO] ThirdParty:1030 - CMSIS Pack Vendor :STMicroelectronics X-CUBE-AI 9.1.0
2025-05-25 22:19:51,480 [INFO] ThirdParty:1030 - CMSIS Pack Vendor :STMicroelectronics PDM2PCM 3.2.0
2025-05-25 22:19:51,480 [INFO] ThirdParty:1030 - CMSIS Pack Vendor :wolfSSL I-CUBE-wolfSSH 1.4.17
2025-05-25 22:19:51,481 [INFO] ThirdParty:841 - exiting critical section [change project]
2025-05-25 22:19:51,945 [INFO] PinOutPanel:1589 - setPackage(No Configuration,No Configuration)
2025-05-25 22:19:51,947 [INFO] PinOutPanel:1589 - setPackage(STM32F411CEUx,UFQFPN48)
2025-05-25 22:19:52,802 [INFO] UtilMem:75 - Before build in PCC Used Memory: 869046536 Bytes (1073741824)
2025-05-25 22:19:53,486 [INFO] UtilMem:75 - After build in PCC Used Memory: 912038152 Bytes (1073741824)
2025-05-25 22:19:53,511 [INFO] ApiDbMcu:508 - Load IP Config File for FREERTOS
2025-05-25 22:19:53,588 [INFO] IPUIPlugin:80 - create IPUIPlugin
2025-05-25 22:19:53,589 [INFO] IPUIPlugin:80 - create IPUIPlugin
2025-05-25 22:19:53,589 [INFO] IPUIPlugin:80 - create IPUIPlugin
2025-05-25 22:19:53,589 [INFO] IPUIPlugin:80 - create IPUIPlugin
2025-05-25 22:19:53,589 [INFO] IPUIPlugin:80 - create IPUIPlugin
2025-05-25 22:19:53,590 [INFO] IPUIPlugin:80 - create IPUIPlugin
2025-05-25 22:19:53,590 [INFO] IPUIPlugin:80 - create IPUIPlugin
2025-05-25 22:19:53,590 [INFO] IPUIPlugin:80 - create IPUIPlugin
2025-05-25 22:19:53,590 [INFO] IPUIPlugin:80 - create IPUIPlugin
2025-05-25 22:19:53,590 [INFO] IPUIPlugin:80 - create IPUIPlugin
2025-05-25 22:19:53,590 [INFO] IPUIPlugin:80 - create IPUIPlugin
2025-05-25 22:19:53,590 [INFO] IPUIPlugin:80 - create IPUIPlugin
2025-05-25 22:19:53,590 [INFO] IPUIPlugin:80 - create IPUIPlugin
2025-05-25 22:19:53,590 [INFO] IPUIPlugin:80 - create IPUIPlugin
2025-05-25 22:19:53,591 [INFO] IPUIPlugin:80 - create IPUIPlugin
2025-05-25 22:19:53,591 [INFO] IPUIPlugin:80 - create IPUIPlugin
2025-05-25 22:19:53,591 [INFO] IPUIPlugin:80 - create IPUIPlugin
2025-05-25 22:19:53,591 [INFO] IPUIPlugin:80 - create IPUIPlugin
2025-05-25 22:19:53,591 [INFO] IPUIPlugin:80 - create IPUIPlugin
2025-05-25 22:19:53,591 [INFO] IPUIPlugin:80 - create IPUIPlugin
2025-05-25 22:19:53,591 [INFO] IPUIPlugin:80 - create IPUIPlugin
2025-05-25 22:19:53,592 [INFO] IPUIPlugin:80 - create IPUIPlugin
2025-05-25 22:19:53,592 [INFO] IPUIPlugin:80 - create IPUIPlugin
2025-05-25 22:19:53,592 [INFO] IPUIPlugin:80 - create IPUIPlugin
2025-05-25 22:19:53,592 [INFO] IPUIPlugin:80 - create IPUIPlugin
2025-05-25 22:19:53,592 [INFO] IPUIPlugin:80 - create IPUIPlugin
2025-05-25 22:19:53,592 [INFO] IPUIPlugin:80 - create IPUIPlugin
2025-05-25 22:19:53,592 [INFO] IPUIPlugin:80 - create IPUIPlugin
2025-05-25 22:19:53,592 [INFO] IPUIPlugin:80 - create IPUIPlugin
2025-05-25 22:19:53,592 [INFO] IPUIPlugin:80 - create IPUIPlugin
2025-05-25 22:19:53,592 [INFO] IPUIPlugin:80 - create IPUIPlugin
2025-05-25 22:19:53,592 [INFO] IPUIPlugin:80 - create IPUIPlugin
2025-05-25 22:19:53,592 [INFO] IPUIPlugin:80 - create IPUIPlugin
2025-05-25 22:19:53,592 [INFO] IPUIPlugin:80 - create IPUIPlugin
2025-05-25 22:19:53,592 [INFO] IPUIPlugin:80 - create IPUIPlugin
2025-05-25 22:19:53,592 [INFO] IPUIPlugin:80 - create IPUIPlugin
2025-05-25 22:19:53,593 [INFO] IPUIPlugin:80 - create IPUIPlugin
2025-05-25 22:19:53,593 [INFO] IPUIPlugin:80 - create IPUIPlugin
2025-05-25 22:19:53,593 [INFO] IPUIPlugin:80 - create IPUIPlugin
2025-05-25 22:19:53,593 [INFO] IPUIPlugin:80 - create IPUIPlugin
2025-05-25 22:19:53,593 [INFO] IPUIPlugin:80 - create IPUIPlugin
2025-05-25 22:19:53,593 [INFO] IPUIPlugin:80 - create IPUIPlugin
2025-05-25 22:19:53,594 [INFO] IPUIPlugin:80 - create IPUIPlugin
2025-05-25 22:19:53,612 [INFO] ApiDbMcu:508 - Load IP Config File for PDM2PCM
2025-05-25 22:19:53,640 [WARN] FreeRTOS:1023 - Null or empty value: should not occur! (nothing added to the table)
2025-05-25 22:19:53,736 [INFO] CADModel:165 - CPN selected for project levelSTM32F411CEU6
2025-05-25 22:19:53,736 [INFO] CADModel:114 - Register for checkConnection events
2025-05-25 22:19:53,743 [INFO] RtosManager:697 - Active RTOS found at IOC load: FREERTOS [Cortex-M4NS]
2025-05-25 22:19:53,811 [INFO] OpenFileManager:363 - Restore cursor
2025-05-25 22:52:02,388 [INFO] UtilMem:75 - End SaveConfig() Used Memory: 760980008 Bytes (1073741824)
2025-05-25 22:52:04,477 [INFO] UtilMem:75 - End SaveConfig() Used Memory: 787925768 Bytes (1073741824)
2025-05-25 22:52:06,720 [INFO] UtilMem:75 - End SaveConfig() Used Memory: 884189736 Bytes (1073741824)
2025-05-25 22:52:07,550 [INFO] BlockDiagram:2766 - set Specific Code input for plugin: NVIC
2025-05-25 22:52:07,551 [INFO] BlockDiagram:2766 - set Specific Code input for plugin: FREERTOS
2025-05-25 22:52:07,551 [INFO] BlockDiagram:2766 - set Specific Code input for plugin: USART
2025-05-25 22:52:07,551 [INFO] BlockDiagram:2766 - set Specific Code input for plugin: DMA
2025-05-25 22:52:07,551 [INFO] BlockDiagram:2766 - set Specific Code input for plugin: TIM1_8
2025-05-25 22:52:07,551 [INFO] BlockDiagram:2766 - set Specific Code input for plugin: TIM1_8
2025-05-25 22:52:07,551 [INFO] BlockDiagram:2766 - set Specific Code input for plugin: TIM1_8
2025-05-25 22:52:07,551 [INFO] BlockDiagram:2766 - set Specific Code input for plugin: TIM1_8
2025-05-25 22:52:07,551 [INFO] BlockDiagram:2766 - set Specific Code input for plugin: TIM1_8
2025-05-25 22:52:07,552 [INFO] BlockDiagram:2766 - set Specific Code input for plugin: SYS
2025-05-25 22:52:07,552 [INFO] BlockDiagram:2766 - set Specific Code input for plugin: GPIO
2025-05-25 22:52:07,553 [INFO] BlockDiagram:2766 - set Specific Code input for plugin: RCC
2025-05-25 22:52:07,555 [INFO] CodeGenerator:896 - code generatio: config db path: /Applications/STM32CubeIDE.app/Contents/Eclipse/plugins/com.st.stm32cube.common.mx_6.13.0.202411220809//db/
2025-05-25 22:52:07,617 [INFO] Argument:325 - Argument : hdmavalue: null
2025-05-25 22:52:07,620 [INFO] Argument:327 - 	 sub Args: 
2025-05-25 22:52:07,622 [INFO] Argument:325 - Argument : Instancevalue: DMA2_Stream2
2025-05-25 22:52:07,627 [INFO] Argument:335 - Argument : Instancevalue: DMA2_Stream2
2025-05-25 22:52:07,632 [INFO] Argument:325 - Argument : Initvalue: null
2025-05-25 22:52:07,634 [INFO] Argument:327 - 	 sub Args: 
2025-05-25 22:52:07,636 [INFO] Argument:325 - Argument : Channelvalue: DMA_CHANNEL_4
2025-05-25 22:52:07,637 [INFO] Argument:335 - Argument : Channelvalue: DMA_CHANNEL_4
2025-05-25 22:52:07,637 [INFO] Argument:325 - Argument : Directionvalue: DMA_PERIPH_TO_MEMORY
2025-05-25 22:52:07,637 [INFO] Argument:335 - Argument : Directionvalue: DMA_PERIPH_TO_MEMORY
2025-05-25 22:52:07,637 [INFO] Argument:325 - Argument : PeriphIncvalue: DMA_PINC_DISABLE
2025-05-25 22:52:07,637 [INFO] Argument:335 - Argument : PeriphIncvalue: DMA_PINC_DISABLE
2025-05-25 22:52:07,637 [INFO] Argument:325 - Argument : MemIncvalue: DMA_MINC_ENABLE
2025-05-25 22:52:07,637 [INFO] Argument:335 - Argument : MemIncvalue: DMA_MINC_ENABLE
2025-05-25 22:52:07,637 [INFO] Argument:325 - Argument : PeriphDataAlignmentvalue: DMA_PDATAALIGN_BYTE
2025-05-25 22:52:07,637 [INFO] Argument:335 - Argument : PeriphDataAlignmentvalue: DMA_PDATAALIGN_BYTE
2025-05-25 22:52:07,637 [INFO] Argument:325 - Argument : MemDataAlignmentvalue: DMA_MDATAALIGN_BYTE
2025-05-25 22:52:07,637 [INFO] Argument:335 - Argument : MemDataAlignmentvalue: DMA_MDATAALIGN_BYTE
2025-05-25 22:52:07,637 [INFO] Argument:325 - Argument : Modevalue: DMA_NORMAL
2025-05-25 22:52:07,637 [INFO] Argument:335 - Argument : Modevalue: DMA_NORMAL
2025-05-25 22:52:07,638 [INFO] Argument:325 - Argument : Priorityvalue: DMA_PRIORITY_LOW
2025-05-25 22:52:07,638 [INFO] Argument:335 - Argument : Priorityvalue: DMA_PRIORITY_LOW
2025-05-25 22:52:07,638 [INFO] Argument:325 - Argument : FIFOModevalue: DMA_FIFOMODE_DISABLE
2025-05-25 22:52:07,638 [INFO] Argument:335 - Argument : FIFOModevalue: DMA_FIFOMODE_DISABLE
2025-05-25 22:52:07,638 [INFO] Argument:325 - Argument : FIFOThresholdvalue: null
2025-05-25 22:52:07,638 [INFO] Argument:335 - Argument : FIFOThresholdvalue: null
2025-05-25 22:52:07,639 [INFO] Argument:325 - Argument : MemBurstvalue: null
2025-05-25 22:52:07,639 [INFO] Argument:335 - Argument : MemBurstvalue: null
2025-05-25 22:52:07,640 [INFO] Argument:325 - Argument : PeriphBurstvalue: null
2025-05-25 22:52:07,641 [INFO] Argument:335 - Argument : PeriphBurstvalue: null
2025-05-25 22:52:07,643 [INFO] Argument:325 - Argument : Lockvalue: null
2025-05-25 22:52:07,645 [INFO] Argument:335 - Argument : Lockvalue: null
2025-05-25 22:52:07,646 [INFO] Argument:325 - Argument : Statevalue: null
2025-05-25 22:52:07,648 [INFO] Argument:335 - Argument : Statevalue: null
2025-05-25 22:52:07,651 [INFO] Argument:325 - Argument : Parentvalue: null
2025-05-25 22:52:07,653 [INFO] Argument:335 - Argument : Parentvalue: null
2025-05-25 22:52:07,653 [INFO] Argument:325 - Argument : XferCpltCallbackvalue: null
2025-05-25 22:52:07,653 [INFO] Argument:335 - Argument : XferCpltCallbackvalue: null
2025-05-25 22:52:07,653 [INFO] Argument:325 - Argument : XferHalfCpltCallbackvalue: null
2025-05-25 22:52:07,654 [INFO] Argument:335 - Argument : XferHalfCpltCallbackvalue: null
2025-05-25 22:52:07,654 [INFO] Argument:325 - Argument : XferM1CpltCallbackvalue: null
2025-05-25 22:52:07,654 [INFO] Argument:335 - Argument : XferM1CpltCallbackvalue: null
2025-05-25 22:52:07,654 [INFO] Argument:325 - Argument : XferErrorCallbackvalue: null
2025-05-25 22:52:07,654 [INFO] Argument:335 - Argument : XferErrorCallbackvalue: null
2025-05-25 22:52:07,654 [INFO] Argument:325 - Argument : ErrorCodevalue: null
2025-05-25 22:52:07,654 [INFO] Argument:335 - Argument : ErrorCodevalue: null
2025-05-25 22:52:07,796 [INFO] CodeEngine:255 - oldGeneratedFile, /Users/mindhacker999/STM32CubeIDE/workspace_1.17.0/Sonya-Tech/Sonya Tech Main MCU/MXTmpFiles/license.tmp_save
2025-05-25 22:52:08,173 [INFO] CodeEngine:279 - Generated code: /Users/mindhacker999/STM32CubeIDE/workspace_1.17.0/Sonya-Tech/Sonya Tech Main MCU/MXTmpFiles/license.tmp
2025-05-25 22:52:08,304 [INFO] CodeEngine:255 - oldGeneratedFile, /Users/mindhacker999/STM32CubeIDE/workspace_1.17.0/Sonya-Tech/Sonya Tech Main MCU/MXTmpFiles/gpio.tmp_save
2025-05-25 22:52:08,506 [INFO] CodeEngine:279 - Generated code: /Users/mindhacker999/STM32CubeIDE/workspace_1.17.0/Sonya-Tech/Sonya Tech Main MCU/MXTmpFiles/gpio.tmp
2025-05-25 22:52:09,462 [INFO] Middleware:1450 - No code input for Bsp Dependency
2025-05-25 22:52:09,467 [INFO] CodeEngine:255 - oldGeneratedFile, /Users/mindhacker999/STM32CubeIDE/workspace_1.17.0/Sonya-Tech/Sonya Tech Main MCU/MXTmpFiles/rtos_inc.tmp_save
2025-05-25 22:52:09,573 [INFO] CodeEngine:279 - Generated code: /Users/mindhacker999/STM32CubeIDE/workspace_1.17.0/Sonya-Tech/Sonya Tech Main MCU/MXTmpFiles/rtos_inc.tmp
2025-05-25 22:52:09,575 [INFO] CodeEngine:255 - oldGeneratedFile, /Users/mindhacker999/STM32CubeIDE/workspace_1.17.0/Sonya-Tech/Sonya Tech Main MCU/MXTmpFiles/rtos_vars.tmp_save
2025-05-25 22:52:09,660 [INFO] CodeEngine:279 - Generated code: /Users/mindhacker999/STM32CubeIDE/workspace_1.17.0/Sonya-Tech/Sonya Tech Main MCU/MXTmpFiles/rtos_vars.tmp
2025-05-25 22:52:09,662 [INFO] CodeEngine:255 - oldGeneratedFile, /Users/mindhacker999/STM32CubeIDE/workspace_1.17.0/Sonya-Tech/Sonya Tech Main MCU/MXTmpFiles/rtos_pfp.tmp_save
2025-05-25 22:52:09,738 [INFO] CodeEngine:279 - Generated code: /Users/mindhacker999/STM32CubeIDE/workspace_1.17.0/Sonya-Tech/Sonya Tech Main MCU/MXTmpFiles/rtos_pfp.tmp
2025-05-25 22:52:09,742 [INFO] CodeEngine:255 - oldGeneratedFile, /Users/mindhacker999/STM32CubeIDE/workspace_1.17.0/Sonya-Tech/Sonya Tech Main MCU/MXTmpFiles/rtos_obj_creat.tmp_save
2025-05-25 22:52:09,816 [INFO] CodeEngine:279 - Generated code: /Users/mindhacker999/STM32CubeIDE/workspace_1.17.0/Sonya-Tech/Sonya Tech Main MCU/MXTmpFiles/rtos_obj_creat.tmp
2025-05-25 22:52:09,819 [INFO] CodeEngine:255 - oldGeneratedFile, /Users/mindhacker999/STM32CubeIDE/workspace_1.17.0/Sonya-Tech/Sonya Tech Main MCU/MXTmpFiles/rtos_kernelStart.tmp_save
2025-05-25 22:52:09,887 [INFO] CodeEngine:279 - Generated code: /Users/mindhacker999/STM32CubeIDE/workspace_1.17.0/Sonya-Tech/Sonya Tech Main MCU/MXTmpFiles/rtos_kernelStart.tmp
2025-05-25 22:52:09,889 [INFO] CodeEngine:255 - oldGeneratedFile, /Users/mindhacker999/STM32CubeIDE/workspace_1.17.0/Sonya-Tech/Sonya Tech Main MCU/MXTmpFiles/rtos_default_thread.tmp_save
2025-05-25 22:52:09,958 [INFO] CodeEngine:279 - Generated code: /Users/mindhacker999/STM32CubeIDE/workspace_1.17.0/Sonya-Tech/Sonya Tech Main MCU/MXTmpFiles/rtos_default_thread.tmp
2025-05-25 22:52:09,961 [INFO] CodeEngine:255 - oldGeneratedFile, /Users/mindhacker999/STM32CubeIDE/workspace_1.17.0/Sonya-Tech/Sonya Tech Main MCU/MXTmpFiles/rtos_threads.tmp_save
2025-05-25 22:52:10,034 [INFO] CodeEngine:279 - Generated code: /Users/mindhacker999/STM32CubeIDE/workspace_1.17.0/Sonya-Tech/Sonya Tech Main MCU/MXTmpFiles/rtos_threads.tmp
2025-05-25 22:52:10,051 [INFO] Middleware:1450 - No code input for Bsp Dependency
2025-05-25 22:52:10,058 [INFO] CodeEngine:255 - oldGeneratedFile, /Users/mindhacker999/STM32CubeIDE/workspace_1.17.0/Sonya-Tech/Sonya Tech Main MCU/MXTmpFiles/rtos_inc.tmp_save
2025-05-25 22:52:10,125 [INFO] CodeEngine:279 - Generated code: /Users/mindhacker999/STM32CubeIDE/workspace_1.17.0/Sonya-Tech/Sonya Tech Main MCU/MXTmpFiles/rtos_inc.tmp
2025-05-25 22:52:10,128 [INFO] CodeEngine:255 - oldGeneratedFile, /Users/mindhacker999/STM32CubeIDE/workspace_1.17.0/Sonya-Tech/Sonya Tech Main MCU/MXTmpFiles/rtos_vars.tmp_save
2025-05-25 22:52:10,209 [INFO] CodeEngine:279 - Generated code: /Users/mindhacker999/STM32CubeIDE/workspace_1.17.0/Sonya-Tech/Sonya Tech Main MCU/MXTmpFiles/rtos_vars.tmp
2025-05-25 22:52:10,211 [INFO] CodeEngine:255 - oldGeneratedFile, /Users/mindhacker999/STM32CubeIDE/workspace_1.17.0/Sonya-Tech/Sonya Tech Main MCU/MXTmpFiles/rtos_pfp.tmp_save
2025-05-25 22:52:10,277 [INFO] CodeEngine:279 - Generated code: /Users/mindhacker999/STM32CubeIDE/workspace_1.17.0/Sonya-Tech/Sonya Tech Main MCU/MXTmpFiles/rtos_pfp.tmp
2025-05-25 22:52:10,281 [INFO] CodeEngine:255 - oldGeneratedFile, /Users/mindhacker999/STM32CubeIDE/workspace_1.17.0/Sonya-Tech/Sonya Tech Main MCU/MXTmpFiles/rtos_obj_creat.tmp_save
2025-05-25 22:52:10,360 [INFO] CodeEngine:279 - Generated code: /Users/mindhacker999/STM32CubeIDE/workspace_1.17.0/Sonya-Tech/Sonya Tech Main MCU/MXTmpFiles/rtos_obj_creat.tmp
2025-05-25 22:52:10,367 [INFO] CodeEngine:255 - oldGeneratedFile, /Users/mindhacker999/STM32CubeIDE/workspace_1.17.0/Sonya-Tech/Sonya Tech Main MCU/MXTmpFiles/rtos_kernelStart.tmp_save
2025-05-25 22:52:10,433 [INFO] CodeEngine:279 - Generated code: /Users/mindhacker999/STM32CubeIDE/workspace_1.17.0/Sonya-Tech/Sonya Tech Main MCU/MXTmpFiles/rtos_kernelStart.tmp
2025-05-25 22:52:10,436 [INFO] CodeEngine:255 - oldGeneratedFile, /Users/mindhacker999/STM32CubeIDE/workspace_1.17.0/Sonya-Tech/Sonya Tech Main MCU/MXTmpFiles/rtos_default_thread.tmp_save
2025-05-25 22:52:10,498 [INFO] CodeEngine:279 - Generated code: /Users/mindhacker999/STM32CubeIDE/workspace_1.17.0/Sonya-Tech/Sonya Tech Main MCU/MXTmpFiles/rtos_default_thread.tmp
2025-05-25 22:52:10,501 [INFO] CodeEngine:255 - oldGeneratedFile, /Users/mindhacker999/STM32CubeIDE/workspace_1.17.0/Sonya-Tech/Sonya Tech Main MCU/MXTmpFiles/rtos_threads.tmp_save
2025-05-25 22:52:10,560 [INFO] CodeEngine:279 - Generated code: /Users/mindhacker999/STM32CubeIDE/workspace_1.17.0/Sonya-Tech/Sonya Tech Main MCU/MXTmpFiles/rtos_threads.tmp
2025-05-25 22:52:10,570 [INFO] CodeEngine:255 - oldGeneratedFile, /Users/mindhacker999/STM32CubeIDE/workspace_1.17.0/Sonya-Tech/Sonya Tech Main MCU/Core/Inc/FreeRTOSConfig.h_save
2025-05-25 22:52:10,655 [INFO] CodeEngine:279 - Generated code: /Users/mindhacker999/STM32CubeIDE/workspace_1.17.0/Sonya-Tech/Sonya Tech Main MCU/Core/Inc/FreeRTOSConfig.h
2025-05-25 22:52:10,660 [INFO] CodeEngine:255 - oldGeneratedFile, /Users/mindhacker999/STM32CubeIDE/workspace_1.17.0/Sonya-Tech/Sonya Tech Main MCU/Core/Src/freertos.c_save
2025-05-25 22:52:10,722 [INFO] CodeEngine:279 - Generated code: /Users/mindhacker999/STM32CubeIDE/workspace_1.17.0/Sonya-Tech/Sonya Tech Main MCU/Core/Src/freertos.c
2025-05-25 22:52:10,768 [INFO] CodeEngine:255 - oldGeneratedFile, /Users/mindhacker999/STM32CubeIDE/workspace_1.17.0/Sonya-Tech/Sonya Tech Main MCU/MXTmpFiles/dma.tmp_save
2025-05-25 22:52:10,829 [INFO] CodeEngine:279 - Generated code: /Users/mindhacker999/STM32CubeIDE/workspace_1.17.0/Sonya-Tech/Sonya Tech Main MCU/MXTmpFiles/dma.tmp
2025-05-25 22:52:10,832 [INFO] CodeEngine:255 - oldGeneratedFile, /Users/mindhacker999/STM32CubeIDE/workspace_1.17.0/Sonya-Tech/Sonya Tech Main MCU/MXTmpFiles/dma_GV.tmp_save
2025-05-25 22:52:10,891 [INFO] CodeEngine:279 - Generated code: /Users/mindhacker999/STM32CubeIDE/workspace_1.17.0/Sonya-Tech/Sonya Tech Main MCU/MXTmpFiles/dma_GV.tmp
2025-05-25 22:52:10,904 [INFO] CodeEngine:255 - oldGeneratedFile, /Users/mindhacker999/STM32CubeIDE/workspace_1.17.0/Sonya-Tech/Sonya Tech Main MCU/Core/Src/stm32f4xx_it.c_save
2025-05-25 22:52:11,103 [INFO] CodeEngine:279 - Generated code: /Users/mindhacker999/STM32CubeIDE/workspace_1.17.0/Sonya-Tech/Sonya Tech Main MCU/Core/Src/stm32f4xx_it.c
2025-05-25 22:52:11,105 [INFO] CodeEngine:255 - oldGeneratedFile, /Users/mindhacker999/STM32CubeIDE/workspace_1.17.0/Sonya-Tech/Sonya Tech Main MCU/Core/Inc/stm32f4xx_it.h_save
2025-05-25 22:52:11,165 [INFO] CodeEngine:279 - Generated code: /Users/mindhacker999/STM32CubeIDE/workspace_1.17.0/Sonya-Tech/Sonya Tech Main MCU/Core/Inc/stm32f4xx_it.h
2025-05-25 22:52:11,177 [INFO] CodeEngine:255 - oldGeneratedFile, /Users/mindhacker999/STM32CubeIDE/workspace_1.17.0/Sonya-Tech/Sonya Tech Main MCU/Core/Src/stm32f4xx_hal_msp.c_save
2025-05-25 22:52:11,558 [INFO] CodeEngine:279 - Generated code: /Users/mindhacker999/STM32CubeIDE/workspace_1.17.0/Sonya-Tech/Sonya Tech Main MCU/Core/Src/stm32f4xx_hal_msp.c
2025-05-25 22:52:11,603 [INFO] CodeEngine:255 - oldGeneratedFile, /Users/mindhacker999/STM32CubeIDE/workspace_1.17.0/Sonya-Tech/Sonya Tech Main MCU/MXTmpFiles/system.tmp_save
2025-05-25 22:52:11,992 [INFO] CodeEngine:279 - Generated code: /Users/mindhacker999/STM32CubeIDE/workspace_1.17.0/Sonya-Tech/Sonya Tech Main MCU/MXTmpFiles/system.tmp
2025-05-25 22:52:12,050 [INFO] CodeEngine:255 - oldGeneratedFile, /Users/mindhacker999/STM32CubeIDE/workspace_1.17.0/Sonya-Tech/Sonya Tech Main MCU/Core/Src/stm32f4xx_hal_timebase_tim.c_save
2025-05-25 22:52:12,134 [INFO] CodeEngine:279 - Generated code: /Users/mindhacker999/STM32CubeIDE/workspace_1.17.0/Sonya-Tech/Sonya Tech Main MCU/Core/Src/stm32f4xx_hal_timebase_tim.c
2025-05-25 22:52:12,198 [INFO] CodeEngine:311 - oldGeneratedFile, /Users/mindhacker999/STM32CubeIDE/workspace_1.17.0/Sonya-Tech/Sonya Tech Main MCU/Core/Inc/stm32f4xx_hal_conf.h_save
2025-05-25 22:52:12,302 [INFO] CodeEngine:335 - Generated code: /Users/mindhacker999/STM32CubeIDE/workspace_1.17.0/Sonya-Tech/Sonya Tech Main MCU/Core/Inc/stm32f4xx_hal_conf.h
2025-05-25 22:52:12,573 [INFO] ApiDbMcu:508 - Load IP Config File for TIM1
2025-05-25 22:52:12,588 [INFO] ApiDbMcu:508 - Load IP Config File for TIM2
2025-05-25 22:52:12,601 [INFO] ApiDbMcu:508 - Load IP Config File for TIM3
2025-05-25 22:52:12,613 [INFO] ApiDbMcu:508 - Load IP Config File for TIM4
2025-05-25 22:52:12,625 [INFO] ApiDbMcu:508 - Load IP Config File for TIM5
2025-05-25 22:52:12,632 [INFO] ApiDbMcu:508 - Load IP Config File for USART1
2025-05-25 22:52:12,636 [INFO] ApiDbMcu:508 - Load IP Config File for RCC
2025-05-25 22:52:12,643 [WARN] IPConfigManager:3618 - IP not found : TIM
2025-05-25 22:52:12,643 [WARN] CodeGenerator:4152 - IP not found : null
2025-05-25 22:52:12,649 [INFO] CodeEngine:255 - oldGeneratedFile, /Users/mindhacker999/STM32CubeIDE/workspace_1.17.0/Sonya-Tech/Sonya Tech Main MCU/Core/Inc/main.h_save
2025-05-25 22:52:12,908 [INFO] CodeEngine:279 - Generated code: /Users/mindhacker999/STM32CubeIDE/workspace_1.17.0/Sonya-Tech/Sonya Tech Main MCU/Core/Inc/main.h
2025-05-25 22:52:12,912 [INFO] CodeEngine:255 - oldGeneratedFile, /Users/mindhacker999/STM32CubeIDE/workspace_1.17.0/Sonya-Tech/Sonya Tech Main MCU/Core/Src/main.c_save
2025-05-25 22:52:13,103 [INFO] CodeEngine:279 - Generated code: /Users/mindhacker999/STM32CubeIDE/workspace_1.17.0/Sonya-Tech/Sonya Tech Main MCU/Core/Src/main.c
2025-05-25 22:52:13,486 [INFO] ProjectBuilder:3289 - Time for Copy HAL[1] : 119mS.
2025-05-25 22:52:13,497 [INFO] ProjectBuilder:4876 - Project Generator version: 4.5.0-RC5
2025-05-25 22:52:13,627 [INFO] ConfigFileManager:1579 - The Die is : DIE431
2025-05-25 22:52:13,652 [INFO] ApiDbMcu:508 - Load IP Config File for FATFS
2025-05-25 22:52:13,657 [INFO] ApiDbMcu:508 - Load IP Config File for LIBJPEG
2025-05-25 22:52:13,671 [INFO] ApiDbMcu:508 - Load IP Config File for MBEDTLS
2025-05-25 22:52:13,689 [INFO] ApiDbMcu:508 - Load IP Config File for USB_DEVICE
2025-05-25 22:52:13,695 [INFO] ApiDbMcu:508 - Load IP Config File for USB_HOST
2025-05-25 22:52:18,288 [INFO] ProjectBuilder:5154 - Time for Generating toolchain IDE Files: 4768mS.
2025-05-25 22:52:18,309 [INFO] ProjectBuilder:3146 - Time for Copy CMSIS : 3mS.
2025-05-25 22:52:18,318 [INFO] ProjectBuilder:3146 - Time for Copy CMSIS : 0mS.
2025-05-25 22:56:48,318 [INFO] UtilMem:75 - End SaveConfig() Used Memory: 985361536 Bytes (1073741824)
2025-05-25 22:57:03,577 [INFO] UtilMem:75 - End SaveConfig() Used Memory: 1013330616 Bytes (1073741824)
2025-05-25 22:57:06,358 [INFO] UtilMem:75 - End SaveConfig() Used Memory: 831973888 Bytes (1073741824)
2025-05-25 22:57:07,184 [INFO] BlockDiagram:2766 - set Specific Code input for plugin: NVIC
2025-05-25 22:57:07,186 [INFO] BlockDiagram:2766 - set Specific Code input for plugin: FREERTOS
2025-05-25 22:57:07,187 [INFO] BlockDiagram:2766 - set Specific Code input for plugin: USART
2025-05-25 22:57:07,190 [INFO] BlockDiagram:2766 - set Specific Code input for plugin: DMA
2025-05-25 22:57:07,193 [INFO] BlockDiagram:2766 - set Specific Code input for plugin: TIM1_8
2025-05-25 22:57:07,198 [INFO] BlockDiagram:2766 - set Specific Code input for plugin: TIM1_8
2025-05-25 22:57:07,199 [INFO] BlockDiagram:2766 - set Specific Code input for plugin: TIM1_8
2025-05-25 22:57:07,200 [INFO] BlockDiagram:2766 - set Specific Code input for plugin: TIM1_8
2025-05-25 22:57:07,200 [INFO] BlockDiagram:2766 - set Specific Code input for plugin: TIM1_8
2025-05-25 22:57:07,200 [INFO] BlockDiagram:2766 - set Specific Code input for plugin: SYS
2025-05-25 22:57:07,201 [INFO] BlockDiagram:2766 - set Specific Code input for plugin: GPIO
2025-05-25 22:57:07,201 [INFO] BlockDiagram:2766 - set Specific Code input for plugin: RCC
2025-05-25 22:57:07,202 [INFO] CodeGenerator:896 - code generatio: config db path: /Applications/STM32CubeIDE.app/Contents/Eclipse/plugins/com.st.stm32cube.common.mx_6.13.0.202411220809//db/
2025-05-25 22:57:07,269 [INFO] Argument:325 - Argument : hdmavalue: null
2025-05-25 22:57:07,270 [INFO] Argument:327 - 	 sub Args: 
2025-05-25 22:57:07,270 [INFO] Argument:325 - Argument : Instancevalue: DMA2_Stream2
2025-05-25 22:57:07,270 [INFO] Argument:335 - Argument : Instancevalue: DMA2_Stream2
2025-05-25 22:57:07,271 [INFO] Argument:325 - Argument : Initvalue: null
2025-05-25 22:57:07,271 [INFO] Argument:327 - 	 sub Args: 
2025-05-25 22:57:07,271 [INFO] Argument:325 - Argument : Channelvalue: DMA_CHANNEL_4
2025-05-25 22:57:07,271 [INFO] Argument:335 - Argument : Channelvalue: DMA_CHANNEL_4
2025-05-25 22:57:07,271 [INFO] Argument:325 - Argument : Directionvalue: DMA_PERIPH_TO_MEMORY
2025-05-25 22:57:07,271 [INFO] Argument:335 - Argument : Directionvalue: DMA_PERIPH_TO_MEMORY
2025-05-25 22:57:07,271 [INFO] Argument:325 - Argument : PeriphIncvalue: DMA_PINC_DISABLE
2025-05-25 22:57:07,271 [INFO] Argument:335 - Argument : PeriphIncvalue: DMA_PINC_DISABLE
2025-05-25 22:57:07,272 [INFO] Argument:325 - Argument : MemIncvalue: DMA_MINC_ENABLE
2025-05-25 22:57:07,273 [INFO] Argument:335 - Argument : MemIncvalue: DMA_MINC_ENABLE
2025-05-25 22:57:07,274 [INFO] Argument:325 - Argument : PeriphDataAlignmentvalue: DMA_PDATAALIGN_BYTE
2025-05-25 22:57:07,275 [INFO] Argument:335 - Argument : PeriphDataAlignmentvalue: DMA_PDATAALIGN_BYTE
2025-05-25 22:57:07,276 [INFO] Argument:325 - Argument : MemDataAlignmentvalue: DMA_MDATAALIGN_BYTE
2025-05-25 22:57:07,277 [INFO] Argument:335 - Argument : MemDataAlignmentvalue: DMA_MDATAALIGN_BYTE
2025-05-25 22:57:07,278 [INFO] Argument:325 - Argument : Modevalue: DMA_NORMAL
2025-05-25 22:57:07,278 [INFO] Argument:335 - Argument : Modevalue: DMA_NORMAL
2025-05-25 22:57:07,279 [INFO] Argument:325 - Argument : Priorityvalue: DMA_PRIORITY_LOW
2025-05-25 22:57:07,279 [INFO] Argument:335 - Argument : Priorityvalue: DMA_PRIORITY_LOW
2025-05-25 22:57:07,279 [INFO] Argument:325 - Argument : FIFOModevalue: DMA_FIFOMODE_DISABLE
2025-05-25 22:57:07,279 [INFO] Argument:335 - Argument : FIFOModevalue: DMA_FIFOMODE_DISABLE
2025-05-25 22:57:07,280 [INFO] Argument:325 - Argument : FIFOThresholdvalue: null
2025-05-25 22:57:07,280 [INFO] Argument:335 - Argument : FIFOThresholdvalue: null
2025-05-25 22:57:07,280 [INFO] Argument:325 - Argument : MemBurstvalue: null
2025-05-25 22:57:07,280 [INFO] Argument:335 - Argument : MemBurstvalue: null
2025-05-25 22:57:07,281 [INFO] Argument:325 - Argument : PeriphBurstvalue: null
2025-05-25 22:57:07,281 [INFO] Argument:335 - Argument : PeriphBurstvalue: null
2025-05-25 22:57:07,281 [INFO] Argument:325 - Argument : Lockvalue: null
2025-05-25 22:57:07,282 [INFO] Argument:335 - Argument : Lockvalue: null
2025-05-25 22:57:07,283 [INFO] Argument:325 - Argument : Statevalue: null
2025-05-25 22:57:07,283 [INFO] Argument:335 - Argument : Statevalue: null
2025-05-25 22:57:07,286 [INFO] Argument:325 - Argument : Parentvalue: null
2025-05-25 22:57:07,287 [INFO] Argument:335 - Argument : Parentvalue: null
2025-05-25 22:57:07,288 [INFO] Argument:325 - Argument : XferCpltCallbackvalue: null
2025-05-25 22:57:07,288 [INFO] Argument:335 - Argument : XferCpltCallbackvalue: null
2025-05-25 22:57:07,288 [INFO] Argument:325 - Argument : XferHalfCpltCallbackvalue: null
2025-05-25 22:57:07,288 [INFO] Argument:335 - Argument : XferHalfCpltCallbackvalue: null
2025-05-25 22:57:07,288 [INFO] Argument:325 - Argument : XferM1CpltCallbackvalue: null
2025-05-25 22:57:07,288 [INFO] Argument:335 - Argument : XferM1CpltCallbackvalue: null
2025-05-25 22:57:07,288 [INFO] Argument:325 - Argument : XferErrorCallbackvalue: null
2025-05-25 22:57:07,288 [INFO] Argument:335 - Argument : XferErrorCallbackvalue: null
2025-05-25 22:57:07,288 [INFO] Argument:325 - Argument : ErrorCodevalue: null
2025-05-25 22:57:07,288 [INFO] Argument:335 - Argument : ErrorCodevalue: null
2025-05-25 22:57:07,750 [INFO] CodeEngine:255 - oldGeneratedFile, /Users/mindhacker999/STM32CubeIDE/workspace_1.17.0/Sonya-Tech/Sonya Tech Main MCU/MXTmpFiles/license.tmp_save
2025-05-25 22:57:08,038 [INFO] CodeEngine:279 - Generated code: /Users/mindhacker999/STM32CubeIDE/workspace_1.17.0/Sonya-Tech/Sonya Tech Main MCU/MXTmpFiles/license.tmp
2025-05-25 22:57:08,133 [INFO] CodeEngine:255 - oldGeneratedFile, /Users/mindhacker999/STM32CubeIDE/workspace_1.17.0/Sonya-Tech/Sonya Tech Main MCU/MXTmpFiles/gpio.tmp_save
2025-05-25 22:57:08,296 [INFO] CodeEngine:279 - Generated code: /Users/mindhacker999/STM32CubeIDE/workspace_1.17.0/Sonya-Tech/Sonya Tech Main MCU/MXTmpFiles/gpio.tmp
2025-05-25 22:57:09,185 [INFO] Middleware:1450 - No code input for Bsp Dependency
2025-05-25 22:57:09,196 [INFO] CodeEngine:255 - oldGeneratedFile, /Users/mindhacker999/STM32CubeIDE/workspace_1.17.0/Sonya-Tech/Sonya Tech Main MCU/MXTmpFiles/rtos_inc.tmp_save
2025-05-25 22:57:09,290 [INFO] CodeEngine:279 - Generated code: /Users/mindhacker999/STM32CubeIDE/workspace_1.17.0/Sonya-Tech/Sonya Tech Main MCU/MXTmpFiles/rtos_inc.tmp
2025-05-25 22:57:09,298 [INFO] CodeEngine:255 - oldGeneratedFile, /Users/mindhacker999/STM32CubeIDE/workspace_1.17.0/Sonya-Tech/Sonya Tech Main MCU/MXTmpFiles/rtos_vars.tmp_save
2025-05-25 22:57:09,389 [INFO] CodeEngine:279 - Generated code: /Users/mindhacker999/STM32CubeIDE/workspace_1.17.0/Sonya-Tech/Sonya Tech Main MCU/MXTmpFiles/rtos_vars.tmp
2025-05-25 22:57:09,393 [INFO] CodeEngine:255 - oldGeneratedFile, /Users/mindhacker999/STM32CubeIDE/workspace_1.17.0/Sonya-Tech/Sonya Tech Main MCU/MXTmpFiles/rtos_pfp.tmp_save
2025-05-25 22:57:09,466 [INFO] CodeEngine:279 - Generated code: /Users/mindhacker999/STM32CubeIDE/workspace_1.17.0/Sonya-Tech/Sonya Tech Main MCU/MXTmpFiles/rtos_pfp.tmp
2025-05-25 22:57:09,469 [INFO] CodeEngine:255 - oldGeneratedFile, /Users/mindhacker999/STM32CubeIDE/workspace_1.17.0/Sonya-Tech/Sonya Tech Main MCU/MXTmpFiles/rtos_obj_creat.tmp_save
2025-05-25 22:57:09,544 [INFO] CodeEngine:279 - Generated code: /Users/mindhacker999/STM32CubeIDE/workspace_1.17.0/Sonya-Tech/Sonya Tech Main MCU/MXTmpFiles/rtos_obj_creat.tmp
2025-05-25 22:57:09,546 [INFO] CodeEngine:255 - oldGeneratedFile, /Users/mindhacker999/STM32CubeIDE/workspace_1.17.0/Sonya-Tech/Sonya Tech Main MCU/MXTmpFiles/rtos_kernelStart.tmp_save
2025-05-25 22:57:09,609 [INFO] CodeEngine:279 - Generated code: /Users/mindhacker999/STM32CubeIDE/workspace_1.17.0/Sonya-Tech/Sonya Tech Main MCU/MXTmpFiles/rtos_kernelStart.tmp
2025-05-25 22:57:09,612 [INFO] CodeEngine:255 - oldGeneratedFile, /Users/mindhacker999/STM32CubeIDE/workspace_1.17.0/Sonya-Tech/Sonya Tech Main MCU/MXTmpFiles/rtos_default_thread.tmp_save
2025-05-25 22:57:09,674 [INFO] CodeEngine:279 - Generated code: /Users/mindhacker999/STM32CubeIDE/workspace_1.17.0/Sonya-Tech/Sonya Tech Main MCU/MXTmpFiles/rtos_default_thread.tmp
2025-05-25 22:57:09,676 [INFO] CodeEngine:255 - oldGeneratedFile, /Users/mindhacker999/STM32CubeIDE/workspace_1.17.0/Sonya-Tech/Sonya Tech Main MCU/MXTmpFiles/rtos_threads.tmp_save
2025-05-25 22:57:09,738 [INFO] CodeEngine:279 - Generated code: /Users/mindhacker999/STM32CubeIDE/workspace_1.17.0/Sonya-Tech/Sonya Tech Main MCU/MXTmpFiles/rtos_threads.tmp
2025-05-25 22:57:09,753 [INFO] Middleware:1450 - No code input for Bsp Dependency
2025-05-25 22:57:09,761 [INFO] CodeEngine:255 - oldGeneratedFile, /Users/mindhacker999/STM32CubeIDE/workspace_1.17.0/Sonya-Tech/Sonya Tech Main MCU/MXTmpFiles/rtos_inc.tmp_save
2025-05-25 22:57:09,823 [INFO] CodeEngine:279 - Generated code: /Users/mindhacker999/STM32CubeIDE/workspace_1.17.0/Sonya-Tech/Sonya Tech Main MCU/MXTmpFiles/rtos_inc.tmp
2025-05-25 22:57:09,826 [INFO] CodeEngine:255 - oldGeneratedFile, /Users/mindhacker999/STM32CubeIDE/workspace_1.17.0/Sonya-Tech/Sonya Tech Main MCU/MXTmpFiles/rtos_vars.tmp_save
2025-05-25 22:57:09,901 [INFO] CodeEngine:279 - Generated code: /Users/mindhacker999/STM32CubeIDE/workspace_1.17.0/Sonya-Tech/Sonya Tech Main MCU/MXTmpFiles/rtos_vars.tmp
2025-05-25 22:57:09,903 [INFO] CodeEngine:255 - oldGeneratedFile, /Users/mindhacker999/STM32CubeIDE/workspace_1.17.0/Sonya-Tech/Sonya Tech Main MCU/MXTmpFiles/rtos_pfp.tmp_save
2025-05-25 22:57:09,967 [INFO] CodeEngine:279 - Generated code: /Users/mindhacker999/STM32CubeIDE/workspace_1.17.0/Sonya-Tech/Sonya Tech Main MCU/MXTmpFiles/rtos_pfp.tmp
2025-05-25 22:57:09,969 [INFO] CodeEngine:255 - oldGeneratedFile, /Users/mindhacker999/STM32CubeIDE/workspace_1.17.0/Sonya-Tech/Sonya Tech Main MCU/MXTmpFiles/rtos_obj_creat.tmp_save
2025-05-25 22:57:10,033 [INFO] CodeEngine:279 - Generated code: /Users/mindhacker999/STM32CubeIDE/workspace_1.17.0/Sonya-Tech/Sonya Tech Main MCU/MXTmpFiles/rtos_obj_creat.tmp
2025-05-25 22:57:10,035 [INFO] CodeEngine:255 - oldGeneratedFile, /Users/mindhacker999/STM32CubeIDE/workspace_1.17.0/Sonya-Tech/Sonya Tech Main MCU/MXTmpFiles/rtos_kernelStart.tmp_save
2025-05-25 22:57:10,101 [INFO] CodeEngine:279 - Generated code: /Users/mindhacker999/STM32CubeIDE/workspace_1.17.0/Sonya-Tech/Sonya Tech Main MCU/MXTmpFiles/rtos_kernelStart.tmp
2025-05-25 22:57:10,106 [INFO] CodeEngine:255 - oldGeneratedFile, /Users/mindhacker999/STM32CubeIDE/workspace_1.17.0/Sonya-Tech/Sonya Tech Main MCU/MXTmpFiles/rtos_default_thread.tmp_save
2025-05-25 22:57:10,166 [INFO] CodeEngine:279 - Generated code: /Users/mindhacker999/STM32CubeIDE/workspace_1.17.0/Sonya-Tech/Sonya Tech Main MCU/MXTmpFiles/rtos_default_thread.tmp
2025-05-25 22:57:10,168 [INFO] CodeEngine:255 - oldGeneratedFile, /Users/mindhacker999/STM32CubeIDE/workspace_1.17.0/Sonya-Tech/Sonya Tech Main MCU/MXTmpFiles/rtos_threads.tmp_save
2025-05-25 22:57:10,225 [INFO] CodeEngine:279 - Generated code: /Users/mindhacker999/STM32CubeIDE/workspace_1.17.0/Sonya-Tech/Sonya Tech Main MCU/MXTmpFiles/rtos_threads.tmp
2025-05-25 22:57:10,228 [INFO] CodeEngine:255 - oldGeneratedFile, /Users/mindhacker999/STM32CubeIDE/workspace_1.17.0/Sonya-Tech/Sonya Tech Main MCU/Core/Inc/FreeRTOSConfig.h_save
2025-05-25 22:57:10,315 [INFO] CodeEngine:279 - Generated code: /Users/mindhacker999/STM32CubeIDE/workspace_1.17.0/Sonya-Tech/Sonya Tech Main MCU/Core/Inc/FreeRTOSConfig.h
2025-05-25 22:57:10,319 [INFO] CodeEngine:255 - oldGeneratedFile, /Users/mindhacker999/STM32CubeIDE/workspace_1.17.0/Sonya-Tech/Sonya Tech Main MCU/Core/Src/freertos.c_save
2025-05-25 22:57:10,385 [INFO] CodeEngine:279 - Generated code: /Users/mindhacker999/STM32CubeIDE/workspace_1.17.0/Sonya-Tech/Sonya Tech Main MCU/Core/Src/freertos.c
2025-05-25 22:57:10,420 [INFO] CodeEngine:255 - oldGeneratedFile, /Users/mindhacker999/STM32CubeIDE/workspace_1.17.0/Sonya-Tech/Sonya Tech Main MCU/MXTmpFiles/dma.tmp_save
2025-05-25 22:57:10,486 [INFO] CodeEngine:279 - Generated code: /Users/mindhacker999/STM32CubeIDE/workspace_1.17.0/Sonya-Tech/Sonya Tech Main MCU/MXTmpFiles/dma.tmp
2025-05-25 22:57:10,490 [INFO] CodeEngine:255 - oldGeneratedFile, /Users/mindhacker999/STM32CubeIDE/workspace_1.17.0/Sonya-Tech/Sonya Tech Main MCU/MXTmpFiles/dma_GV.tmp_save
2025-05-25 22:57:10,551 [INFO] CodeEngine:279 - Generated code: /Users/mindhacker999/STM32CubeIDE/workspace_1.17.0/Sonya-Tech/Sonya Tech Main MCU/MXTmpFiles/dma_GV.tmp
2025-05-25 22:57:10,564 [INFO] CodeEngine:255 - oldGeneratedFile, /Users/mindhacker999/STM32CubeIDE/workspace_1.17.0/Sonya-Tech/Sonya Tech Main MCU/Core/Src/stm32f4xx_it.c_save
2025-05-25 22:57:10,652 [INFO] CodeEngine:279 - Generated code: /Users/mindhacker999/STM32CubeIDE/workspace_1.17.0/Sonya-Tech/Sonya Tech Main MCU/Core/Src/stm32f4xx_it.c
2025-05-25 22:57:10,660 [INFO] CodeEngine:255 - oldGeneratedFile, /Users/mindhacker999/STM32CubeIDE/workspace_1.17.0/Sonya-Tech/Sonya Tech Main MCU/Core/Inc/stm32f4xx_it.h_save
2025-05-25 22:57:10,720 [INFO] CodeEngine:279 - Generated code: /Users/mindhacker999/STM32CubeIDE/workspace_1.17.0/Sonya-Tech/Sonya Tech Main MCU/Core/Inc/stm32f4xx_it.h
2025-05-25 22:57:10,734 [INFO] CodeEngine:255 - oldGeneratedFile, /Users/mindhacker999/STM32CubeIDE/workspace_1.17.0/Sonya-Tech/Sonya Tech Main MCU/Core/Src/stm32f4xx_hal_msp.c_save
2025-05-25 22:57:11,017 [INFO] CodeEngine:279 - Generated code: /Users/mindhacker999/STM32CubeIDE/workspace_1.17.0/Sonya-Tech/Sonya Tech Main MCU/Core/Src/stm32f4xx_hal_msp.c
2025-05-25 22:57:11,065 [INFO] CodeEngine:255 - oldGeneratedFile, /Users/mindhacker999/STM32CubeIDE/workspace_1.17.0/Sonya-Tech/Sonya Tech Main MCU/MXTmpFiles/system.tmp_save
2025-05-25 22:57:11,482 [INFO] CodeEngine:279 - Generated code: /Users/mindhacker999/STM32CubeIDE/workspace_1.17.0/Sonya-Tech/Sonya Tech Main MCU/MXTmpFiles/system.tmp
2025-05-25 22:57:11,544 [INFO] CodeEngine:255 - oldGeneratedFile, /Users/mindhacker999/STM32CubeIDE/workspace_1.17.0/Sonya-Tech/Sonya Tech Main MCU/Core/Src/stm32f4xx_hal_timebase_tim.c_save
2025-05-25 22:57:11,710 [INFO] CodeEngine:279 - Generated code: /Users/mindhacker999/STM32CubeIDE/workspace_1.17.0/Sonya-Tech/Sonya Tech Main MCU/Core/Src/stm32f4xx_hal_timebase_tim.c
2025-05-25 22:57:11,739 [INFO] CodeEngine:311 - oldGeneratedFile, /Users/mindhacker999/STM32CubeIDE/workspace_1.17.0/Sonya-Tech/Sonya Tech Main MCU/Core/Inc/stm32f4xx_hal_conf.h_save
2025-05-25 22:57:11,822 [INFO] CodeEngine:335 - Generated code: /Users/mindhacker999/STM32CubeIDE/workspace_1.17.0/Sonya-Tech/Sonya Tech Main MCU/Core/Inc/stm32f4xx_hal_conf.h
2025-05-25 22:57:12,076 [WARN] IPConfigManager:3618 - IP not found : TIM
2025-05-25 22:57:12,080 [WARN] CodeGenerator:4152 - IP not found : null
2025-05-25 22:57:12,093 [INFO] CodeEngine:255 - oldGeneratedFile, /Users/mindhacker999/STM32CubeIDE/workspace_1.17.0/Sonya-Tech/Sonya Tech Main MCU/Core/Inc/main.h_save
2025-05-25 22:57:12,398 [INFO] CodeEngine:279 - Generated code: /Users/mindhacker999/STM32CubeIDE/workspace_1.17.0/Sonya-Tech/Sonya Tech Main MCU/Core/Inc/main.h
2025-05-25 22:57:12,400 [INFO] CodeEngine:255 - oldGeneratedFile, /Users/mindhacker999/STM32CubeIDE/workspace_1.17.0/Sonya-Tech/Sonya Tech Main MCU/Core/Src/main.c_save
2025-05-25 22:57:12,637 [INFO] CodeEngine:279 - Generated code: /Users/mindhacker999/STM32CubeIDE/workspace_1.17.0/Sonya-Tech/Sonya Tech Main MCU/Core/Src/main.c
2025-05-25 22:57:13,050 [INFO] ProjectBuilder:3289 - Time for Copy HAL[1] : 108mS.
2025-05-25 22:57:13,065 [INFO] ProjectBuilder:4876 - Project Generator version: 4.5.0-RC5
2025-05-25 22:57:13,161 [INFO] ConfigFileManager:1579 - The Die is : DIE431
2025-05-25 22:57:17,968 [INFO] ProjectBuilder:5154 - Time for Generating toolchain IDE Files: 4889mS.
2025-05-25 22:57:17,988 [INFO] ProjectBuilder:3146 - Time for Copy CMSIS : 4mS.
2025-05-25 22:57:18,000 [INFO] ProjectBuilder:3146 - Time for Copy CMSIS : 1mS.
2025-05-25 23:15:12,401 [INFO] UtilMem:75 - End SaveConfig() Used Memory: 956246240 Bytes (1073741824)
2025-05-25 23:15:26,905 [INFO] UtilMem:75 - End SaveConfig() Used Memory: 775694584 Bytes (1073741824)
2025-05-25 23:15:35,756 [INFO] UtilMem:75 - End SaveConfig() Used Memory: 948096128 Bytes (1073741824)
2025-05-25 23:15:36,511 [INFO] BlockDiagram:2766 - set Specific Code input for plugin: NVIC
2025-05-25 23:15:36,512 [INFO] BlockDiagram:2766 - set Specific Code input for plugin: FREERTOS
2025-05-25 23:15:36,513 [INFO] BlockDiagram:2766 - set Specific Code input for plugin: USART
2025-05-25 23:15:36,514 [INFO] BlockDiagram:2766 - set Specific Code input for plugin: DMA
2025-05-25 23:15:36,514 [INFO] BlockDiagram:2766 - set Specific Code input for plugin: TIM1_8
2025-05-25 23:15:36,514 [INFO] BlockDiagram:2766 - set Specific Code input for plugin: TIM1_8
2025-05-25 23:15:36,515 [INFO] BlockDiagram:2766 - set Specific Code input for plugin: TIM1_8
2025-05-25 23:15:36,515 [INFO] BlockDiagram:2766 - set Specific Code input for plugin: TIM1_8
2025-05-25 23:15:36,515 [INFO] BlockDiagram:2766 - set Specific Code input for plugin: TIM1_8
2025-05-25 23:15:36,515 [INFO] BlockDiagram:2766 - set Specific Code input for plugin: SYS
2025-05-25 23:15:36,516 [INFO] BlockDiagram:2766 - set Specific Code input for plugin: GPIO
2025-05-25 23:15:36,518 [INFO] BlockDiagram:2766 - set Specific Code input for plugin: RCC
2025-05-25 23:15:36,522 [INFO] CodeGenerator:896 - code generatio: config db path: /Applications/STM32CubeIDE.app/Contents/Eclipse/plugins/com.st.stm32cube.common.mx_6.13.0.202411220809//db/
2025-05-25 23:15:36,569 [INFO] Argument:325 - Argument : hdmavalue: null
2025-05-25 23:15:36,573 [INFO] Argument:327 - 	 sub Args: 
2025-05-25 23:15:36,573 [INFO] Argument:325 - Argument : Instancevalue: DMA2_Stream2
2025-05-25 23:15:36,573 [INFO] Argument:335 - Argument : Instancevalue: DMA2_Stream2
2025-05-25 23:15:36,574 [INFO] Argument:325 - Argument : Initvalue: null
2025-05-25 23:15:36,574 [INFO] Argument:327 - 	 sub Args: 
2025-05-25 23:15:36,574 [INFO] Argument:325 - Argument : Channelvalue: DMA_CHANNEL_4
2025-05-25 23:15:36,574 [INFO] Argument:335 - Argument : Channelvalue: DMA_CHANNEL_4
2025-05-25 23:15:36,574 [INFO] Argument:325 - Argument : Directionvalue: DMA_PERIPH_TO_MEMORY
2025-05-25 23:15:36,574 [INFO] Argument:335 - Argument : Directionvalue: DMA_PERIPH_TO_MEMORY
2025-05-25 23:15:36,574 [INFO] Argument:325 - Argument : PeriphIncvalue: DMA_PINC_DISABLE
2025-05-25 23:15:36,574 [INFO] Argument:335 - Argument : PeriphIncvalue: DMA_PINC_DISABLE
2025-05-25 23:15:36,574 [INFO] Argument:325 - Argument : MemIncvalue: DMA_MINC_ENABLE
2025-05-25 23:15:36,574 [INFO] Argument:335 - Argument : MemIncvalue: DMA_MINC_ENABLE
2025-05-25 23:15:36,574 [INFO] Argument:325 - Argument : PeriphDataAlignmentvalue: DMA_PDATAALIGN_BYTE
2025-05-25 23:15:36,574 [INFO] Argument:335 - Argument : PeriphDataAlignmentvalue: DMA_PDATAALIGN_BYTE
2025-05-25 23:15:36,574 [INFO] Argument:325 - Argument : MemDataAlignmentvalue: DMA_MDATAALIGN_BYTE
2025-05-25 23:15:36,574 [INFO] Argument:335 - Argument : MemDataAlignmentvalue: DMA_MDATAALIGN_BYTE
2025-05-25 23:15:36,574 [INFO] Argument:325 - Argument : Modevalue: DMA_NORMAL
2025-05-25 23:15:36,574 [INFO] Argument:335 - Argument : Modevalue: DMA_NORMAL
2025-05-25 23:15:36,574 [INFO] Argument:325 - Argument : Priorityvalue: DMA_PRIORITY_LOW
2025-05-25 23:15:36,574 [INFO] Argument:335 - Argument : Priorityvalue: DMA_PRIORITY_LOW
2025-05-25 23:15:36,574 [INFO] Argument:325 - Argument : FIFOModevalue: DMA_FIFOMODE_DISABLE
2025-05-25 23:15:36,574 [INFO] Argument:335 - Argument : FIFOModevalue: DMA_FIFOMODE_DISABLE
2025-05-25 23:15:36,574 [INFO] Argument:325 - Argument : FIFOThresholdvalue: null
2025-05-25 23:15:36,574 [INFO] Argument:335 - Argument : FIFOThresholdvalue: null
2025-05-25 23:15:36,574 [INFO] Argument:325 - Argument : MemBurstvalue: null
2025-05-25 23:15:36,576 [INFO] Argument:335 - Argument : MemBurstvalue: null
2025-05-25 23:15:36,576 [INFO] Argument:325 - Argument : PeriphBurstvalue: null
2025-05-25 23:15:36,576 [INFO] Argument:335 - Argument : PeriphBurstvalue: null
2025-05-25 23:15:36,577 [INFO] Argument:325 - Argument : Lockvalue: null
2025-05-25 23:15:36,578 [INFO] Argument:335 - Argument : Lockvalue: null
2025-05-25 23:15:36,578 [INFO] Argument:325 - Argument : Statevalue: null
2025-05-25 23:15:36,578 [INFO] Argument:335 - Argument : Statevalue: null
2025-05-25 23:15:36,579 [INFO] Argument:325 - Argument : Parentvalue: null
2025-05-25 23:15:36,580 [INFO] Argument:335 - Argument : Parentvalue: null
2025-05-25 23:15:36,580 [INFO] Argument:325 - Argument : XferCpltCallbackvalue: null
2025-05-25 23:15:36,581 [INFO] Argument:335 - Argument : XferCpltCallbackvalue: null
2025-05-25 23:15:36,581 [INFO] Argument:325 - Argument : XferHalfCpltCallbackvalue: null
2025-05-25 23:15:36,581 [INFO] Argument:335 - Argument : XferHalfCpltCallbackvalue: null
2025-05-25 23:15:36,581 [INFO] Argument:325 - Argument : XferM1CpltCallbackvalue: null
2025-05-25 23:15:36,582 [INFO] Argument:335 - Argument : XferM1CpltCallbackvalue: null
2025-05-25 23:15:36,582 [INFO] Argument:325 - Argument : XferErrorCallbackvalue: null
2025-05-25 23:15:36,582 [INFO] Argument:335 - Argument : XferErrorCallbackvalue: null
2025-05-25 23:15:36,582 [INFO] Argument:325 - Argument : ErrorCodevalue: null
2025-05-25 23:15:36,582 [INFO] Argument:335 - Argument : ErrorCodevalue: null
2025-05-25 23:15:36,857 [INFO] CodeEngine:255 - oldGeneratedFile, /Users/mindhacker999/STM32CubeIDE/workspace_1.17.0/Sonya-Tech/Sonya Tech Main MCU/MXTmpFiles/license.tmp_save
2025-05-25 23:15:37,695 [INFO] CodeEngine:279 - Generated code: /Users/mindhacker999/STM32CubeIDE/workspace_1.17.0/Sonya-Tech/Sonya Tech Main MCU/MXTmpFiles/license.tmp
2025-05-25 23:15:37,969 [INFO] CodeEngine:255 - oldGeneratedFile, /Users/mindhacker999/STM32CubeIDE/workspace_1.17.0/Sonya-Tech/Sonya Tech Main MCU/MXTmpFiles/gpio.tmp_save
2025-05-25 23:15:38,166 [INFO] CodeEngine:279 - Generated code: /Users/mindhacker999/STM32CubeIDE/workspace_1.17.0/Sonya-Tech/Sonya Tech Main MCU/MXTmpFiles/gpio.tmp
2025-05-25 23:15:38,667 [INFO] Middleware:1450 - No code input for Bsp Dependency
2025-05-25 23:15:38,675 [INFO] CodeEngine:255 - oldGeneratedFile, /Users/mindhacker999/STM32CubeIDE/workspace_1.17.0/Sonya-Tech/Sonya Tech Main MCU/MXTmpFiles/rtos_inc.tmp_save
2025-05-25 23:15:38,781 [INFO] CodeEngine:279 - Generated code: /Users/mindhacker999/STM32CubeIDE/workspace_1.17.0/Sonya-Tech/Sonya Tech Main MCU/MXTmpFiles/rtos_inc.tmp
2025-05-25 23:15:38,783 [INFO] CodeEngine:255 - oldGeneratedFile, /Users/mindhacker999/STM32CubeIDE/workspace_1.17.0/Sonya-Tech/Sonya Tech Main MCU/MXTmpFiles/rtos_vars.tmp_save
2025-05-25 23:15:38,869 [INFO] CodeEngine:279 - Generated code: /Users/mindhacker999/STM32CubeIDE/workspace_1.17.0/Sonya-Tech/Sonya Tech Main MCU/MXTmpFiles/rtos_vars.tmp
2025-05-25 23:15:38,872 [INFO] CodeEngine:255 - oldGeneratedFile, /Users/mindhacker999/STM32CubeIDE/workspace_1.17.0/Sonya-Tech/Sonya Tech Main MCU/MXTmpFiles/rtos_pfp.tmp_save
2025-05-25 23:15:38,947 [INFO] CodeEngine:279 - Generated code: /Users/mindhacker999/STM32CubeIDE/workspace_1.17.0/Sonya-Tech/Sonya Tech Main MCU/MXTmpFiles/rtos_pfp.tmp
2025-05-25 23:15:38,950 [INFO] CodeEngine:255 - oldGeneratedFile, /Users/mindhacker999/STM32CubeIDE/workspace_1.17.0/Sonya-Tech/Sonya Tech Main MCU/MXTmpFiles/rtos_obj_creat.tmp_save
2025-05-25 23:15:39,061 [INFO] CodeEngine:279 - Generated code: /Users/mindhacker999/STM32CubeIDE/workspace_1.17.0/Sonya-Tech/Sonya Tech Main MCU/MXTmpFiles/rtos_obj_creat.tmp
2025-05-25 23:15:39,062 [INFO] CodeEngine:255 - oldGeneratedFile, /Users/mindhacker999/STM32CubeIDE/workspace_1.17.0/Sonya-Tech/Sonya Tech Main MCU/MXTmpFiles/rtos_kernelStart.tmp_save
2025-05-25 23:15:39,139 [INFO] CodeEngine:279 - Generated code: /Users/mindhacker999/STM32CubeIDE/workspace_1.17.0/Sonya-Tech/Sonya Tech Main MCU/MXTmpFiles/rtos_kernelStart.tmp
2025-05-25 23:15:39,140 [INFO] CodeEngine:255 - oldGeneratedFile, /Users/mindhacker999/STM32CubeIDE/workspace_1.17.0/Sonya-Tech/Sonya Tech Main MCU/MXTmpFiles/rtos_default_thread.tmp_save
2025-05-25 23:15:39,221 [INFO] CodeEngine:279 - Generated code: /Users/mindhacker999/STM32CubeIDE/workspace_1.17.0/Sonya-Tech/Sonya Tech Main MCU/MXTmpFiles/rtos_default_thread.tmp
2025-05-25 23:15:39,223 [INFO] CodeEngine:255 - oldGeneratedFile, /Users/mindhacker999/STM32CubeIDE/workspace_1.17.0/Sonya-Tech/Sonya Tech Main MCU/MXTmpFiles/rtos_threads.tmp_save
2025-05-25 23:15:39,301 [INFO] CodeEngine:279 - Generated code: /Users/mindhacker999/STM32CubeIDE/workspace_1.17.0/Sonya-Tech/Sonya Tech Main MCU/MXTmpFiles/rtos_threads.tmp
2025-05-25 23:15:39,313 [INFO] Middleware:1450 - No code input for Bsp Dependency
2025-05-25 23:15:39,316 [INFO] CodeEngine:255 - oldGeneratedFile, /Users/mindhacker999/STM32CubeIDE/workspace_1.17.0/Sonya-Tech/Sonya Tech Main MCU/MXTmpFiles/rtos_inc.tmp_save
2025-05-25 23:15:39,387 [INFO] CodeEngine:279 - Generated code: /Users/mindhacker999/STM32CubeIDE/workspace_1.17.0/Sonya-Tech/Sonya Tech Main MCU/MXTmpFiles/rtos_inc.tmp
2025-05-25 23:15:39,389 [INFO] CodeEngine:255 - oldGeneratedFile, /Users/mindhacker999/STM32CubeIDE/workspace_1.17.0/Sonya-Tech/Sonya Tech Main MCU/MXTmpFiles/rtos_vars.tmp_save
2025-05-25 23:15:39,457 [INFO] CodeEngine:279 - Generated code: /Users/mindhacker999/STM32CubeIDE/workspace_1.17.0/Sonya-Tech/Sonya Tech Main MCU/MXTmpFiles/rtos_vars.tmp
2025-05-25 23:15:39,459 [INFO] CodeEngine:255 - oldGeneratedFile, /Users/mindhacker999/STM32CubeIDE/workspace_1.17.0/Sonya-Tech/Sonya Tech Main MCU/MXTmpFiles/rtos_pfp.tmp_save
2025-05-25 23:15:39,525 [INFO] CodeEngine:279 - Generated code: /Users/mindhacker999/STM32CubeIDE/workspace_1.17.0/Sonya-Tech/Sonya Tech Main MCU/MXTmpFiles/rtos_pfp.tmp
2025-05-25 23:15:39,529 [INFO] CodeEngine:255 - oldGeneratedFile, /Users/mindhacker999/STM32CubeIDE/workspace_1.17.0/Sonya-Tech/Sonya Tech Main MCU/MXTmpFiles/rtos_obj_creat.tmp_save
2025-05-25 23:15:39,611 [INFO] CodeEngine:279 - Generated code: /Users/mindhacker999/STM32CubeIDE/workspace_1.17.0/Sonya-Tech/Sonya Tech Main MCU/MXTmpFiles/rtos_obj_creat.tmp
2025-05-25 23:15:39,624 [INFO] CodeEngine:255 - oldGeneratedFile, /Users/mindhacker999/STM32CubeIDE/workspace_1.17.0/Sonya-Tech/Sonya Tech Main MCU/MXTmpFiles/rtos_kernelStart.tmp_save
2025-05-25 23:15:39,697 [INFO] CodeEngine:279 - Generated code: /Users/mindhacker999/STM32CubeIDE/workspace_1.17.0/Sonya-Tech/Sonya Tech Main MCU/MXTmpFiles/rtos_kernelStart.tmp
2025-05-25 23:15:39,700 [INFO] CodeEngine:255 - oldGeneratedFile, /Users/mindhacker999/STM32CubeIDE/workspace_1.17.0/Sonya-Tech/Sonya Tech Main MCU/MXTmpFiles/rtos_default_thread.tmp_save
2025-05-25 23:15:39,762 [INFO] CodeEngine:279 - Generated code: /Users/mindhacker999/STM32CubeIDE/workspace_1.17.0/Sonya-Tech/Sonya Tech Main MCU/MXTmpFiles/rtos_default_thread.tmp
2025-05-25 23:15:39,764 [INFO] CodeEngine:255 - oldGeneratedFile, /Users/mindhacker999/STM32CubeIDE/workspace_1.17.0/Sonya-Tech/Sonya Tech Main MCU/MXTmpFiles/rtos_threads.tmp_save
2025-05-25 23:15:39,905 [INFO] CodeEngine:279 - Generated code: /Users/mindhacker999/STM32CubeIDE/workspace_1.17.0/Sonya-Tech/Sonya Tech Main MCU/MXTmpFiles/rtos_threads.tmp
2025-05-25 23:15:39,910 [INFO] CodeEngine:255 - oldGeneratedFile, /Users/mindhacker999/STM32CubeIDE/workspace_1.17.0/Sonya-Tech/Sonya Tech Main MCU/Core/Inc/FreeRTOSConfig.h_save
2025-05-25 23:15:40,028 [INFO] CodeEngine:279 - Generated code: /Users/mindhacker999/STM32CubeIDE/workspace_1.17.0/Sonya-Tech/Sonya Tech Main MCU/Core/Inc/FreeRTOSConfig.h
2025-05-25 23:15:40,031 [INFO] CodeEngine:255 - oldGeneratedFile, /Users/mindhacker999/STM32CubeIDE/workspace_1.17.0/Sonya-Tech/Sonya Tech Main MCU/Core/Src/freertos.c_save
2025-05-25 23:15:40,098 [INFO] CodeEngine:279 - Generated code: /Users/mindhacker999/STM32CubeIDE/workspace_1.17.0/Sonya-Tech/Sonya Tech Main MCU/Core/Src/freertos.c
2025-05-25 23:15:40,121 [INFO] CodeEngine:255 - oldGeneratedFile, /Users/mindhacker999/STM32CubeIDE/workspace_1.17.0/Sonya-Tech/Sonya Tech Main MCU/MXTmpFiles/dma.tmp_save
2025-05-25 23:15:40,184 [INFO] CodeEngine:279 - Generated code: /Users/mindhacker999/STM32CubeIDE/workspace_1.17.0/Sonya-Tech/Sonya Tech Main MCU/MXTmpFiles/dma.tmp
2025-05-25 23:15:40,189 [INFO] CodeEngine:255 - oldGeneratedFile, /Users/mindhacker999/STM32CubeIDE/workspace_1.17.0/Sonya-Tech/Sonya Tech Main MCU/MXTmpFiles/dma_GV.tmp_save
2025-05-25 23:15:40,245 [INFO] CodeEngine:279 - Generated code: /Users/mindhacker999/STM32CubeIDE/workspace_1.17.0/Sonya-Tech/Sonya Tech Main MCU/MXTmpFiles/dma_GV.tmp
2025-05-25 23:15:40,261 [INFO] CodeEngine:255 - oldGeneratedFile, /Users/mindhacker999/STM32CubeIDE/workspace_1.17.0/Sonya-Tech/Sonya Tech Main MCU/Core/Src/stm32f4xx_it.c_save
2025-05-25 23:15:40,442 [INFO] CodeEngine:279 - Generated code: /Users/mindhacker999/STM32CubeIDE/workspace_1.17.0/Sonya-Tech/Sonya Tech Main MCU/Core/Src/stm32f4xx_it.c
2025-05-25 23:15:40,445 [INFO] CodeEngine:255 - oldGeneratedFile, /Users/mindhacker999/STM32CubeIDE/workspace_1.17.0/Sonya-Tech/Sonya Tech Main MCU/Core/Inc/stm32f4xx_it.h_save
2025-05-25 23:15:40,513 [INFO] CodeEngine:279 - Generated code: /Users/mindhacker999/STM32CubeIDE/workspace_1.17.0/Sonya-Tech/Sonya Tech Main MCU/Core/Inc/stm32f4xx_it.h
2025-05-25 23:15:40,525 [INFO] CodeEngine:255 - oldGeneratedFile, /Users/mindhacker999/STM32CubeIDE/workspace_1.17.0/Sonya-Tech/Sonya Tech Main MCU/Core/Src/stm32f4xx_hal_msp.c_save
2025-05-25 23:15:40,687 [INFO] CodeEngine:279 - Generated code: /Users/mindhacker999/STM32CubeIDE/workspace_1.17.0/Sonya-Tech/Sonya Tech Main MCU/Core/Src/stm32f4xx_hal_msp.c
2025-05-25 23:15:40,689 [INFO] CodeEngine:255 - oldGeneratedFile, /Users/mindhacker999/STM32CubeIDE/workspace_1.17.0/Sonya-Tech/Sonya Tech Main MCU/MXTmpFiles/system.tmp_save
2025-05-25 23:15:40,747 [INFO] CodeEngine:279 - Generated code: /Users/mindhacker999/STM32CubeIDE/workspace_1.17.0/Sonya-Tech/Sonya Tech Main MCU/MXTmpFiles/system.tmp
2025-05-25 23:15:40,748 [INFO] CodeEngine:255 - oldGeneratedFile, /Users/mindhacker999/STM32CubeIDE/workspace_1.17.0/Sonya-Tech/Sonya Tech Main MCU/Core/Src/stm32f4xx_hal_timebase_tim.c_save
2025-05-25 23:15:40,808 [INFO] CodeEngine:279 - Generated code: /Users/mindhacker999/STM32CubeIDE/workspace_1.17.0/Sonya-Tech/Sonya Tech Main MCU/Core/Src/stm32f4xx_hal_timebase_tim.c
2025-05-25 23:15:40,815 [INFO] CodeEngine:311 - oldGeneratedFile, /Users/mindhacker999/STM32CubeIDE/workspace_1.17.0/Sonya-Tech/Sonya Tech Main MCU/Core/Inc/stm32f4xx_hal_conf.h_save
2025-05-25 23:15:40,880 [INFO] CodeEngine:335 - Generated code: /Users/mindhacker999/STM32CubeIDE/workspace_1.17.0/Sonya-Tech/Sonya Tech Main MCU/Core/Inc/stm32f4xx_hal_conf.h
2025-05-25 23:15:40,998 [WARN] IPConfigManager:3618 - IP not found : TIM
2025-05-25 23:15:40,999 [WARN] CodeGenerator:4152 - IP not found : null
2025-05-25 23:15:41,004 [INFO] CodeEngine:255 - oldGeneratedFile, /Users/mindhacker999/STM32CubeIDE/workspace_1.17.0/Sonya-Tech/Sonya Tech Main MCU/Core/Inc/main.h_save
2025-05-25 23:15:41,096 [INFO] CodeEngine:279 - Generated code: /Users/mindhacker999/STM32CubeIDE/workspace_1.17.0/Sonya-Tech/Sonya Tech Main MCU/Core/Inc/main.h
2025-05-25 23:15:41,098 [INFO] CodeEngine:255 - oldGeneratedFile, /Users/mindhacker999/STM32CubeIDE/workspace_1.17.0/Sonya-Tech/Sonya Tech Main MCU/Core/Src/main.c_save
2025-05-25 23:15:41,277 [INFO] CodeEngine:279 - Generated code: /Users/mindhacker999/STM32CubeIDE/workspace_1.17.0/Sonya-Tech/Sonya Tech Main MCU/Core/Src/main.c
2025-05-25 23:15:42,288 [INFO] ProjectBuilder:3289 - Time for Copy HAL[1] : 142mS.
2025-05-25 23:15:42,319 [INFO] ProjectBuilder:4876 - Project Generator version: 4.5.0-RC5
2025-05-25 23:15:42,576 [INFO] ConfigFileManager:1579 - The Die is : DIE431
2025-05-25 23:15:47,049 [INFO] ProjectBuilder:5154 - Time for Generating toolchain IDE Files: 4718mS.
2025-05-25 23:15:47,076 [INFO] ProjectBuilder:3146 - Time for Copy CMSIS : 4mS.
2025-05-25 23:15:47,147 [INFO] ProjectBuilder:3146 - Time for Copy CMSIS : 1mS.
2025-05-25 23:20:20,086 [INFO] UtilMem:75 - End SaveConfig() Used Memory: 999166664 Bytes (1073741824)
2025-05-25 23:20:21,936 [INFO] UtilMem:75 - End SaveConfig() Used Memory: 822852216 Bytes (1073741824)
2025-05-25 23:20:22,495 [INFO] UtilMem:75 - End SaveConfig() Used Memory: 850505112 Bytes (1073741824)
2025-05-25 23:20:24,072 [INFO] BlockDiagram:2766 - set Specific Code input for plugin: NVIC
2025-05-25 23:20:24,081 [INFO] BlockDiagram:2766 - set Specific Code input for plugin: FREERTOS
2025-05-25 23:20:24,084 [INFO] BlockDiagram:2766 - set Specific Code input for plugin: USART
2025-05-25 23:20:24,084 [INFO] BlockDiagram:2766 - set Specific Code input for plugin: DMA
2025-05-25 23:20:24,084 [INFO] BlockDiagram:2766 - set Specific Code input for plugin: TIM1_8
2025-05-25 23:20:24,084 [INFO] BlockDiagram:2766 - set Specific Code input for plugin: TIM1_8
2025-05-25 23:20:24,084 [INFO] BlockDiagram:2766 - set Specific Code input for plugin: TIM1_8
2025-05-25 23:20:24,084 [INFO] BlockDiagram:2766 - set Specific Code input for plugin: TIM1_8
2025-05-25 23:20:24,084 [INFO] BlockDiagram:2766 - set Specific Code input for plugin: TIM1_8
2025-05-25 23:20:24,084 [INFO] BlockDiagram:2766 - set Specific Code input for plugin: SYS
2025-05-25 23:20:24,084 [INFO] BlockDiagram:2766 - set Specific Code input for plugin: GPIO
2025-05-25 23:20:24,084 [INFO] BlockDiagram:2766 - set Specific Code input for plugin: RCC
2025-05-25 23:20:24,086 [INFO] CodeGenerator:896 - code generatio: config db path: /Applications/STM32CubeIDE.app/Contents/Eclipse/plugins/com.st.stm32cube.common.mx_6.13.0.202411220809//db/
2025-05-25 23:20:24,150 [INFO] Argument:325 - Argument : hdmavalue: null
2025-05-25 23:20:24,150 [INFO] Argument:327 - 	 sub Args: 
2025-05-25 23:20:24,150 [INFO] Argument:325 - Argument : Instancevalue: DMA2_Stream2
2025-05-25 23:20:24,150 [INFO] Argument:335 - Argument : Instancevalue: DMA2_Stream2
2025-05-25 23:20:24,150 [INFO] Argument:325 - Argument : Initvalue: null
2025-05-25 23:20:24,150 [INFO] Argument:327 - 	 sub Args: 
2025-05-25 23:20:24,150 [INFO] Argument:325 - Argument : Channelvalue: DMA_CHANNEL_4
2025-05-25 23:20:24,150 [INFO] Argument:335 - Argument : Channelvalue: DMA_CHANNEL_4
2025-05-25 23:20:24,150 [INFO] Argument:325 - Argument : Directionvalue: DMA_PERIPH_TO_MEMORY
2025-05-25 23:20:24,150 [INFO] Argument:335 - Argument : Directionvalue: DMA_PERIPH_TO_MEMORY
2025-05-25 23:20:24,150 [INFO] Argument:325 - Argument : PeriphIncvalue: DMA_PINC_DISABLE
2025-05-25 23:20:24,150 [INFO] Argument:335 - Argument : PeriphIncvalue: DMA_PINC_DISABLE
2025-05-25 23:20:24,150 [INFO] Argument:325 - Argument : MemIncvalue: DMA_MINC_ENABLE
2025-05-25 23:20:24,150 [INFO] Argument:335 - Argument : MemIncvalue: DMA_MINC_ENABLE
2025-05-25 23:20:24,150 [INFO] Argument:325 - Argument : PeriphDataAlignmentvalue: DMA_PDATAALIGN_BYTE
2025-05-25 23:20:24,150 [INFO] Argument:335 - Argument : PeriphDataAlignmentvalue: DMA_PDATAALIGN_BYTE
2025-05-25 23:20:24,150 [INFO] Argument:325 - Argument : MemDataAlignmentvalue: DMA_MDATAALIGN_BYTE
2025-05-25 23:20:24,150 [INFO] Argument:335 - Argument : MemDataAlignmentvalue: DMA_MDATAALIGN_BYTE
2025-05-25 23:20:24,150 [INFO] Argument:325 - Argument : Modevalue: DMA_NORMAL
2025-05-25 23:20:24,151 [INFO] Argument:335 - Argument : Modevalue: DMA_NORMAL
2025-05-25 23:20:24,151 [INFO] Argument:325 - Argument : Priorityvalue: DMA_PRIORITY_LOW
2025-05-25 23:20:24,151 [INFO] Argument:335 - Argument : Priorityvalue: DMA_PRIORITY_LOW
2025-05-25 23:20:24,151 [INFO] Argument:325 - Argument : FIFOModevalue: DMA_FIFOMODE_DISABLE
2025-05-25 23:20:24,151 [INFO] Argument:335 - Argument : FIFOModevalue: DMA_FIFOMODE_DISABLE
2025-05-25 23:20:24,151 [INFO] Argument:325 - Argument : FIFOThresholdvalue: null
2025-05-25 23:20:24,151 [INFO] Argument:335 - Argument : FIFOThresholdvalue: null
2025-05-25 23:20:24,151 [INFO] Argument:325 - Argument : MemBurstvalue: null
2025-05-25 23:20:24,151 [INFO] Argument:335 - Argument : MemBurstvalue: null
2025-05-25 23:20:24,151 [INFO] Argument:325 - Argument : PeriphBurstvalue: null
2025-05-25 23:20:24,151 [INFO] Argument:335 - Argument : PeriphBurstvalue: null
2025-05-25 23:20:24,151 [INFO] Argument:325 - Argument : Lockvalue: null
2025-05-25 23:20:24,151 [INFO] Argument:335 - Argument : Lockvalue: null
2025-05-25 23:20:24,151 [INFO] Argument:325 - Argument : Statevalue: null
2025-05-25 23:20:24,151 [INFO] Argument:335 - Argument : Statevalue: null
2025-05-25 23:20:24,151 [INFO] Argument:325 - Argument : Parentvalue: null
2025-05-25 23:20:24,151 [INFO] Argument:335 - Argument : Parentvalue: null
2025-05-25 23:20:24,151 [INFO] Argument:325 - Argument : XferCpltCallbackvalue: null
2025-05-25 23:20:24,151 [INFO] Argument:335 - Argument : XferCpltCallbackvalue: null
2025-05-25 23:20:24,151 [INFO] Argument:325 - Argument : XferHalfCpltCallbackvalue: null
2025-05-25 23:20:24,151 [INFO] Argument:335 - Argument : XferHalfCpltCallbackvalue: null
2025-05-25 23:20:24,151 [INFO] Argument:325 - Argument : XferM1CpltCallbackvalue: null
2025-05-25 23:20:24,151 [INFO] Argument:335 - Argument : XferM1CpltCallbackvalue: null
2025-05-25 23:20:24,151 [INFO] Argument:325 - Argument : XferErrorCallbackvalue: null
2025-05-25 23:20:24,151 [INFO] Argument:335 - Argument : XferErrorCallbackvalue: null
2025-05-25 23:20:24,151 [INFO] Argument:325 - Argument : ErrorCodevalue: null
2025-05-25 23:20:24,151 [INFO] Argument:335 - Argument : ErrorCodevalue: null
2025-05-25 23:20:24,290 [INFO] CodeEngine:255 - oldGeneratedFile, /Users/mindhacker999/STM32CubeIDE/workspace_1.17.0/Sonya-Tech/Sonya Tech Main MCU/MXTmpFiles/license.tmp_save
2025-05-25 23:20:24,447 [INFO] CodeEngine:279 - Generated code: /Users/mindhacker999/STM32CubeIDE/workspace_1.17.0/Sonya-Tech/Sonya Tech Main MCU/MXTmpFiles/license.tmp
2025-05-25 23:20:24,537 [INFO] CodeEngine:255 - oldGeneratedFile, /Users/mindhacker999/STM32CubeIDE/workspace_1.17.0/Sonya-Tech/Sonya Tech Main MCU/MXTmpFiles/gpio.tmp_save
2025-05-25 23:20:24,643 [INFO] CodeEngine:279 - Generated code: /Users/mindhacker999/STM32CubeIDE/workspace_1.17.0/Sonya-Tech/Sonya Tech Main MCU/MXTmpFiles/gpio.tmp
2025-05-25 23:20:25,089 [INFO] Middleware:1450 - No code input for Bsp Dependency
2025-05-25 23:20:25,094 [INFO] CodeEngine:255 - oldGeneratedFile, /Users/mindhacker999/STM32CubeIDE/workspace_1.17.0/Sonya-Tech/Sonya Tech Main MCU/MXTmpFiles/rtos_inc.tmp_save
2025-05-25 23:20:25,145 [INFO] CodeEngine:279 - Generated code: /Users/mindhacker999/STM32CubeIDE/workspace_1.17.0/Sonya-Tech/Sonya Tech Main MCU/MXTmpFiles/rtos_inc.tmp
2025-05-25 23:20:25,147 [INFO] CodeEngine:255 - oldGeneratedFile, /Users/mindhacker999/STM32CubeIDE/workspace_1.17.0/Sonya-Tech/Sonya Tech Main MCU/MXTmpFiles/rtos_vars.tmp_save
2025-05-25 23:20:25,200 [INFO] CodeEngine:279 - Generated code: /Users/mindhacker999/STM32CubeIDE/workspace_1.17.0/Sonya-Tech/Sonya Tech Main MCU/MXTmpFiles/rtos_vars.tmp
2025-05-25 23:20:25,201 [INFO] CodeEngine:255 - oldGeneratedFile, /Users/mindhacker999/STM32CubeIDE/workspace_1.17.0/Sonya-Tech/Sonya Tech Main MCU/MXTmpFiles/rtos_pfp.tmp_save
2025-05-25 23:20:25,251 [INFO] CodeEngine:279 - Generated code: /Users/mindhacker999/STM32CubeIDE/workspace_1.17.0/Sonya-Tech/Sonya Tech Main MCU/MXTmpFiles/rtos_pfp.tmp
2025-05-25 23:20:25,252 [INFO] CodeEngine:255 - oldGeneratedFile, /Users/mindhacker999/STM32CubeIDE/workspace_1.17.0/Sonya-Tech/Sonya Tech Main MCU/MXTmpFiles/rtos_obj_creat.tmp_save
2025-05-25 23:20:25,307 [INFO] CodeEngine:279 - Generated code: /Users/mindhacker999/STM32CubeIDE/workspace_1.17.0/Sonya-Tech/Sonya Tech Main MCU/MXTmpFiles/rtos_obj_creat.tmp
2025-05-25 23:20:25,309 [INFO] CodeEngine:255 - oldGeneratedFile, /Users/mindhacker999/STM32CubeIDE/workspace_1.17.0/Sonya-Tech/Sonya Tech Main MCU/MXTmpFiles/rtos_kernelStart.tmp_save
2025-05-25 23:20:25,364 [INFO] CodeEngine:279 - Generated code: /Users/mindhacker999/STM32CubeIDE/workspace_1.17.0/Sonya-Tech/Sonya Tech Main MCU/MXTmpFiles/rtos_kernelStart.tmp
2025-05-25 23:20:25,365 [INFO] CodeEngine:255 - oldGeneratedFile, /Users/mindhacker999/STM32CubeIDE/workspace_1.17.0/Sonya-Tech/Sonya Tech Main MCU/MXTmpFiles/rtos_default_thread.tmp_save
2025-05-25 23:20:25,418 [INFO] CodeEngine:279 - Generated code: /Users/mindhacker999/STM32CubeIDE/workspace_1.17.0/Sonya-Tech/Sonya Tech Main MCU/MXTmpFiles/rtos_default_thread.tmp
2025-05-25 23:20:25,420 [INFO] CodeEngine:255 - oldGeneratedFile, /Users/mindhacker999/STM32CubeIDE/workspace_1.17.0/Sonya-Tech/Sonya Tech Main MCU/MXTmpFiles/rtos_threads.tmp_save
2025-05-25 23:20:25,473 [INFO] CodeEngine:279 - Generated code: /Users/mindhacker999/STM32CubeIDE/workspace_1.17.0/Sonya-Tech/Sonya Tech Main MCU/MXTmpFiles/rtos_threads.tmp
2025-05-25 23:20:25,508 [INFO] Middleware:1450 - No code input for Bsp Dependency
2025-05-25 23:20:25,516 [INFO] CodeEngine:255 - oldGeneratedFile, /Users/mindhacker999/STM32CubeIDE/workspace_1.17.0/Sonya-Tech/Sonya Tech Main MCU/MXTmpFiles/rtos_inc.tmp_save
2025-05-25 23:20:25,574 [INFO] CodeEngine:279 - Generated code: /Users/mindhacker999/STM32CubeIDE/workspace_1.17.0/Sonya-Tech/Sonya Tech Main MCU/MXTmpFiles/rtos_inc.tmp
2025-05-25 23:20:25,576 [INFO] CodeEngine:255 - oldGeneratedFile, /Users/mindhacker999/STM32CubeIDE/workspace_1.17.0/Sonya-Tech/Sonya Tech Main MCU/MXTmpFiles/rtos_vars.tmp_save
2025-05-25 23:20:25,631 [INFO] CodeEngine:279 - Generated code: /Users/mindhacker999/STM32CubeIDE/workspace_1.17.0/Sonya-Tech/Sonya Tech Main MCU/MXTmpFiles/rtos_vars.tmp
2025-05-25 23:20:25,633 [INFO] CodeEngine:255 - oldGeneratedFile, /Users/mindhacker999/STM32CubeIDE/workspace_1.17.0/Sonya-Tech/Sonya Tech Main MCU/MXTmpFiles/rtos_pfp.tmp_save
2025-05-25 23:20:25,683 [INFO] CodeEngine:279 - Generated code: /Users/mindhacker999/STM32CubeIDE/workspace_1.17.0/Sonya-Tech/Sonya Tech Main MCU/MXTmpFiles/rtos_pfp.tmp
2025-05-25 23:20:25,685 [INFO] CodeEngine:255 - oldGeneratedFile, /Users/mindhacker999/STM32CubeIDE/workspace_1.17.0/Sonya-Tech/Sonya Tech Main MCU/MXTmpFiles/rtos_obj_creat.tmp_save
2025-05-25 23:20:25,760 [INFO] CodeEngine:279 - Generated code: /Users/mindhacker999/STM32CubeIDE/workspace_1.17.0/Sonya-Tech/Sonya Tech Main MCU/MXTmpFiles/rtos_obj_creat.tmp
2025-05-25 23:20:25,762 [INFO] CodeEngine:255 - oldGeneratedFile, /Users/mindhacker999/STM32CubeIDE/workspace_1.17.0/Sonya-Tech/Sonya Tech Main MCU/MXTmpFiles/rtos_kernelStart.tmp_save
2025-05-25 23:20:25,812 [INFO] CodeEngine:279 - Generated code: /Users/mindhacker999/STM32CubeIDE/workspace_1.17.0/Sonya-Tech/Sonya Tech Main MCU/MXTmpFiles/rtos_kernelStart.tmp
2025-05-25 23:20:25,814 [INFO] CodeEngine:255 - oldGeneratedFile, /Users/mindhacker999/STM32CubeIDE/workspace_1.17.0/Sonya-Tech/Sonya Tech Main MCU/MXTmpFiles/rtos_default_thread.tmp_save
2025-05-25 23:20:25,866 [INFO] CodeEngine:279 - Generated code: /Users/mindhacker999/STM32CubeIDE/workspace_1.17.0/Sonya-Tech/Sonya Tech Main MCU/MXTmpFiles/rtos_default_thread.tmp
2025-05-25 23:20:25,868 [INFO] CodeEngine:255 - oldGeneratedFile, /Users/mindhacker999/STM32CubeIDE/workspace_1.17.0/Sonya-Tech/Sonya Tech Main MCU/MXTmpFiles/rtos_threads.tmp_save
2025-05-25 23:20:25,916 [INFO] CodeEngine:279 - Generated code: /Users/mindhacker999/STM32CubeIDE/workspace_1.17.0/Sonya-Tech/Sonya Tech Main MCU/MXTmpFiles/rtos_threads.tmp
2025-05-25 23:20:25,920 [INFO] CodeEngine:255 - oldGeneratedFile, /Users/mindhacker999/STM32CubeIDE/workspace_1.17.0/Sonya-Tech/Sonya Tech Main MCU/Core/Inc/FreeRTOSConfig.h_save
2025-05-25 23:20:26,008 [INFO] CodeEngine:279 - Generated code: /Users/mindhacker999/STM32CubeIDE/workspace_1.17.0/Sonya-Tech/Sonya Tech Main MCU/Core/Inc/FreeRTOSConfig.h
2025-05-25 23:20:26,011 [INFO] CodeEngine:255 - oldGeneratedFile, /Users/mindhacker999/STM32CubeIDE/workspace_1.17.0/Sonya-Tech/Sonya Tech Main MCU/Core/Src/freertos.c_save
2025-05-25 23:20:26,068 [INFO] CodeEngine:279 - Generated code: /Users/mindhacker999/STM32CubeIDE/workspace_1.17.0/Sonya-Tech/Sonya Tech Main MCU/Core/Src/freertos.c
2025-05-25 23:20:26,095 [INFO] CodeEngine:255 - oldGeneratedFile, /Users/mindhacker999/STM32CubeIDE/workspace_1.17.0/Sonya-Tech/Sonya Tech Main MCU/MXTmpFiles/dma.tmp_save
2025-05-25 23:20:26,151 [INFO] CodeEngine:279 - Generated code: /Users/mindhacker999/STM32CubeIDE/workspace_1.17.0/Sonya-Tech/Sonya Tech Main MCU/MXTmpFiles/dma.tmp
2025-05-25 23:20:26,156 [INFO] CodeEngine:255 - oldGeneratedFile, /Users/mindhacker999/STM32CubeIDE/workspace_1.17.0/Sonya-Tech/Sonya Tech Main MCU/MXTmpFiles/dma_GV.tmp_save
2025-05-25 23:20:26,202 [INFO] CodeEngine:279 - Generated code: /Users/mindhacker999/STM32CubeIDE/workspace_1.17.0/Sonya-Tech/Sonya Tech Main MCU/MXTmpFiles/dma_GV.tmp
2025-05-25 23:20:26,217 [INFO] CodeEngine:255 - oldGeneratedFile, /Users/mindhacker999/STM32CubeIDE/workspace_1.17.0/Sonya-Tech/Sonya Tech Main MCU/Core/Src/stm32f4xx_it.c_save
2025-05-25 23:20:26,368 [INFO] CodeEngine:279 - Generated code: /Users/mindhacker999/STM32CubeIDE/workspace_1.17.0/Sonya-Tech/Sonya Tech Main MCU/Core/Src/stm32f4xx_it.c
2025-05-25 23:20:26,371 [INFO] CodeEngine:255 - oldGeneratedFile, /Users/mindhacker999/STM32CubeIDE/workspace_1.17.0/Sonya-Tech/Sonya Tech Main MCU/Core/Inc/stm32f4xx_it.h_save
2025-05-25 23:20:26,423 [INFO] CodeEngine:279 - Generated code: /Users/mindhacker999/STM32CubeIDE/workspace_1.17.0/Sonya-Tech/Sonya Tech Main MCU/Core/Inc/stm32f4xx_it.h
2025-05-25 23:20:26,435 [INFO] CodeEngine:255 - oldGeneratedFile, /Users/mindhacker999/STM32CubeIDE/workspace_1.17.0/Sonya-Tech/Sonya Tech Main MCU/Core/Src/stm32f4xx_hal_msp.c_save
2025-05-25 23:20:26,580 [INFO] CodeEngine:279 - Generated code: /Users/mindhacker999/STM32CubeIDE/workspace_1.17.0/Sonya-Tech/Sonya Tech Main MCU/Core/Src/stm32f4xx_hal_msp.c
2025-05-25 23:20:26,582 [INFO] CodeEngine:255 - oldGeneratedFile, /Users/mindhacker999/STM32CubeIDE/workspace_1.17.0/Sonya-Tech/Sonya Tech Main MCU/MXTmpFiles/system.tmp_save
2025-05-25 23:20:26,631 [INFO] CodeEngine:279 - Generated code: /Users/mindhacker999/STM32CubeIDE/workspace_1.17.0/Sonya-Tech/Sonya Tech Main MCU/MXTmpFiles/system.tmp
2025-05-25 23:20:26,632 [INFO] CodeEngine:255 - oldGeneratedFile, /Users/mindhacker999/STM32CubeIDE/workspace_1.17.0/Sonya-Tech/Sonya Tech Main MCU/Core/Src/stm32f4xx_hal_timebase_tim.c_save
2025-05-25 23:20:26,687 [INFO] CodeEngine:279 - Generated code: /Users/mindhacker999/STM32CubeIDE/workspace_1.17.0/Sonya-Tech/Sonya Tech Main MCU/Core/Src/stm32f4xx_hal_timebase_tim.c
2025-05-25 23:20:26,694 [INFO] CodeEngine:311 - oldGeneratedFile, /Users/mindhacker999/STM32CubeIDE/workspace_1.17.0/Sonya-Tech/Sonya Tech Main MCU/Core/Inc/stm32f4xx_hal_conf.h_save
2025-05-25 23:20:26,757 [INFO] CodeEngine:335 - Generated code: /Users/mindhacker999/STM32CubeIDE/workspace_1.17.0/Sonya-Tech/Sonya Tech Main MCU/Core/Inc/stm32f4xx_hal_conf.h
2025-05-25 23:20:26,827 [WARN] IPConfigManager:3618 - IP not found : TIM
2025-05-25 23:20:26,827 [WARN] CodeGenerator:4152 - IP not found : null
2025-05-25 23:20:26,832 [INFO] CodeEngine:255 - oldGeneratedFile, /Users/mindhacker999/STM32CubeIDE/workspace_1.17.0/Sonya-Tech/Sonya Tech Main MCU/Core/Inc/main.h_save
2025-05-25 23:20:26,915 [INFO] CodeEngine:279 - Generated code: /Users/mindhacker999/STM32CubeIDE/workspace_1.17.0/Sonya-Tech/Sonya Tech Main MCU/Core/Inc/main.h
2025-05-25 23:20:26,920 [INFO] CodeEngine:255 - oldGeneratedFile, /Users/mindhacker999/STM32CubeIDE/workspace_1.17.0/Sonya-Tech/Sonya Tech Main MCU/Core/Src/main.c_save
2025-05-25 23:20:27,066 [INFO] CodeEngine:279 - Generated code: /Users/mindhacker999/STM32CubeIDE/workspace_1.17.0/Sonya-Tech/Sonya Tech Main MCU/Core/Src/main.c
2025-05-25 23:20:27,883 [INFO] ProjectBuilder:3289 - Time for Copy HAL[1] : 118mS.
2025-05-25 23:20:27,915 [INFO] ProjectBuilder:4876 - Project Generator version: 4.5.0-RC5
2025-05-25 23:20:28,203 [INFO] ConfigFileManager:1579 - The Die is : DIE431
2025-05-25 23:20:31,153 [INFO] ProjectBuilder:5154 - Time for Generating toolchain IDE Files: 3238mS.
2025-05-25 23:20:31,156 [INFO] ProjectBuilder:3146 - Time for Copy CMSIS : 0mS.
2025-05-25 23:20:31,160 [INFO] ProjectBuilder:3146 - Time for Copy CMSIS : 0mS.
