2025-05-26 02:48:53,594 [INFO] MainUpdater:2872 - connection check result : 10
2025-05-26 02:48:53,597 [INFO] MainUpdater:2872 - connection check result : 10
2025-05-26 02:48:54,190 [INFO] MicroXplorer:468 - Change Database Path : 
2025-05-26 02:48:54,191 [INFO] MicroXplorer:498 - Change Database Version : DB.6.0.130
2025-05-26 02:48:54,293 [ERROR] ProjectManagerView:394 - 
java.lang.NullPointerException: Cannot invoke "javax.swing.JTextField.getText()" because the return value of "java.util.List.get(int)" is null
	at com.st.microxplorer.plugins.projectmanager.gui.ProjectChoiceTab$9.caretUpdate(ProjectChoiceTab.java:2616) ~[filemanager.jar:?]
	at javax.swing.text.JTextComponent.fireCaretUpdate(JTextComponent.java:408) ~[?:?]
	at javax.swing.text.JTextComponent$MutableCaretEvent.fire(JTextComponent.java:4484) ~[?:?]
	at javax.swing.text.JTextComponent$MutableCaretEvent.stateChanged(JTextComponent.java:4506) ~[?:?]
	at javax.swing.text.DefaultCaret.fireStateChanged(DefaultCaret.java:857) ~[?:?]
	at javax.swing.text.DefaultCaret.changeCaretPosition(DefaultCaret.java:1343) ~[?:?]
	at javax.swing.text.DefaultCaret.handleSetDot(DefaultCaret.java:1242) ~[?:?]
	at javax.swing.text.DefaultCaret.setDot(DefaultCaret.java:1223) ~[?:?]
	at javax.swing.text.DefaultCaret$Handler.insertUpdate(DefaultCaret.java:1819) ~[?:?]
	at javax.swing.text.AbstractDocument.fireInsertUpdate(AbstractDocument.java:227) ~[?:?]
	at javax.swing.text.AbstractDocument.handleInsertString(AbstractDocument.java:781) ~[?:?]
	at javax.swing.text.AbstractDocument.insertString(AbstractDocument.java:740) ~[?:?]
	at javax.swing.text.PlainDocument.insertString(PlainDocument.java:131) ~[?:?]
	at javax.swing.text.AbstractDocument.replace(AbstractDocument.java:699) ~[?:?]
	at javax.swing.text.JTextComponent.setText(JTextComponent.java:1725) ~[?:?]
	at com.st.microxplorer.plugins.projectmanager.gui.ProjectChoiceTab.createHeapStackFields(ProjectChoiceTab.java:975) ~[filemanager.jar:?]
	at com.st.microxplorer.plugins.projectmanager.gui.ProjectChoiceTab.buildLinkSettingsPanel(ProjectChoiceTab.java:3666) ~[filemanager.jar:?]
	at com.st.microxplorer.plugins.projectmanager.gui.ProjectChoiceTab.defineWindowsFields(ProjectChoiceTab.java:1934) ~[filemanager.jar:?]
	at com.st.microxplorer.plugins.projectmanager.gui.ProjectChoiceTab.updateSettings(ProjectChoiceTab.java:553) ~[filemanager.jar:?]
	at com.st.microxplorer.plugins.projectmanager.gui.ProjectSettingsPanel.UpdateDialog(ProjectSettingsPanel.java:245) ~[filemanager.jar:?]
	at com.st.microxplorer.plugins.projectmanager.ProjectManagerView.propertyChange(ProjectManagerView.java:391) ~[filemanager.jar:?]
	at java.beans.PropertyChangeSupport.fire(PropertyChangeSupport.java:343) ~[?:?]
	at java.beans.PropertyChangeSupport.firePropertyChange(PropertyChangeSupport.java:335) ~[?:?]
	at java.beans.PropertyChangeSupport.firePropertyChange(PropertyChangeSupport.java:268) ~[?:?]
	at com.st.microxplorer.util.MXPropertyChangeSupport.firePropertyChange(MXPropertyChangeSupport.java:54) ~[STM32CubeMX.jar:?]
	at com.st.microxplorer.mxsystem.MxSystem.closeConfig(MxSystem.java:899) ~[STM32CubeMX.jar:?]
	at com.st.microxplorer.maingui.MainPanel.closeConfig(MainPanel.java:789) ~[STM32CubeMX.jar:?]
	at com.st.microxplorer.plugins.filemanager.engine.OpenFileManager.loadConfigurationFile(OpenFileManager.java:265) ~[filemanager.jar:?]
	at com.st.microxplorer.plugins.filemanager.engine.MainFileManager.userLoadConfig(MainFileManager.java:340) ~[filemanager.jar:?]
	at com.st.microxplorer.plugins.filemanager.engine.MainFileManager.userLoadConfig(MainFileManager.java:318) ~[filemanager.jar:?]
	at com.st.microxplorer.plugins.filemanager.FileManagerView.getSpecificTask(FileManagerView.java:246) ~[filemanager.jar:?]
	at com.st.stm32cube.common.mx.editor.CubeMxEditor.getMxTabbedPaneInstance(CubeMxEditor.java:1198) ~[com.st.stm32cube.common.mx_6.13.0.202411220809/:?]
	at com.st.stm32cube.common.mx.editor.CubeMxEditor$12$1.createSwingComponent(CubeMxEditor.java:1068) ~[com.st.stm32cube.common.mx_6.13.0.202411220809/:?]
	at com.st.stm32cube.common.mx.oss.core.awtswtbridge.EmbeddedSwingComposite.doComponentCreation(EmbeddedSwingComposite.java:492) ~[com.st.stm32cube.common.mx.oss_6.13.0.202411220809/:?]
	at com.st.stm32cube.common.mx.oss.core.awtswtbridge.EmbeddedSwingComposite$4.run(EmbeddedSwingComposite.java:291) ~[com.st.stm32cube.common.mx.oss_6.13.0.202411220809/:?]
	at com.st.stm32cube.common.mx.oss.core.awtswtbridge.AwtEnvironment$2.run(AwtEnvironment.java:166) ~[com.st.stm32cube.common.mx.oss_6.13.0.202411220809/:?]
	at java.awt.event.InvocationEvent.dispatch(InvocationEvent.java:318) ~[?:?]
	at java.awt.EventQueue.dispatchEventImpl(EventQueue.java:773) ~[?:?]
	at java.awt.EventQueue$4.run(EventQueue.java:720) ~[?:?]
	at java.awt.EventQueue$4.run(EventQueue.java:714) ~[?:?]
	at java.security.AccessController.doPrivileged(AccessController.java:400) ~[?:?]
	at java.security.ProtectionDomain$JavaSecurityAccessImpl.doIntersectionPrivilege(ProtectionDomain.java:87) ~[?:?]
	at java.awt.EventQueue.dispatchEvent(EventQueue.java:742) ~[?:?]
	at java.awt.EventDispatchThread.pumpOneEventForFilters(EventDispatchThread.java:203) ~[?:?]
	at java.awt.EventDispatchThread.pumpEventsForFilter(EventDispatchThread.java:124) ~[?:?]
	at java.awt.EventDispatchThread.pumpEventsForHierarchy(EventDispatchThread.java:113) ~[?:?]
	at java.awt.EventDispatchThread.pumpEvents(EventDispatchThread.java:109) ~[?:?]
	at java.awt.EventDispatchThread.pumpEvents(EventDispatchThread.java:101) ~[?:?]
	at java.awt.EventDispatchThread.run(EventDispatchThread.java:90) ~[?:?]
2025-05-26 02:48:54,297 [WARN] ThirdParty:871 - waiting for thirdparty lock release [close project]
2025-05-26 02:48:54,298 [INFO] ThirdParty:873 - entering critical section [close project]
2025-05-26 02:48:54,299 [INFO] ThirdParty:883 - exiting critical section [close project]
2025-05-26 02:48:54,307 [INFO] PinOutPanel:1589 - setPackage(No Configuration,No Configuration)
2025-05-26 02:48:54,354 [WARN] IpParametersView:154 - Warning: This peripheral hasn't parameters
2025-05-26 02:48:54,386 [WARN] MainPanel:289 - <html><b><center>Warning: This peripheral has no parameters to be configured<br></b></html>
2025-05-26 02:48:54,388 [ERROR] MainPanel:599 - java.lang.IndexOutOfBoundsException: Index: 0, Tab count: 0
2025-05-26 02:48:54,399 [INFO] UtilMem:75 - Begin LoadConfig() Used Memory: 784806328 Bytes (1073741824)
2025-05-26 02:48:54,403 [INFO] MicroXplorer:468 - Change Database Path : 
2025-05-26 02:48:54,404 [INFO] MicroXplorer:498 - Change Database Version : DB.6.0.130
2025-05-26 02:48:54,404 [INFO] OpenFileManager:332 - Change cursor
2025-05-26 02:48:54,533 [INFO] RulesReader:64 - Compatibility file has been processed (297 Rules)
2025-05-26 02:48:54,549 [INFO] Mcu:2035 - Initializing MCU STM32F103C(4-6)Tx STM32F103C6Tx STM32F103C6T6A
2025-05-26 02:48:55,384 [INFO] Context:748 - Trying to add GPIOservice into a context  which must be forbidden
2025-05-26 02:48:56,054 [INFO] RtosManager:555 - Registered RTOS mode: class=CMSIS, group=RTOS, mode=CMSIS_V1, owner=FREERTOS
2025-05-26 02:48:56,054 [INFO] RtosManager:555 - Registered RTOS mode: class=CMSIS, group=RTOS2, mode=CMSIS_V2, owner=FREERTOS
2025-05-26 02:48:56,054 [INFO] RtosManager:555 - Registered RTOS mode: class=RTOS, group=Core, mode=CMSIS_V1, owner=FREERTOS
2025-05-26 02:48:56,054 [INFO] RtosManager:555 - Registered RTOS mode: class=RTOS, group=Core, mode=CMSIS_V2, owner=FREERTOS
2025-05-26 02:48:56,054 [WARN] ModelIntegratedComponent:184 - Missing modes for component STMicroelectronics:FreeRTOS:0.0.1:STMicroelectronics:RTOS:FreeRTOS:Core:::10.2.0:
2025-05-26 02:48:56,081 [WARN] ModelIntegratedComponent:63 - No mode defined for component null
2025-05-26 02:48:56,082 [WARN] ModelIntegratedComponent:63 - No mode defined for component null
2025-05-26 02:48:56,083 [WARN] ModelIntegratedComponent:63 - No mode defined for component null
2025-05-26 02:48:56,083 [WARN] ModelIntegratedComponent:63 - No mode defined for component null
2025-05-26 02:48:56,083 [WARN] ModelIntegratedComponent:63 - No mode defined for component null
2025-05-26 02:48:56,115 [WARN] ModelIntegratedComponent:63 - No mode defined for component null
2025-05-26 02:48:56,125 [WARN] ModelIntegratedComponent:63 - No mode defined for component null
2025-05-26 02:48:56,128 [WARN] ModelIntegratedComponent:63 - No mode defined for component null
2025-05-26 02:48:56,128 [WARN] ModelIntegratedComponent:63 - No mode defined for component null
2025-05-26 02:48:56,128 [WARN] ModelIntegratedComponent:63 - No mode defined for component null
2025-05-26 02:48:56,128 [WARN] ModelIntegratedComponent:63 - No mode defined for component null
2025-05-26 02:48:56,128 [WARN] ModelIntegratedComponent:63 - No mode defined for component null
2025-05-26 02:48:56,128 [WARN] ModelIntegratedComponent:63 - No mode defined for component null
2025-05-26 02:48:56,128 [WARN] ModelIntegratedComponent:63 - No mode defined for component null
2025-05-26 02:48:56,128 [WARN] ModelIntegratedComponent:63 - No mode defined for component null
2025-05-26 02:48:56,128 [WARN] ModelIntegratedComponent:63 - No mode defined for component null
2025-05-26 02:48:56,128 [WARN] ModelIntegratedComponent:63 - No mode defined for component null
2025-05-26 02:48:56,128 [WARN] ModelIntegratedComponent:63 - No mode defined for component null
2025-05-26 02:48:56,128 [WARN] ModelIntegratedComponent:63 - No mode defined for component null
2025-05-26 02:48:56,129 [WARN] ModelIntegratedComponent:63 - No mode defined for component null
2025-05-26 02:48:56,129 [WARN] ModelIntegratedComponent:63 - No mode defined for component null
2025-05-26 02:48:56,129 [WARN] ModelIntegratedComponent:63 - No mode defined for component null
2025-05-26 02:48:56,129 [WARN] ModelIntegratedComponent:63 - No mode defined for component null
2025-05-26 02:48:56,129 [WARN] ModelIntegratedComponent:63 - No mode defined for component null
2025-05-26 02:48:56,130 [WARN] ModelIntegratedComponent:63 - No mode defined for component null
2025-05-26 02:48:56,132 [WARN] ModelIntegratedComponent:63 - No mode defined for component null
2025-05-26 02:48:56,133 [WARN] ModelIntegratedComponent:63 - No mode defined for component null
2025-05-26 02:48:56,133 [WARN] ModelIntegratedComponent:63 - No mode defined for component null
2025-05-26 02:48:56,133 [WARN] ModelIntegratedComponent:63 - No mode defined for component null
2025-05-26 02:48:56,134 [WARN] ModelIntegratedComponent:63 - No mode defined for component null
2025-05-26 02:48:56,134 [WARN] ModelIntegratedComponent:63 - No mode defined for component null
2025-05-26 02:48:56,134 [WARN] ModelIntegratedComponent:63 - No mode defined for component null
2025-05-26 02:48:56,134 [WARN] ModelIntegratedComponent:63 - No mode defined for component null
2025-05-26 02:48:56,134 [WARN] ModelIntegratedComponent:63 - No mode defined for component null
2025-05-26 02:48:56,134 [WARN] ModelIntegratedComponent:63 - No mode defined for component null
2025-05-26 02:48:56,135 [WARN] ModelPack:524 - Component already loaded: STMicroelectronics:HAL Drivers:0.0.0:STMicroelectronics:Device:STMicro_Driver:XSPI:HAL::0.0.1:HAL_XSPI
2025-05-26 02:48:56,420 [INFO] ThirdPartyModel:298 - Start build external matchings
2025-05-26 02:48:58,453 [INFO] ThirdPartyModel:316 - End build external matchings
2025-05-26 02:48:58,504 [INFO] RtosManager:922 - Current active RTOS is FREERTOS [Cortex-M3NS]
2025-05-26 02:48:58,595 [WARN] IP:2251 - I2C_Coeff_DF not found: check if there is a RefParameter without a condition.
2025-05-26 02:48:58,595 [WARN] IP:2251 - Analog_Filter not found: check if there is a RefParameter without a condition.
2025-05-26 02:48:58,597 [INFO] ImportTextPane:218 - (OptionalMessage_ERROR) IP (RCC) : Invalid parameter (FamilyName)
2025-05-26 02:48:58,598 [INFO] ImportTextPane:218 - (OptionalMessage_ERROR) IP (RCC) : Parameter (MCOFreq_Value) has invalid value (72000000)
2025-05-26 02:48:58,598 [INFO] ImportTextPane:218 - (OptionalMessage_ERROR) IP (RCC) : Parameter (USBFreq_Value) has invalid value (72000000)
2025-05-26 02:48:58,837 [INFO] UtilMem:75 - End LoadConfig() Used Memory: 821247040 Bytes (1073741824)
2025-05-26 02:48:59,060 [WARN] ThirdParty:833 - waiting for thirdparty lock release [change project]
2025-05-26 02:48:59,067 [INFO] ThirdParty:835 - entering critical section [change project]
2025-05-26 02:48:59,067 [INFO] ThirdParty:1030 - CMSIS Pack Vendor :STMicroelectronics USBPD 4.1
2025-05-26 02:48:59,067 [INFO] ThirdParty:1030 - CMSIS Pack Vendor :STMicroelectronics X-CUBE-AZRTOS-H7 3.3.0
2025-05-26 02:48:59,067 [INFO] ThirdParty:1030 - CMSIS Pack Vendor :STMicroelectronics X-CUBE-NFC9 1.0.0
2025-05-26 02:48:59,068 [INFO] ThirdParty:1030 - CMSIS Pack Vendor :STMicroelectronics USB_HOST 2.0.0
2025-05-26 02:48:59,068 [INFO] ThirdParty:1030 - CMSIS Pack Vendor :STMicroelectronics FP-SNS-MOTENVWB1 1.4.0
2025-05-26 02:48:59,068 [INFO] ThirdParty:1030 - CMSIS Pack Vendor :STMicroelectronics X-CUBE-AZRTOS-F4 1.1.0
2025-05-26 02:48:59,068 [INFO] ThirdParty:1030 - CMSIS Pack Vendor :STMicroelectronics LIBJPEG 8.0.0
2025-05-26 02:48:59,068 [INFO] ThirdParty:1030 - CMSIS Pack Vendor :STMicroelectronics FP-ATR-ASTRA1 2.0.2
2025-05-26 02:48:59,068 [INFO] ThirdParty:1030 - CMSIS Pack Vendor :STMicroelectronics FP-ATR-ASTRA1 2.0.1
2025-05-26 02:48:59,068 [INFO] ThirdParty:1030 - CMSIS Pack Vendor :STMicroelectronics X-CUBE-BLE1 7.1.0
2025-05-26 02:48:59,068 [INFO] ThirdParty:1030 - CMSIS Pack Vendor :Avnet-IotConnect X-CUBE-IoTC-DA16k-PMOD 1.0.0
2025-05-26 02:48:59,068 [INFO] ThirdParty:1030 - CMSIS Pack Vendor :STMicroelectronics X-CUBE-SMBUS 2.1.0
2025-05-26 02:48:59,068 [INFO] ThirdParty:1030 - CMSIS Pack Vendor :STMicroelectronics X-CUBE-WB05N 1.1.0
2025-05-26 02:48:59,068 [INFO] ThirdParty:1030 - CMSIS Pack Vendor :STMicroelectronics USB_DEVICE 3.0.0
2025-05-26 02:48:59,068 [INFO] ThirdParty:1030 - CMSIS Pack Vendor :STMicroelectronics X-CUBE-ISPU 2.1.0
2025-05-26 02:48:59,068 [INFO] ThirdParty:1030 - CMSIS Pack Vendor :STMicroelectronics X-CUBE-AZRTOS-WB 2.0.0
2025-05-26 02:48:59,068 [INFO] ThirdParty:1030 - CMSIS Pack Vendor :STMicroelectronics X-CUBE-GNSS1 7.0.1
2025-05-26 02:48:59,068 [INFO] ThirdParty:1030 - CMSIS Pack Vendor :STMicroelectronics X-CUBE-AZRTOS-F7 1.1.0
2025-05-26 02:48:59,068 [INFO] ThirdParty:1030 - CMSIS Pack Vendor :STMicroelectronics X-CUBE-AZRTOS-L5 2.0.0
2025-05-26 02:48:59,068 [INFO] ThirdParty:1030 - CMSIS Pack Vendor :STMicroelectronics X-CUBE-TOUCHGFX 4.25.0
2025-05-26 02:48:59,068 [INFO] ThirdParty:1030 - CMSIS Pack Vendor :STMicroelectronics USB_DEVICE 2.0.0
2025-05-26 02:48:59,068 [INFO] ThirdParty:1030 - CMSIS Pack Vendor :STMicroelectronics X-CUBE-NFC6 3.1.0
2025-05-26 02:48:59,068 [INFO] ThirdParty:1030 - CMSIS Pack Vendor :STMicroelectronics FP-SNS-STBOX1 2.0.0
2025-05-26 02:48:59,068 [INFO] ThirdParty:1030 - CMSIS Pack Vendor :STMicroelectronics X-CUBE-MEMS1 11.2.0
2025-05-26 02:48:59,068 [INFO] ThirdParty:1030 - CMSIS Pack Vendor :STMicroelectronics FreeRTOS 0.0.1
2025-05-26 02:48:59,068 [INFO] ThirdParty:1030 - CMSIS Pack Vendor :STMicroelectronics X-CUBE-AZRTOS-G0 1.1.0
2025-05-26 02:48:59,068 [INFO] ThirdParty:1030 - CMSIS Pack Vendor :STMicroelectronics X-CUBE-SAFEA1 1.2.2
2025-05-26 02:48:59,068 [INFO] ThirdParty:1030 - CMSIS Pack Vendor :STMicroelectronics X-CUBE-NFC4 3.0.0
2025-05-26 02:48:59,068 [INFO] ThirdParty:1030 - CMSIS Pack Vendor :STMicroelectronics X-CUBE-DPower 1.2.0
2025-05-26 02:48:59,068 [INFO] ThirdParty:1030 - CMSIS Pack Vendor :STMicroelectronics X-CUBE-SUBG2 5.0.0
2025-05-26 02:48:59,068 [INFO] ThirdParty:1030 - CMSIS Pack Vendor :STMicroelectronics X-CUBE-AZRTOS-H7RS 1.1.0
2025-05-26 02:48:59,069 [INFO] ThirdParty:1030 - CMSIS Pack Vendor :STMicroelectronics STM32_WPAN 1.0.0
2025-05-26 02:48:59,069 [INFO] ThirdParty:1030 - CMSIS Pack Vendor :EmbeddedOffice I-CUBE-FS-RTOS 1.0.1
2025-05-26 02:48:59,069 [INFO] ThirdParty:1030 - CMSIS Pack Vendor :STMicroelectronics lwIP 2.0.3
2025-05-26 02:48:59,069 [INFO] ThirdParty:1030 - CMSIS Pack Vendor :STMicroelectronics FP-SNS-FLIGHT1 5.0.2
2025-05-26 02:48:59,069 [INFO] ThirdParty:1030 - CMSIS Pack Vendor :Cesanta I-CUBE-Mongoose 7.13.0
2025-05-26 02:48:59,069 [INFO] ThirdParty:1030 - CMSIS Pack Vendor :STMicroelectronics USB_HOST 1.0.0
2025-05-26 02:48:59,069 [INFO] ThirdParty:1030 - CMSIS Pack Vendor :Infineon AIROC-Wi-Fi-Bluetooth-STM32 1.7.0
2025-05-26 02:48:59,069 [INFO] ThirdParty:1030 - CMSIS Pack Vendor :STMicroelectronics X-CUBE-AZRTOS-G4 2.0.0
2025-05-26 02:48:59,069 [INFO] ThirdParty:1030 - CMSIS Pack Vendor :STMicroelectronics X-CUBE-WB05N 2.0.0
2025-05-26 02:48:59,069 [INFO] ThirdParty:1030 - CMSIS Pack Vendor :STMicroelectronics PDM2PCM 3.1.0
2025-05-26 02:48:59,069 [INFO] ThirdParty:1030 - CMSIS Pack Vendor :STMicroelectronics PDM2PCM 3.3.0
2025-05-26 02:48:59,069 [INFO] ThirdParty:1030 - CMSIS Pack Vendor :STMicroelectronics X-CUBE-DISPLAY 3.0.0
2025-05-26 02:48:59,069 [INFO] ThirdParty:1030 - CMSIS Pack Vendor :STMicroelectronics X-CUBE-NFC7 2.0.0
2025-05-26 02:48:59,069 [INFO] ThirdParty:1030 - CMSIS Pack Vendor :STMicroelectronics X-CUBE-TCPP 4.2.0
2025-05-26 02:48:59,069 [INFO] ThirdParty:1030 - CMSIS Pack Vendor :RealThread X-CUBE-RT-Thread_Nano 4.1.1
2025-05-26 02:48:59,069 [INFO] ThirdParty:1030 - CMSIS Pack Vendor :STMicroelectronics X-CUBE-BLE1 7.0.0
2025-05-26 02:48:59,069 [INFO] ThirdParty:1030 - CMSIS Pack Vendor :STMicroelectronics FP-ATR-SIGFOX1 3.2.0
2025-05-26 02:48:59,070 [INFO] ThirdParty:1030 - CMSIS Pack Vendor :STMicroelectronics X-CUBE-NFC10 1.0.0
2025-05-26 02:48:59,071 [INFO] ThirdParty:1030 - CMSIS Pack Vendor :quantropi X-CUBE-qispace-sdk-base 1.9.3
2025-05-26 02:48:59,072 [INFO] ThirdParty:1030 - CMSIS Pack Vendor :STMicroelectronics X-CUBE-BLEMGR 4.0.0
2025-05-26 02:48:59,074 [INFO] ThirdParty:1030 - CMSIS Pack Vendor :STMicroelectronics X-CUBE-EEPRMA1 5.1.0
2025-05-26 02:48:59,076 [INFO] ThirdParty:1030 - CMSIS Pack Vendor :STMicroelectronics X-CUBE-FREERTOS 1.3.1
2025-05-26 02:48:59,077 [INFO] ThirdParty:1030 - CMSIS Pack Vendor :STMicroelectronics HAL Drivers 0.0.0
2025-05-26 02:48:59,077 [INFO] ThirdParty:1030 - CMSIS Pack Vendor :STMicroelectronics MBEDTLS 2.16.2
2025-05-26 02:48:59,077 [INFO] ThirdParty:1030 - CMSIS Pack Vendor :STMicroelectronics X-CUBE-IPS 3.1.0
2025-05-26 02:48:59,077 [INFO] ThirdParty:1030 - CMSIS Pack Vendor :STMicroelectronics X-CUBE-ALS 1.0.2
2025-05-26 02:48:59,077 [INFO] ThirdParty:1030 - CMSIS Pack Vendor :emotas I-CUBE-CANOPEN 1.3.0
2025-05-26 02:48:59,077 [INFO] ThirdParty:1030 - CMSIS Pack Vendor :STMicroelectronics X-CUBE-FREERTOS 1.3.0
2025-05-26 02:48:59,077 [INFO] ThirdParty:1030 - CMSIS Pack Vendor :wolfSSL I-CUBE-wolfSSL 5.7.4
2025-05-26 02:48:59,077 [INFO] ThirdParty:1030 - CMSIS Pack Vendor :STMicroelectronics X-CUBE-NFC7 1.0.1
2025-05-26 02:48:59,078 [INFO] ThirdParty:1030 - CMSIS Pack Vendor :STMicroelectronics MBEDTLS 2.14.1
2025-05-26 02:48:59,078 [INFO] ThirdParty:1030 - CMSIS Pack Vendor :ITTIA_DB I-CUBE-ITTIADB 8.9.0
2025-05-26 02:48:59,078 [INFO] ThirdParty:1030 - CMSIS Pack Vendor :STMicroelectronics X-CUBE-TOUCHGFX 4.24.2
2025-05-26 02:48:59,078 [INFO] ThirdParty:1030 - CMSIS Pack Vendor :wolfSSL I-CUBE-wolfTPM 3.4.0
2025-05-26 02:48:59,078 [INFO] ThirdParty:1030 - CMSIS Pack Vendor :portGmbH I-Cube-SoM-uGOAL 1.1.0
2025-05-26 02:48:59,079 [INFO] ThirdParty:1030 - CMSIS Pack Vendor :STMicroelectronics X-CUBE-AI 10.0.0
2025-05-26 02:48:59,079 [INFO] ThirdParty:1030 - CMSIS Pack Vendor :STMicroelectronics ThreadX 1.0.0
2025-05-26 02:48:59,080 [INFO] ThirdParty:1030 - CMSIS Pack Vendor :STMicroelectronics FP-SNS-SMARTAG2 1.2.0
2025-05-26 02:48:59,087 [INFO] ThirdParty:1030 - CMSIS Pack Vendor :STMicroelectronics FP-SNS-FLIGHT1 5.1.0
2025-05-26 02:48:59,096 [INFO] ThirdParty:1030 - CMSIS Pack Vendor :STMicroelectronics X-CUBE-MEMS1 11.1.0
2025-05-26 02:48:59,098 [INFO] ThirdParty:1030 - CMSIS Pack Vendor :STMicroelectronics X-CUBE-AZRTOS-WL 2.0.0
2025-05-26 02:48:59,098 [INFO] ThirdParty:1030 - CMSIS Pack Vendor :SEGGER I-CUBE-embOS 1.3.1
2025-05-26 02:48:59,098 [INFO] ThirdParty:1030 - CMSIS Pack Vendor :STMicroelectronics X-CUBE-ALGOBUILD 1.4.0
2025-05-26 02:48:59,098 [INFO] ThirdParty:1030 - CMSIS Pack Vendor :STMicroelectronics X-CUBE-DPower 1.3.0
2025-05-26 02:48:59,098 [INFO] ThirdParty:1030 - CMSIS Pack Vendor :STMicroelectronics FP-SNS-MOTENV1 5.0.0
2025-05-26 02:48:59,098 [INFO] ThirdParty:1030 - CMSIS Pack Vendor :STMicroelectronics USB_DEVICE 1.0.0
2025-05-26 02:48:59,098 [INFO] ThirdParty:1030 - CMSIS Pack Vendor :STMicroelectronics X-CUBE-AZRTOS-H7RS 1.0.0
2025-05-26 02:48:59,098 [INFO] ThirdParty:1030 - CMSIS Pack Vendor :wolfSSL I-CUBE-wolfMQTT 1.19.0
2025-05-26 02:48:59,098 [INFO] ThirdParty:1030 - CMSIS Pack Vendor :STMicroelectronics X-CUBE-AZRTOS-L4 2.0.0
2025-05-26 02:48:59,098 [INFO] ThirdParty:1030 - CMSIS Pack Vendor :STMicroelectronics ThreadX 0.0.2
2025-05-26 02:48:59,098 [INFO] ThirdParty:1030 - CMSIS Pack Vendor :WES I-CUBE-Cesium 1.3.0
2025-05-26 02:48:59,098 [INFO] ThirdParty:1030 - CMSIS Pack Vendor :STMicroelectronics lwIP 2.1.2
2025-05-26 02:48:59,098 [INFO] ThirdParty:1030 - CMSIS Pack Vendor :STMicroelectronics X-CUBE-SFXS2LP1 4.0.0
2025-05-26 02:48:59,098 [INFO] ThirdParty:1030 - CMSIS Pack Vendor :STMicroelectronics X-CUBE-BLE2 3.3.0
2025-05-26 02:48:59,098 [INFO] ThirdParty:1030 - CMSIS Pack Vendor :STMicroelectronics X-CUBE-TOF1 3.4.2
2025-05-26 02:48:59,098 [INFO] ThirdParty:1030 - CMSIS Pack Vendor :STMicroelectronics X-CUBE-TOF1 3.4.3
2025-05-26 02:48:59,099 [INFO] ThirdParty:1030 - CMSIS Pack Vendor :STMicroelectronics X-CUBE-AI 9.1.0
2025-05-26 02:48:59,099 [INFO] ThirdParty:1030 - CMSIS Pack Vendor :STMicroelectronics PDM2PCM 3.2.0
2025-05-26 02:48:59,099 [INFO] ThirdParty:1030 - CMSIS Pack Vendor :wolfSSL I-CUBE-wolfSSH 1.4.17
2025-05-26 02:48:59,101 [INFO] ThirdParty:841 - exiting critical section [change project]
2025-05-26 02:48:59,617 [INFO] PinOutPanel:1589 - setPackage(No Configuration,No Configuration)
2025-05-26 02:48:59,624 [INFO] PinOutPanel:1589 - setPackage(STM32F103C6Tx,LQFP48)
2025-05-26 02:49:00,670 [INFO] UtilMem:75 - Before build in PCC Used Memory: 916009944 Bytes (1073741824)
2025-05-26 02:49:01,176 [INFO] UtilMem:75 - After build in PCC Used Memory: 960050136 Bytes (1073741824)
2025-05-26 02:49:01,200 [INFO] ApiDbMcu:508 - Load IP Config File for FREERTOS
2025-05-26 02:49:01,241 [INFO] IPUIPlugin:80 - create IPUIPlugin
2025-05-26 02:49:01,241 [INFO] IPUIPlugin:80 - create IPUIPlugin
2025-05-26 02:49:01,242 [INFO] IPUIPlugin:80 - create IPUIPlugin
2025-05-26 02:49:01,242 [INFO] IPUIPlugin:80 - create IPUIPlugin
2025-05-26 02:49:01,242 [INFO] IPUIPlugin:80 - create IPUIPlugin
2025-05-26 02:49:01,242 [INFO] IPUIPlugin:80 - create IPUIPlugin
2025-05-26 02:49:01,242 [INFO] IPUIPlugin:80 - create IPUIPlugin
2025-05-26 02:49:01,242 [INFO] IPUIPlugin:80 - create IPUIPlugin
2025-05-26 02:49:01,243 [INFO] IPUIPlugin:80 - create IPUIPlugin
2025-05-26 02:49:01,243 [INFO] IPUIPlugin:80 - create IPUIPlugin
2025-05-26 02:49:01,244 [INFO] IPUIPlugin:80 - create IPUIPlugin
2025-05-26 02:49:01,245 [INFO] IPUIPlugin:80 - create IPUIPlugin
2025-05-26 02:49:01,246 [INFO] IPUIPlugin:80 - create IPUIPlugin
2025-05-26 02:49:01,246 [INFO] IPUIPlugin:80 - create IPUIPlugin
2025-05-26 02:49:01,246 [INFO] IPUIPlugin:80 - create IPUIPlugin
2025-05-26 02:49:01,246 [INFO] IPUIPlugin:80 - create IPUIPlugin
2025-05-26 02:49:01,246 [INFO] IPUIPlugin:80 - create IPUIPlugin
2025-05-26 02:49:01,246 [INFO] IPUIPlugin:80 - create IPUIPlugin
2025-05-26 02:49:01,246 [INFO] IPUIPlugin:80 - create IPUIPlugin
2025-05-26 02:49:01,246 [INFO] IPUIPlugin:80 - create IPUIPlugin
2025-05-26 02:49:01,246 [INFO] IPUIPlugin:80 - create IPUIPlugin
2025-05-26 02:49:01,246 [INFO] IPUIPlugin:80 - create IPUIPlugin
2025-05-26 02:49:01,247 [INFO] IPUIPlugin:80 - create IPUIPlugin
2025-05-26 02:49:01,253 [WARN] IP:2251 - I2C_Coeff_DF not found: check if there is a RefParameter without a condition.
2025-05-26 02:49:01,253 [WARN] IP:2251 - Analog_Filter not found: check if there is a RefParameter without a condition.
2025-05-26 02:49:01,268 [WARN] FreeRTOS:1023 - Null or empty value: should not occur! (nothing added to the table)
2025-05-26 02:49:01,388 [INFO] CADModel:165 - CPN selected for project levelSTM32F103C6T6A
2025-05-26 02:49:01,388 [INFO] CADModel:114 - Register for checkConnection events
2025-05-26 02:49:01,392 [INFO] RtosManager:697 - Active RTOS found at IOC load: FREERTOS [Cortex-M3NS]
2025-05-26 02:49:01,440 [INFO] OpenFileManager:363 - Restore cursor
2025-05-26 02:49:01,786 [WARN] IP:2251 - I2C_Coeff_DF not found: check if there is a RefParameter without a condition.
2025-05-26 02:49:01,787 [WARN] IP:2251 - Analog_Filter not found: check if there is a RefParameter without a condition.
2025-05-26 02:49:01,787 [WARN] IP:2251 - I2C_Coeff_DF not found: check if there is a RefParameter without a condition.
2025-05-26 02:49:01,787 [WARN] IP:2251 - Analog_Filter not found: check if there is a RefParameter without a condition.
2025-05-26 02:53:35,488 [INFO] MainUpdater:2872 - connection check result : 10
2025-05-26 02:53:35,497 [INFO] MainUpdater:2872 - connection check result : 10
2025-05-26 02:53:35,764 [INFO] MicroXplorer:468 - Change Database Path : 
2025-05-26 02:53:35,765 [INFO] MicroXplorer:498 - Change Database Version : DB.6.0.130
2025-05-26 02:53:35,930 [ERROR] ProjectManagerView:394 - 
java.lang.NullPointerException: Cannot invoke "javax.swing.JTextField.getText()" because the return value of "java.util.List.get(int)" is null
	at com.st.microxplorer.plugins.projectmanager.gui.ProjectChoiceTab$9.caretUpdate(ProjectChoiceTab.java:2616) ~[filemanager.jar:?]
	at javax.swing.text.JTextComponent.fireCaretUpdate(JTextComponent.java:408) ~[?:?]
	at javax.swing.text.JTextComponent$MutableCaretEvent.fire(JTextComponent.java:4484) ~[?:?]
	at javax.swing.text.JTextComponent$MutableCaretEvent.stateChanged(JTextComponent.java:4506) ~[?:?]
	at javax.swing.text.DefaultCaret.fireStateChanged(DefaultCaret.java:857) ~[?:?]
	at javax.swing.text.DefaultCaret.changeCaretPosition(DefaultCaret.java:1343) ~[?:?]
	at javax.swing.text.DefaultCaret.handleSetDot(DefaultCaret.java:1242) ~[?:?]
	at javax.swing.text.DefaultCaret.setDot(DefaultCaret.java:1223) ~[?:?]
	at javax.swing.text.DefaultCaret$Handler.insertUpdate(DefaultCaret.java:1819) ~[?:?]
	at javax.swing.text.AbstractDocument.fireInsertUpdate(AbstractDocument.java:227) ~[?:?]
	at javax.swing.text.AbstractDocument.handleInsertString(AbstractDocument.java:781) ~[?:?]
	at javax.swing.text.AbstractDocument.insertString(AbstractDocument.java:740) ~[?:?]
	at javax.swing.text.PlainDocument.insertString(PlainDocument.java:131) ~[?:?]
	at javax.swing.text.AbstractDocument.replace(AbstractDocument.java:699) ~[?:?]
	at javax.swing.text.JTextComponent.setText(JTextComponent.java:1725) ~[?:?]
	at com.st.microxplorer.plugins.projectmanager.gui.ProjectChoiceTab.createHeapStackFields(ProjectChoiceTab.java:975) ~[filemanager.jar:?]
	at com.st.microxplorer.plugins.projectmanager.gui.ProjectChoiceTab.buildLinkSettingsPanel(ProjectChoiceTab.java:3666) ~[filemanager.jar:?]
	at com.st.microxplorer.plugins.projectmanager.gui.ProjectChoiceTab.defineWindowsFields(ProjectChoiceTab.java:1934) ~[filemanager.jar:?]
	at com.st.microxplorer.plugins.projectmanager.gui.ProjectChoiceTab.updateSettings(ProjectChoiceTab.java:553) ~[filemanager.jar:?]
	at com.st.microxplorer.plugins.projectmanager.gui.ProjectSettingsPanel.UpdateDialog(ProjectSettingsPanel.java:245) ~[filemanager.jar:?]
	at com.st.microxplorer.plugins.projectmanager.ProjectManagerView.propertyChange(ProjectManagerView.java:391) ~[filemanager.jar:?]
	at java.beans.PropertyChangeSupport.fire(PropertyChangeSupport.java:343) ~[?:?]
	at java.beans.PropertyChangeSupport.firePropertyChange(PropertyChangeSupport.java:335) ~[?:?]
	at java.beans.PropertyChangeSupport.firePropertyChange(PropertyChangeSupport.java:268) ~[?:?]
	at com.st.microxplorer.util.MXPropertyChangeSupport.firePropertyChange(MXPropertyChangeSupport.java:54) ~[STM32CubeMX.jar:?]
	at com.st.microxplorer.mxsystem.MxSystem.closeConfig(MxSystem.java:899) ~[STM32CubeMX.jar:?]
	at com.st.microxplorer.maingui.MainPanel.closeConfig(MainPanel.java:789) ~[STM32CubeMX.jar:?]
	at com.st.microxplorer.plugins.filemanager.engine.OpenFileManager.loadConfigurationFile(OpenFileManager.java:265) ~[filemanager.jar:?]
	at com.st.microxplorer.plugins.filemanager.engine.MainFileManager.userLoadConfig(MainFileManager.java:340) ~[filemanager.jar:?]
	at com.st.microxplorer.plugins.filemanager.engine.MainFileManager.userLoadConfig(MainFileManager.java:318) ~[filemanager.jar:?]
	at com.st.microxplorer.plugins.filemanager.FileManagerView.getSpecificTask(FileManagerView.java:246) ~[filemanager.jar:?]
	at com.st.stm32cube.common.mx.editor.CubeMxEditor.getMxTabbedPaneInstance(CubeMxEditor.java:1198) ~[com.st.stm32cube.common.mx_6.13.0.202411220809/:?]
	at com.st.stm32cube.common.mx.editor.CubeMxEditor$12$1.createSwingComponent(CubeMxEditor.java:1068) ~[com.st.stm32cube.common.mx_6.13.0.202411220809/:?]
	at com.st.stm32cube.common.mx.oss.core.awtswtbridge.EmbeddedSwingComposite.doComponentCreation(EmbeddedSwingComposite.java:492) ~[com.st.stm32cube.common.mx.oss_6.13.0.202411220809/:?]
	at com.st.stm32cube.common.mx.oss.core.awtswtbridge.EmbeddedSwingComposite$4.run(EmbeddedSwingComposite.java:291) ~[com.st.stm32cube.common.mx.oss_6.13.0.202411220809/:?]
	at com.st.stm32cube.common.mx.oss.core.awtswtbridge.AwtEnvironment$2.run(AwtEnvironment.java:166) ~[com.st.stm32cube.common.mx.oss_6.13.0.202411220809/:?]
	at java.awt.event.InvocationEvent.dispatch(InvocationEvent.java:318) ~[?:?]
	at java.awt.EventQueue.dispatchEventImpl(EventQueue.java:773) ~[?:?]
	at java.awt.EventQueue$4.run(EventQueue.java:720) ~[?:?]
	at java.awt.EventQueue$4.run(EventQueue.java:714) ~[?:?]
	at java.security.AccessController.doPrivileged(AccessController.java:400) ~[?:?]
	at java.security.ProtectionDomain$JavaSecurityAccessImpl.doIntersectionPrivilege(ProtectionDomain.java:87) ~[?:?]
	at java.awt.EventQueue.dispatchEvent(EventQueue.java:742) ~[?:?]
	at java.awt.EventDispatchThread.pumpOneEventForFilters(EventDispatchThread.java:203) ~[?:?]
	at java.awt.EventDispatchThread.pumpEventsForFilter(EventDispatchThread.java:124) ~[?:?]
	at java.awt.EventDispatchThread.pumpEventsForHierarchy(EventDispatchThread.java:113) ~[?:?]
	at java.awt.EventDispatchThread.pumpEvents(EventDispatchThread.java:109) ~[?:?]
	at java.awt.EventDispatchThread.pumpEvents(EventDispatchThread.java:101) ~[?:?]
	at java.awt.EventDispatchThread.run(EventDispatchThread.java:90) ~[?:?]
2025-05-26 02:53:35,934 [WARN] ThirdParty:871 - waiting for thirdparty lock release [close project]
2025-05-26 02:53:35,934 [INFO] ThirdParty:873 - entering critical section [close project]
2025-05-26 02:53:35,935 [INFO] ThirdParty:883 - exiting critical section [close project]
2025-05-26 02:53:35,939 [INFO] PinOutPanel:1589 - setPackage(No Configuration,No Configuration)
2025-05-26 02:53:35,958 [INFO] UtilMem:75 - Begin LoadConfig() Used Memory: 862995112 Bytes (1073741824)
2025-05-26 02:53:35,959 [INFO] MicroXplorer:468 - Change Database Path : 
2025-05-26 02:53:35,960 [INFO] MicroXplorer:498 - Change Database Version : DB.6.0.130
2025-05-26 02:53:35,960 [INFO] OpenFileManager:332 - Change cursor
2025-05-26 02:53:36,000 [INFO] Mcu:2035 - Initializing MCU STM32F411C(C-E)Ux STM32F411CEUx STM32F411CEU6
2025-05-26 02:53:37,653 [INFO] Context:748 - Trying to add GPIOservice into a context  which must be forbidden
2025-05-26 02:53:38,244 [INFO] RtosManager:555 - Registered RTOS mode: class=CMSIS, group=RTOS, mode=CMSIS_V1, owner=FREERTOS
2025-05-26 02:53:38,246 [INFO] RtosManager:555 - Registered RTOS mode: class=CMSIS, group=RTOS2, mode=CMSIS_V2, owner=FREERTOS
2025-05-26 02:53:38,246 [INFO] RtosManager:555 - Registered RTOS mode: class=RTOS, group=Core, mode=CMSIS_V1, owner=FREERTOS
2025-05-26 02:53:38,246 [INFO] RtosManager:555 - Registered RTOS mode: class=RTOS, group=Core, mode=CMSIS_V2, owner=FREERTOS
2025-05-26 02:53:38,246 [WARN] ModelIntegratedComponent:184 - Missing modes for component STMicroelectronics:FreeRTOS:0.0.1:STMicroelectronics:RTOS:FreeRTOS:Core:::10.2.0:
2025-05-26 02:53:38,261 [WARN] ModelIntegratedComponent:182 - Modes not found for component STMicroelectronics:USB_HOST:1.0.0:STMicroelectronics:USB::USB Host:Audio HS::1.0:USB_HOST_1_0_RESTRICTED_HS
2025-05-26 02:53:38,261 [WARN] ModelIntegratedComponent:188 - Modes not found for component STMicroelectronics:USB_HOST:1.0.0:STMicroelectronics:USB::USB Host:Audio HS::1.0:USB_HOST_1_0_RESTRICTED_HS
2025-05-26 02:53:38,261 [WARN] ModelIntegratedComponent:182 - Modes not found for component STMicroelectronics:USB_HOST:1.0.0:STMicroelectronics:USB::USB Host:CDC HS::1.0:USB_HOST_1_0_RESTRICTED_HS
2025-05-26 02:53:38,261 [WARN] ModelIntegratedComponent:188 - Modes not found for component STMicroelectronics:USB_HOST:1.0.0:STMicroelectronics:USB::USB Host:CDC HS::1.0:USB_HOST_1_0_RESTRICTED_HS
2025-05-26 02:53:38,261 [WARN] ModelIntegratedComponent:182 - Modes not found for component STMicroelectronics:USB_HOST:1.0.0:STMicroelectronics:USB::USB Host:MSC HS::1.0:USB_HOST_1_0_RESTRICTED_HS
2025-05-26 02:53:38,261 [WARN] ModelIntegratedComponent:188 - Modes not found for component STMicroelectronics:USB_HOST:1.0.0:STMicroelectronics:USB::USB Host:MSC HS::1.0:USB_HOST_1_0_RESTRICTED_HS
2025-05-26 02:53:38,261 [WARN] ModelIntegratedComponent:182 - Modes not found for component STMicroelectronics:USB_HOST:1.0.0:STMicroelectronics:USB::USB Host:HID HS::1.0:USB_HOST_1_0_RESTRICTED_HS
2025-05-26 02:53:38,261 [WARN] ModelIntegratedComponent:188 - Modes not found for component STMicroelectronics:USB_HOST:1.0.0:STMicroelectronics:USB::USB Host:HID HS::1.0:USB_HOST_1_0_RESTRICTED_HS
2025-05-26 02:53:38,261 [WARN] ModelIntegratedComponent:182 - Modes not found for component STMicroelectronics:USB_HOST:1.0.0:STMicroelectronics:USB::USB Host:MTP HS::1.0:USB_HOST_1_0_RESTRICTED_HS
2025-05-26 02:53:38,261 [WARN] ModelIntegratedComponent:188 - Modes not found for component STMicroelectronics:USB_HOST:1.0.0:STMicroelectronics:USB::USB Host:MTP HS::1.0:USB_HOST_1_0_RESTRICTED_HS
2025-05-26 02:53:38,266 [WARN] ModelIntegratedComponent:63 - No mode defined for component null
2025-05-26 02:53:38,266 [WARN] ModelIntegratedComponent:63 - No mode defined for component null
2025-05-26 02:53:38,266 [WARN] ModelIntegratedComponent:63 - No mode defined for component null
2025-05-26 02:53:38,266 [WARN] ModelIntegratedComponent:63 - No mode defined for component null
2025-05-26 02:53:38,266 [WARN] ModelIntegratedComponent:63 - No mode defined for component null
2025-05-26 02:53:38,266 [WARN] ModelIntegratedComponent:63 - No mode defined for component null
2025-05-26 02:53:38,266 [WARN] ModelIntegratedComponent:63 - No mode defined for component null
2025-05-26 02:53:38,266 [WARN] ModelIntegratedComponent:63 - No mode defined for component null
2025-05-26 02:53:38,266 [WARN] ModelIntegratedComponent:63 - No mode defined for component null
2025-05-26 02:53:38,266 [WARN] ModelIntegratedComponent:63 - No mode defined for component null
2025-05-26 02:53:38,266 [WARN] ModelIntegratedComponent:63 - No mode defined for component null
2025-05-26 02:53:38,266 [WARN] ModelIntegratedComponent:63 - No mode defined for component null
2025-05-26 02:53:38,266 [WARN] ModelIntegratedComponent:63 - No mode defined for component null
2025-05-26 02:53:38,266 [WARN] ModelIntegratedComponent:63 - No mode defined for component null
2025-05-26 02:53:38,266 [WARN] ModelIntegratedComponent:63 - No mode defined for component null
2025-05-26 02:53:38,266 [WARN] ModelIntegratedComponent:63 - No mode defined for component null
2025-05-26 02:53:38,266 [WARN] ModelIntegratedComponent:63 - No mode defined for component null
2025-05-26 02:53:38,266 [WARN] ModelIntegratedComponent:63 - No mode defined for component null
2025-05-26 02:53:38,266 [WARN] ModelIntegratedComponent:63 - No mode defined for component null
2025-05-26 02:53:38,266 [WARN] ModelIntegratedComponent:63 - No mode defined for component null
2025-05-26 02:53:38,266 [WARN] ModelIntegratedComponent:63 - No mode defined for component null
2025-05-26 02:53:38,266 [WARN] ModelIntegratedComponent:63 - No mode defined for component null
2025-05-26 02:53:38,266 [WARN] ModelIntegratedComponent:63 - No mode defined for component null
2025-05-26 02:53:38,266 [WARN] ModelIntegratedComponent:63 - No mode defined for component null
2025-05-26 02:53:38,266 [WARN] ModelIntegratedComponent:63 - No mode defined for component null
2025-05-26 02:53:38,266 [WARN] ModelIntegratedComponent:63 - No mode defined for component null
2025-05-26 02:53:38,266 [WARN] ModelIntegratedComponent:63 - No mode defined for component null
2025-05-26 02:53:38,266 [WARN] ModelIntegratedComponent:63 - No mode defined for component null
2025-05-26 02:53:38,267 [WARN] ModelIntegratedComponent:63 - No mode defined for component null
2025-05-26 02:53:38,267 [WARN] ModelIntegratedComponent:63 - No mode defined for component null
2025-05-26 02:53:38,267 [WARN] ModelIntegratedComponent:63 - No mode defined for component null
2025-05-26 02:53:38,267 [WARN] ModelIntegratedComponent:63 - No mode defined for component null
2025-05-26 02:53:38,267 [WARN] ModelIntegratedComponent:63 - No mode defined for component null
2025-05-26 02:53:38,267 [WARN] ModelIntegratedComponent:63 - No mode defined for component null
2025-05-26 02:53:38,267 [WARN] ModelIntegratedComponent:63 - No mode defined for component null
2025-05-26 02:53:38,267 [WARN] ModelPack:524 - Component already loaded: STMicroelectronics:HAL Drivers:0.0.0:STMicroelectronics:Device:STMicro_Driver:XSPI:HAL::0.0.1:HAL_XSPI
2025-05-26 02:53:38,307 [WARN] ModelIntegratedComponent:182 - Modes not found for component STMicroelectronics:USB_DEVICE:1.0.0:STMicroelectronics:USB::USB Device:Audio HS::1.0:USB_DEVICE_1_0_RESTRICTED_HS
2025-05-26 02:53:38,308 [WARN] ModelIntegratedComponent:188 - Modes not found for component STMicroelectronics:USB_DEVICE:1.0.0:STMicroelectronics:USB::USB Device:Audio HS::1.0:USB_DEVICE_1_0_RESTRICTED_HS
2025-05-26 02:53:38,308 [WARN] ModelIntegratedComponent:182 - Modes not found for component STMicroelectronics:USB_DEVICE:1.0.0:STMicroelectronics:USB::USB Device:CDC HS::1.0:USB_DEVICE_1_0_RESTRICTED_HS
2025-05-26 02:53:38,308 [WARN] ModelIntegratedComponent:188 - Modes not found for component STMicroelectronics:USB_DEVICE:1.0.0:STMicroelectronics:USB::USB Device:CDC HS::1.0:USB_DEVICE_1_0_RESTRICTED_HS
2025-05-26 02:53:38,308 [WARN] ModelIntegratedComponent:182 - Modes not found for component STMicroelectronics:USB_DEVICE:1.0.0:STMicroelectronics:USB::USB Device:DFU HS::1.0:USB_DEVICE_1_0_RESTRICTED_HS
2025-05-26 02:53:38,308 [WARN] ModelIntegratedComponent:188 - Modes not found for component STMicroelectronics:USB_DEVICE:1.0.0:STMicroelectronics:USB::USB Device:DFU HS::1.0:USB_DEVICE_1_0_RESTRICTED_HS
2025-05-26 02:53:38,308 [WARN] ModelIntegratedComponent:182 - Modes not found for component STMicroelectronics:USB_DEVICE:1.0.0:STMicroelectronics:USB::USB Device:HID HS::1.0:USB_DEVICE_1_0_RESTRICTED_HS
2025-05-26 02:53:38,308 [WARN] ModelIntegratedComponent:188 - Modes not found for component STMicroelectronics:USB_DEVICE:1.0.0:STMicroelectronics:USB::USB Device:HID HS::1.0:USB_DEVICE_1_0_RESTRICTED_HS
2025-05-26 02:53:38,308 [WARN] ModelIntegratedComponent:182 - Modes not found for component STMicroelectronics:USB_DEVICE:1.0.0:STMicroelectronics:USB::USB Device:Custom HID HS::1.0:USB_DEVICE_1_0_RESTRICTED_HS
2025-05-26 02:53:38,308 [WARN] ModelIntegratedComponent:188 - Modes not found for component STMicroelectronics:USB_DEVICE:1.0.0:STMicroelectronics:USB::USB Device:Custom HID HS::1.0:USB_DEVICE_1_0_RESTRICTED_HS
2025-05-26 02:53:38,308 [WARN] ModelIntegratedComponent:182 - Modes not found for component STMicroelectronics:USB_DEVICE:1.0.0:STMicroelectronics:USB::USB Device:MSC HS::1.0:USB_DEVICE_1_0_RESTRICTED_HS
2025-05-26 02:53:38,308 [WARN] ModelIntegratedComponent:188 - Modes not found for component STMicroelectronics:USB_DEVICE:1.0.0:STMicroelectronics:USB::USB Device:MSC HS::1.0:USB_DEVICE_1_0_RESTRICTED_HS
2025-05-26 02:53:38,323 [INFO] ThirdPartyModel:298 - Start build external matchings
2025-05-26 02:53:38,741 [INFO] ThirdPartyModel:316 - End build external matchings
2025-05-26 02:53:38,756 [INFO] RtosManager:922 - Current active RTOS is FREERTOS [Cortex-M4NS]
2025-05-26 02:53:38,767 [INFO] ImportTextPane:218 - (OptionalMessage_ERROR) IP (DMA) : Parameter (Instance) has Id (USART1_RX) currently not set
2025-05-26 02:53:38,767 [INFO] ImportTextPane:218 - (OptionalMessage_ERROR) IP (DMA) : Parameter (Channel) has Id (USART1_RX) currently not set
2025-05-26 02:53:38,767 [INFO] ImportTextPane:218 - (OptionalMessage_ERROR) IP (DMA) : Parameter (Direction) has Id (USART1_RX) currently not set
2025-05-26 02:53:38,767 [INFO] ImportTextPane:218 - (OptionalMessage_ERROR) IP (DMA) : Parameter (PeriphInc) has Id (USART1_RX) currently not set
2025-05-26 02:53:38,767 [INFO] ImportTextPane:218 - (OptionalMessage_ERROR) IP (DMA) : Parameter (MemInc) has Id (USART1_RX) currently not set
2025-05-26 02:53:38,767 [INFO] ImportTextPane:218 - (OptionalMessage_ERROR) IP (DMA) : Parameter (PeriphDataAlignment) has Id (USART1_RX) currently not set
2025-05-26 02:53:38,767 [INFO] ImportTextPane:218 - (OptionalMessage_ERROR) IP (DMA) : Parameter (MemDataAlignment) has Id (USART1_RX) currently not set
2025-05-26 02:53:38,767 [INFO] ImportTextPane:218 - (OptionalMessage_ERROR) IP (DMA) : Parameter (Mode) has Id (USART1_RX) currently not set
2025-05-26 02:53:38,767 [INFO] ImportTextPane:218 - (OptionalMessage_ERROR) IP (DMA) : Parameter (Priority) has Id (USART1_RX) currently not set
2025-05-26 02:53:38,767 [INFO] ImportTextPane:218 - (OptionalMessage_ERROR) IP (DMA) : Parameter (FIFOMode) has Id (USART1_RX) currently not set
2025-05-26 02:53:38,784 [INFO] ImportTextPane:218 - (OptionalMessage_ERROR) IP (RCC) : Parameter (48MHZClocksFreq_Value) has invalid value (50000000)
2025-05-26 02:53:38,785 [INFO] ImportTextPane:218 - (OptionalMessage_ERROR) IP (RCC) : Parameter (RTCHSEDivFreq_Value) has invalid value (12500000)
2025-05-26 02:53:39,013 [INFO] UtilMem:75 - End LoadConfig() Used Memory: 843432184 Bytes (1073741824)
2025-05-26 02:53:39,073 [WARN] ThirdParty:833 - waiting for thirdparty lock release [change project]
2025-05-26 02:53:39,079 [INFO] ThirdParty:835 - entering critical section [change project]
2025-05-26 02:53:39,079 [INFO] ThirdParty:1030 - CMSIS Pack Vendor :STMicroelectronics USBPD 4.1
2025-05-26 02:53:39,079 [INFO] ThirdParty:1030 - CMSIS Pack Vendor :STMicroelectronics X-CUBE-AZRTOS-H7 3.3.0
2025-05-26 02:53:39,079 [INFO] ThirdParty:1030 - CMSIS Pack Vendor :STMicroelectronics X-CUBE-NFC9 1.0.0
2025-05-26 02:53:39,079 [INFO] ThirdParty:1030 - CMSIS Pack Vendor :STMicroelectronics USB_HOST 2.0.0
2025-05-26 02:53:39,079 [INFO] ThirdParty:1030 - CMSIS Pack Vendor :STMicroelectronics FP-SNS-MOTENVWB1 1.4.0
2025-05-26 02:53:39,079 [INFO] ThirdParty:1030 - CMSIS Pack Vendor :STMicroelectronics X-CUBE-AZRTOS-F4 1.1.0
2025-05-26 02:53:39,079 [INFO] ThirdParty:1030 - CMSIS Pack Vendor :STMicroelectronics LIBJPEG 8.0.0
2025-05-26 02:53:39,079 [INFO] ThirdParty:1030 - CMSIS Pack Vendor :STMicroelectronics FP-ATR-ASTRA1 2.0.2
2025-05-26 02:53:39,079 [INFO] ThirdParty:1030 - CMSIS Pack Vendor :STMicroelectronics FP-ATR-ASTRA1 2.0.1
2025-05-26 02:53:39,079 [INFO] ThirdParty:1030 - CMSIS Pack Vendor :STMicroelectronics X-CUBE-BLE1 7.1.0
2025-05-26 02:53:39,079 [INFO] ThirdParty:1030 - CMSIS Pack Vendor :Avnet-IotConnect X-CUBE-IoTC-DA16k-PMOD 1.0.0
2025-05-26 02:53:39,079 [INFO] ThirdParty:1030 - CMSIS Pack Vendor :STMicroelectronics X-CUBE-SMBUS 2.1.0
2025-05-26 02:53:39,079 [INFO] ThirdParty:1030 - CMSIS Pack Vendor :STMicroelectronics X-CUBE-WB05N 1.1.0
2025-05-26 02:53:39,079 [INFO] ThirdParty:1030 - CMSIS Pack Vendor :STMicroelectronics USB_DEVICE 3.0.0
2025-05-26 02:53:39,079 [INFO] ThirdParty:1030 - CMSIS Pack Vendor :STMicroelectronics X-CUBE-ISPU 2.1.0
2025-05-26 02:53:39,079 [INFO] ThirdParty:1030 - CMSIS Pack Vendor :STMicroelectronics X-CUBE-AZRTOS-WB 2.0.0
2025-05-26 02:53:39,079 [INFO] ThirdParty:1030 - CMSIS Pack Vendor :STMicroelectronics X-CUBE-GNSS1 7.0.1
2025-05-26 02:53:39,079 [INFO] ThirdParty:1030 - CMSIS Pack Vendor :STMicroelectronics X-CUBE-AZRTOS-F7 1.1.0
2025-05-26 02:53:39,079 [INFO] ThirdParty:1030 - CMSIS Pack Vendor :STMicroelectronics X-CUBE-AZRTOS-L5 2.0.0
2025-05-26 02:53:39,079 [INFO] ThirdParty:1030 - CMSIS Pack Vendor :STMicroelectronics X-CUBE-TOUCHGFX 4.25.0
2025-05-26 02:53:39,079 [INFO] ThirdParty:1030 - CMSIS Pack Vendor :STMicroelectronics USB_DEVICE 2.0.0
2025-05-26 02:53:39,079 [INFO] ThirdParty:1030 - CMSIS Pack Vendor :STMicroelectronics X-CUBE-NFC6 3.1.0
2025-05-26 02:53:39,079 [INFO] ThirdParty:1030 - CMSIS Pack Vendor :STMicroelectronics FP-SNS-STBOX1 2.0.0
2025-05-26 02:53:39,079 [INFO] ThirdParty:1030 - CMSIS Pack Vendor :STMicroelectronics X-CUBE-MEMS1 11.2.0
2025-05-26 02:53:39,079 [INFO] ThirdParty:1030 - CMSIS Pack Vendor :STMicroelectronics FreeRTOS 0.0.1
2025-05-26 02:53:39,079 [INFO] ThirdParty:1030 - CMSIS Pack Vendor :STMicroelectronics X-CUBE-AZRTOS-G0 1.1.0
2025-05-26 02:53:39,079 [INFO] ThirdParty:1030 - CMSIS Pack Vendor :STMicroelectronics X-CUBE-SAFEA1 1.2.2
2025-05-26 02:53:39,079 [INFO] ThirdParty:1030 - CMSIS Pack Vendor :STMicroelectronics X-CUBE-NFC4 3.0.0
2025-05-26 02:53:39,079 [INFO] ThirdParty:1030 - CMSIS Pack Vendor :STMicroelectronics X-CUBE-DPower 1.2.0
2025-05-26 02:53:39,079 [INFO] ThirdParty:1030 - CMSIS Pack Vendor :STMicroelectronics X-CUBE-SUBG2 5.0.0
2025-05-26 02:53:39,079 [INFO] ThirdParty:1030 - CMSIS Pack Vendor :STMicroelectronics X-CUBE-AZRTOS-H7RS 1.1.0
2025-05-26 02:53:39,079 [INFO] ThirdParty:1030 - CMSIS Pack Vendor :STMicroelectronics STM32_WPAN 1.0.0
2025-05-26 02:53:39,079 [INFO] ThirdParty:1030 - CMSIS Pack Vendor :EmbeddedOffice I-CUBE-FS-RTOS 1.0.1
2025-05-26 02:53:39,079 [INFO] ThirdParty:1030 - CMSIS Pack Vendor :STMicroelectronics lwIP 2.0.3
2025-05-26 02:53:39,079 [INFO] ThirdParty:1030 - CMSIS Pack Vendor :STMicroelectronics FP-SNS-FLIGHT1 5.0.2
2025-05-26 02:53:39,079 [INFO] ThirdParty:1030 - CMSIS Pack Vendor :Cesanta I-CUBE-Mongoose 7.13.0
2025-05-26 02:53:39,079 [INFO] ThirdParty:1030 - CMSIS Pack Vendor :STMicroelectronics USB_HOST 1.0.0
2025-05-26 02:53:39,079 [INFO] ThirdParty:1030 - CMSIS Pack Vendor :Infineon AIROC-Wi-Fi-Bluetooth-STM32 1.7.0
2025-05-26 02:53:39,079 [INFO] ThirdParty:1030 - CMSIS Pack Vendor :STMicroelectronics X-CUBE-AZRTOS-G4 2.0.0
2025-05-26 02:53:39,079 [INFO] ThirdParty:1030 - CMSIS Pack Vendor :STMicroelectronics X-CUBE-WB05N 2.0.0
2025-05-26 02:53:39,079 [INFO] ThirdParty:1030 - CMSIS Pack Vendor :STMicroelectronics PDM2PCM 3.1.0
2025-05-26 02:53:39,080 [INFO] ThirdParty:1030 - CMSIS Pack Vendor :STMicroelectronics PDM2PCM 3.3.0
2025-05-26 02:53:39,080 [INFO] ThirdParty:1030 - CMSIS Pack Vendor :STMicroelectronics X-CUBE-DISPLAY 3.0.0
2025-05-26 02:53:39,080 [INFO] ThirdParty:1030 - CMSIS Pack Vendor :STMicroelectronics X-CUBE-NFC7 2.0.0
2025-05-26 02:53:39,080 [INFO] ThirdParty:1030 - CMSIS Pack Vendor :STMicroelectronics X-CUBE-TCPP 4.2.0
2025-05-26 02:53:39,080 [INFO] ThirdParty:1030 - CMSIS Pack Vendor :RealThread X-CUBE-RT-Thread_Nano 4.1.1
2025-05-26 02:53:39,080 [INFO] ThirdParty:1030 - CMSIS Pack Vendor :STMicroelectronics X-CUBE-BLE1 7.0.0
2025-05-26 02:53:39,080 [INFO] ThirdParty:1030 - CMSIS Pack Vendor :STMicroelectronics FP-ATR-SIGFOX1 3.2.0
2025-05-26 02:53:39,080 [INFO] ThirdParty:1030 - CMSIS Pack Vendor :STMicroelectronics X-CUBE-NFC10 1.0.0
2025-05-26 02:53:39,080 [INFO] ThirdParty:1030 - CMSIS Pack Vendor :quantropi X-CUBE-qispace-sdk-base 1.9.3
2025-05-26 02:53:39,080 [INFO] ThirdParty:1030 - CMSIS Pack Vendor :STMicroelectronics X-CUBE-BLEMGR 4.0.0
2025-05-26 02:53:39,080 [INFO] ThirdParty:1030 - CMSIS Pack Vendor :STMicroelectronics X-CUBE-EEPRMA1 5.1.0
2025-05-26 02:53:39,080 [INFO] ThirdParty:1030 - CMSIS Pack Vendor :STMicroelectronics X-CUBE-FREERTOS 1.3.1
2025-05-26 02:53:39,080 [INFO] ThirdParty:1030 - CMSIS Pack Vendor :STMicroelectronics HAL Drivers 0.0.0
2025-05-26 02:53:39,080 [INFO] ThirdParty:1030 - CMSIS Pack Vendor :STMicroelectronics MBEDTLS 2.16.2
2025-05-26 02:53:39,080 [INFO] ThirdParty:1030 - CMSIS Pack Vendor :STMicroelectronics X-CUBE-IPS 3.1.0
2025-05-26 02:53:39,080 [INFO] ThirdParty:1030 - CMSIS Pack Vendor :STMicroelectronics X-CUBE-ALS 1.0.2
2025-05-26 02:53:39,080 [INFO] ThirdParty:1030 - CMSIS Pack Vendor :emotas I-CUBE-CANOPEN 1.3.0
2025-05-26 02:53:39,080 [INFO] ThirdParty:1030 - CMSIS Pack Vendor :STMicroelectronics X-CUBE-FREERTOS 1.3.0
2025-05-26 02:53:39,080 [INFO] ThirdParty:1030 - CMSIS Pack Vendor :wolfSSL I-CUBE-wolfSSL 5.7.4
2025-05-26 02:53:39,080 [INFO] ThirdParty:1030 - CMSIS Pack Vendor :STMicroelectronics X-CUBE-NFC7 1.0.1
2025-05-26 02:53:39,080 [INFO] ThirdParty:1030 - CMSIS Pack Vendor :STMicroelectronics MBEDTLS 2.14.1
2025-05-26 02:53:39,080 [INFO] ThirdParty:1030 - CMSIS Pack Vendor :ITTIA_DB I-CUBE-ITTIADB 8.9.0
2025-05-26 02:53:39,080 [INFO] ThirdParty:1030 - CMSIS Pack Vendor :STMicroelectronics X-CUBE-TOUCHGFX 4.24.2
2025-05-26 02:53:39,080 [INFO] ThirdParty:1030 - CMSIS Pack Vendor :wolfSSL I-CUBE-wolfTPM 3.4.0
2025-05-26 02:53:39,080 [INFO] ThirdParty:1030 - CMSIS Pack Vendor :portGmbH I-Cube-SoM-uGOAL 1.1.0
2025-05-26 02:53:39,080 [INFO] ThirdParty:1030 - CMSIS Pack Vendor :STMicroelectronics X-CUBE-AI 10.0.0
2025-05-26 02:53:39,080 [INFO] ThirdParty:1030 - CMSIS Pack Vendor :STMicroelectronics ThreadX 1.0.0
2025-05-26 02:53:39,080 [INFO] ThirdParty:1030 - CMSIS Pack Vendor :STMicroelectronics FP-SNS-SMARTAG2 1.2.0
2025-05-26 02:53:39,080 [INFO] ThirdParty:1030 - CMSIS Pack Vendor :STMicroelectronics FP-SNS-FLIGHT1 5.1.0
2025-05-26 02:53:39,080 [INFO] ThirdParty:1030 - CMSIS Pack Vendor :STMicroelectronics X-CUBE-MEMS1 11.1.0
2025-05-26 02:53:39,080 [INFO] ThirdParty:1030 - CMSIS Pack Vendor :STMicroelectronics X-CUBE-AZRTOS-WL 2.0.0
2025-05-26 02:53:39,080 [INFO] ThirdParty:1030 - CMSIS Pack Vendor :SEGGER I-CUBE-embOS 1.3.1
2025-05-26 02:53:39,080 [INFO] ThirdParty:1030 - CMSIS Pack Vendor :STMicroelectronics X-CUBE-ALGOBUILD 1.4.0
2025-05-26 02:53:39,080 [INFO] ThirdParty:1030 - CMSIS Pack Vendor :STMicroelectronics X-CUBE-DPower 1.3.0
2025-05-26 02:53:39,080 [INFO] ThirdParty:1030 - CMSIS Pack Vendor :STMicroelectronics FP-SNS-MOTENV1 5.0.0
2025-05-26 02:53:39,080 [INFO] ThirdParty:1030 - CMSIS Pack Vendor :STMicroelectronics USB_DEVICE 1.0.0
2025-05-26 02:53:39,080 [INFO] ThirdParty:1030 - CMSIS Pack Vendor :STMicroelectronics X-CUBE-AZRTOS-H7RS 1.0.0
2025-05-26 02:53:39,080 [INFO] ThirdParty:1030 - CMSIS Pack Vendor :wolfSSL I-CUBE-wolfMQTT 1.19.0
2025-05-26 02:53:39,080 [INFO] ThirdParty:1030 - CMSIS Pack Vendor :STMicroelectronics X-CUBE-AZRTOS-L4 2.0.0
2025-05-26 02:53:39,080 [INFO] ThirdParty:1030 - CMSIS Pack Vendor :STMicroelectronics ThreadX 0.0.2
2025-05-26 02:53:39,080 [INFO] ThirdParty:1030 - CMSIS Pack Vendor :WES I-CUBE-Cesium 1.3.0
2025-05-26 02:53:39,080 [INFO] ThirdParty:1030 - CMSIS Pack Vendor :STMicroelectronics lwIP 2.1.2
2025-05-26 02:53:39,080 [INFO] ThirdParty:1030 - CMSIS Pack Vendor :STMicroelectronics X-CUBE-SFXS2LP1 4.0.0
2025-05-26 02:53:39,080 [INFO] ThirdParty:1030 - CMSIS Pack Vendor :STMicroelectronics X-CUBE-BLE2 3.3.0
2025-05-26 02:53:39,080 [INFO] ThirdParty:1030 - CMSIS Pack Vendor :STMicroelectronics X-CUBE-TOF1 3.4.2
2025-05-26 02:53:39,080 [INFO] ThirdParty:1030 - CMSIS Pack Vendor :STMicroelectronics X-CUBE-TOF1 3.4.3
2025-05-26 02:53:39,080 [INFO] ThirdParty:1030 - CMSIS Pack Vendor :STMicroelectronics X-CUBE-AI 9.1.0
2025-05-26 02:53:39,080 [INFO] ThirdParty:1030 - CMSIS Pack Vendor :STMicroelectronics PDM2PCM 3.2.0
2025-05-26 02:53:39,080 [INFO] ThirdParty:1030 - CMSIS Pack Vendor :wolfSSL I-CUBE-wolfSSH 1.4.17
2025-05-26 02:53:39,081 [INFO] ThirdParty:841 - exiting critical section [change project]
2025-05-26 02:53:39,535 [INFO] PinOutPanel:1589 - setPackage(No Configuration,No Configuration)
2025-05-26 02:53:39,538 [INFO] PinOutPanel:1589 - setPackage(STM32F411CEUx,UFQFPN48)
2025-05-26 02:53:40,487 [INFO] UtilMem:75 - Before build in PCC Used Memory: 870310680 Bytes (1073741824)
2025-05-26 02:53:41,185 [INFO] UtilMem:75 - After build in PCC Used Memory: 913302296 Bytes (1073741824)
2025-05-26 02:53:41,221 [INFO] ApiDbMcu:508 - Load IP Config File for FREERTOS
2025-05-26 02:53:41,301 [INFO] IPUIPlugin:80 - create IPUIPlugin
2025-05-26 02:53:41,304 [INFO] IPUIPlugin:80 - create IPUIPlugin
2025-05-26 02:53:41,304 [INFO] IPUIPlugin:80 - create IPUIPlugin
2025-05-26 02:53:41,304 [INFO] IPUIPlugin:80 - create IPUIPlugin
2025-05-26 02:53:41,304 [INFO] IPUIPlugin:80 - create IPUIPlugin
2025-05-26 02:53:41,305 [INFO] IPUIPlugin:80 - create IPUIPlugin
2025-05-26 02:53:41,305 [INFO] IPUIPlugin:80 - create IPUIPlugin
2025-05-26 02:53:41,305 [INFO] IPUIPlugin:80 - create IPUIPlugin
2025-05-26 02:53:41,305 [INFO] IPUIPlugin:80 - create IPUIPlugin
2025-05-26 02:53:41,305 [INFO] IPUIPlugin:80 - create IPUIPlugin
2025-05-26 02:53:41,305 [INFO] IPUIPlugin:80 - create IPUIPlugin
2025-05-26 02:53:41,305 [INFO] IPUIPlugin:80 - create IPUIPlugin
2025-05-26 02:53:41,305 [INFO] IPUIPlugin:80 - create IPUIPlugin
2025-05-26 02:53:41,305 [INFO] IPUIPlugin:80 - create IPUIPlugin
2025-05-26 02:53:41,305 [INFO] IPUIPlugin:80 - create IPUIPlugin
2025-05-26 02:53:41,306 [INFO] IPUIPlugin:80 - create IPUIPlugin
2025-05-26 02:53:41,306 [INFO] IPUIPlugin:80 - create IPUIPlugin
2025-05-26 02:53:41,306 [INFO] IPUIPlugin:80 - create IPUIPlugin
2025-05-26 02:53:41,306 [INFO] IPUIPlugin:80 - create IPUIPlugin
2025-05-26 02:53:41,306 [INFO] IPUIPlugin:80 - create IPUIPlugin
2025-05-26 02:53:41,306 [INFO] IPUIPlugin:80 - create IPUIPlugin
2025-05-26 02:53:41,306 [INFO] IPUIPlugin:80 - create IPUIPlugin
2025-05-26 02:53:41,306 [INFO] IPUIPlugin:80 - create IPUIPlugin
2025-05-26 02:53:41,306 [INFO] IPUIPlugin:80 - create IPUIPlugin
2025-05-26 02:53:41,306 [INFO] IPUIPlugin:80 - create IPUIPlugin
2025-05-26 02:53:41,307 [INFO] IPUIPlugin:80 - create IPUIPlugin
2025-05-26 02:53:41,307 [INFO] IPUIPlugin:80 - create IPUIPlugin
2025-05-26 02:53:41,307 [INFO] IPUIPlugin:80 - create IPUIPlugin
2025-05-26 02:53:41,307 [INFO] IPUIPlugin:80 - create IPUIPlugin
2025-05-26 02:53:41,307 [INFO] IPUIPlugin:80 - create IPUIPlugin
2025-05-26 02:53:41,307 [INFO] IPUIPlugin:80 - create IPUIPlugin
2025-05-26 02:53:41,307 [INFO] IPUIPlugin:80 - create IPUIPlugin
2025-05-26 02:53:41,307 [INFO] IPUIPlugin:80 - create IPUIPlugin
2025-05-26 02:53:41,307 [INFO] IPUIPlugin:80 - create IPUIPlugin
2025-05-26 02:53:41,307 [INFO] IPUIPlugin:80 - create IPUIPlugin
2025-05-26 02:53:41,307 [INFO] IPUIPlugin:80 - create IPUIPlugin
2025-05-26 02:53:41,307 [INFO] IPUIPlugin:80 - create IPUIPlugin
2025-05-26 02:53:41,307 [INFO] IPUIPlugin:80 - create IPUIPlugin
2025-05-26 02:53:41,308 [INFO] IPUIPlugin:80 - create IPUIPlugin
2025-05-26 02:53:41,308 [INFO] IPUIPlugin:80 - create IPUIPlugin
2025-05-26 02:53:41,308 [INFO] IPUIPlugin:80 - create IPUIPlugin
2025-05-26 02:53:41,308 [INFO] IPUIPlugin:80 - create IPUIPlugin
2025-05-26 02:53:41,308 [INFO] IPUIPlugin:80 - create IPUIPlugin
2025-05-26 02:53:41,320 [INFO] ApiDbMcu:508 - Load IP Config File for PDM2PCM
2025-05-26 02:53:41,357 [WARN] FreeRTOS:1023 - Null or empty value: should not occur! (nothing added to the table)
2025-05-26 02:53:41,464 [INFO] CADModel:165 - CPN selected for project levelSTM32F411CEU6
2025-05-26 02:53:41,465 [INFO] CADModel:114 - Register for checkConnection events
2025-05-26 02:53:41,469 [INFO] RtosManager:697 - Active RTOS found at IOC load: FREERTOS [Cortex-M4NS]
2025-05-26 02:53:41,537 [INFO] OpenFileManager:363 - Restore cursor
2025-05-26 02:57:57,678 [INFO] MainUpdater:2872 - connection check result : 10
2025-05-26 02:57:57,681 [INFO] MainUpdater:2872 - connection check result : 10
2025-05-26 02:57:57,861 [INFO] MicroXplorer:468 - Change Database Path : 
2025-05-26 02:57:57,864 [INFO] MicroXplorer:498 - Change Database Version : DB.6.0.130
2025-05-26 02:57:57,946 [ERROR] ProjectManagerView:394 - 
java.lang.NullPointerException: Cannot invoke "javax.swing.JTextField.getText()" because the return value of "java.util.List.get(int)" is null
	at com.st.microxplorer.plugins.projectmanager.gui.ProjectChoiceTab$9.caretUpdate(ProjectChoiceTab.java:2616) ~[filemanager.jar:?]
	at javax.swing.text.JTextComponent.fireCaretUpdate(JTextComponent.java:408) ~[?:?]
	at javax.swing.text.JTextComponent$MutableCaretEvent.fire(JTextComponent.java:4484) ~[?:?]
	at javax.swing.text.JTextComponent$MutableCaretEvent.stateChanged(JTextComponent.java:4506) ~[?:?]
	at javax.swing.text.DefaultCaret.fireStateChanged(DefaultCaret.java:857) ~[?:?]
	at javax.swing.text.DefaultCaret.changeCaretPosition(DefaultCaret.java:1343) ~[?:?]
	at javax.swing.text.DefaultCaret.handleSetDot(DefaultCaret.java:1242) ~[?:?]
	at javax.swing.text.DefaultCaret.setDot(DefaultCaret.java:1223) ~[?:?]
	at javax.swing.text.DefaultCaret$Handler.insertUpdate(DefaultCaret.java:1819) ~[?:?]
	at javax.swing.text.AbstractDocument.fireInsertUpdate(AbstractDocument.java:227) ~[?:?]
	at javax.swing.text.AbstractDocument.handleInsertString(AbstractDocument.java:781) ~[?:?]
	at javax.swing.text.AbstractDocument.insertString(AbstractDocument.java:740) ~[?:?]
	at javax.swing.text.PlainDocument.insertString(PlainDocument.java:131) ~[?:?]
	at javax.swing.text.AbstractDocument.replace(AbstractDocument.java:699) ~[?:?]
	at javax.swing.text.JTextComponent.setText(JTextComponent.java:1725) ~[?:?]
	at com.st.microxplorer.plugins.projectmanager.gui.ProjectChoiceTab.createHeapStackFields(ProjectChoiceTab.java:975) ~[filemanager.jar:?]
	at com.st.microxplorer.plugins.projectmanager.gui.ProjectChoiceTab.buildLinkSettingsPanel(ProjectChoiceTab.java:3666) ~[filemanager.jar:?]
	at com.st.microxplorer.plugins.projectmanager.gui.ProjectChoiceTab.defineWindowsFields(ProjectChoiceTab.java:1934) ~[filemanager.jar:?]
	at com.st.microxplorer.plugins.projectmanager.gui.ProjectChoiceTab.updateSettings(ProjectChoiceTab.java:553) ~[filemanager.jar:?]
	at com.st.microxplorer.plugins.projectmanager.gui.ProjectSettingsPanel.UpdateDialog(ProjectSettingsPanel.java:245) ~[filemanager.jar:?]
	at com.st.microxplorer.plugins.projectmanager.ProjectManagerView.propertyChange(ProjectManagerView.java:391) ~[filemanager.jar:?]
	at java.beans.PropertyChangeSupport.fire(PropertyChangeSupport.java:343) ~[?:?]
	at java.beans.PropertyChangeSupport.firePropertyChange(PropertyChangeSupport.java:335) ~[?:?]
	at java.beans.PropertyChangeSupport.firePropertyChange(PropertyChangeSupport.java:268) ~[?:?]
	at com.st.microxplorer.util.MXPropertyChangeSupport.firePropertyChange(MXPropertyChangeSupport.java:54) ~[STM32CubeMX.jar:?]
	at com.st.microxplorer.mxsystem.MxSystem.closeConfig(MxSystem.java:899) ~[STM32CubeMX.jar:?]
	at com.st.microxplorer.maingui.MainPanel.closeConfig(MainPanel.java:789) ~[STM32CubeMX.jar:?]
	at com.st.microxplorer.plugins.filemanager.engine.OpenFileManager.loadConfigurationFile(OpenFileManager.java:265) ~[filemanager.jar:?]
	at com.st.microxplorer.plugins.filemanager.engine.MainFileManager.userLoadConfig(MainFileManager.java:340) ~[filemanager.jar:?]
	at com.st.microxplorer.plugins.filemanager.engine.MainFileManager.userLoadConfig(MainFileManager.java:318) ~[filemanager.jar:?]
	at com.st.microxplorer.plugins.filemanager.FileManagerView.getSpecificTask(FileManagerView.java:246) ~[filemanager.jar:?]
	at com.st.stm32cube.common.mx.editor.CubeMxEditor.getMxTabbedPaneInstance(CubeMxEditor.java:1198) ~[com.st.stm32cube.common.mx_6.13.0.202411220809/:?]
	at com.st.stm32cube.common.mx.editor.CubeMxEditor$12$1.createSwingComponent(CubeMxEditor.java:1068) ~[com.st.stm32cube.common.mx_6.13.0.202411220809/:?]
	at com.st.stm32cube.common.mx.oss.core.awtswtbridge.EmbeddedSwingComposite.doComponentCreation(EmbeddedSwingComposite.java:492) ~[com.st.stm32cube.common.mx.oss_6.13.0.202411220809/:?]
	at com.st.stm32cube.common.mx.oss.core.awtswtbridge.EmbeddedSwingComposite$4.run(EmbeddedSwingComposite.java:291) ~[com.st.stm32cube.common.mx.oss_6.13.0.202411220809/:?]
	at com.st.stm32cube.common.mx.oss.core.awtswtbridge.AwtEnvironment$2.run(AwtEnvironment.java:166) ~[com.st.stm32cube.common.mx.oss_6.13.0.202411220809/:?]
	at java.awt.event.InvocationEvent.dispatch(InvocationEvent.java:318) ~[?:?]
	at java.awt.EventQueue.dispatchEventImpl(EventQueue.java:773) ~[?:?]
	at java.awt.EventQueue$4.run(EventQueue.java:720) ~[?:?]
	at java.awt.EventQueue$4.run(EventQueue.java:714) ~[?:?]
	at java.security.AccessController.doPrivileged(AccessController.java:400) ~[?:?]
	at java.security.ProtectionDomain$JavaSecurityAccessImpl.doIntersectionPrivilege(ProtectionDomain.java:87) ~[?:?]
	at java.awt.EventQueue.dispatchEvent(EventQueue.java:742) ~[?:?]
	at java.awt.EventDispatchThread.pumpOneEventForFilters(EventDispatchThread.java:203) ~[?:?]
	at java.awt.EventDispatchThread.pumpEventsForFilter(EventDispatchThread.java:124) ~[?:?]
	at java.awt.EventDispatchThread.pumpEventsForHierarchy(EventDispatchThread.java:113) ~[?:?]
	at java.awt.EventDispatchThread.pumpEvents(EventDispatchThread.java:109) ~[?:?]
	at java.awt.EventDispatchThread.pumpEvents(EventDispatchThread.java:101) ~[?:?]
	at java.awt.EventDispatchThread.run(EventDispatchThread.java:90) ~[?:?]
2025-05-26 02:57:57,953 [WARN] ThirdParty:871 - waiting for thirdparty lock release [close project]
2025-05-26 02:57:57,953 [INFO] ThirdParty:873 - entering critical section [close project]
2025-05-26 02:57:57,953 [INFO] ThirdParty:883 - exiting critical section [close project]
2025-05-26 02:57:57,968 [INFO] PinOutPanel:1589 - setPackage(No Configuration,No Configuration)
2025-05-26 02:57:58,001 [WARN] IpParametersView:154 - Warning: This peripheral hasn't parameters
2025-05-26 02:57:58,012 [WARN] MainPanel:289 - <html><b><center>Warning: This peripheral has no parameters to be configured<br></b></html>
2025-05-26 02:57:58,015 [ERROR] MainPanel:599 - java.lang.IndexOutOfBoundsException: Index: 0, Tab count: 0
2025-05-26 02:57:58,022 [INFO] UtilMem:75 - Begin LoadConfig() Used Memory: 924265016 Bytes (1073741824)
2025-05-26 02:57:58,024 [INFO] MicroXplorer:468 - Change Database Path : 
2025-05-26 02:57:58,025 [INFO] MicroXplorer:498 - Change Database Version : DB.6.0.130
2025-05-26 02:57:58,025 [INFO] OpenFileManager:332 - Change cursor
2025-05-26 02:57:58,042 [INFO] Mcu:2035 - Initializing MCU STM32F103C(4-6)Tx STM32F103C6Tx STM32F103C6T6A
2025-05-26 02:57:58,676 [INFO] Context:748 - Trying to add GPIOservice into a context  which must be forbidden
2025-05-26 02:57:59,468 [INFO] RtosManager:555 - Registered RTOS mode: class=CMSIS, group=RTOS, mode=CMSIS_V1, owner=FREERTOS
2025-05-26 02:57:59,476 [INFO] RtosManager:555 - Registered RTOS mode: class=CMSIS, group=RTOS2, mode=CMSIS_V2, owner=FREERTOS
2025-05-26 02:57:59,478 [INFO] RtosManager:555 - Registered RTOS mode: class=RTOS, group=Core, mode=CMSIS_V1, owner=FREERTOS
2025-05-26 02:57:59,478 [INFO] RtosManager:555 - Registered RTOS mode: class=RTOS, group=Core, mode=CMSIS_V2, owner=FREERTOS
2025-05-26 02:57:59,478 [WARN] ModelIntegratedComponent:184 - Missing modes for component STMicroelectronics:FreeRTOS:0.0.1:STMicroelectronics:RTOS:FreeRTOS:Core:::10.2.0:
2025-05-26 02:57:59,484 [WARN] ModelIntegratedComponent:63 - No mode defined for component null
2025-05-26 02:57:59,484 [WARN] ModelIntegratedComponent:63 - No mode defined for component null
2025-05-26 02:57:59,484 [WARN] ModelIntegratedComponent:63 - No mode defined for component null
2025-05-26 02:57:59,484 [WARN] ModelIntegratedComponent:63 - No mode defined for component null
2025-05-26 02:57:59,484 [WARN] ModelIntegratedComponent:63 - No mode defined for component null
2025-05-26 02:57:59,484 [WARN] ModelIntegratedComponent:63 - No mode defined for component null
2025-05-26 02:57:59,484 [WARN] ModelIntegratedComponent:63 - No mode defined for component null
2025-05-26 02:57:59,485 [WARN] ModelIntegratedComponent:63 - No mode defined for component null
2025-05-26 02:57:59,485 [WARN] ModelIntegratedComponent:63 - No mode defined for component null
2025-05-26 02:57:59,485 [WARN] ModelIntegratedComponent:63 - No mode defined for component null
2025-05-26 02:57:59,485 [WARN] ModelIntegratedComponent:63 - No mode defined for component null
2025-05-26 02:57:59,485 [WARN] ModelIntegratedComponent:63 - No mode defined for component null
2025-05-26 02:57:59,485 [WARN] ModelIntegratedComponent:63 - No mode defined for component null
2025-05-26 02:57:59,485 [WARN] ModelIntegratedComponent:63 - No mode defined for component null
2025-05-26 02:57:59,485 [WARN] ModelIntegratedComponent:63 - No mode defined for component null
2025-05-26 02:57:59,485 [WARN] ModelIntegratedComponent:63 - No mode defined for component null
2025-05-26 02:57:59,485 [WARN] ModelIntegratedComponent:63 - No mode defined for component null
2025-05-26 02:57:59,485 [WARN] ModelIntegratedComponent:63 - No mode defined for component null
2025-05-26 02:57:59,485 [WARN] ModelIntegratedComponent:63 - No mode defined for component null
2025-05-26 02:57:59,485 [WARN] ModelIntegratedComponent:63 - No mode defined for component null
2025-05-26 02:57:59,485 [WARN] ModelIntegratedComponent:63 - No mode defined for component null
2025-05-26 02:57:59,485 [WARN] ModelIntegratedComponent:63 - No mode defined for component null
2025-05-26 02:57:59,485 [WARN] ModelIntegratedComponent:63 - No mode defined for component null
2025-05-26 02:57:59,485 [WARN] ModelIntegratedComponent:63 - No mode defined for component null
2025-05-26 02:57:59,485 [WARN] ModelIntegratedComponent:63 - No mode defined for component null
2025-05-26 02:57:59,485 [WARN] ModelIntegratedComponent:63 - No mode defined for component null
2025-05-26 02:57:59,485 [WARN] ModelIntegratedComponent:63 - No mode defined for component null
2025-05-26 02:57:59,485 [WARN] ModelIntegratedComponent:63 - No mode defined for component null
2025-05-26 02:57:59,485 [WARN] ModelIntegratedComponent:63 - No mode defined for component null
2025-05-26 02:57:59,485 [WARN] ModelIntegratedComponent:63 - No mode defined for component null
2025-05-26 02:57:59,485 [WARN] ModelIntegratedComponent:63 - No mode defined for component null
2025-05-26 02:57:59,485 [WARN] ModelIntegratedComponent:63 - No mode defined for component null
2025-05-26 02:57:59,485 [WARN] ModelIntegratedComponent:63 - No mode defined for component null
2025-05-26 02:57:59,485 [WARN] ModelIntegratedComponent:63 - No mode defined for component null
2025-05-26 02:57:59,485 [WARN] ModelIntegratedComponent:63 - No mode defined for component null
2025-05-26 02:57:59,486 [WARN] ModelPack:524 - Component already loaded: STMicroelectronics:HAL Drivers:0.0.0:STMicroelectronics:Device:STMicro_Driver:XSPI:HAL::0.0.1:HAL_XSPI
2025-05-26 02:57:59,537 [INFO] ThirdPartyModel:298 - Start build external matchings
2025-05-26 02:57:59,950 [INFO] ThirdPartyModel:316 - End build external matchings
2025-05-26 02:57:59,971 [INFO] RtosManager:922 - Current active RTOS is FREERTOS [Cortex-M3NS]
2025-05-26 02:57:59,996 [WARN] IP:2251 - I2C_Coeff_DF not found: check if there is a RefParameter without a condition.
2025-05-26 02:57:59,996 [WARN] IP:2251 - Analog_Filter not found: check if there is a RefParameter without a condition.
2025-05-26 02:57:59,996 [INFO] ImportTextPane:218 - (OptionalMessage_ERROR) IP (RCC) : Invalid parameter (FamilyName)
2025-05-26 02:57:59,997 [INFO] ImportTextPane:218 - (OptionalMessage_ERROR) IP (RCC) : Parameter (MCOFreq_Value) has invalid value (72000000)
2025-05-26 02:57:59,997 [INFO] ImportTextPane:218 - (OptionalMessage_ERROR) IP (RCC) : Parameter (USBFreq_Value) has invalid value (72000000)
2025-05-26 02:58:00,201 [INFO] UtilMem:75 - End LoadConfig() Used Memory: 848371656 Bytes (1073741824)
2025-05-26 02:58:00,293 [WARN] ThirdParty:833 - waiting for thirdparty lock release [change project]
2025-05-26 02:58:00,300 [INFO] ThirdParty:835 - entering critical section [change project]
2025-05-26 02:58:00,300 [INFO] ThirdParty:1030 - CMSIS Pack Vendor :STMicroelectronics USBPD 4.1
2025-05-26 02:58:00,300 [INFO] ThirdParty:1030 - CMSIS Pack Vendor :STMicroelectronics X-CUBE-AZRTOS-H7 3.3.0
2025-05-26 02:58:00,300 [INFO] ThirdParty:1030 - CMSIS Pack Vendor :STMicroelectronics X-CUBE-NFC9 1.0.0
2025-05-26 02:58:00,300 [INFO] ThirdParty:1030 - CMSIS Pack Vendor :STMicroelectronics USB_HOST 2.0.0
2025-05-26 02:58:00,300 [INFO] ThirdParty:1030 - CMSIS Pack Vendor :STMicroelectronics FP-SNS-MOTENVWB1 1.4.0
2025-05-26 02:58:00,300 [INFO] ThirdParty:1030 - CMSIS Pack Vendor :STMicroelectronics X-CUBE-AZRTOS-F4 1.1.0
2025-05-26 02:58:00,300 [INFO] ThirdParty:1030 - CMSIS Pack Vendor :STMicroelectronics LIBJPEG 8.0.0
2025-05-26 02:58:00,300 [INFO] ThirdParty:1030 - CMSIS Pack Vendor :STMicroelectronics FP-ATR-ASTRA1 2.0.2
2025-05-26 02:58:00,300 [INFO] ThirdParty:1030 - CMSIS Pack Vendor :STMicroelectronics FP-ATR-ASTRA1 2.0.1
2025-05-26 02:58:00,300 [INFO] ThirdParty:1030 - CMSIS Pack Vendor :STMicroelectronics X-CUBE-BLE1 7.1.0
2025-05-26 02:58:00,300 [INFO] ThirdParty:1030 - CMSIS Pack Vendor :Avnet-IotConnect X-CUBE-IoTC-DA16k-PMOD 1.0.0
2025-05-26 02:58:00,300 [INFO] ThirdParty:1030 - CMSIS Pack Vendor :STMicroelectronics X-CUBE-SMBUS 2.1.0
2025-05-26 02:58:00,300 [INFO] ThirdParty:1030 - CMSIS Pack Vendor :STMicroelectronics X-CUBE-WB05N 1.1.0
2025-05-26 02:58:00,300 [INFO] ThirdParty:1030 - CMSIS Pack Vendor :STMicroelectronics USB_DEVICE 3.0.0
2025-05-26 02:58:00,300 [INFO] ThirdParty:1030 - CMSIS Pack Vendor :STMicroelectronics X-CUBE-ISPU 2.1.0
2025-05-26 02:58:00,300 [INFO] ThirdParty:1030 - CMSIS Pack Vendor :STMicroelectronics X-CUBE-AZRTOS-WB 2.0.0
2025-05-26 02:58:00,300 [INFO] ThirdParty:1030 - CMSIS Pack Vendor :STMicroelectronics X-CUBE-GNSS1 7.0.1
2025-05-26 02:58:00,300 [INFO] ThirdParty:1030 - CMSIS Pack Vendor :STMicroelectronics X-CUBE-AZRTOS-F7 1.1.0
2025-05-26 02:58:00,300 [INFO] ThirdParty:1030 - CMSIS Pack Vendor :STMicroelectronics X-CUBE-AZRTOS-L5 2.0.0
2025-05-26 02:58:00,300 [INFO] ThirdParty:1030 - CMSIS Pack Vendor :STMicroelectronics X-CUBE-TOUCHGFX 4.25.0
2025-05-26 02:58:00,300 [INFO] ThirdParty:1030 - CMSIS Pack Vendor :STMicroelectronics USB_DEVICE 2.0.0
2025-05-26 02:58:00,300 [INFO] ThirdParty:1030 - CMSIS Pack Vendor :STMicroelectronics X-CUBE-NFC6 3.1.0
2025-05-26 02:58:00,300 [INFO] ThirdParty:1030 - CMSIS Pack Vendor :STMicroelectronics FP-SNS-STBOX1 2.0.0
2025-05-26 02:58:00,300 [INFO] ThirdParty:1030 - CMSIS Pack Vendor :STMicroelectronics X-CUBE-MEMS1 11.2.0
2025-05-26 02:58:00,301 [INFO] ThirdParty:1030 - CMSIS Pack Vendor :STMicroelectronics FreeRTOS 0.0.1
2025-05-26 02:58:00,301 [INFO] ThirdParty:1030 - CMSIS Pack Vendor :STMicroelectronics X-CUBE-AZRTOS-G0 1.1.0
2025-05-26 02:58:00,301 [INFO] ThirdParty:1030 - CMSIS Pack Vendor :STMicroelectronics X-CUBE-SAFEA1 1.2.2
2025-05-26 02:58:00,301 [INFO] ThirdParty:1030 - CMSIS Pack Vendor :STMicroelectronics X-CUBE-NFC4 3.0.0
2025-05-26 02:58:00,301 [INFO] ThirdParty:1030 - CMSIS Pack Vendor :STMicroelectronics X-CUBE-DPower 1.2.0
2025-05-26 02:58:00,301 [INFO] ThirdParty:1030 - CMSIS Pack Vendor :STMicroelectronics X-CUBE-SUBG2 5.0.0
2025-05-26 02:58:00,301 [INFO] ThirdParty:1030 - CMSIS Pack Vendor :STMicroelectronics X-CUBE-AZRTOS-H7RS 1.1.0
2025-05-26 02:58:00,301 [INFO] ThirdParty:1030 - CMSIS Pack Vendor :STMicroelectronics STM32_WPAN 1.0.0
2025-05-26 02:58:00,301 [INFO] ThirdParty:1030 - CMSIS Pack Vendor :EmbeddedOffice I-CUBE-FS-RTOS 1.0.1
2025-05-26 02:58:00,301 [INFO] ThirdParty:1030 - CMSIS Pack Vendor :STMicroelectronics lwIP 2.0.3
2025-05-26 02:58:00,301 [INFO] ThirdParty:1030 - CMSIS Pack Vendor :STMicroelectronics FP-SNS-FLIGHT1 5.0.2
2025-05-26 02:58:00,301 [INFO] ThirdParty:1030 - CMSIS Pack Vendor :Cesanta I-CUBE-Mongoose 7.13.0
2025-05-26 02:58:00,301 [INFO] ThirdParty:1030 - CMSIS Pack Vendor :STMicroelectronics USB_HOST 1.0.0
2025-05-26 02:58:00,301 [INFO] ThirdParty:1030 - CMSIS Pack Vendor :Infineon AIROC-Wi-Fi-Bluetooth-STM32 1.7.0
2025-05-26 02:58:00,301 [INFO] ThirdParty:1030 - CMSIS Pack Vendor :STMicroelectronics X-CUBE-AZRTOS-G4 2.0.0
2025-05-26 02:58:00,301 [INFO] ThirdParty:1030 - CMSIS Pack Vendor :STMicroelectronics X-CUBE-WB05N 2.0.0
2025-05-26 02:58:00,301 [INFO] ThirdParty:1030 - CMSIS Pack Vendor :STMicroelectronics PDM2PCM 3.1.0
2025-05-26 02:58:00,301 [INFO] ThirdParty:1030 - CMSIS Pack Vendor :STMicroelectronics PDM2PCM 3.3.0
2025-05-26 02:58:00,301 [INFO] ThirdParty:1030 - CMSIS Pack Vendor :STMicroelectronics X-CUBE-DISPLAY 3.0.0
2025-05-26 02:58:00,301 [INFO] ThirdParty:1030 - CMSIS Pack Vendor :STMicroelectronics X-CUBE-NFC7 2.0.0
2025-05-26 02:58:00,301 [INFO] ThirdParty:1030 - CMSIS Pack Vendor :STMicroelectronics X-CUBE-TCPP 4.2.0
2025-05-26 02:58:00,301 [INFO] ThirdParty:1030 - CMSIS Pack Vendor :RealThread X-CUBE-RT-Thread_Nano 4.1.1
2025-05-26 02:58:00,301 [INFO] ThirdParty:1030 - CMSIS Pack Vendor :STMicroelectronics X-CUBE-BLE1 7.0.0
2025-05-26 02:58:00,301 [INFO] ThirdParty:1030 - CMSIS Pack Vendor :STMicroelectronics FP-ATR-SIGFOX1 3.2.0
2025-05-26 02:58:00,301 [INFO] ThirdParty:1030 - CMSIS Pack Vendor :STMicroelectronics X-CUBE-NFC10 1.0.0
2025-05-26 02:58:00,301 [INFO] ThirdParty:1030 - CMSIS Pack Vendor :quantropi X-CUBE-qispace-sdk-base 1.9.3
2025-05-26 02:58:00,301 [INFO] ThirdParty:1030 - CMSIS Pack Vendor :STMicroelectronics X-CUBE-BLEMGR 4.0.0
2025-05-26 02:58:00,301 [INFO] ThirdParty:1030 - CMSIS Pack Vendor :STMicroelectronics X-CUBE-EEPRMA1 5.1.0
2025-05-26 02:58:00,301 [INFO] ThirdParty:1030 - CMSIS Pack Vendor :STMicroelectronics X-CUBE-FREERTOS 1.3.1
2025-05-26 02:58:00,301 [INFO] ThirdParty:1030 - CMSIS Pack Vendor :STMicroelectronics HAL Drivers 0.0.0
2025-05-26 02:58:00,301 [INFO] ThirdParty:1030 - CMSIS Pack Vendor :STMicroelectronics MBEDTLS 2.16.2
2025-05-26 02:58:00,301 [INFO] ThirdParty:1030 - CMSIS Pack Vendor :STMicroelectronics X-CUBE-IPS 3.1.0
2025-05-26 02:58:00,301 [INFO] ThirdParty:1030 - CMSIS Pack Vendor :STMicroelectronics X-CUBE-ALS 1.0.2
2025-05-26 02:58:00,301 [INFO] ThirdParty:1030 - CMSIS Pack Vendor :emotas I-CUBE-CANOPEN 1.3.0
2025-05-26 02:58:00,301 [INFO] ThirdParty:1030 - CMSIS Pack Vendor :STMicroelectronics X-CUBE-FREERTOS 1.3.0
2025-05-26 02:58:00,301 [INFO] ThirdParty:1030 - CMSIS Pack Vendor :wolfSSL I-CUBE-wolfSSL 5.7.4
2025-05-26 02:58:00,301 [INFO] ThirdParty:1030 - CMSIS Pack Vendor :STMicroelectronics X-CUBE-NFC7 1.0.1
2025-05-26 02:58:00,301 [INFO] ThirdParty:1030 - CMSIS Pack Vendor :STMicroelectronics MBEDTLS 2.14.1
2025-05-26 02:58:00,301 [INFO] ThirdParty:1030 - CMSIS Pack Vendor :ITTIA_DB I-CUBE-ITTIADB 8.9.0
2025-05-26 02:58:00,301 [INFO] ThirdParty:1030 - CMSIS Pack Vendor :STMicroelectronics X-CUBE-TOUCHGFX 4.24.2
2025-05-26 02:58:00,301 [INFO] ThirdParty:1030 - CMSIS Pack Vendor :wolfSSL I-CUBE-wolfTPM 3.4.0
2025-05-26 02:58:00,301 [INFO] ThirdParty:1030 - CMSIS Pack Vendor :portGmbH I-Cube-SoM-uGOAL 1.1.0
2025-05-26 02:58:00,301 [INFO] ThirdParty:1030 - CMSIS Pack Vendor :STMicroelectronics X-CUBE-AI 10.0.0
2025-05-26 02:58:00,301 [INFO] ThirdParty:1030 - CMSIS Pack Vendor :STMicroelectronics ThreadX 1.0.0
2025-05-26 02:58:00,301 [INFO] ThirdParty:1030 - CMSIS Pack Vendor :STMicroelectronics FP-SNS-SMARTAG2 1.2.0
2025-05-26 02:58:00,301 [INFO] ThirdParty:1030 - CMSIS Pack Vendor :STMicroelectronics FP-SNS-FLIGHT1 5.1.0
2025-05-26 02:58:00,301 [INFO] ThirdParty:1030 - CMSIS Pack Vendor :STMicroelectronics X-CUBE-MEMS1 11.1.0
2025-05-26 02:58:00,301 [INFO] ThirdParty:1030 - CMSIS Pack Vendor :STMicroelectronics X-CUBE-AZRTOS-WL 2.0.0
2025-05-26 02:58:00,301 [INFO] ThirdParty:1030 - CMSIS Pack Vendor :SEGGER I-CUBE-embOS 1.3.1
2025-05-26 02:58:00,301 [INFO] ThirdParty:1030 - CMSIS Pack Vendor :STMicroelectronics X-CUBE-ALGOBUILD 1.4.0
2025-05-26 02:58:00,301 [INFO] ThirdParty:1030 - CMSIS Pack Vendor :STMicroelectronics X-CUBE-DPower 1.3.0
2025-05-26 02:58:00,301 [INFO] ThirdParty:1030 - CMSIS Pack Vendor :STMicroelectronics FP-SNS-MOTENV1 5.0.0
2025-05-26 02:58:00,301 [INFO] ThirdParty:1030 - CMSIS Pack Vendor :STMicroelectronics USB_DEVICE 1.0.0
2025-05-26 02:58:00,301 [INFO] ThirdParty:1030 - CMSIS Pack Vendor :STMicroelectronics X-CUBE-AZRTOS-H7RS 1.0.0
2025-05-26 02:58:00,301 [INFO] ThirdParty:1030 - CMSIS Pack Vendor :wolfSSL I-CUBE-wolfMQTT 1.19.0
2025-05-26 02:58:00,301 [INFO] ThirdParty:1030 - CMSIS Pack Vendor :STMicroelectronics X-CUBE-AZRTOS-L4 2.0.0
2025-05-26 02:58:00,301 [INFO] ThirdParty:1030 - CMSIS Pack Vendor :STMicroelectronics ThreadX 0.0.2
2025-05-26 02:58:00,301 [INFO] ThirdParty:1030 - CMSIS Pack Vendor :WES I-CUBE-Cesium 1.3.0
2025-05-26 02:58:00,301 [INFO] ThirdParty:1030 - CMSIS Pack Vendor :STMicroelectronics lwIP 2.1.2
2025-05-26 02:58:00,301 [INFO] ThirdParty:1030 - CMSIS Pack Vendor :STMicroelectronics X-CUBE-SFXS2LP1 4.0.0
2025-05-26 02:58:00,301 [INFO] ThirdParty:1030 - CMSIS Pack Vendor :STMicroelectronics X-CUBE-BLE2 3.3.0
2025-05-26 02:58:00,301 [INFO] ThirdParty:1030 - CMSIS Pack Vendor :STMicroelectronics X-CUBE-TOF1 3.4.2
2025-05-26 02:58:00,301 [INFO] ThirdParty:1030 - CMSIS Pack Vendor :STMicroelectronics X-CUBE-TOF1 3.4.3
2025-05-26 02:58:00,301 [INFO] ThirdParty:1030 - CMSIS Pack Vendor :STMicroelectronics X-CUBE-AI 9.1.0
2025-05-26 02:58:00,301 [INFO] ThirdParty:1030 - CMSIS Pack Vendor :STMicroelectronics PDM2PCM 3.2.0
2025-05-26 02:58:00,301 [INFO] ThirdParty:1030 - CMSIS Pack Vendor :wolfSSL I-CUBE-wolfSSH 1.4.17
2025-05-26 02:58:00,302 [INFO] ThirdParty:841 - exiting critical section [change project]
2025-05-26 02:58:00,711 [INFO] PinOutPanel:1589 - setPackage(No Configuration,No Configuration)
2025-05-26 02:58:00,713 [INFO] PinOutPanel:1589 - setPackage(STM32F103C6Tx,LQFP48)
2025-05-26 02:58:01,092 [INFO] UtilMem:75 - Before build in PCC Used Memory: 941241160 Bytes (1073741824)
2025-05-26 02:58:01,383 [INFO] UtilMem:75 - After build in PCC Used Memory: 982661960 Bytes (1073741824)
2025-05-26 02:58:01,396 [INFO] ApiDbMcu:508 - Load IP Config File for FREERTOS
2025-05-26 02:58:01,428 [INFO] IPUIPlugin:80 - create IPUIPlugin
2025-05-26 02:58:01,428 [INFO] IPUIPlugin:80 - create IPUIPlugin
2025-05-26 02:58:01,434 [INFO] IPUIPlugin:80 - create IPUIPlugin
2025-05-26 02:58:01,435 [INFO] IPUIPlugin:80 - create IPUIPlugin
2025-05-26 02:58:01,435 [INFO] IPUIPlugin:80 - create IPUIPlugin
2025-05-26 02:58:01,435 [INFO] IPUIPlugin:80 - create IPUIPlugin
2025-05-26 02:58:01,435 [INFO] IPUIPlugin:80 - create IPUIPlugin
2025-05-26 02:58:01,435 [INFO] IPUIPlugin:80 - create IPUIPlugin
2025-05-26 02:58:01,435 [INFO] IPUIPlugin:80 - create IPUIPlugin
2025-05-26 02:58:01,435 [INFO] IPUIPlugin:80 - create IPUIPlugin
2025-05-26 02:58:01,435 [INFO] IPUIPlugin:80 - create IPUIPlugin
2025-05-26 02:58:01,436 [INFO] IPUIPlugin:80 - create IPUIPlugin
2025-05-26 02:58:01,436 [INFO] IPUIPlugin:80 - create IPUIPlugin
2025-05-26 02:58:01,436 [INFO] IPUIPlugin:80 - create IPUIPlugin
2025-05-26 02:58:01,436 [INFO] IPUIPlugin:80 - create IPUIPlugin
2025-05-26 02:58:01,436 [INFO] IPUIPlugin:80 - create IPUIPlugin
2025-05-26 02:58:01,436 [INFO] IPUIPlugin:80 - create IPUIPlugin
2025-05-26 02:58:01,436 [INFO] IPUIPlugin:80 - create IPUIPlugin
2025-05-26 02:58:01,436 [INFO] IPUIPlugin:80 - create IPUIPlugin
2025-05-26 02:58:01,436 [INFO] IPUIPlugin:80 - create IPUIPlugin
2025-05-26 02:58:01,437 [INFO] IPUIPlugin:80 - create IPUIPlugin
2025-05-26 02:58:01,437 [INFO] IPUIPlugin:80 - create IPUIPlugin
2025-05-26 02:58:01,437 [INFO] IPUIPlugin:80 - create IPUIPlugin
2025-05-26 02:58:01,441 [WARN] IP:2251 - I2C_Coeff_DF not found: check if there is a RefParameter without a condition.
2025-05-26 02:58:01,442 [WARN] IP:2251 - Analog_Filter not found: check if there is a RefParameter without a condition.
2025-05-26 02:58:01,458 [WARN] FreeRTOS:1023 - Null or empty value: should not occur! (nothing added to the table)
2025-05-26 02:58:01,562 [INFO] CADModel:165 - CPN selected for project levelSTM32F103C6T6A
2025-05-26 02:58:01,563 [INFO] CADModel:114 - Register for checkConnection events
2025-05-26 02:58:01,567 [INFO] RtosManager:697 - Active RTOS found at IOC load: FREERTOS [Cortex-M3NS]
2025-05-26 02:58:01,621 [INFO] OpenFileManager:363 - Restore cursor
2025-05-26 02:58:01,867 [WARN] IP:2251 - I2C_Coeff_DF not found: check if there is a RefParameter without a condition.
2025-05-26 02:58:01,867 [WARN] IP:2251 - Analog_Filter not found: check if there is a RefParameter without a condition.
2025-05-26 02:58:01,867 [WARN] IP:2251 - I2C_Coeff_DF not found: check if there is a RefParameter without a condition.
2025-05-26 02:58:01,867 [WARN] IP:2251 - Analog_Filter not found: check if there is a RefParameter without a condition.
2025-05-26 03:13:44,704 [INFO] MainUpdater:2872 - connection check result : 10
2025-05-26 03:13:44,706 [INFO] MainUpdater:2872 - connection check result : 10
2025-05-26 03:13:45,345 [INFO] MicroXplorer:468 - Change Database Path : 
2025-05-26 03:13:45,346 [INFO] MicroXplorer:498 - Change Database Version : DB.6.0.130
2025-05-26 03:13:45,387 [ERROR] ProjectManagerView:394 - 
java.lang.NullPointerException: Cannot invoke "javax.swing.JTextField.getText()" because the return value of "java.util.List.get(int)" is null
	at com.st.microxplorer.plugins.projectmanager.gui.ProjectChoiceTab$9.caretUpdate(ProjectChoiceTab.java:2616) ~[filemanager.jar:?]
	at javax.swing.text.JTextComponent.fireCaretUpdate(JTextComponent.java:408) ~[?:?]
	at javax.swing.text.JTextComponent$MutableCaretEvent.fire(JTextComponent.java:4484) ~[?:?]
	at javax.swing.text.JTextComponent$MutableCaretEvent.stateChanged(JTextComponent.java:4506) ~[?:?]
	at javax.swing.text.DefaultCaret.fireStateChanged(DefaultCaret.java:857) ~[?:?]
	at javax.swing.text.DefaultCaret.changeCaretPosition(DefaultCaret.java:1343) ~[?:?]
	at javax.swing.text.DefaultCaret.handleSetDot(DefaultCaret.java:1242) ~[?:?]
	at javax.swing.text.DefaultCaret.setDot(DefaultCaret.java:1223) ~[?:?]
	at javax.swing.text.DefaultCaret$Handler.insertUpdate(DefaultCaret.java:1819) ~[?:?]
	at javax.swing.text.AbstractDocument.fireInsertUpdate(AbstractDocument.java:227) ~[?:?]
	at javax.swing.text.AbstractDocument.handleInsertString(AbstractDocument.java:781) ~[?:?]
	at javax.swing.text.AbstractDocument.insertString(AbstractDocument.java:740) ~[?:?]
	at javax.swing.text.PlainDocument.insertString(PlainDocument.java:131) ~[?:?]
	at javax.swing.text.AbstractDocument.replace(AbstractDocument.java:699) ~[?:?]
	at javax.swing.text.JTextComponent.setText(JTextComponent.java:1725) ~[?:?]
	at com.st.microxplorer.plugins.projectmanager.gui.ProjectChoiceTab.createHeapStackFields(ProjectChoiceTab.java:975) ~[filemanager.jar:?]
	at com.st.microxplorer.plugins.projectmanager.gui.ProjectChoiceTab.buildLinkSettingsPanel(ProjectChoiceTab.java:3666) ~[filemanager.jar:?]
	at com.st.microxplorer.plugins.projectmanager.gui.ProjectChoiceTab.defineWindowsFields(ProjectChoiceTab.java:1934) ~[filemanager.jar:?]
	at com.st.microxplorer.plugins.projectmanager.gui.ProjectChoiceTab.updateSettings(ProjectChoiceTab.java:553) ~[filemanager.jar:?]
	at com.st.microxplorer.plugins.projectmanager.gui.ProjectSettingsPanel.UpdateDialog(ProjectSettingsPanel.java:245) ~[filemanager.jar:?]
	at com.st.microxplorer.plugins.projectmanager.ProjectManagerView.propertyChange(ProjectManagerView.java:391) ~[filemanager.jar:?]
	at java.beans.PropertyChangeSupport.fire(PropertyChangeSupport.java:343) ~[?:?]
	at java.beans.PropertyChangeSupport.firePropertyChange(PropertyChangeSupport.java:335) ~[?:?]
	at java.beans.PropertyChangeSupport.firePropertyChange(PropertyChangeSupport.java:268) ~[?:?]
	at com.st.microxplorer.util.MXPropertyChangeSupport.firePropertyChange(MXPropertyChangeSupport.java:54) ~[STM32CubeMX.jar:?]
	at com.st.microxplorer.mxsystem.MxSystem.closeConfig(MxSystem.java:899) ~[STM32CubeMX.jar:?]
	at com.st.microxplorer.maingui.MainPanel.closeConfig(MainPanel.java:789) ~[STM32CubeMX.jar:?]
	at com.st.microxplorer.plugins.filemanager.engine.OpenFileManager.loadConfigurationFile(OpenFileManager.java:265) ~[filemanager.jar:?]
	at com.st.microxplorer.plugins.filemanager.engine.MainFileManager.userLoadConfig(MainFileManager.java:340) ~[filemanager.jar:?]
	at com.st.microxplorer.plugins.filemanager.engine.MainFileManager.userLoadConfig(MainFileManager.java:318) ~[filemanager.jar:?]
	at com.st.microxplorer.plugins.filemanager.FileManagerView.getSpecificTask(FileManagerView.java:246) ~[filemanager.jar:?]
	at com.st.stm32cube.common.mx.editor.CubeMxEditor.getMxTabbedPaneInstance(CubeMxEditor.java:1198) ~[com.st.stm32cube.common.mx_6.13.0.202411220809/:?]
	at com.st.stm32cube.common.mx.editor.CubeMxEditor$12$1.createSwingComponent(CubeMxEditor.java:1068) ~[com.st.stm32cube.common.mx_6.13.0.202411220809/:?]
	at com.st.stm32cube.common.mx.oss.core.awtswtbridge.EmbeddedSwingComposite.doComponentCreation(EmbeddedSwingComposite.java:492) ~[com.st.stm32cube.common.mx.oss_6.13.0.202411220809/:?]
	at com.st.stm32cube.common.mx.oss.core.awtswtbridge.EmbeddedSwingComposite$4.run(EmbeddedSwingComposite.java:291) ~[com.st.stm32cube.common.mx.oss_6.13.0.202411220809/:?]
	at com.st.stm32cube.common.mx.oss.core.awtswtbridge.AwtEnvironment$2.run(AwtEnvironment.java:166) ~[com.st.stm32cube.common.mx.oss_6.13.0.202411220809/:?]
	at java.awt.event.InvocationEvent.dispatch(InvocationEvent.java:318) ~[?:?]
	at java.awt.EventQueue.dispatchEventImpl(EventQueue.java:773) ~[?:?]
	at java.awt.EventQueue$4.run(EventQueue.java:720) ~[?:?]
	at java.awt.EventQueue$4.run(EventQueue.java:714) ~[?:?]
	at java.security.AccessController.doPrivileged(AccessController.java:400) ~[?:?]
	at java.security.ProtectionDomain$JavaSecurityAccessImpl.doIntersectionPrivilege(ProtectionDomain.java:87) ~[?:?]
	at java.awt.EventQueue.dispatchEvent(EventQueue.java:742) ~[?:?]
	at java.awt.EventDispatchThread.pumpOneEventForFilters(EventDispatchThread.java:203) ~[?:?]
	at java.awt.EventDispatchThread.pumpEventsForFilter(EventDispatchThread.java:124) ~[?:?]
	at java.awt.EventDispatchThread.pumpEventsForHierarchy(EventDispatchThread.java:113) ~[?:?]
	at java.awt.EventDispatchThread.pumpEvents(EventDispatchThread.java:109) ~[?:?]
	at java.awt.EventDispatchThread.pumpEvents(EventDispatchThread.java:101) ~[?:?]
	at java.awt.EventDispatchThread.run(EventDispatchThread.java:90) ~[?:?]
2025-05-26 03:13:45,391 [WARN] ThirdParty:871 - waiting for thirdparty lock release [close project]
2025-05-26 03:13:45,391 [INFO] ThirdParty:873 - entering critical section [close project]
2025-05-26 03:13:45,391 [INFO] ThirdParty:883 - exiting critical section [close project]
2025-05-26 03:13:45,401 [INFO] PinOutPanel:1589 - setPackage(No Configuration,No Configuration)
2025-05-26 03:13:45,416 [INFO] UtilMem:75 - Begin LoadConfig() Used Memory: 865416896 Bytes (1073741824)
2025-05-26 03:13:45,419 [INFO] MicroXplorer:468 - Change Database Path : 
2025-05-26 03:13:45,419 [INFO] MicroXplorer:498 - Change Database Version : DB.6.0.130
2025-05-26 03:13:45,420 [INFO] OpenFileManager:332 - Change cursor
2025-05-26 03:13:45,522 [INFO] Mcu:2035 - Initializing MCU STM32F411C(C-E)Ux STM32F411CEUx STM32F411CEU6
2025-05-26 03:13:46,965 [INFO] Context:748 - Trying to add GPIOservice into a context  which must be forbidden
2025-05-26 03:13:48,460 [INFO] RtosManager:555 - Registered RTOS mode: class=CMSIS, group=RTOS, mode=CMSIS_V1, owner=FREERTOS
2025-05-26 03:13:48,464 [INFO] RtosManager:555 - Registered RTOS mode: class=CMSIS, group=RTOS2, mode=CMSIS_V2, owner=FREERTOS
2025-05-26 03:13:48,466 [INFO] RtosManager:555 - Registered RTOS mode: class=RTOS, group=Core, mode=CMSIS_V1, owner=FREERTOS
2025-05-26 03:13:48,466 [INFO] RtosManager:555 - Registered RTOS mode: class=RTOS, group=Core, mode=CMSIS_V2, owner=FREERTOS
2025-05-26 03:13:48,467 [WARN] ModelIntegratedComponent:184 - Missing modes for component STMicroelectronics:FreeRTOS:0.0.1:STMicroelectronics:RTOS:FreeRTOS:Core:::10.2.0:
2025-05-26 03:13:48,483 [WARN] ModelIntegratedComponent:182 - Modes not found for component STMicroelectronics:USB_HOST:1.0.0:STMicroelectronics:USB::USB Host:Audio HS::1.0:USB_HOST_1_0_RESTRICTED_HS
2025-05-26 03:13:48,484 [WARN] ModelIntegratedComponent:188 - Modes not found for component STMicroelectronics:USB_HOST:1.0.0:STMicroelectronics:USB::USB Host:Audio HS::1.0:USB_HOST_1_0_RESTRICTED_HS
2025-05-26 03:13:48,484 [WARN] ModelIntegratedComponent:182 - Modes not found for component STMicroelectronics:USB_HOST:1.0.0:STMicroelectronics:USB::USB Host:CDC HS::1.0:USB_HOST_1_0_RESTRICTED_HS
2025-05-26 03:13:48,484 [WARN] ModelIntegratedComponent:188 - Modes not found for component STMicroelectronics:USB_HOST:1.0.0:STMicroelectronics:USB::USB Host:CDC HS::1.0:USB_HOST_1_0_RESTRICTED_HS
2025-05-26 03:13:48,485 [WARN] ModelIntegratedComponent:182 - Modes not found for component STMicroelectronics:USB_HOST:1.0.0:STMicroelectronics:USB::USB Host:MSC HS::1.0:USB_HOST_1_0_RESTRICTED_HS
2025-05-26 03:13:48,485 [WARN] ModelIntegratedComponent:188 - Modes not found for component STMicroelectronics:USB_HOST:1.0.0:STMicroelectronics:USB::USB Host:MSC HS::1.0:USB_HOST_1_0_RESTRICTED_HS
2025-05-26 03:13:48,485 [WARN] ModelIntegratedComponent:182 - Modes not found for component STMicroelectronics:USB_HOST:1.0.0:STMicroelectronics:USB::USB Host:HID HS::1.0:USB_HOST_1_0_RESTRICTED_HS
2025-05-26 03:13:48,485 [WARN] ModelIntegratedComponent:188 - Modes not found for component STMicroelectronics:USB_HOST:1.0.0:STMicroelectronics:USB::USB Host:HID HS::1.0:USB_HOST_1_0_RESTRICTED_HS
2025-05-26 03:13:48,485 [WARN] ModelIntegratedComponent:182 - Modes not found for component STMicroelectronics:USB_HOST:1.0.0:STMicroelectronics:USB::USB Host:MTP HS::1.0:USB_HOST_1_0_RESTRICTED_HS
2025-05-26 03:13:48,485 [WARN] ModelIntegratedComponent:188 - Modes not found for component STMicroelectronics:USB_HOST:1.0.0:STMicroelectronics:USB::USB Host:MTP HS::1.0:USB_HOST_1_0_RESTRICTED_HS
2025-05-26 03:13:48,493 [WARN] ModelIntegratedComponent:63 - No mode defined for component null
2025-05-26 03:13:48,494 [WARN] ModelIntegratedComponent:63 - No mode defined for component null
2025-05-26 03:13:48,494 [WARN] ModelIntegratedComponent:63 - No mode defined for component null
2025-05-26 03:13:48,494 [WARN] ModelIntegratedComponent:63 - No mode defined for component null
2025-05-26 03:13:48,494 [WARN] ModelIntegratedComponent:63 - No mode defined for component null
2025-05-26 03:13:48,495 [WARN] ModelIntegratedComponent:63 - No mode defined for component null
2025-05-26 03:13:48,495 [WARN] ModelIntegratedComponent:63 - No mode defined for component null
2025-05-26 03:13:48,496 [WARN] ModelIntegratedComponent:63 - No mode defined for component null
2025-05-26 03:13:48,496 [WARN] ModelIntegratedComponent:63 - No mode defined for component null
2025-05-26 03:13:48,496 [WARN] ModelIntegratedComponent:63 - No mode defined for component null
2025-05-26 03:13:48,497 [WARN] ModelIntegratedComponent:63 - No mode defined for component null
2025-05-26 03:13:48,497 [WARN] ModelIntegratedComponent:63 - No mode defined for component null
2025-05-26 03:13:48,497 [WARN] ModelIntegratedComponent:63 - No mode defined for component null
2025-05-26 03:13:48,497 [WARN] ModelIntegratedComponent:63 - No mode defined for component null
2025-05-26 03:13:48,497 [WARN] ModelIntegratedComponent:63 - No mode defined for component null
2025-05-26 03:13:48,497 [WARN] ModelIntegratedComponent:63 - No mode defined for component null
2025-05-26 03:13:48,497 [WARN] ModelIntegratedComponent:63 - No mode defined for component null
2025-05-26 03:13:48,497 [WARN] ModelIntegratedComponent:63 - No mode defined for component null
2025-05-26 03:13:48,497 [WARN] ModelIntegratedComponent:63 - No mode defined for component null
2025-05-26 03:13:48,497 [WARN] ModelIntegratedComponent:63 - No mode defined for component null
2025-05-26 03:13:48,497 [WARN] ModelIntegratedComponent:63 - No mode defined for component null
2025-05-26 03:13:48,497 [WARN] ModelIntegratedComponent:63 - No mode defined for component null
2025-05-26 03:13:48,497 [WARN] ModelIntegratedComponent:63 - No mode defined for component null
2025-05-26 03:13:48,498 [WARN] ModelIntegratedComponent:63 - No mode defined for component null
2025-05-26 03:13:48,498 [WARN] ModelIntegratedComponent:63 - No mode defined for component null
2025-05-26 03:13:48,498 [WARN] ModelIntegratedComponent:63 - No mode defined for component null
2025-05-26 03:13:48,498 [WARN] ModelIntegratedComponent:63 - No mode defined for component null
2025-05-26 03:13:48,498 [WARN] ModelIntegratedComponent:63 - No mode defined for component null
2025-05-26 03:13:48,499 [WARN] ModelIntegratedComponent:63 - No mode defined for component null
2025-05-26 03:13:48,501 [WARN] ModelIntegratedComponent:63 - No mode defined for component null
2025-05-26 03:13:48,503 [WARN] ModelIntegratedComponent:63 - No mode defined for component null
2025-05-26 03:13:48,505 [WARN] ModelIntegratedComponent:63 - No mode defined for component null
2025-05-26 03:13:48,507 [WARN] ModelIntegratedComponent:63 - No mode defined for component null
2025-05-26 03:13:48,508 [WARN] ModelIntegratedComponent:63 - No mode defined for component null
2025-05-26 03:13:48,509 [WARN] ModelIntegratedComponent:63 - No mode defined for component null
2025-05-26 03:13:48,510 [WARN] ModelPack:524 - Component already loaded: STMicroelectronics:HAL Drivers:0.0.0:STMicroelectronics:Device:STMicro_Driver:XSPI:HAL::0.0.1:HAL_XSPI
2025-05-26 03:13:48,712 [WARN] ModelIntegratedComponent:182 - Modes not found for component STMicroelectronics:USB_DEVICE:1.0.0:STMicroelectronics:USB::USB Device:Audio HS::1.0:USB_DEVICE_1_0_RESTRICTED_HS
2025-05-26 03:13:48,712 [WARN] ModelIntegratedComponent:188 - Modes not found for component STMicroelectronics:USB_DEVICE:1.0.0:STMicroelectronics:USB::USB Device:Audio HS::1.0:USB_DEVICE_1_0_RESTRICTED_HS
2025-05-26 03:13:48,713 [WARN] ModelIntegratedComponent:182 - Modes not found for component STMicroelectronics:USB_DEVICE:1.0.0:STMicroelectronics:USB::USB Device:CDC HS::1.0:USB_DEVICE_1_0_RESTRICTED_HS
2025-05-26 03:13:48,713 [WARN] ModelIntegratedComponent:188 - Modes not found for component STMicroelectronics:USB_DEVICE:1.0.0:STMicroelectronics:USB::USB Device:CDC HS::1.0:USB_DEVICE_1_0_RESTRICTED_HS
2025-05-26 03:13:48,713 [WARN] ModelIntegratedComponent:182 - Modes not found for component STMicroelectronics:USB_DEVICE:1.0.0:STMicroelectronics:USB::USB Device:DFU HS::1.0:USB_DEVICE_1_0_RESTRICTED_HS
2025-05-26 03:13:48,713 [WARN] ModelIntegratedComponent:188 - Modes not found for component STMicroelectronics:USB_DEVICE:1.0.0:STMicroelectronics:USB::USB Device:DFU HS::1.0:USB_DEVICE_1_0_RESTRICTED_HS
2025-05-26 03:13:48,713 [WARN] ModelIntegratedComponent:182 - Modes not found for component STMicroelectronics:USB_DEVICE:1.0.0:STMicroelectronics:USB::USB Device:HID HS::1.0:USB_DEVICE_1_0_RESTRICTED_HS
2025-05-26 03:13:48,713 [WARN] ModelIntegratedComponent:188 - Modes not found for component STMicroelectronics:USB_DEVICE:1.0.0:STMicroelectronics:USB::USB Device:HID HS::1.0:USB_DEVICE_1_0_RESTRICTED_HS
2025-05-26 03:13:48,713 [WARN] ModelIntegratedComponent:182 - Modes not found for component STMicroelectronics:USB_DEVICE:1.0.0:STMicroelectronics:USB::USB Device:Custom HID HS::1.0:USB_DEVICE_1_0_RESTRICTED_HS
2025-05-26 03:13:48,713 [WARN] ModelIntegratedComponent:188 - Modes not found for component STMicroelectronics:USB_DEVICE:1.0.0:STMicroelectronics:USB::USB Device:Custom HID HS::1.0:USB_DEVICE_1_0_RESTRICTED_HS
2025-05-26 03:13:48,714 [WARN] ModelIntegratedComponent:182 - Modes not found for component STMicroelectronics:USB_DEVICE:1.0.0:STMicroelectronics:USB::USB Device:MSC HS::1.0:USB_DEVICE_1_0_RESTRICTED_HS
2025-05-26 03:13:48,714 [WARN] ModelIntegratedComponent:188 - Modes not found for component STMicroelectronics:USB_DEVICE:1.0.0:STMicroelectronics:USB::USB Device:MSC HS::1.0:USB_DEVICE_1_0_RESTRICTED_HS
2025-05-26 03:13:48,743 [INFO] ThirdPartyModel:298 - Start build external matchings
2025-05-26 03:13:50,110 [INFO] ThirdPartyModel:316 - End build external matchings
2025-05-26 03:13:50,128 [INFO] RtosManager:922 - Current active RTOS is FREERTOS [Cortex-M4NS]
2025-05-26 03:13:50,140 [INFO] ImportTextPane:218 - (OptionalMessage_ERROR) IP (DMA) : Parameter (Instance) has Id (USART1_RX) currently not set
2025-05-26 03:13:50,141 [INFO] ImportTextPane:218 - (OptionalMessage_ERROR) IP (DMA) : Parameter (Channel) has Id (USART1_RX) currently not set
2025-05-26 03:13:50,141 [INFO] ImportTextPane:218 - (OptionalMessage_ERROR) IP (DMA) : Parameter (Direction) has Id (USART1_RX) currently not set
2025-05-26 03:13:50,141 [INFO] ImportTextPane:218 - (OptionalMessage_ERROR) IP (DMA) : Parameter (PeriphInc) has Id (USART1_RX) currently not set
2025-05-26 03:13:50,141 [INFO] ImportTextPane:218 - (OptionalMessage_ERROR) IP (DMA) : Parameter (MemInc) has Id (USART1_RX) currently not set
2025-05-26 03:13:50,141 [INFO] ImportTextPane:218 - (OptionalMessage_ERROR) IP (DMA) : Parameter (PeriphDataAlignment) has Id (USART1_RX) currently not set
2025-05-26 03:13:50,141 [INFO] ImportTextPane:218 - (OptionalMessage_ERROR) IP (DMA) : Parameter (MemDataAlignment) has Id (USART1_RX) currently not set
2025-05-26 03:13:50,141 [INFO] ImportTextPane:218 - (OptionalMessage_ERROR) IP (DMA) : Parameter (Mode) has Id (USART1_RX) currently not set
2025-05-26 03:13:50,141 [INFO] ImportTextPane:218 - (OptionalMessage_ERROR) IP (DMA) : Parameter (Priority) has Id (USART1_RX) currently not set
2025-05-26 03:13:50,141 [INFO] ImportTextPane:218 - (OptionalMessage_ERROR) IP (DMA) : Parameter (FIFOMode) has Id (USART1_RX) currently not set
2025-05-26 03:13:50,165 [INFO] ImportTextPane:218 - (OptionalMessage_ERROR) IP (RCC) : Parameter (48MHZClocksFreq_Value) has invalid value (50000000)
2025-05-26 03:13:50,168 [INFO] ImportTextPane:218 - (OptionalMessage_ERROR) IP (RCC) : Parameter (RTCHSEDivFreq_Value) has invalid value (12500000)
2025-05-26 03:13:50,476 [INFO] UtilMem:75 - End LoadConfig() Used Memory: 831957776 Bytes (1073741824)
2025-05-26 03:13:50,675 [WARN] ThirdParty:833 - waiting for thirdparty lock release [change project]
2025-05-26 03:13:50,680 [INFO] ThirdParty:835 - entering critical section [change project]
2025-05-26 03:13:50,681 [INFO] ThirdParty:1030 - CMSIS Pack Vendor :STMicroelectronics USBPD 4.1
2025-05-26 03:13:50,681 [INFO] ThirdParty:1030 - CMSIS Pack Vendor :STMicroelectronics X-CUBE-AZRTOS-H7 3.3.0
2025-05-26 03:13:50,681 [INFO] ThirdParty:1030 - CMSIS Pack Vendor :STMicroelectronics X-CUBE-NFC9 1.0.0
2025-05-26 03:13:50,681 [INFO] ThirdParty:1030 - CMSIS Pack Vendor :STMicroelectronics USB_HOST 2.0.0
2025-05-26 03:13:50,681 [INFO] ThirdParty:1030 - CMSIS Pack Vendor :STMicroelectronics FP-SNS-MOTENVWB1 1.4.0
2025-05-26 03:13:50,681 [INFO] ThirdParty:1030 - CMSIS Pack Vendor :STMicroelectronics X-CUBE-AZRTOS-F4 1.1.0
2025-05-26 03:13:50,681 [INFO] ThirdParty:1030 - CMSIS Pack Vendor :STMicroelectronics LIBJPEG 8.0.0
2025-05-26 03:13:50,681 [INFO] ThirdParty:1030 - CMSIS Pack Vendor :STMicroelectronics FP-ATR-ASTRA1 2.0.2
2025-05-26 03:13:50,681 [INFO] ThirdParty:1030 - CMSIS Pack Vendor :STMicroelectronics FP-ATR-ASTRA1 2.0.1
2025-05-26 03:13:50,681 [INFO] ThirdParty:1030 - CMSIS Pack Vendor :STMicroelectronics X-CUBE-BLE1 7.1.0
2025-05-26 03:13:50,681 [INFO] ThirdParty:1030 - CMSIS Pack Vendor :Avnet-IotConnect X-CUBE-IoTC-DA16k-PMOD 1.0.0
2025-05-26 03:13:50,681 [INFO] ThirdParty:1030 - CMSIS Pack Vendor :STMicroelectronics X-CUBE-SMBUS 2.1.0
2025-05-26 03:13:50,682 [INFO] ThirdParty:1030 - CMSIS Pack Vendor :STMicroelectronics X-CUBE-WB05N 1.1.0
2025-05-26 03:13:50,683 [INFO] ThirdParty:1030 - CMSIS Pack Vendor :STMicroelectronics USB_DEVICE 3.0.0
2025-05-26 03:13:50,684 [INFO] ThirdParty:1030 - CMSIS Pack Vendor :STMicroelectronics X-CUBE-ISPU 2.1.0
2025-05-26 03:13:50,686 [INFO] ThirdParty:1030 - CMSIS Pack Vendor :STMicroelectronics X-CUBE-AZRTOS-WB 2.0.0
2025-05-26 03:13:50,688 [INFO] ThirdParty:1030 - CMSIS Pack Vendor :STMicroelectronics X-CUBE-GNSS1 7.0.1
2025-05-26 03:13:50,690 [INFO] ThirdParty:1030 - CMSIS Pack Vendor :STMicroelectronics X-CUBE-AZRTOS-F7 1.1.0
2025-05-26 03:13:50,690 [INFO] ThirdParty:1030 - CMSIS Pack Vendor :STMicroelectronics X-CUBE-AZRTOS-L5 2.0.0
2025-05-26 03:13:50,690 [INFO] ThirdParty:1030 - CMSIS Pack Vendor :STMicroelectronics X-CUBE-TOUCHGFX 4.25.0
2025-05-26 03:13:50,691 [INFO] ThirdParty:1030 - CMSIS Pack Vendor :STMicroelectronics USB_DEVICE 2.0.0
2025-05-26 03:13:50,697 [INFO] ThirdParty:1030 - CMSIS Pack Vendor :STMicroelectronics X-CUBE-NFC6 3.1.0
2025-05-26 03:13:50,703 [INFO] ThirdParty:1030 - CMSIS Pack Vendor :STMicroelectronics FP-SNS-STBOX1 2.0.0
2025-05-26 03:13:50,707 [INFO] ThirdParty:1030 - CMSIS Pack Vendor :STMicroelectronics X-CUBE-MEMS1 11.2.0
2025-05-26 03:13:50,710 [INFO] ThirdParty:1030 - CMSIS Pack Vendor :STMicroelectronics FreeRTOS 0.0.1
2025-05-26 03:13:50,710 [INFO] ThirdParty:1030 - CMSIS Pack Vendor :STMicroelectronics X-CUBE-AZRTOS-G0 1.1.0
2025-05-26 03:13:50,710 [INFO] ThirdParty:1030 - CMSIS Pack Vendor :STMicroelectronics X-CUBE-SAFEA1 1.2.2
2025-05-26 03:13:50,710 [INFO] ThirdParty:1030 - CMSIS Pack Vendor :STMicroelectronics X-CUBE-NFC4 3.0.0
2025-05-26 03:13:50,710 [INFO] ThirdParty:1030 - CMSIS Pack Vendor :STMicroelectronics X-CUBE-DPower 1.2.0
2025-05-26 03:13:50,710 [INFO] ThirdParty:1030 - CMSIS Pack Vendor :STMicroelectronics X-CUBE-SUBG2 5.0.0
2025-05-26 03:13:50,710 [INFO] ThirdParty:1030 - CMSIS Pack Vendor :STMicroelectronics X-CUBE-AZRTOS-H7RS 1.1.0
2025-05-26 03:13:50,710 [INFO] ThirdParty:1030 - CMSIS Pack Vendor :STMicroelectronics STM32_WPAN 1.0.0
2025-05-26 03:13:50,710 [INFO] ThirdParty:1030 - CMSIS Pack Vendor :EmbeddedOffice I-CUBE-FS-RTOS 1.0.1
2025-05-26 03:13:50,710 [INFO] ThirdParty:1030 - CMSIS Pack Vendor :STMicroelectronics lwIP 2.0.3
2025-05-26 03:13:50,710 [INFO] ThirdParty:1030 - CMSIS Pack Vendor :STMicroelectronics FP-SNS-FLIGHT1 5.0.2
2025-05-26 03:13:50,710 [INFO] ThirdParty:1030 - CMSIS Pack Vendor :Cesanta I-CUBE-Mongoose 7.13.0
2025-05-26 03:13:50,710 [INFO] ThirdParty:1030 - CMSIS Pack Vendor :STMicroelectronics USB_HOST 1.0.0
2025-05-26 03:13:50,710 [INFO] ThirdParty:1030 - CMSIS Pack Vendor :Infineon AIROC-Wi-Fi-Bluetooth-STM32 1.7.0
2025-05-26 03:13:50,710 [INFO] ThirdParty:1030 - CMSIS Pack Vendor :STMicroelectronics X-CUBE-AZRTOS-G4 2.0.0
2025-05-26 03:13:50,710 [INFO] ThirdParty:1030 - CMSIS Pack Vendor :STMicroelectronics X-CUBE-WB05N 2.0.0
2025-05-26 03:13:50,711 [INFO] ThirdParty:1030 - CMSIS Pack Vendor :STMicroelectronics PDM2PCM 3.1.0
2025-05-26 03:13:50,711 [INFO] ThirdParty:1030 - CMSIS Pack Vendor :STMicroelectronics PDM2PCM 3.3.0
2025-05-26 03:13:50,712 [INFO] ThirdParty:1030 - CMSIS Pack Vendor :STMicroelectronics X-CUBE-DISPLAY 3.0.0
2025-05-26 03:13:50,712 [INFO] ThirdParty:1030 - CMSIS Pack Vendor :STMicroelectronics X-CUBE-NFC7 2.0.0
2025-05-26 03:13:50,712 [INFO] ThirdParty:1030 - CMSIS Pack Vendor :STMicroelectronics X-CUBE-TCPP 4.2.0
2025-05-26 03:13:50,712 [INFO] ThirdParty:1030 - CMSIS Pack Vendor :RealThread X-CUBE-RT-Thread_Nano 4.1.1
2025-05-26 03:13:50,712 [INFO] ThirdParty:1030 - CMSIS Pack Vendor :STMicroelectronics X-CUBE-BLE1 7.0.0
2025-05-26 03:13:50,713 [INFO] ThirdParty:1030 - CMSIS Pack Vendor :STMicroelectronics FP-ATR-SIGFOX1 3.2.0
2025-05-26 03:13:50,713 [INFO] ThirdParty:1030 - CMSIS Pack Vendor :STMicroelectronics X-CUBE-NFC10 1.0.0
2025-05-26 03:13:50,713 [INFO] ThirdParty:1030 - CMSIS Pack Vendor :quantropi X-CUBE-qispace-sdk-base 1.9.3
2025-05-26 03:13:50,713 [INFO] ThirdParty:1030 - CMSIS Pack Vendor :STMicroelectronics X-CUBE-BLEMGR 4.0.0
2025-05-26 03:13:50,713 [INFO] ThirdParty:1030 - CMSIS Pack Vendor :STMicroelectronics X-CUBE-EEPRMA1 5.1.0
2025-05-26 03:13:50,713 [INFO] ThirdParty:1030 - CMSIS Pack Vendor :STMicroelectronics X-CUBE-FREERTOS 1.3.1
2025-05-26 03:13:50,713 [INFO] ThirdParty:1030 - CMSIS Pack Vendor :STMicroelectronics HAL Drivers 0.0.0
2025-05-26 03:13:50,713 [INFO] ThirdParty:1030 - CMSIS Pack Vendor :STMicroelectronics MBEDTLS 2.16.2
2025-05-26 03:13:50,713 [INFO] ThirdParty:1030 - CMSIS Pack Vendor :STMicroelectronics X-CUBE-IPS 3.1.0
2025-05-26 03:13:50,713 [INFO] ThirdParty:1030 - CMSIS Pack Vendor :STMicroelectronics X-CUBE-ALS 1.0.2
2025-05-26 03:13:50,713 [INFO] ThirdParty:1030 - CMSIS Pack Vendor :emotas I-CUBE-CANOPEN 1.3.0
2025-05-26 03:13:50,713 [INFO] ThirdParty:1030 - CMSIS Pack Vendor :STMicroelectronics X-CUBE-FREERTOS 1.3.0
2025-05-26 03:13:50,713 [INFO] ThirdParty:1030 - CMSIS Pack Vendor :wolfSSL I-CUBE-wolfSSL 5.7.4
2025-05-26 03:13:50,713 [INFO] ThirdParty:1030 - CMSIS Pack Vendor :STMicroelectronics X-CUBE-NFC7 1.0.1
2025-05-26 03:13:50,713 [INFO] ThirdParty:1030 - CMSIS Pack Vendor :STMicroelectronics MBEDTLS 2.14.1
2025-05-26 03:13:50,713 [INFO] ThirdParty:1030 - CMSIS Pack Vendor :ITTIA_DB I-CUBE-ITTIADB 8.9.0
2025-05-26 03:13:50,713 [INFO] ThirdParty:1030 - CMSIS Pack Vendor :STMicroelectronics X-CUBE-TOUCHGFX 4.24.2
2025-05-26 03:13:50,713 [INFO] ThirdParty:1030 - CMSIS Pack Vendor :wolfSSL I-CUBE-wolfTPM 3.4.0
2025-05-26 03:13:50,713 [INFO] ThirdParty:1030 - CMSIS Pack Vendor :portGmbH I-Cube-SoM-uGOAL 1.1.0
2025-05-26 03:13:50,713 [INFO] ThirdParty:1030 - CMSIS Pack Vendor :STMicroelectronics X-CUBE-AI 10.0.0
2025-05-26 03:13:50,713 [INFO] ThirdParty:1030 - CMSIS Pack Vendor :STMicroelectronics ThreadX 1.0.0
2025-05-26 03:13:50,713 [INFO] ThirdParty:1030 - CMSIS Pack Vendor :STMicroelectronics FP-SNS-SMARTAG2 1.2.0
2025-05-26 03:13:50,713 [INFO] ThirdParty:1030 - CMSIS Pack Vendor :STMicroelectronics FP-SNS-FLIGHT1 5.1.0
2025-05-26 03:13:50,713 [INFO] ThirdParty:1030 - CMSIS Pack Vendor :STMicroelectronics X-CUBE-MEMS1 11.1.0
2025-05-26 03:13:50,713 [INFO] ThirdParty:1030 - CMSIS Pack Vendor :STMicroelectronics X-CUBE-AZRTOS-WL 2.0.0
2025-05-26 03:13:50,713 [INFO] ThirdParty:1030 - CMSIS Pack Vendor :SEGGER I-CUBE-embOS 1.3.1
2025-05-26 03:13:50,713 [INFO] ThirdParty:1030 - CMSIS Pack Vendor :STMicroelectronics X-CUBE-ALGOBUILD 1.4.0
2025-05-26 03:13:50,713 [INFO] ThirdParty:1030 - CMSIS Pack Vendor :STMicroelectronics X-CUBE-DPower 1.3.0
2025-05-26 03:13:50,713 [INFO] ThirdParty:1030 - CMSIS Pack Vendor :STMicroelectronics FP-SNS-MOTENV1 5.0.0
2025-05-26 03:13:50,713 [INFO] ThirdParty:1030 - CMSIS Pack Vendor :STMicroelectronics USB_DEVICE 1.0.0
2025-05-26 03:13:50,713 [INFO] ThirdParty:1030 - CMSIS Pack Vendor :STMicroelectronics X-CUBE-AZRTOS-H7RS 1.0.0
2025-05-26 03:13:50,713 [INFO] ThirdParty:1030 - CMSIS Pack Vendor :wolfSSL I-CUBE-wolfMQTT 1.19.0
2025-05-26 03:13:50,713 [INFO] ThirdParty:1030 - CMSIS Pack Vendor :STMicroelectronics X-CUBE-AZRTOS-L4 2.0.0
2025-05-26 03:13:50,714 [INFO] ThirdParty:1030 - CMSIS Pack Vendor :STMicroelectronics ThreadX 0.0.2
2025-05-26 03:13:50,714 [INFO] ThirdParty:1030 - CMSIS Pack Vendor :WES I-CUBE-Cesium 1.3.0
2025-05-26 03:13:50,714 [INFO] ThirdParty:1030 - CMSIS Pack Vendor :STMicroelectronics lwIP 2.1.2
2025-05-26 03:13:50,714 [INFO] ThirdParty:1030 - CMSIS Pack Vendor :STMicroelectronics X-CUBE-SFXS2LP1 4.0.0
2025-05-26 03:13:50,714 [INFO] ThirdParty:1030 - CMSIS Pack Vendor :STMicroelectronics X-CUBE-BLE2 3.3.0
2025-05-26 03:13:50,714 [INFO] ThirdParty:1030 - CMSIS Pack Vendor :STMicroelectronics X-CUBE-TOF1 3.4.2
2025-05-26 03:13:50,714 [INFO] ThirdParty:1030 - CMSIS Pack Vendor :STMicroelectronics X-CUBE-TOF1 3.4.3
2025-05-26 03:13:50,714 [INFO] ThirdParty:1030 - CMSIS Pack Vendor :STMicroelectronics X-CUBE-AI 9.1.0
2025-05-26 03:13:50,714 [INFO] ThirdParty:1030 - CMSIS Pack Vendor :STMicroelectronics PDM2PCM 3.2.0
2025-05-26 03:13:50,714 [INFO] ThirdParty:1030 - CMSIS Pack Vendor :wolfSSL I-CUBE-wolfSSH 1.4.17
2025-05-26 03:13:50,717 [INFO] ThirdParty:841 - exiting critical section [change project]
2025-05-26 03:13:51,320 [INFO] PinOutPanel:1589 - setPackage(No Configuration,No Configuration)
2025-05-26 03:13:51,335 [INFO] PinOutPanel:1589 - setPackage(STM32F411CEUx,UFQFPN48)
2025-05-26 03:13:51,980 [INFO] UtilMem:75 - Before build in PCC Used Memory: 793436040 Bytes (1073741824)
2025-05-26 03:13:52,534 [INFO] UtilMem:75 - After build in PCC Used Memory: 839047048 Bytes (1073741824)
2025-05-26 03:13:52,557 [INFO] ApiDbMcu:508 - Load IP Config File for FREERTOS
2025-05-26 03:13:52,591 [INFO] IPUIPlugin:80 - create IPUIPlugin
2025-05-26 03:13:52,592 [INFO] IPUIPlugin:80 - create IPUIPlugin
2025-05-26 03:13:52,592 [INFO] IPUIPlugin:80 - create IPUIPlugin
2025-05-26 03:13:52,592 [INFO] IPUIPlugin:80 - create IPUIPlugin
2025-05-26 03:13:52,592 [INFO] IPUIPlugin:80 - create IPUIPlugin
2025-05-26 03:13:52,592 [INFO] IPUIPlugin:80 - create IPUIPlugin
2025-05-26 03:13:52,593 [INFO] IPUIPlugin:80 - create IPUIPlugin
2025-05-26 03:13:52,593 [INFO] IPUIPlugin:80 - create IPUIPlugin
2025-05-26 03:13:52,593 [INFO] IPUIPlugin:80 - create IPUIPlugin
2025-05-26 03:13:52,593 [INFO] IPUIPlugin:80 - create IPUIPlugin
2025-05-26 03:13:52,593 [INFO] IPUIPlugin:80 - create IPUIPlugin
2025-05-26 03:13:52,594 [INFO] IPUIPlugin:80 - create IPUIPlugin
2025-05-26 03:13:52,595 [INFO] IPUIPlugin:80 - create IPUIPlugin
2025-05-26 03:13:52,595 [INFO] IPUIPlugin:80 - create IPUIPlugin
2025-05-26 03:13:52,595 [INFO] IPUIPlugin:80 - create IPUIPlugin
2025-05-26 03:13:52,595 [INFO] IPUIPlugin:80 - create IPUIPlugin
2025-05-26 03:13:52,595 [INFO] IPUIPlugin:80 - create IPUIPlugin
2025-05-26 03:13:52,595 [INFO] IPUIPlugin:80 - create IPUIPlugin
2025-05-26 03:13:52,595 [INFO] IPUIPlugin:80 - create IPUIPlugin
2025-05-26 03:13:52,595 [INFO] IPUIPlugin:80 - create IPUIPlugin
2025-05-26 03:13:52,595 [INFO] IPUIPlugin:80 - create IPUIPlugin
2025-05-26 03:13:52,596 [INFO] IPUIPlugin:80 - create IPUIPlugin
2025-05-26 03:13:52,596 [INFO] IPUIPlugin:80 - create IPUIPlugin
2025-05-26 03:13:52,596 [INFO] IPUIPlugin:80 - create IPUIPlugin
2025-05-26 03:13:52,596 [INFO] IPUIPlugin:80 - create IPUIPlugin
2025-05-26 03:13:52,596 [INFO] IPUIPlugin:80 - create IPUIPlugin
2025-05-26 03:13:52,596 [INFO] IPUIPlugin:80 - create IPUIPlugin
2025-05-26 03:13:52,596 [INFO] IPUIPlugin:80 - create IPUIPlugin
2025-05-26 03:13:52,596 [INFO] IPUIPlugin:80 - create IPUIPlugin
2025-05-26 03:13:52,596 [INFO] IPUIPlugin:80 - create IPUIPlugin
2025-05-26 03:13:52,596 [INFO] IPUIPlugin:80 - create IPUIPlugin
2025-05-26 03:13:52,597 [INFO] IPUIPlugin:80 - create IPUIPlugin
2025-05-26 03:13:52,597 [INFO] IPUIPlugin:80 - create IPUIPlugin
2025-05-26 03:13:52,597 [INFO] IPUIPlugin:80 - create IPUIPlugin
2025-05-26 03:13:52,597 [INFO] IPUIPlugin:80 - create IPUIPlugin
2025-05-26 03:13:52,597 [INFO] IPUIPlugin:80 - create IPUIPlugin
2025-05-26 03:13:52,597 [INFO] IPUIPlugin:80 - create IPUIPlugin
2025-05-26 03:13:52,598 [INFO] IPUIPlugin:80 - create IPUIPlugin
2025-05-26 03:13:52,598 [INFO] IPUIPlugin:80 - create IPUIPlugin
2025-05-26 03:13:52,598 [INFO] IPUIPlugin:80 - create IPUIPlugin
2025-05-26 03:13:52,598 [INFO] IPUIPlugin:80 - create IPUIPlugin
2025-05-26 03:13:52,598 [INFO] IPUIPlugin:80 - create IPUIPlugin
2025-05-26 03:13:52,599 [INFO] IPUIPlugin:80 - create IPUIPlugin
2025-05-26 03:13:52,614 [INFO] ApiDbMcu:508 - Load IP Config File for PDM2PCM
2025-05-26 03:13:52,642 [WARN] FreeRTOS:1023 - Null or empty value: should not occur! (nothing added to the table)
2025-05-26 03:13:52,747 [INFO] CADModel:165 - CPN selected for project levelSTM32F411CEU6
2025-05-26 03:13:52,747 [INFO] CADModel:114 - Register for checkConnection events
2025-05-26 03:13:52,751 [INFO] RtosManager:697 - Active RTOS found at IOC load: FREERTOS [Cortex-M4NS]
2025-05-26 03:13:52,795 [INFO] OpenFileManager:363 - Restore cursor
2025-05-26 03:23:06,118 [INFO] MainUpdater:2872 - connection check result : 10
2025-05-26 03:23:06,132 [INFO] MainUpdater:2872 - connection check result : 10
2025-05-26 03:23:06,340 [INFO] MicroXplorer:468 - Change Database Path : 
2025-05-26 03:23:06,342 [INFO] MicroXplorer:498 - Change Database Version : DB.6.0.130
2025-05-26 03:23:06,522 [ERROR] ProjectManagerView:394 - 
java.lang.NullPointerException: Cannot invoke "javax.swing.JTextField.getText()" because the return value of "java.util.List.get(int)" is null
	at com.st.microxplorer.plugins.projectmanager.gui.ProjectChoiceTab$9.caretUpdate(ProjectChoiceTab.java:2616) ~[filemanager.jar:?]
	at javax.swing.text.JTextComponent.fireCaretUpdate(JTextComponent.java:408) ~[?:?]
	at javax.swing.text.JTextComponent$MutableCaretEvent.fire(JTextComponent.java:4484) ~[?:?]
	at javax.swing.text.JTextComponent$MutableCaretEvent.stateChanged(JTextComponent.java:4506) ~[?:?]
	at javax.swing.text.DefaultCaret.fireStateChanged(DefaultCaret.java:857) ~[?:?]
	at javax.swing.text.DefaultCaret.changeCaretPosition(DefaultCaret.java:1343) ~[?:?]
	at javax.swing.text.DefaultCaret.handleSetDot(DefaultCaret.java:1242) ~[?:?]
	at javax.swing.text.DefaultCaret.setDot(DefaultCaret.java:1223) ~[?:?]
	at javax.swing.text.DefaultCaret$Handler.insertUpdate(DefaultCaret.java:1819) ~[?:?]
	at javax.swing.text.AbstractDocument.fireInsertUpdate(AbstractDocument.java:227) ~[?:?]
	at javax.swing.text.AbstractDocument.handleInsertString(AbstractDocument.java:781) ~[?:?]
	at javax.swing.text.AbstractDocument.insertString(AbstractDocument.java:740) ~[?:?]
	at javax.swing.text.PlainDocument.insertString(PlainDocument.java:131) ~[?:?]
	at javax.swing.text.AbstractDocument.replace(AbstractDocument.java:699) ~[?:?]
	at javax.swing.text.JTextComponent.setText(JTextComponent.java:1725) ~[?:?]
	at com.st.microxplorer.plugins.projectmanager.gui.ProjectChoiceTab.createHeapStackFields(ProjectChoiceTab.java:975) ~[filemanager.jar:?]
	at com.st.microxplorer.plugins.projectmanager.gui.ProjectChoiceTab.buildLinkSettingsPanel(ProjectChoiceTab.java:3666) ~[filemanager.jar:?]
	at com.st.microxplorer.plugins.projectmanager.gui.ProjectChoiceTab.defineWindowsFields(ProjectChoiceTab.java:1934) ~[filemanager.jar:?]
	at com.st.microxplorer.plugins.projectmanager.gui.ProjectChoiceTab.updateSettings(ProjectChoiceTab.java:553) ~[filemanager.jar:?]
	at com.st.microxplorer.plugins.projectmanager.gui.ProjectSettingsPanel.UpdateDialog(ProjectSettingsPanel.java:245) ~[filemanager.jar:?]
	at com.st.microxplorer.plugins.projectmanager.ProjectManagerView.propertyChange(ProjectManagerView.java:391) ~[filemanager.jar:?]
	at java.beans.PropertyChangeSupport.fire(PropertyChangeSupport.java:343) ~[?:?]
	at java.beans.PropertyChangeSupport.firePropertyChange(PropertyChangeSupport.java:335) ~[?:?]
	at java.beans.PropertyChangeSupport.firePropertyChange(PropertyChangeSupport.java:268) ~[?:?]
	at com.st.microxplorer.util.MXPropertyChangeSupport.firePropertyChange(MXPropertyChangeSupport.java:54) ~[STM32CubeMX.jar:?]
	at com.st.microxplorer.mxsystem.MxSystem.closeConfig(MxSystem.java:899) ~[STM32CubeMX.jar:?]
	at com.st.microxplorer.maingui.MainPanel.closeConfig(MainPanel.java:789) ~[STM32CubeMX.jar:?]
	at com.st.microxplorer.plugins.filemanager.engine.OpenFileManager.loadConfigurationFile(OpenFileManager.java:265) ~[filemanager.jar:?]
	at com.st.microxplorer.plugins.filemanager.engine.MainFileManager.userLoadConfig(MainFileManager.java:340) ~[filemanager.jar:?]
	at com.st.microxplorer.plugins.filemanager.engine.MainFileManager.userLoadConfig(MainFileManager.java:318) ~[filemanager.jar:?]
	at com.st.microxplorer.plugins.filemanager.FileManagerView.getSpecificTask(FileManagerView.java:246) ~[filemanager.jar:?]
	at com.st.stm32cube.common.mx.editor.CubeMxEditor.getMxTabbedPaneInstance(CubeMxEditor.java:1198) ~[com.st.stm32cube.common.mx_6.13.0.202411220809/:?]
	at com.st.stm32cube.common.mx.editor.CubeMxEditor$12$1.createSwingComponent(CubeMxEditor.java:1068) ~[com.st.stm32cube.common.mx_6.13.0.202411220809/:?]
	at com.st.stm32cube.common.mx.oss.core.awtswtbridge.EmbeddedSwingComposite.doComponentCreation(EmbeddedSwingComposite.java:492) ~[com.st.stm32cube.common.mx.oss_6.13.0.202411220809/:?]
	at com.st.stm32cube.common.mx.oss.core.awtswtbridge.EmbeddedSwingComposite$4.run(EmbeddedSwingComposite.java:291) ~[com.st.stm32cube.common.mx.oss_6.13.0.202411220809/:?]
	at com.st.stm32cube.common.mx.oss.core.awtswtbridge.AwtEnvironment$2.run(AwtEnvironment.java:166) ~[com.st.stm32cube.common.mx.oss_6.13.0.202411220809/:?]
	at java.awt.event.InvocationEvent.dispatch(InvocationEvent.java:318) ~[?:?]
	at java.awt.EventQueue.dispatchEventImpl(EventQueue.java:773) ~[?:?]
	at java.awt.EventQueue$4.run(EventQueue.java:720) ~[?:?]
	at java.awt.EventQueue$4.run(EventQueue.java:714) ~[?:?]
	at java.security.AccessController.doPrivileged(AccessController.java:400) ~[?:?]
	at java.security.ProtectionDomain$JavaSecurityAccessImpl.doIntersectionPrivilege(ProtectionDomain.java:87) ~[?:?]
	at java.awt.EventQueue.dispatchEvent(EventQueue.java:742) ~[?:?]
	at java.awt.EventDispatchThread.pumpOneEventForFilters(EventDispatchThread.java:203) ~[?:?]
	at java.awt.EventDispatchThread.pumpEventsForFilter(EventDispatchThread.java:124) ~[?:?]
	at java.awt.EventDispatchThread.pumpEventsForHierarchy(EventDispatchThread.java:113) ~[?:?]
	at java.awt.EventDispatchThread.pumpEvents(EventDispatchThread.java:109) ~[?:?]
	at java.awt.EventDispatchThread.pumpEvents(EventDispatchThread.java:101) ~[?:?]
	at java.awt.EventDispatchThread.run(EventDispatchThread.java:90) ~[?:?]
2025-05-26 03:23:06,529 [WARN] ThirdParty:871 - waiting for thirdparty lock release [close project]
2025-05-26 03:23:06,529 [INFO] ThirdParty:873 - entering critical section [close project]
2025-05-26 03:23:06,530 [INFO] ThirdParty:883 - exiting critical section [close project]
2025-05-26 03:23:06,537 [INFO] PinOutPanel:1589 - setPackage(No Configuration,No Configuration)
2025-05-26 03:23:06,582 [WARN] IpParametersView:154 - Warning: This peripheral hasn't parameters
2025-05-26 03:23:06,620 [WARN] MainPanel:289 - <html><b><center>Warning: This peripheral has no parameters to be configured<br></b></html>
2025-05-26 03:23:06,621 [ERROR] MainPanel:599 - java.lang.IndexOutOfBoundsException: Index: 0, Tab count: 0
2025-05-26 03:23:06,632 [INFO] UtilMem:75 - Begin LoadConfig() Used Memory: 888659528 Bytes (1073741824)
2025-05-26 03:23:06,634 [INFO] MicroXplorer:468 - Change Database Path : 
2025-05-26 03:23:06,635 [INFO] MicroXplorer:498 - Change Database Version : DB.6.0.130
2025-05-26 03:23:06,636 [INFO] OpenFileManager:332 - Change cursor
2025-05-26 03:23:06,677 [INFO] Mcu:2035 - Initializing MCU STM32F103C(4-6)Tx STM32F103C6Tx STM32F103C6T6A
2025-05-26 03:23:07,413 [INFO] Context:748 - Trying to add GPIOservice into a context  which must be forbidden
2025-05-26 03:23:08,292 [INFO] RtosManager:555 - Registered RTOS mode: class=CMSIS, group=RTOS, mode=CMSIS_V1, owner=FREERTOS
2025-05-26 03:23:08,302 [INFO] RtosManager:555 - Registered RTOS mode: class=CMSIS, group=RTOS2, mode=CMSIS_V2, owner=FREERTOS
2025-05-26 03:23:08,305 [INFO] RtosManager:555 - Registered RTOS mode: class=RTOS, group=Core, mode=CMSIS_V1, owner=FREERTOS
2025-05-26 03:23:08,305 [INFO] RtosManager:555 - Registered RTOS mode: class=RTOS, group=Core, mode=CMSIS_V2, owner=FREERTOS
2025-05-26 03:23:08,305 [WARN] ModelIntegratedComponent:184 - Missing modes for component STMicroelectronics:FreeRTOS:0.0.1:STMicroelectronics:RTOS:FreeRTOS:Core:::10.2.0:
2025-05-26 03:23:08,318 [WARN] ModelIntegratedComponent:63 - No mode defined for component null
2025-05-26 03:23:08,318 [WARN] ModelIntegratedComponent:63 - No mode defined for component null
2025-05-26 03:23:08,318 [WARN] ModelIntegratedComponent:63 - No mode defined for component null
2025-05-26 03:23:08,318 [WARN] ModelIntegratedComponent:63 - No mode defined for component null
2025-05-26 03:23:08,318 [WARN] ModelIntegratedComponent:63 - No mode defined for component null
2025-05-26 03:23:08,318 [WARN] ModelIntegratedComponent:63 - No mode defined for component null
2025-05-26 03:23:08,318 [WARN] ModelIntegratedComponent:63 - No mode defined for component null
2025-05-26 03:23:08,318 [WARN] ModelIntegratedComponent:63 - No mode defined for component null
2025-05-26 03:23:08,318 [WARN] ModelIntegratedComponent:63 - No mode defined for component null
2025-05-26 03:23:08,319 [WARN] ModelIntegratedComponent:63 - No mode defined for component null
2025-05-26 03:23:08,319 [WARN] ModelIntegratedComponent:63 - No mode defined for component null
2025-05-26 03:23:08,319 [WARN] ModelIntegratedComponent:63 - No mode defined for component null
2025-05-26 03:23:08,319 [WARN] ModelIntegratedComponent:63 - No mode defined for component null
2025-05-26 03:23:08,319 [WARN] ModelIntegratedComponent:63 - No mode defined for component null
2025-05-26 03:23:08,319 [WARN] ModelIntegratedComponent:63 - No mode defined for component null
2025-05-26 03:23:08,319 [WARN] ModelIntegratedComponent:63 - No mode defined for component null
2025-05-26 03:23:08,319 [WARN] ModelIntegratedComponent:63 - No mode defined for component null
2025-05-26 03:23:08,319 [WARN] ModelIntegratedComponent:63 - No mode defined for component null
2025-05-26 03:23:08,319 [WARN] ModelIntegratedComponent:63 - No mode defined for component null
2025-05-26 03:23:08,319 [WARN] ModelIntegratedComponent:63 - No mode defined for component null
2025-05-26 03:23:08,319 [WARN] ModelIntegratedComponent:63 - No mode defined for component null
2025-05-26 03:23:08,319 [WARN] ModelIntegratedComponent:63 - No mode defined for component null
2025-05-26 03:23:08,319 [WARN] ModelIntegratedComponent:63 - No mode defined for component null
2025-05-26 03:23:08,319 [WARN] ModelIntegratedComponent:63 - No mode defined for component null
2025-05-26 03:23:08,319 [WARN] ModelIntegratedComponent:63 - No mode defined for component null
2025-05-26 03:23:08,319 [WARN] ModelIntegratedComponent:63 - No mode defined for component null
2025-05-26 03:23:08,319 [WARN] ModelIntegratedComponent:63 - No mode defined for component null
2025-05-26 03:23:08,319 [WARN] ModelIntegratedComponent:63 - No mode defined for component null
2025-05-26 03:23:08,319 [WARN] ModelIntegratedComponent:63 - No mode defined for component null
2025-05-26 03:23:08,319 [WARN] ModelIntegratedComponent:63 - No mode defined for component null
2025-05-26 03:23:08,319 [WARN] ModelIntegratedComponent:63 - No mode defined for component null
2025-05-26 03:23:08,319 [WARN] ModelIntegratedComponent:63 - No mode defined for component null
2025-05-26 03:23:08,319 [WARN] ModelIntegratedComponent:63 - No mode defined for component null
2025-05-26 03:23:08,319 [WARN] ModelIntegratedComponent:63 - No mode defined for component null
2025-05-26 03:23:08,319 [WARN] ModelIntegratedComponent:63 - No mode defined for component null
2025-05-26 03:23:08,320 [WARN] ModelPack:524 - Component already loaded: STMicroelectronics:HAL Drivers:0.0.0:STMicroelectronics:Device:STMicro_Driver:XSPI:HAL::0.0.1:HAL_XSPI
2025-05-26 03:23:08,387 [INFO] ThirdPartyModel:298 - Start build external matchings
2025-05-26 03:23:08,784 [INFO] ThirdPartyModel:316 - End build external matchings
2025-05-26 03:23:08,800 [INFO] RtosManager:922 - Current active RTOS is FREERTOS [Cortex-M3NS]
2025-05-26 03:23:08,835 [WARN] IP:2251 - I2C_Coeff_DF not found: check if there is a RefParameter without a condition.
2025-05-26 03:23:08,835 [WARN] IP:2251 - Analog_Filter not found: check if there is a RefParameter without a condition.
2025-05-26 03:23:08,837 [INFO] ImportTextPane:218 - (OptionalMessage_ERROR) IP (RCC) : Invalid parameter (FamilyName)
2025-05-26 03:23:08,838 [INFO] ImportTextPane:218 - (OptionalMessage_ERROR) IP (RCC) : Parameter (MCOFreq_Value) has invalid value (72000000)
2025-05-26 03:23:08,838 [INFO] ImportTextPane:218 - (OptionalMessage_ERROR) IP (RCC) : Parameter (USBFreq_Value) has invalid value (72000000)
2025-05-26 03:23:09,037 [INFO] UtilMem:75 - End LoadConfig() Used Memory: 954876264 Bytes (1073741824)
2025-05-26 03:23:09,131 [WARN] ThirdParty:833 - waiting for thirdparty lock release [change project]
2025-05-26 03:23:09,137 [INFO] ThirdParty:835 - entering critical section [change project]
2025-05-26 03:23:09,138 [INFO] ThirdParty:1030 - CMSIS Pack Vendor :STMicroelectronics USBPD 4.1
2025-05-26 03:23:09,138 [INFO] ThirdParty:1030 - CMSIS Pack Vendor :STMicroelectronics X-CUBE-AZRTOS-H7 3.3.0
2025-05-26 03:23:09,138 [INFO] ThirdParty:1030 - CMSIS Pack Vendor :STMicroelectronics X-CUBE-NFC9 1.0.0
2025-05-26 03:23:09,138 [INFO] ThirdParty:1030 - CMSIS Pack Vendor :STMicroelectronics USB_HOST 2.0.0
2025-05-26 03:23:09,138 [INFO] ThirdParty:1030 - CMSIS Pack Vendor :STMicroelectronics FP-SNS-MOTENVWB1 1.4.0
2025-05-26 03:23:09,138 [INFO] ThirdParty:1030 - CMSIS Pack Vendor :STMicroelectronics X-CUBE-AZRTOS-F4 1.1.0
2025-05-26 03:23:09,138 [INFO] ThirdParty:1030 - CMSIS Pack Vendor :STMicroelectronics LIBJPEG 8.0.0
2025-05-26 03:23:09,138 [INFO] ThirdParty:1030 - CMSIS Pack Vendor :STMicroelectronics FP-ATR-ASTRA1 2.0.2
2025-05-26 03:23:09,138 [INFO] ThirdParty:1030 - CMSIS Pack Vendor :STMicroelectronics FP-ATR-ASTRA1 2.0.1
2025-05-26 03:23:09,138 [INFO] ThirdParty:1030 - CMSIS Pack Vendor :STMicroelectronics X-CUBE-BLE1 7.1.0
2025-05-26 03:23:09,138 [INFO] ThirdParty:1030 - CMSIS Pack Vendor :Avnet-IotConnect X-CUBE-IoTC-DA16k-PMOD 1.0.0
2025-05-26 03:23:09,138 [INFO] ThirdParty:1030 - CMSIS Pack Vendor :STMicroelectronics X-CUBE-SMBUS 2.1.0
2025-05-26 03:23:09,138 [INFO] ThirdParty:1030 - CMSIS Pack Vendor :STMicroelectronics X-CUBE-WB05N 1.1.0
2025-05-26 03:23:09,138 [INFO] ThirdParty:1030 - CMSIS Pack Vendor :STMicroelectronics USB_DEVICE 3.0.0
2025-05-26 03:23:09,138 [INFO] ThirdParty:1030 - CMSIS Pack Vendor :STMicroelectronics X-CUBE-ISPU 2.1.0
2025-05-26 03:23:09,139 [INFO] ThirdParty:1030 - CMSIS Pack Vendor :STMicroelectronics X-CUBE-AZRTOS-WB 2.0.0
2025-05-26 03:23:09,139 [INFO] ThirdParty:1030 - CMSIS Pack Vendor :STMicroelectronics X-CUBE-GNSS1 7.0.1
2025-05-26 03:23:09,139 [INFO] ThirdParty:1030 - CMSIS Pack Vendor :STMicroelectronics X-CUBE-AZRTOS-F7 1.1.0
2025-05-26 03:23:09,139 [INFO] ThirdParty:1030 - CMSIS Pack Vendor :STMicroelectronics X-CUBE-AZRTOS-L5 2.0.0
2025-05-26 03:23:09,139 [INFO] ThirdParty:1030 - CMSIS Pack Vendor :STMicroelectronics X-CUBE-TOUCHGFX 4.25.0
2025-05-26 03:23:09,139 [INFO] ThirdParty:1030 - CMSIS Pack Vendor :STMicroelectronics USB_DEVICE 2.0.0
2025-05-26 03:23:09,139 [INFO] ThirdParty:1030 - CMSIS Pack Vendor :STMicroelectronics X-CUBE-NFC6 3.1.0
2025-05-26 03:23:09,139 [INFO] ThirdParty:1030 - CMSIS Pack Vendor :STMicroelectronics FP-SNS-STBOX1 2.0.0
2025-05-26 03:23:09,139 [INFO] ThirdParty:1030 - CMSIS Pack Vendor :STMicroelectronics X-CUBE-MEMS1 11.2.0
2025-05-26 03:23:09,139 [INFO] ThirdParty:1030 - CMSIS Pack Vendor :STMicroelectronics FreeRTOS 0.0.1
2025-05-26 03:23:09,139 [INFO] ThirdParty:1030 - CMSIS Pack Vendor :STMicroelectronics X-CUBE-AZRTOS-G0 1.1.0
2025-05-26 03:23:09,139 [INFO] ThirdParty:1030 - CMSIS Pack Vendor :STMicroelectronics X-CUBE-SAFEA1 1.2.2
2025-05-26 03:23:09,139 [INFO] ThirdParty:1030 - CMSIS Pack Vendor :STMicroelectronics X-CUBE-NFC4 3.0.0
2025-05-26 03:23:09,139 [INFO] ThirdParty:1030 - CMSIS Pack Vendor :STMicroelectronics X-CUBE-DPower 1.2.0
2025-05-26 03:23:09,139 [INFO] ThirdParty:1030 - CMSIS Pack Vendor :STMicroelectronics X-CUBE-SUBG2 5.0.0
2025-05-26 03:23:09,139 [INFO] ThirdParty:1030 - CMSIS Pack Vendor :STMicroelectronics X-CUBE-AZRTOS-H7RS 1.1.0
2025-05-26 03:23:09,139 [INFO] ThirdParty:1030 - CMSIS Pack Vendor :STMicroelectronics STM32_WPAN 1.0.0
2025-05-26 03:23:09,139 [INFO] ThirdParty:1030 - CMSIS Pack Vendor :EmbeddedOffice I-CUBE-FS-RTOS 1.0.1
2025-05-26 03:23:09,139 [INFO] ThirdParty:1030 - CMSIS Pack Vendor :STMicroelectronics lwIP 2.0.3
2025-05-26 03:23:09,139 [INFO] ThirdParty:1030 - CMSIS Pack Vendor :STMicroelectronics FP-SNS-FLIGHT1 5.0.2
2025-05-26 03:23:09,139 [INFO] ThirdParty:1030 - CMSIS Pack Vendor :Cesanta I-CUBE-Mongoose 7.13.0
2025-05-26 03:23:09,139 [INFO] ThirdParty:1030 - CMSIS Pack Vendor :STMicroelectronics USB_HOST 1.0.0
2025-05-26 03:23:09,139 [INFO] ThirdParty:1030 - CMSIS Pack Vendor :Infineon AIROC-Wi-Fi-Bluetooth-STM32 1.7.0
2025-05-26 03:23:09,139 [INFO] ThirdParty:1030 - CMSIS Pack Vendor :STMicroelectronics X-CUBE-AZRTOS-G4 2.0.0
2025-05-26 03:23:09,139 [INFO] ThirdParty:1030 - CMSIS Pack Vendor :STMicroelectronics X-CUBE-WB05N 2.0.0
2025-05-26 03:23:09,139 [INFO] ThirdParty:1030 - CMSIS Pack Vendor :STMicroelectronics PDM2PCM 3.1.0
2025-05-26 03:23:09,139 [INFO] ThirdParty:1030 - CMSIS Pack Vendor :STMicroelectronics PDM2PCM 3.3.0
2025-05-26 03:23:09,139 [INFO] ThirdParty:1030 - CMSIS Pack Vendor :STMicroelectronics X-CUBE-DISPLAY 3.0.0
2025-05-26 03:23:09,139 [INFO] ThirdParty:1030 - CMSIS Pack Vendor :STMicroelectronics X-CUBE-NFC7 2.0.0
2025-05-26 03:23:09,139 [INFO] ThirdParty:1030 - CMSIS Pack Vendor :STMicroelectronics X-CUBE-TCPP 4.2.0
2025-05-26 03:23:09,139 [INFO] ThirdParty:1030 - CMSIS Pack Vendor :RealThread X-CUBE-RT-Thread_Nano 4.1.1
2025-05-26 03:23:09,139 [INFO] ThirdParty:1030 - CMSIS Pack Vendor :STMicroelectronics X-CUBE-BLE1 7.0.0
2025-05-26 03:23:09,139 [INFO] ThirdParty:1030 - CMSIS Pack Vendor :STMicroelectronics FP-ATR-SIGFOX1 3.2.0
2025-05-26 03:23:09,139 [INFO] ThirdParty:1030 - CMSIS Pack Vendor :STMicroelectronics X-CUBE-NFC10 1.0.0
2025-05-26 03:23:09,139 [INFO] ThirdParty:1030 - CMSIS Pack Vendor :quantropi X-CUBE-qispace-sdk-base 1.9.3
2025-05-26 03:23:09,139 [INFO] ThirdParty:1030 - CMSIS Pack Vendor :STMicroelectronics X-CUBE-BLEMGR 4.0.0
2025-05-26 03:23:09,139 [INFO] ThirdParty:1030 - CMSIS Pack Vendor :STMicroelectronics X-CUBE-EEPRMA1 5.1.0
2025-05-26 03:23:09,139 [INFO] ThirdParty:1030 - CMSIS Pack Vendor :STMicroelectronics X-CUBE-FREERTOS 1.3.1
2025-05-26 03:23:09,139 [INFO] ThirdParty:1030 - CMSIS Pack Vendor :STMicroelectronics HAL Drivers 0.0.0
2025-05-26 03:23:09,139 [INFO] ThirdParty:1030 - CMSIS Pack Vendor :STMicroelectronics MBEDTLS 2.16.2
2025-05-26 03:23:09,139 [INFO] ThirdParty:1030 - CMSIS Pack Vendor :STMicroelectronics X-CUBE-IPS 3.1.0
2025-05-26 03:23:09,139 [INFO] ThirdParty:1030 - CMSIS Pack Vendor :STMicroelectronics X-CUBE-ALS 1.0.2
2025-05-26 03:23:09,139 [INFO] ThirdParty:1030 - CMSIS Pack Vendor :emotas I-CUBE-CANOPEN 1.3.0
2025-05-26 03:23:09,139 [INFO] ThirdParty:1030 - CMSIS Pack Vendor :STMicroelectronics X-CUBE-FREERTOS 1.3.0
2025-05-26 03:23:09,139 [INFO] ThirdParty:1030 - CMSIS Pack Vendor :wolfSSL I-CUBE-wolfSSL 5.7.4
2025-05-26 03:23:09,139 [INFO] ThirdParty:1030 - CMSIS Pack Vendor :STMicroelectronics X-CUBE-NFC7 1.0.1
2025-05-26 03:23:09,139 [INFO] ThirdParty:1030 - CMSIS Pack Vendor :STMicroelectronics MBEDTLS 2.14.1
2025-05-26 03:23:09,139 [INFO] ThirdParty:1030 - CMSIS Pack Vendor :ITTIA_DB I-CUBE-ITTIADB 8.9.0
2025-05-26 03:23:09,139 [INFO] ThirdParty:1030 - CMSIS Pack Vendor :STMicroelectronics X-CUBE-TOUCHGFX 4.24.2
2025-05-26 03:23:09,139 [INFO] ThirdParty:1030 - CMSIS Pack Vendor :wolfSSL I-CUBE-wolfTPM 3.4.0
2025-05-26 03:23:09,139 [INFO] ThirdParty:1030 - CMSIS Pack Vendor :portGmbH I-Cube-SoM-uGOAL 1.1.0
2025-05-26 03:23:09,139 [INFO] ThirdParty:1030 - CMSIS Pack Vendor :STMicroelectronics X-CUBE-AI 10.0.0
2025-05-26 03:23:09,139 [INFO] ThirdParty:1030 - CMSIS Pack Vendor :STMicroelectronics ThreadX 1.0.0
2025-05-26 03:23:09,139 [INFO] ThirdParty:1030 - CMSIS Pack Vendor :STMicroelectronics FP-SNS-SMARTAG2 1.2.0
2025-05-26 03:23:09,139 [INFO] ThirdParty:1030 - CMSIS Pack Vendor :STMicroelectronics FP-SNS-FLIGHT1 5.1.0
2025-05-26 03:23:09,139 [INFO] ThirdParty:1030 - CMSIS Pack Vendor :STMicroelectronics X-CUBE-MEMS1 11.1.0
2025-05-26 03:23:09,139 [INFO] ThirdParty:1030 - CMSIS Pack Vendor :STMicroelectronics X-CUBE-AZRTOS-WL 2.0.0
2025-05-26 03:23:09,139 [INFO] ThirdParty:1030 - CMSIS Pack Vendor :SEGGER I-CUBE-embOS 1.3.1
2025-05-26 03:23:09,139 [INFO] ThirdParty:1030 - CMSIS Pack Vendor :STMicroelectronics X-CUBE-ALGOBUILD 1.4.0
2025-05-26 03:23:09,140 [INFO] ThirdParty:1030 - CMSIS Pack Vendor :STMicroelectronics X-CUBE-DPower 1.3.0
2025-05-26 03:23:09,140 [INFO] ThirdParty:1030 - CMSIS Pack Vendor :STMicroelectronics FP-SNS-MOTENV1 5.0.0
2025-05-26 03:23:09,140 [INFO] ThirdParty:1030 - CMSIS Pack Vendor :STMicroelectronics USB_DEVICE 1.0.0
2025-05-26 03:23:09,140 [INFO] ThirdParty:1030 - CMSIS Pack Vendor :STMicroelectronics X-CUBE-AZRTOS-H7RS 1.0.0
2025-05-26 03:23:09,140 [INFO] ThirdParty:1030 - CMSIS Pack Vendor :wolfSSL I-CUBE-wolfMQTT 1.19.0
2025-05-26 03:23:09,140 [INFO] ThirdParty:1030 - CMSIS Pack Vendor :STMicroelectronics X-CUBE-AZRTOS-L4 2.0.0
2025-05-26 03:23:09,140 [INFO] ThirdParty:1030 - CMSIS Pack Vendor :STMicroelectronics ThreadX 0.0.2
2025-05-26 03:23:09,140 [INFO] ThirdParty:1030 - CMSIS Pack Vendor :WES I-CUBE-Cesium 1.3.0
2025-05-26 03:23:09,140 [INFO] ThirdParty:1030 - CMSIS Pack Vendor :STMicroelectronics lwIP 2.1.2
2025-05-26 03:23:09,140 [INFO] ThirdParty:1030 - CMSIS Pack Vendor :STMicroelectronics X-CUBE-SFXS2LP1 4.0.0
2025-05-26 03:23:09,140 [INFO] ThirdParty:1030 - CMSIS Pack Vendor :STMicroelectronics X-CUBE-BLE2 3.3.0
2025-05-26 03:23:09,140 [INFO] ThirdParty:1030 - CMSIS Pack Vendor :STMicroelectronics X-CUBE-TOF1 3.4.2
2025-05-26 03:23:09,140 [INFO] ThirdParty:1030 - CMSIS Pack Vendor :STMicroelectronics X-CUBE-TOF1 3.4.3
2025-05-26 03:23:09,140 [INFO] ThirdParty:1030 - CMSIS Pack Vendor :STMicroelectronics X-CUBE-AI 9.1.0
2025-05-26 03:23:09,140 [INFO] ThirdParty:1030 - CMSIS Pack Vendor :STMicroelectronics PDM2PCM 3.2.0
2025-05-26 03:23:09,140 [INFO] ThirdParty:1030 - CMSIS Pack Vendor :wolfSSL I-CUBE-wolfSSH 1.4.17
2025-05-26 03:23:09,141 [INFO] ThirdParty:841 - exiting critical section [change project]
2025-05-26 03:23:09,487 [INFO] PinOutPanel:1589 - setPackage(No Configuration,No Configuration)
2025-05-26 03:23:09,490 [INFO] PinOutPanel:1589 - setPackage(STM32F103C6Tx,LQFP48)
2025-05-26 03:23:09,999 [INFO] UtilMem:75 - Before build in PCC Used Memory: 856370888 Bytes (1073741824)
2025-05-26 03:23:10,330 [INFO] UtilMem:75 - After build in PCC Used Memory: 897787592 Bytes (1073741824)
2025-05-26 03:23:10,345 [INFO] ApiDbMcu:508 - Load IP Config File for FREERTOS
2025-05-26 03:23:10,374 [INFO] IPUIPlugin:80 - create IPUIPlugin
2025-05-26 03:23:10,375 [INFO] IPUIPlugin:80 - create IPUIPlugin
2025-05-26 03:23:10,375 [INFO] IPUIPlugin:80 - create IPUIPlugin
2025-05-26 03:23:10,375 [INFO] IPUIPlugin:80 - create IPUIPlugin
2025-05-26 03:23:10,375 [INFO] IPUIPlugin:80 - create IPUIPlugin
2025-05-26 03:23:10,375 [INFO] IPUIPlugin:80 - create IPUIPlugin
2025-05-26 03:23:10,375 [INFO] IPUIPlugin:80 - create IPUIPlugin
2025-05-26 03:23:10,376 [INFO] IPUIPlugin:80 - create IPUIPlugin
2025-05-26 03:23:10,376 [INFO] IPUIPlugin:80 - create IPUIPlugin
2025-05-26 03:23:10,376 [INFO] IPUIPlugin:80 - create IPUIPlugin
2025-05-26 03:23:10,376 [INFO] IPUIPlugin:80 - create IPUIPlugin
2025-05-26 03:23:10,376 [INFO] IPUIPlugin:80 - create IPUIPlugin
2025-05-26 03:23:10,376 [INFO] IPUIPlugin:80 - create IPUIPlugin
2025-05-26 03:23:10,376 [INFO] IPUIPlugin:80 - create IPUIPlugin
2025-05-26 03:23:10,376 [INFO] IPUIPlugin:80 - create IPUIPlugin
2025-05-26 03:23:10,376 [INFO] IPUIPlugin:80 - create IPUIPlugin
2025-05-26 03:23:10,376 [INFO] IPUIPlugin:80 - create IPUIPlugin
2025-05-26 03:23:10,376 [INFO] IPUIPlugin:80 - create IPUIPlugin
2025-05-26 03:23:10,376 [INFO] IPUIPlugin:80 - create IPUIPlugin
2025-05-26 03:23:10,376 [INFO] IPUIPlugin:80 - create IPUIPlugin
2025-05-26 03:23:10,377 [INFO] IPUIPlugin:80 - create IPUIPlugin
2025-05-26 03:23:10,377 [INFO] IPUIPlugin:80 - create IPUIPlugin
2025-05-26 03:23:10,377 [INFO] IPUIPlugin:80 - create IPUIPlugin
2025-05-26 03:23:10,384 [WARN] IP:2251 - I2C_Coeff_DF not found: check if there is a RefParameter without a condition.
2025-05-26 03:23:10,385 [WARN] IP:2251 - Analog_Filter not found: check if there is a RefParameter without a condition.
2025-05-26 03:23:10,402 [WARN] FreeRTOS:1023 - Null or empty value: should not occur! (nothing added to the table)
2025-05-26 03:23:10,483 [INFO] CADModel:165 - CPN selected for project levelSTM32F103C6T6A
2025-05-26 03:23:10,483 [INFO] CADModel:114 - Register for checkConnection events
2025-05-26 03:23:10,486 [INFO] RtosManager:697 - Active RTOS found at IOC load: FREERTOS [Cortex-M3NS]
2025-05-26 03:23:10,536 [INFO] OpenFileManager:363 - Restore cursor
2025-05-26 03:23:10,807 [WARN] IP:2251 - I2C_Coeff_DF not found: check if there is a RefParameter without a condition.
2025-05-26 03:23:10,807 [WARN] IP:2251 - Analog_Filter not found: check if there is a RefParameter without a condition.
2025-05-26 03:23:10,808 [WARN] IP:2251 - I2C_Coeff_DF not found: check if there is a RefParameter without a condition.
2025-05-26 03:23:10,808 [WARN] IP:2251 - Analog_Filter not found: check if there is a RefParameter without a condition.
2025-05-26 03:29:47,740 [INFO] MainUpdater:2872 - connection check result : 10
2025-05-26 03:29:47,749 [INFO] MainUpdater:2872 - connection check result : 10
2025-05-26 03:29:48,355 [INFO] MicroXplorer:468 - Change Database Path : 
2025-05-26 03:29:48,355 [INFO] MicroXplorer:498 - Change Database Version : DB.6.0.130
2025-05-26 03:29:48,494 [ERROR] ProjectManagerView:394 - 
java.lang.NullPointerException: Cannot invoke "javax.swing.JTextField.getText()" because the return value of "java.util.List.get(int)" is null
	at com.st.microxplorer.plugins.projectmanager.gui.ProjectChoiceTab$9.caretUpdate(ProjectChoiceTab.java:2616) ~[filemanager.jar:?]
	at javax.swing.text.JTextComponent.fireCaretUpdate(JTextComponent.java:408) ~[?:?]
	at javax.swing.text.JTextComponent$MutableCaretEvent.fire(JTextComponent.java:4484) ~[?:?]
	at javax.swing.text.JTextComponent$MutableCaretEvent.stateChanged(JTextComponent.java:4506) ~[?:?]
	at javax.swing.text.DefaultCaret.fireStateChanged(DefaultCaret.java:857) ~[?:?]
	at javax.swing.text.DefaultCaret.changeCaretPosition(DefaultCaret.java:1343) ~[?:?]
	at javax.swing.text.DefaultCaret.handleSetDot(DefaultCaret.java:1242) ~[?:?]
	at javax.swing.text.DefaultCaret.setDot(DefaultCaret.java:1223) ~[?:?]
	at javax.swing.text.DefaultCaret$Handler.insertUpdate(DefaultCaret.java:1819) ~[?:?]
	at javax.swing.text.AbstractDocument.fireInsertUpdate(AbstractDocument.java:227) ~[?:?]
	at javax.swing.text.AbstractDocument.handleInsertString(AbstractDocument.java:781) ~[?:?]
	at javax.swing.text.AbstractDocument.insertString(AbstractDocument.java:740) ~[?:?]
	at javax.swing.text.PlainDocument.insertString(PlainDocument.java:131) ~[?:?]
	at javax.swing.text.AbstractDocument.replace(AbstractDocument.java:699) ~[?:?]
	at javax.swing.text.JTextComponent.setText(JTextComponent.java:1725) ~[?:?]
	at com.st.microxplorer.plugins.projectmanager.gui.ProjectChoiceTab.createHeapStackFields(ProjectChoiceTab.java:975) ~[filemanager.jar:?]
	at com.st.microxplorer.plugins.projectmanager.gui.ProjectChoiceTab.buildLinkSettingsPanel(ProjectChoiceTab.java:3666) ~[filemanager.jar:?]
	at com.st.microxplorer.plugins.projectmanager.gui.ProjectChoiceTab.defineWindowsFields(ProjectChoiceTab.java:1934) ~[filemanager.jar:?]
	at com.st.microxplorer.plugins.projectmanager.gui.ProjectChoiceTab.updateSettings(ProjectChoiceTab.java:553) ~[filemanager.jar:?]
	at com.st.microxplorer.plugins.projectmanager.gui.ProjectSettingsPanel.UpdateDialog(ProjectSettingsPanel.java:245) ~[filemanager.jar:?]
	at com.st.microxplorer.plugins.projectmanager.ProjectManagerView.propertyChange(ProjectManagerView.java:391) ~[filemanager.jar:?]
	at java.beans.PropertyChangeSupport.fire(PropertyChangeSupport.java:343) ~[?:?]
	at java.beans.PropertyChangeSupport.firePropertyChange(PropertyChangeSupport.java:335) ~[?:?]
	at java.beans.PropertyChangeSupport.firePropertyChange(PropertyChangeSupport.java:268) ~[?:?]
	at com.st.microxplorer.util.MXPropertyChangeSupport.firePropertyChange(MXPropertyChangeSupport.java:54) ~[STM32CubeMX.jar:?]
	at com.st.microxplorer.mxsystem.MxSystem.closeConfig(MxSystem.java:899) ~[STM32CubeMX.jar:?]
	at com.st.microxplorer.maingui.MainPanel.closeConfig(MainPanel.java:789) ~[STM32CubeMX.jar:?]
	at com.st.microxplorer.plugins.filemanager.engine.OpenFileManager.loadConfigurationFile(OpenFileManager.java:265) ~[filemanager.jar:?]
	at com.st.microxplorer.plugins.filemanager.engine.MainFileManager.userLoadConfig(MainFileManager.java:340) ~[filemanager.jar:?]
	at com.st.microxplorer.plugins.filemanager.engine.MainFileManager.userLoadConfig(MainFileManager.java:318) ~[filemanager.jar:?]
	at com.st.microxplorer.plugins.filemanager.FileManagerView.getSpecificTask(FileManagerView.java:246) ~[filemanager.jar:?]
	at com.st.stm32cube.common.mx.editor.CubeMxEditor.getMxTabbedPaneInstance(CubeMxEditor.java:1198) ~[com.st.stm32cube.common.mx_6.13.0.202411220809/:?]
	at com.st.stm32cube.common.mx.editor.CubeMxEditor$12$1.createSwingComponent(CubeMxEditor.java:1068) ~[com.st.stm32cube.common.mx_6.13.0.202411220809/:?]
	at com.st.stm32cube.common.mx.oss.core.awtswtbridge.EmbeddedSwingComposite.doComponentCreation(EmbeddedSwingComposite.java:492) ~[com.st.stm32cube.common.mx.oss_6.13.0.202411220809/:?]
	at com.st.stm32cube.common.mx.oss.core.awtswtbridge.EmbeddedSwingComposite$4.run(EmbeddedSwingComposite.java:291) ~[com.st.stm32cube.common.mx.oss_6.13.0.202411220809/:?]
	at com.st.stm32cube.common.mx.oss.core.awtswtbridge.AwtEnvironment$2.run(AwtEnvironment.java:166) ~[com.st.stm32cube.common.mx.oss_6.13.0.202411220809/:?]
	at java.awt.event.InvocationEvent.dispatch(InvocationEvent.java:318) ~[?:?]
	at java.awt.EventQueue.dispatchEventImpl(EventQueue.java:773) ~[?:?]
	at java.awt.EventQueue$4.run(EventQueue.java:720) ~[?:?]
	at java.awt.EventQueue$4.run(EventQueue.java:714) ~[?:?]
	at java.security.AccessController.doPrivileged(AccessController.java:400) ~[?:?]
	at java.security.ProtectionDomain$JavaSecurityAccessImpl.doIntersectionPrivilege(ProtectionDomain.java:87) ~[?:?]
	at java.awt.EventQueue.dispatchEvent(EventQueue.java:742) ~[?:?]
	at java.awt.EventDispatchThread.pumpOneEventForFilters(EventDispatchThread.java:203) ~[?:?]
	at java.awt.EventDispatchThread.pumpEventsForFilter(EventDispatchThread.java:124) ~[?:?]
	at java.awt.EventDispatchThread.pumpEventsForHierarchy(EventDispatchThread.java:113) ~[?:?]
	at java.awt.EventDispatchThread.pumpEvents(EventDispatchThread.java:109) ~[?:?]
	at java.awt.EventDispatchThread.pumpEvents(EventDispatchThread.java:101) ~[?:?]
	at java.awt.EventDispatchThread.run(EventDispatchThread.java:90) ~[?:?]
2025-05-26 03:29:48,501 [WARN] ThirdParty:871 - waiting for thirdparty lock release [close project]
2025-05-26 03:29:48,501 [INFO] ThirdParty:873 - entering critical section [close project]
2025-05-26 03:29:48,502 [INFO] ThirdParty:883 - exiting critical section [close project]
2025-05-26 03:29:48,506 [INFO] PinOutPanel:1589 - setPackage(No Configuration,No Configuration)
2025-05-26 03:29:48,515 [INFO] UtilMem:75 - Begin LoadConfig() Used Memory: 870487392 Bytes (1073741824)
2025-05-26 03:29:48,518 [INFO] MicroXplorer:468 - Change Database Path : 
2025-05-26 03:29:48,518 [INFO] MicroXplorer:498 - Change Database Version : DB.6.0.130
2025-05-26 03:29:48,518 [INFO] OpenFileManager:332 - Change cursor
2025-05-26 03:29:48,557 [INFO] Mcu:2035 - Initializing MCU STM32F411C(C-E)Ux STM32F411CEUx STM32F411CEU6
2025-05-26 03:29:49,366 [INFO] Context:748 - Trying to add GPIOservice into a context  which must be forbidden
2025-05-26 03:29:50,719 [INFO] RtosManager:555 - Registered RTOS mode: class=CMSIS, group=RTOS, mode=CMSIS_V1, owner=FREERTOS
2025-05-26 03:29:50,729 [INFO] RtosManager:555 - Registered RTOS mode: class=CMSIS, group=RTOS2, mode=CMSIS_V2, owner=FREERTOS
2025-05-26 03:29:50,731 [INFO] RtosManager:555 - Registered RTOS mode: class=RTOS, group=Core, mode=CMSIS_V1, owner=FREERTOS
2025-05-26 03:29:50,731 [INFO] RtosManager:555 - Registered RTOS mode: class=RTOS, group=Core, mode=CMSIS_V2, owner=FREERTOS
2025-05-26 03:29:50,731 [WARN] ModelIntegratedComponent:184 - Missing modes for component STMicroelectronics:FreeRTOS:0.0.1:STMicroelectronics:RTOS:FreeRTOS:Core:::10.2.0:
2025-05-26 03:29:50,751 [WARN] ModelIntegratedComponent:182 - Modes not found for component STMicroelectronics:USB_HOST:1.0.0:STMicroelectronics:USB::USB Host:Audio HS::1.0:USB_HOST_1_0_RESTRICTED_HS
2025-05-26 03:29:50,751 [WARN] ModelIntegratedComponent:188 - Modes not found for component STMicroelectronics:USB_HOST:1.0.0:STMicroelectronics:USB::USB Host:Audio HS::1.0:USB_HOST_1_0_RESTRICTED_HS
2025-05-26 03:29:50,751 [WARN] ModelIntegratedComponent:182 - Modes not found for component STMicroelectronics:USB_HOST:1.0.0:STMicroelectronics:USB::USB Host:CDC HS::1.0:USB_HOST_1_0_RESTRICTED_HS
2025-05-26 03:29:50,751 [WARN] ModelIntegratedComponent:188 - Modes not found for component STMicroelectronics:USB_HOST:1.0.0:STMicroelectronics:USB::USB Host:CDC HS::1.0:USB_HOST_1_0_RESTRICTED_HS
2025-05-26 03:29:50,751 [WARN] ModelIntegratedComponent:182 - Modes not found for component STMicroelectronics:USB_HOST:1.0.0:STMicroelectronics:USB::USB Host:MSC HS::1.0:USB_HOST_1_0_RESTRICTED_HS
2025-05-26 03:29:50,751 [WARN] ModelIntegratedComponent:188 - Modes not found for component STMicroelectronics:USB_HOST:1.0.0:STMicroelectronics:USB::USB Host:MSC HS::1.0:USB_HOST_1_0_RESTRICTED_HS
2025-05-26 03:29:50,751 [WARN] ModelIntegratedComponent:182 - Modes not found for component STMicroelectronics:USB_HOST:1.0.0:STMicroelectronics:USB::USB Host:HID HS::1.0:USB_HOST_1_0_RESTRICTED_HS
2025-05-26 03:29:50,751 [WARN] ModelIntegratedComponent:188 - Modes not found for component STMicroelectronics:USB_HOST:1.0.0:STMicroelectronics:USB::USB Host:HID HS::1.0:USB_HOST_1_0_RESTRICTED_HS
2025-05-26 03:29:50,751 [WARN] ModelIntegratedComponent:182 - Modes not found for component STMicroelectronics:USB_HOST:1.0.0:STMicroelectronics:USB::USB Host:MTP HS::1.0:USB_HOST_1_0_RESTRICTED_HS
2025-05-26 03:29:50,751 [WARN] ModelIntegratedComponent:188 - Modes not found for component STMicroelectronics:USB_HOST:1.0.0:STMicroelectronics:USB::USB Host:MTP HS::1.0:USB_HOST_1_0_RESTRICTED_HS
2025-05-26 03:29:50,758 [WARN] ModelIntegratedComponent:63 - No mode defined for component null
2025-05-26 03:29:50,758 [WARN] ModelIntegratedComponent:63 - No mode defined for component null
2025-05-26 03:29:50,758 [WARN] ModelIntegratedComponent:63 - No mode defined for component null
2025-05-26 03:29:50,758 [WARN] ModelIntegratedComponent:63 - No mode defined for component null
2025-05-26 03:29:50,758 [WARN] ModelIntegratedComponent:63 - No mode defined for component null
2025-05-26 03:29:50,758 [WARN] ModelIntegratedComponent:63 - No mode defined for component null
2025-05-26 03:29:50,758 [WARN] ModelIntegratedComponent:63 - No mode defined for component null
2025-05-26 03:29:50,758 [WARN] ModelIntegratedComponent:63 - No mode defined for component null
2025-05-26 03:29:50,758 [WARN] ModelIntegratedComponent:63 - No mode defined for component null
2025-05-26 03:29:50,758 [WARN] ModelIntegratedComponent:63 - No mode defined for component null
2025-05-26 03:29:50,758 [WARN] ModelIntegratedComponent:63 - No mode defined for component null
2025-05-26 03:29:50,758 [WARN] ModelIntegratedComponent:63 - No mode defined for component null
2025-05-26 03:29:50,758 [WARN] ModelIntegratedComponent:63 - No mode defined for component null
2025-05-26 03:29:50,758 [WARN] ModelIntegratedComponent:63 - No mode defined for component null
2025-05-26 03:29:50,758 [WARN] ModelIntegratedComponent:63 - No mode defined for component null
2025-05-26 03:29:50,758 [WARN] ModelIntegratedComponent:63 - No mode defined for component null
2025-05-26 03:29:50,758 [WARN] ModelIntegratedComponent:63 - No mode defined for component null
2025-05-26 03:29:50,758 [WARN] ModelIntegratedComponent:63 - No mode defined for component null
2025-05-26 03:29:50,758 [WARN] ModelIntegratedComponent:63 - No mode defined for component null
2025-05-26 03:29:50,758 [WARN] ModelIntegratedComponent:63 - No mode defined for component null
2025-05-26 03:29:50,758 [WARN] ModelIntegratedComponent:63 - No mode defined for component null
2025-05-26 03:29:50,758 [WARN] ModelIntegratedComponent:63 - No mode defined for component null
2025-05-26 03:29:50,758 [WARN] ModelIntegratedComponent:63 - No mode defined for component null
2025-05-26 03:29:50,758 [WARN] ModelIntegratedComponent:63 - No mode defined for component null
2025-05-26 03:29:50,758 [WARN] ModelIntegratedComponent:63 - No mode defined for component null
2025-05-26 03:29:50,758 [WARN] ModelIntegratedComponent:63 - No mode defined for component null
2025-05-26 03:29:50,758 [WARN] ModelIntegratedComponent:63 - No mode defined for component null
2025-05-26 03:29:50,758 [WARN] ModelIntegratedComponent:63 - No mode defined for component null
2025-05-26 03:29:50,758 [WARN] ModelIntegratedComponent:63 - No mode defined for component null
2025-05-26 03:29:50,758 [WARN] ModelIntegratedComponent:63 - No mode defined for component null
2025-05-26 03:29:50,758 [WARN] ModelIntegratedComponent:63 - No mode defined for component null
2025-05-26 03:29:50,758 [WARN] ModelIntegratedComponent:63 - No mode defined for component null
2025-05-26 03:29:50,758 [WARN] ModelIntegratedComponent:63 - No mode defined for component null
2025-05-26 03:29:50,758 [WARN] ModelIntegratedComponent:63 - No mode defined for component null
2025-05-26 03:29:50,758 [WARN] ModelIntegratedComponent:63 - No mode defined for component null
2025-05-26 03:29:50,759 [WARN] ModelPack:524 - Component already loaded: STMicroelectronics:HAL Drivers:0.0.0:STMicroelectronics:Device:STMicro_Driver:XSPI:HAL::0.0.1:HAL_XSPI
2025-05-26 03:29:50,957 [WARN] ModelIntegratedComponent:182 - Modes not found for component STMicroelectronics:USB_DEVICE:1.0.0:STMicroelectronics:USB::USB Device:Audio HS::1.0:USB_DEVICE_1_0_RESTRICTED_HS
2025-05-26 03:29:50,957 [WARN] ModelIntegratedComponent:188 - Modes not found for component STMicroelectronics:USB_DEVICE:1.0.0:STMicroelectronics:USB::USB Device:Audio HS::1.0:USB_DEVICE_1_0_RESTRICTED_HS
2025-05-26 03:29:50,957 [WARN] ModelIntegratedComponent:182 - Modes not found for component STMicroelectronics:USB_DEVICE:1.0.0:STMicroelectronics:USB::USB Device:CDC HS::1.0:USB_DEVICE_1_0_RESTRICTED_HS
2025-05-26 03:29:50,957 [WARN] ModelIntegratedComponent:188 - Modes not found for component STMicroelectronics:USB_DEVICE:1.0.0:STMicroelectronics:USB::USB Device:CDC HS::1.0:USB_DEVICE_1_0_RESTRICTED_HS
2025-05-26 03:29:50,957 [WARN] ModelIntegratedComponent:182 - Modes not found for component STMicroelectronics:USB_DEVICE:1.0.0:STMicroelectronics:USB::USB Device:DFU HS::1.0:USB_DEVICE_1_0_RESTRICTED_HS
2025-05-26 03:29:50,957 [WARN] ModelIntegratedComponent:188 - Modes not found for component STMicroelectronics:USB_DEVICE:1.0.0:STMicroelectronics:USB::USB Device:DFU HS::1.0:USB_DEVICE_1_0_RESTRICTED_HS
2025-05-26 03:29:50,957 [WARN] ModelIntegratedComponent:182 - Modes not found for component STMicroelectronics:USB_DEVICE:1.0.0:STMicroelectronics:USB::USB Device:HID HS::1.0:USB_DEVICE_1_0_RESTRICTED_HS
2025-05-26 03:29:50,958 [WARN] ModelIntegratedComponent:188 - Modes not found for component STMicroelectronics:USB_DEVICE:1.0.0:STMicroelectronics:USB::USB Device:HID HS::1.0:USB_DEVICE_1_0_RESTRICTED_HS
2025-05-26 03:29:50,958 [WARN] ModelIntegratedComponent:182 - Modes not found for component STMicroelectronics:USB_DEVICE:1.0.0:STMicroelectronics:USB::USB Device:Custom HID HS::1.0:USB_DEVICE_1_0_RESTRICTED_HS
2025-05-26 03:29:50,958 [WARN] ModelIntegratedComponent:188 - Modes not found for component STMicroelectronics:USB_DEVICE:1.0.0:STMicroelectronics:USB::USB Device:Custom HID HS::1.0:USB_DEVICE_1_0_RESTRICTED_HS
2025-05-26 03:29:50,958 [WARN] ModelIntegratedComponent:182 - Modes not found for component STMicroelectronics:USB_DEVICE:1.0.0:STMicroelectronics:USB::USB Device:MSC HS::1.0:USB_DEVICE_1_0_RESTRICTED_HS
2025-05-26 03:29:50,958 [WARN] ModelIntegratedComponent:188 - Modes not found for component STMicroelectronics:USB_DEVICE:1.0.0:STMicroelectronics:USB::USB Device:MSC HS::1.0:USB_DEVICE_1_0_RESTRICTED_HS
2025-05-26 03:29:50,998 [INFO] ThirdPartyModel:298 - Start build external matchings
2025-05-26 03:29:51,591 [INFO] ThirdPartyModel:316 - End build external matchings
2025-05-26 03:29:51,628 [INFO] RtosManager:922 - Current active RTOS is FREERTOS [Cortex-M4NS]
2025-05-26 03:29:51,674 [INFO] ImportTextPane:218 - (OptionalMessage_ERROR) IP (DMA) : Parameter (Instance) has Id (USART1_RX) currently not set
2025-05-26 03:29:51,675 [INFO] ImportTextPane:218 - (OptionalMessage_ERROR) IP (DMA) : Parameter (Channel) has Id (USART1_RX) currently not set
2025-05-26 03:29:51,675 [INFO] ImportTextPane:218 - (OptionalMessage_ERROR) IP (DMA) : Parameter (Direction) has Id (USART1_RX) currently not set
2025-05-26 03:29:51,675 [INFO] ImportTextPane:218 - (OptionalMessage_ERROR) IP (DMA) : Parameter (PeriphInc) has Id (USART1_RX) currently not set
2025-05-26 03:29:51,676 [INFO] ImportTextPane:218 - (OptionalMessage_ERROR) IP (DMA) : Parameter (MemInc) has Id (USART1_RX) currently not set
2025-05-26 03:29:51,676 [INFO] ImportTextPane:218 - (OptionalMessage_ERROR) IP (DMA) : Parameter (PeriphDataAlignment) has Id (USART1_RX) currently not set
2025-05-26 03:29:51,676 [INFO] ImportTextPane:218 - (OptionalMessage_ERROR) IP (DMA) : Parameter (MemDataAlignment) has Id (USART1_RX) currently not set
2025-05-26 03:29:51,676 [INFO] ImportTextPane:218 - (OptionalMessage_ERROR) IP (DMA) : Parameter (Mode) has Id (USART1_RX) currently not set
2025-05-26 03:29:51,676 [INFO] ImportTextPane:218 - (OptionalMessage_ERROR) IP (DMA) : Parameter (Priority) has Id (USART1_RX) currently not set
2025-05-26 03:29:51,676 [INFO] ImportTextPane:218 - (OptionalMessage_ERROR) IP (DMA) : Parameter (FIFOMode) has Id (USART1_RX) currently not set
2025-05-26 03:29:51,709 [INFO] ImportTextPane:218 - (OptionalMessage_ERROR) IP (RCC) : Parameter (48MHZClocksFreq_Value) has invalid value (50000000)
2025-05-26 03:29:51,711 [INFO] ImportTextPane:218 - (OptionalMessage_ERROR) IP (RCC) : Parameter (RTCHSEDivFreq_Value) has invalid value (12500000)
2025-05-26 03:29:52,011 [INFO] UtilMem:75 - End LoadConfig() Used Memory: 818622144 Bytes (1073741824)
2025-05-26 03:29:52,252 [WARN] ThirdParty:833 - waiting for thirdparty lock release [change project]
2025-05-26 03:29:52,252 [INFO] ThirdParty:835 - entering critical section [change project]
2025-05-26 03:29:52,253 [INFO] ThirdParty:1030 - CMSIS Pack Vendor :STMicroelectronics USBPD 4.1
2025-05-26 03:29:52,253 [INFO] ThirdParty:1030 - CMSIS Pack Vendor :STMicroelectronics X-CUBE-AZRTOS-H7 3.3.0
2025-05-26 03:29:52,253 [INFO] ThirdParty:1030 - CMSIS Pack Vendor :STMicroelectronics X-CUBE-NFC9 1.0.0
2025-05-26 03:29:52,253 [INFO] ThirdParty:1030 - CMSIS Pack Vendor :STMicroelectronics USB_HOST 2.0.0
2025-05-26 03:29:52,253 [INFO] ThirdParty:1030 - CMSIS Pack Vendor :STMicroelectronics FP-SNS-MOTENVWB1 1.4.0
2025-05-26 03:29:52,253 [INFO] ThirdParty:1030 - CMSIS Pack Vendor :STMicroelectronics X-CUBE-AZRTOS-F4 1.1.0
2025-05-26 03:29:52,253 [INFO] ThirdParty:1030 - CMSIS Pack Vendor :STMicroelectronics LIBJPEG 8.0.0
2025-05-26 03:29:52,253 [INFO] ThirdParty:1030 - CMSIS Pack Vendor :STMicroelectronics FP-ATR-ASTRA1 2.0.2
2025-05-26 03:29:52,253 [INFO] ThirdParty:1030 - CMSIS Pack Vendor :STMicroelectronics FP-ATR-ASTRA1 2.0.1
2025-05-26 03:29:52,253 [INFO] ThirdParty:1030 - CMSIS Pack Vendor :STMicroelectronics X-CUBE-BLE1 7.1.0
2025-05-26 03:29:52,253 [INFO] ThirdParty:1030 - CMSIS Pack Vendor :Avnet-IotConnect X-CUBE-IoTC-DA16k-PMOD 1.0.0
2025-05-26 03:29:52,253 [INFO] ThirdParty:1030 - CMSIS Pack Vendor :STMicroelectronics X-CUBE-SMBUS 2.1.0
2025-05-26 03:29:52,253 [INFO] ThirdParty:1030 - CMSIS Pack Vendor :STMicroelectronics X-CUBE-WB05N 1.1.0
2025-05-26 03:29:52,253 [INFO] ThirdParty:1030 - CMSIS Pack Vendor :STMicroelectronics USB_DEVICE 3.0.0
2025-05-26 03:29:52,253 [INFO] ThirdParty:1030 - CMSIS Pack Vendor :STMicroelectronics X-CUBE-ISPU 2.1.0
2025-05-26 03:29:52,253 [INFO] ThirdParty:1030 - CMSIS Pack Vendor :STMicroelectronics X-CUBE-AZRTOS-WB 2.0.0
2025-05-26 03:29:52,253 [INFO] ThirdParty:1030 - CMSIS Pack Vendor :STMicroelectronics X-CUBE-GNSS1 7.0.1
2025-05-26 03:29:52,253 [INFO] ThirdParty:1030 - CMSIS Pack Vendor :STMicroelectronics X-CUBE-AZRTOS-F7 1.1.0
2025-05-26 03:29:52,253 [INFO] ThirdParty:1030 - CMSIS Pack Vendor :STMicroelectronics X-CUBE-AZRTOS-L5 2.0.0
2025-05-26 03:29:52,253 [INFO] ThirdParty:1030 - CMSIS Pack Vendor :STMicroelectronics X-CUBE-TOUCHGFX 4.25.0
2025-05-26 03:29:52,253 [INFO] ThirdParty:1030 - CMSIS Pack Vendor :STMicroelectronics USB_DEVICE 2.0.0
2025-05-26 03:29:52,253 [INFO] ThirdParty:1030 - CMSIS Pack Vendor :STMicroelectronics X-CUBE-NFC6 3.1.0
2025-05-26 03:29:52,253 [INFO] ThirdParty:1030 - CMSIS Pack Vendor :STMicroelectronics FP-SNS-STBOX1 2.0.0
2025-05-26 03:29:52,253 [INFO] ThirdParty:1030 - CMSIS Pack Vendor :STMicroelectronics X-CUBE-MEMS1 11.2.0
2025-05-26 03:29:52,253 [INFO] ThirdParty:1030 - CMSIS Pack Vendor :STMicroelectronics FreeRTOS 0.0.1
2025-05-26 03:29:52,253 [INFO] ThirdParty:1030 - CMSIS Pack Vendor :STMicroelectronics X-CUBE-AZRTOS-G0 1.1.0
2025-05-26 03:29:52,253 [INFO] ThirdParty:1030 - CMSIS Pack Vendor :STMicroelectronics X-CUBE-SAFEA1 1.2.2
2025-05-26 03:29:52,253 [INFO] ThirdParty:1030 - CMSIS Pack Vendor :STMicroelectronics X-CUBE-NFC4 3.0.0
2025-05-26 03:29:52,253 [INFO] ThirdParty:1030 - CMSIS Pack Vendor :STMicroelectronics X-CUBE-DPower 1.2.0
2025-05-26 03:29:52,253 [INFO] ThirdParty:1030 - CMSIS Pack Vendor :STMicroelectronics X-CUBE-SUBG2 5.0.0
2025-05-26 03:29:52,253 [INFO] ThirdParty:1030 - CMSIS Pack Vendor :STMicroelectronics X-CUBE-AZRTOS-H7RS 1.1.0
2025-05-26 03:29:52,253 [INFO] ThirdParty:1030 - CMSIS Pack Vendor :STMicroelectronics STM32_WPAN 1.0.0
2025-05-26 03:29:52,253 [INFO] ThirdParty:1030 - CMSIS Pack Vendor :EmbeddedOffice I-CUBE-FS-RTOS 1.0.1
2025-05-26 03:29:52,253 [INFO] ThirdParty:1030 - CMSIS Pack Vendor :STMicroelectronics lwIP 2.0.3
2025-05-26 03:29:52,253 [INFO] ThirdParty:1030 - CMSIS Pack Vendor :STMicroelectronics FP-SNS-FLIGHT1 5.0.2
2025-05-26 03:29:52,253 [INFO] ThirdParty:1030 - CMSIS Pack Vendor :Cesanta I-CUBE-Mongoose 7.13.0
2025-05-26 03:29:52,253 [INFO] ThirdParty:1030 - CMSIS Pack Vendor :STMicroelectronics USB_HOST 1.0.0
2025-05-26 03:29:52,253 [INFO] ThirdParty:1030 - CMSIS Pack Vendor :Infineon AIROC-Wi-Fi-Bluetooth-STM32 1.7.0
2025-05-26 03:29:52,253 [INFO] ThirdParty:1030 - CMSIS Pack Vendor :STMicroelectronics X-CUBE-AZRTOS-G4 2.0.0
2025-05-26 03:29:52,253 [INFO] ThirdParty:1030 - CMSIS Pack Vendor :STMicroelectronics X-CUBE-WB05N 2.0.0
2025-05-26 03:29:52,253 [INFO] ThirdParty:1030 - CMSIS Pack Vendor :STMicroelectronics PDM2PCM 3.1.0
2025-05-26 03:29:52,253 [INFO] ThirdParty:1030 - CMSIS Pack Vendor :STMicroelectronics PDM2PCM 3.3.0
2025-05-26 03:29:52,253 [INFO] ThirdParty:1030 - CMSIS Pack Vendor :STMicroelectronics X-CUBE-DISPLAY 3.0.0
2025-05-26 03:29:52,254 [INFO] ThirdParty:1030 - CMSIS Pack Vendor :STMicroelectronics X-CUBE-NFC7 2.0.0
2025-05-26 03:29:52,254 [INFO] ThirdParty:1030 - CMSIS Pack Vendor :STMicroelectronics X-CUBE-TCPP 4.2.0
2025-05-26 03:29:52,254 [INFO] ThirdParty:1030 - CMSIS Pack Vendor :RealThread X-CUBE-RT-Thread_Nano 4.1.1
2025-05-26 03:29:52,254 [INFO] ThirdParty:1030 - CMSIS Pack Vendor :STMicroelectronics X-CUBE-BLE1 7.0.0
2025-05-26 03:29:52,254 [INFO] ThirdParty:1030 - CMSIS Pack Vendor :STMicroelectronics FP-ATR-SIGFOX1 3.2.0
2025-05-26 03:29:52,254 [INFO] ThirdParty:1030 - CMSIS Pack Vendor :STMicroelectronics X-CUBE-NFC10 1.0.0
2025-05-26 03:29:52,254 [INFO] ThirdParty:1030 - CMSIS Pack Vendor :quantropi X-CUBE-qispace-sdk-base 1.9.3
2025-05-26 03:29:52,254 [INFO] ThirdParty:1030 - CMSIS Pack Vendor :STMicroelectronics X-CUBE-BLEMGR 4.0.0
2025-05-26 03:29:52,254 [INFO] ThirdParty:1030 - CMSIS Pack Vendor :STMicroelectronics X-CUBE-EEPRMA1 5.1.0
2025-05-26 03:29:52,254 [INFO] ThirdParty:1030 - CMSIS Pack Vendor :STMicroelectronics X-CUBE-FREERTOS 1.3.1
2025-05-26 03:29:52,254 [INFO] ThirdParty:1030 - CMSIS Pack Vendor :STMicroelectronics HAL Drivers 0.0.0
2025-05-26 03:29:52,254 [INFO] ThirdParty:1030 - CMSIS Pack Vendor :STMicroelectronics MBEDTLS 2.16.2
2025-05-26 03:29:52,254 [INFO] ThirdParty:1030 - CMSIS Pack Vendor :STMicroelectronics X-CUBE-IPS 3.1.0
2025-05-26 03:29:52,254 [INFO] ThirdParty:1030 - CMSIS Pack Vendor :STMicroelectronics X-CUBE-ALS 1.0.2
2025-05-26 03:29:52,254 [INFO] ThirdParty:1030 - CMSIS Pack Vendor :emotas I-CUBE-CANOPEN 1.3.0
2025-05-26 03:29:52,254 [INFO] ThirdParty:1030 - CMSIS Pack Vendor :STMicroelectronics X-CUBE-FREERTOS 1.3.0
2025-05-26 03:29:52,254 [INFO] ThirdParty:1030 - CMSIS Pack Vendor :wolfSSL I-CUBE-wolfSSL 5.7.4
2025-05-26 03:29:52,254 [INFO] ThirdParty:1030 - CMSIS Pack Vendor :STMicroelectronics X-CUBE-NFC7 1.0.1
2025-05-26 03:29:52,254 [INFO] ThirdParty:1030 - CMSIS Pack Vendor :STMicroelectronics MBEDTLS 2.14.1
2025-05-26 03:29:52,254 [INFO] ThirdParty:1030 - CMSIS Pack Vendor :ITTIA_DB I-CUBE-ITTIADB 8.9.0
2025-05-26 03:29:52,254 [INFO] ThirdParty:1030 - CMSIS Pack Vendor :STMicroelectronics X-CUBE-TOUCHGFX 4.24.2
2025-05-26 03:29:52,254 [INFO] ThirdParty:1030 - CMSIS Pack Vendor :wolfSSL I-CUBE-wolfTPM 3.4.0
2025-05-26 03:29:52,254 [INFO] ThirdParty:1030 - CMSIS Pack Vendor :portGmbH I-Cube-SoM-uGOAL 1.1.0
2025-05-26 03:29:52,254 [INFO] ThirdParty:1030 - CMSIS Pack Vendor :STMicroelectronics X-CUBE-AI 10.0.0
2025-05-26 03:29:52,254 [INFO] ThirdParty:1030 - CMSIS Pack Vendor :STMicroelectronics ThreadX 1.0.0
2025-05-26 03:29:52,254 [INFO] ThirdParty:1030 - CMSIS Pack Vendor :STMicroelectronics FP-SNS-SMARTAG2 1.2.0
2025-05-26 03:29:52,254 [INFO] ThirdParty:1030 - CMSIS Pack Vendor :STMicroelectronics FP-SNS-FLIGHT1 5.1.0
2025-05-26 03:29:52,254 [INFO] ThirdParty:1030 - CMSIS Pack Vendor :STMicroelectronics X-CUBE-MEMS1 11.1.0
2025-05-26 03:29:52,254 [INFO] ThirdParty:1030 - CMSIS Pack Vendor :STMicroelectronics X-CUBE-AZRTOS-WL 2.0.0
2025-05-26 03:29:52,254 [INFO] ThirdParty:1030 - CMSIS Pack Vendor :SEGGER I-CUBE-embOS 1.3.1
2025-05-26 03:29:52,254 [INFO] ThirdParty:1030 - CMSIS Pack Vendor :STMicroelectronics X-CUBE-ALGOBUILD 1.4.0
2025-05-26 03:29:52,254 [INFO] ThirdParty:1030 - CMSIS Pack Vendor :STMicroelectronics X-CUBE-DPower 1.3.0
2025-05-26 03:29:52,254 [INFO] ThirdParty:1030 - CMSIS Pack Vendor :STMicroelectronics FP-SNS-MOTENV1 5.0.0
2025-05-26 03:29:52,254 [INFO] ThirdParty:1030 - CMSIS Pack Vendor :STMicroelectronics USB_DEVICE 1.0.0
2025-05-26 03:29:52,254 [INFO] ThirdParty:1030 - CMSIS Pack Vendor :STMicroelectronics X-CUBE-AZRTOS-H7RS 1.0.0
2025-05-26 03:29:52,254 [INFO] ThirdParty:1030 - CMSIS Pack Vendor :wolfSSL I-CUBE-wolfMQTT 1.19.0
2025-05-26 03:29:52,254 [INFO] ThirdParty:1030 - CMSIS Pack Vendor :STMicroelectronics X-CUBE-AZRTOS-L4 2.0.0
2025-05-26 03:29:52,254 [INFO] ThirdParty:1030 - CMSIS Pack Vendor :STMicroelectronics ThreadX 0.0.2
2025-05-26 03:29:52,254 [INFO] ThirdParty:1030 - CMSIS Pack Vendor :WES I-CUBE-Cesium 1.3.0
2025-05-26 03:29:52,254 [INFO] ThirdParty:1030 - CMSIS Pack Vendor :STMicroelectronics lwIP 2.1.2
2025-05-26 03:29:52,254 [INFO] ThirdParty:1030 - CMSIS Pack Vendor :STMicroelectronics X-CUBE-SFXS2LP1 4.0.0
2025-05-26 03:29:52,254 [INFO] ThirdParty:1030 - CMSIS Pack Vendor :STMicroelectronics X-CUBE-BLE2 3.3.0
2025-05-26 03:29:52,254 [INFO] ThirdParty:1030 - CMSIS Pack Vendor :STMicroelectronics X-CUBE-TOF1 3.4.2
2025-05-26 03:29:52,254 [INFO] ThirdParty:1030 - CMSIS Pack Vendor :STMicroelectronics X-CUBE-TOF1 3.4.3
2025-05-26 03:29:52,254 [INFO] ThirdParty:1030 - CMSIS Pack Vendor :STMicroelectronics X-CUBE-AI 9.1.0
2025-05-26 03:29:52,254 [INFO] ThirdParty:1030 - CMSIS Pack Vendor :STMicroelectronics PDM2PCM 3.2.0
2025-05-26 03:29:52,254 [INFO] ThirdParty:1030 - CMSIS Pack Vendor :wolfSSL I-CUBE-wolfSSH 1.4.17
2025-05-26 03:29:52,257 [INFO] ThirdParty:841 - exiting critical section [change project]
2025-05-26 03:29:52,801 [INFO] PinOutPanel:1589 - setPackage(No Configuration,No Configuration)
2025-05-26 03:29:52,807 [INFO] PinOutPanel:1589 - setPackage(STM32F411CEUx,UFQFPN48)
2025-05-26 03:29:53,537 [INFO] UtilMem:75 - Before build in PCC Used Memory: 782271176 Bytes (1073741824)
2025-05-26 03:29:53,954 [INFO] UtilMem:75 - After build in PCC Used Memory: 826311368 Bytes (1073741824)
2025-05-26 03:29:53,966 [INFO] ApiDbMcu:508 - Load IP Config File for FREERTOS
2025-05-26 03:29:54,009 [INFO] IPUIPlugin:80 - create IPUIPlugin
2025-05-26 03:29:54,009 [INFO] IPUIPlugin:80 - create IPUIPlugin
2025-05-26 03:29:54,010 [INFO] IPUIPlugin:80 - create IPUIPlugin
2025-05-26 03:29:54,010 [INFO] IPUIPlugin:80 - create IPUIPlugin
2025-05-26 03:29:54,010 [INFO] IPUIPlugin:80 - create IPUIPlugin
2025-05-26 03:29:54,010 [INFO] IPUIPlugin:80 - create IPUIPlugin
2025-05-26 03:29:54,011 [INFO] IPUIPlugin:80 - create IPUIPlugin
2025-05-26 03:29:54,011 [INFO] IPUIPlugin:80 - create IPUIPlugin
2025-05-26 03:29:54,011 [INFO] IPUIPlugin:80 - create IPUIPlugin
2025-05-26 03:29:54,011 [INFO] IPUIPlugin:80 - create IPUIPlugin
2025-05-26 03:29:54,011 [INFO] IPUIPlugin:80 - create IPUIPlugin
2025-05-26 03:29:54,011 [INFO] IPUIPlugin:80 - create IPUIPlugin
2025-05-26 03:29:54,012 [INFO] IPUIPlugin:80 - create IPUIPlugin
2025-05-26 03:29:54,013 [INFO] IPUIPlugin:80 - create IPUIPlugin
2025-05-26 03:29:54,013 [INFO] IPUIPlugin:80 - create IPUIPlugin
2025-05-26 03:29:54,013 [INFO] IPUIPlugin:80 - create IPUIPlugin
2025-05-26 03:29:54,013 [INFO] IPUIPlugin:80 - create IPUIPlugin
2025-05-26 03:29:54,013 [INFO] IPUIPlugin:80 - create IPUIPlugin
2025-05-26 03:29:54,013 [INFO] IPUIPlugin:80 - create IPUIPlugin
2025-05-26 03:29:54,013 [INFO] IPUIPlugin:80 - create IPUIPlugin
2025-05-26 03:29:54,013 [INFO] IPUIPlugin:80 - create IPUIPlugin
2025-05-26 03:29:54,014 [INFO] IPUIPlugin:80 - create IPUIPlugin
2025-05-26 03:29:54,014 [INFO] IPUIPlugin:80 - create IPUIPlugin
2025-05-26 03:29:54,014 [INFO] IPUIPlugin:80 - create IPUIPlugin
2025-05-26 03:29:54,014 [INFO] IPUIPlugin:80 - create IPUIPlugin
2025-05-26 03:29:54,014 [INFO] IPUIPlugin:80 - create IPUIPlugin
2025-05-26 03:29:54,014 [INFO] IPUIPlugin:80 - create IPUIPlugin
2025-05-26 03:29:54,015 [INFO] IPUIPlugin:80 - create IPUIPlugin
2025-05-26 03:29:54,015 [INFO] IPUIPlugin:80 - create IPUIPlugin
2025-05-26 03:29:54,015 [INFO] IPUIPlugin:80 - create IPUIPlugin
2025-05-26 03:29:54,015 [INFO] IPUIPlugin:80 - create IPUIPlugin
2025-05-26 03:29:54,015 [INFO] IPUIPlugin:80 - create IPUIPlugin
2025-05-26 03:29:54,015 [INFO] IPUIPlugin:80 - create IPUIPlugin
2025-05-26 03:29:54,015 [INFO] IPUIPlugin:80 - create IPUIPlugin
2025-05-26 03:29:54,015 [INFO] IPUIPlugin:80 - create IPUIPlugin
2025-05-26 03:29:54,015 [INFO] IPUIPlugin:80 - create IPUIPlugin
2025-05-26 03:29:54,015 [INFO] IPUIPlugin:80 - create IPUIPlugin
2025-05-26 03:29:54,015 [INFO] IPUIPlugin:80 - create IPUIPlugin
2025-05-26 03:29:54,016 [INFO] IPUIPlugin:80 - create IPUIPlugin
2025-05-26 03:29:54,017 [INFO] IPUIPlugin:80 - create IPUIPlugin
2025-05-26 03:29:54,017 [INFO] IPUIPlugin:80 - create IPUIPlugin
2025-05-26 03:29:54,017 [INFO] IPUIPlugin:80 - create IPUIPlugin
2025-05-26 03:29:54,018 [INFO] IPUIPlugin:80 - create IPUIPlugin
2025-05-26 03:29:54,035 [INFO] ApiDbMcu:508 - Load IP Config File for PDM2PCM
2025-05-26 03:29:54,059 [WARN] FreeRTOS:1023 - Null or empty value: should not occur! (nothing added to the table)
2025-05-26 03:29:54,148 [INFO] CADModel:165 - CPN selected for project levelSTM32F411CEU6
2025-05-26 03:29:54,148 [INFO] CADModel:114 - Register for checkConnection events
2025-05-26 03:29:54,151 [INFO] RtosManager:697 - Active RTOS found at IOC load: FREERTOS [Cortex-M4NS]
2025-05-26 03:29:54,196 [INFO] OpenFileManager:363 - Restore cursor
2025-05-26 03:36:31,709 [INFO] MainUpdater:2872 - connection check result : 10
2025-05-26 03:36:31,717 [INFO] MainUpdater:2872 - connection check result : 10
2025-05-26 03:36:32,288 [INFO] MicroXplorer:468 - Change Database Path : 
2025-05-26 03:36:32,288 [INFO] MicroXplorer:498 - Change Database Version : DB.6.0.130
2025-05-26 03:36:32,428 [ERROR] ProjectManagerView:394 - 
java.lang.NullPointerException: Cannot invoke "javax.swing.JTextField.getText()" because the return value of "java.util.List.get(int)" is null
	at com.st.microxplorer.plugins.projectmanager.gui.ProjectChoiceTab$9.caretUpdate(ProjectChoiceTab.java:2616) ~[filemanager.jar:?]
	at javax.swing.text.JTextComponent.fireCaretUpdate(JTextComponent.java:408) ~[?:?]
	at javax.swing.text.JTextComponent$MutableCaretEvent.fire(JTextComponent.java:4484) ~[?:?]
	at javax.swing.text.JTextComponent$MutableCaretEvent.stateChanged(JTextComponent.java:4506) ~[?:?]
	at javax.swing.text.DefaultCaret.fireStateChanged(DefaultCaret.java:857) ~[?:?]
	at javax.swing.text.DefaultCaret.changeCaretPosition(DefaultCaret.java:1343) ~[?:?]
	at javax.swing.text.DefaultCaret.handleSetDot(DefaultCaret.java:1242) ~[?:?]
	at javax.swing.text.DefaultCaret.setDot(DefaultCaret.java:1223) ~[?:?]
	at javax.swing.text.DefaultCaret$Handler.insertUpdate(DefaultCaret.java:1819) ~[?:?]
	at javax.swing.text.AbstractDocument.fireInsertUpdate(AbstractDocument.java:227) ~[?:?]
	at javax.swing.text.AbstractDocument.handleInsertString(AbstractDocument.java:781) ~[?:?]
	at javax.swing.text.AbstractDocument.insertString(AbstractDocument.java:740) ~[?:?]
	at javax.swing.text.PlainDocument.insertString(PlainDocument.java:131) ~[?:?]
	at javax.swing.text.AbstractDocument.replace(AbstractDocument.java:699) ~[?:?]
	at javax.swing.text.JTextComponent.setText(JTextComponent.java:1725) ~[?:?]
	at com.st.microxplorer.plugins.projectmanager.gui.ProjectChoiceTab.createHeapStackFields(ProjectChoiceTab.java:975) ~[filemanager.jar:?]
	at com.st.microxplorer.plugins.projectmanager.gui.ProjectChoiceTab.buildLinkSettingsPanel(ProjectChoiceTab.java:3666) ~[filemanager.jar:?]
	at com.st.microxplorer.plugins.projectmanager.gui.ProjectChoiceTab.defineWindowsFields(ProjectChoiceTab.java:1934) ~[filemanager.jar:?]
	at com.st.microxplorer.plugins.projectmanager.gui.ProjectChoiceTab.updateSettings(ProjectChoiceTab.java:553) ~[filemanager.jar:?]
	at com.st.microxplorer.plugins.projectmanager.gui.ProjectSettingsPanel.UpdateDialog(ProjectSettingsPanel.java:245) ~[filemanager.jar:?]
	at com.st.microxplorer.plugins.projectmanager.ProjectManagerView.propertyChange(ProjectManagerView.java:391) ~[filemanager.jar:?]
	at java.beans.PropertyChangeSupport.fire(PropertyChangeSupport.java:343) ~[?:?]
	at java.beans.PropertyChangeSupport.firePropertyChange(PropertyChangeSupport.java:335) ~[?:?]
	at java.beans.PropertyChangeSupport.firePropertyChange(PropertyChangeSupport.java:268) ~[?:?]
	at com.st.microxplorer.util.MXPropertyChangeSupport.firePropertyChange(MXPropertyChangeSupport.java:54) ~[STM32CubeMX.jar:?]
	at com.st.microxplorer.mxsystem.MxSystem.closeConfig(MxSystem.java:899) ~[STM32CubeMX.jar:?]
	at com.st.microxplorer.maingui.MainPanel.closeConfig(MainPanel.java:789) ~[STM32CubeMX.jar:?]
	at com.st.microxplorer.plugins.filemanager.engine.OpenFileManager.loadConfigurationFile(OpenFileManager.java:265) ~[filemanager.jar:?]
	at com.st.microxplorer.plugins.filemanager.engine.MainFileManager.userLoadConfig(MainFileManager.java:340) ~[filemanager.jar:?]
	at com.st.microxplorer.plugins.filemanager.engine.MainFileManager.userLoadConfig(MainFileManager.java:318) ~[filemanager.jar:?]
	at com.st.microxplorer.plugins.filemanager.FileManagerView.getSpecificTask(FileManagerView.java:246) ~[filemanager.jar:?]
	at com.st.stm32cube.common.mx.editor.CubeMxEditor.getMxTabbedPaneInstance(CubeMxEditor.java:1198) ~[com.st.stm32cube.common.mx_6.13.0.202411220809/:?]
	at com.st.stm32cube.common.mx.editor.CubeMxEditor$12$1.createSwingComponent(CubeMxEditor.java:1068) ~[com.st.stm32cube.common.mx_6.13.0.202411220809/:?]
	at com.st.stm32cube.common.mx.oss.core.awtswtbridge.EmbeddedSwingComposite.doComponentCreation(EmbeddedSwingComposite.java:492) ~[com.st.stm32cube.common.mx.oss_6.13.0.202411220809/:?]
	at com.st.stm32cube.common.mx.oss.core.awtswtbridge.EmbeddedSwingComposite$4.run(EmbeddedSwingComposite.java:291) ~[com.st.stm32cube.common.mx.oss_6.13.0.202411220809/:?]
	at com.st.stm32cube.common.mx.oss.core.awtswtbridge.AwtEnvironment$2.run(AwtEnvironment.java:166) ~[com.st.stm32cube.common.mx.oss_6.13.0.202411220809/:?]
	at java.awt.event.InvocationEvent.dispatch(InvocationEvent.java:318) ~[?:?]
	at java.awt.EventQueue.dispatchEventImpl(EventQueue.java:773) ~[?:?]
	at java.awt.EventQueue$4.run(EventQueue.java:720) ~[?:?]
	at java.awt.EventQueue$4.run(EventQueue.java:714) ~[?:?]
	at java.security.AccessController.doPrivileged(AccessController.java:400) ~[?:?]
	at java.security.ProtectionDomain$JavaSecurityAccessImpl.doIntersectionPrivilege(ProtectionDomain.java:87) ~[?:?]
	at java.awt.EventQueue.dispatchEvent(EventQueue.java:742) ~[?:?]
	at java.awt.EventDispatchThread.pumpOneEventForFilters(EventDispatchThread.java:203) ~[?:?]
	at java.awt.EventDispatchThread.pumpEventsForFilter(EventDispatchThread.java:124) ~[?:?]
	at java.awt.EventDispatchThread.pumpEventsForHierarchy(EventDispatchThread.java:113) ~[?:?]
	at java.awt.EventDispatchThread.pumpEvents(EventDispatchThread.java:109) ~[?:?]
	at java.awt.EventDispatchThread.pumpEvents(EventDispatchThread.java:101) ~[?:?]
	at java.awt.EventDispatchThread.run(EventDispatchThread.java:90) ~[?:?]
2025-05-26 03:36:32,436 [WARN] ThirdParty:871 - waiting for thirdparty lock release [close project]
2025-05-26 03:36:32,436 [INFO] ThirdParty:873 - entering critical section [close project]
2025-05-26 03:36:32,437 [INFO] ThirdParty:883 - exiting critical section [close project]
2025-05-26 03:36:32,440 [INFO] PinOutPanel:1589 - setPackage(No Configuration,No Configuration)
2025-05-26 03:36:32,474 [WARN] IpParametersView:154 - Warning: This peripheral hasn't parameters
2025-05-26 03:36:32,492 [WARN] MainPanel:289 - <html><b><center>Warning: This peripheral has no parameters to be configured<br></b></html>
2025-05-26 03:36:32,496 [ERROR] MainPanel:599 - java.lang.IndexOutOfBoundsException: Index: 0, Tab count: 0
2025-05-26 03:36:32,506 [INFO] UtilMem:75 - Begin LoadConfig() Used Memory: 920856264 Bytes (1073741824)
2025-05-26 03:36:32,508 [INFO] MicroXplorer:468 - Change Database Path : 
2025-05-26 03:36:32,508 [INFO] MicroXplorer:498 - Change Database Version : DB.6.0.130
2025-05-26 03:36:32,508 [INFO] OpenFileManager:332 - Change cursor
2025-05-26 03:36:32,544 [INFO] Mcu:2035 - Initializing MCU STM32F103C(4-6)Tx STM32F103C6Tx STM32F103C6T6A
2025-05-26 03:36:32,936 [INFO] Context:748 - Trying to add GPIOservice into a context  which must be forbidden
2025-05-26 03:36:33,219 [INFO] RtosManager:555 - Registered RTOS mode: class=CMSIS, group=RTOS, mode=CMSIS_V1, owner=FREERTOS
2025-05-26 03:36:33,219 [INFO] RtosManager:555 - Registered RTOS mode: class=CMSIS, group=RTOS2, mode=CMSIS_V2, owner=FREERTOS
2025-05-26 03:36:33,219 [INFO] RtosManager:555 - Registered RTOS mode: class=RTOS, group=Core, mode=CMSIS_V1, owner=FREERTOS
2025-05-26 03:36:33,219 [INFO] RtosManager:555 - Registered RTOS mode: class=RTOS, group=Core, mode=CMSIS_V2, owner=FREERTOS
2025-05-26 03:36:33,219 [WARN] ModelIntegratedComponent:184 - Missing modes for component STMicroelectronics:FreeRTOS:0.0.1:STMicroelectronics:RTOS:FreeRTOS:Core:::10.2.0:
2025-05-26 03:36:33,241 [WARN] ModelIntegratedComponent:63 - No mode defined for component null
2025-05-26 03:36:33,241 [WARN] ModelIntegratedComponent:63 - No mode defined for component null
2025-05-26 03:36:33,241 [WARN] ModelIntegratedComponent:63 - No mode defined for component null
2025-05-26 03:36:33,241 [WARN] ModelIntegratedComponent:63 - No mode defined for component null
2025-05-26 03:36:33,241 [WARN] ModelIntegratedComponent:63 - No mode defined for component null
2025-05-26 03:36:33,241 [WARN] ModelIntegratedComponent:63 - No mode defined for component null
2025-05-26 03:36:33,241 [WARN] ModelIntegratedComponent:63 - No mode defined for component null
2025-05-26 03:36:33,241 [WARN] ModelIntegratedComponent:63 - No mode defined for component null
2025-05-26 03:36:33,241 [WARN] ModelIntegratedComponent:63 - No mode defined for component null
2025-05-26 03:36:33,241 [WARN] ModelIntegratedComponent:63 - No mode defined for component null
2025-05-26 03:36:33,241 [WARN] ModelIntegratedComponent:63 - No mode defined for component null
2025-05-26 03:36:33,241 [WARN] ModelIntegratedComponent:63 - No mode defined for component null
2025-05-26 03:36:33,241 [WARN] ModelIntegratedComponent:63 - No mode defined for component null
2025-05-26 03:36:33,242 [WARN] ModelIntegratedComponent:63 - No mode defined for component null
2025-05-26 03:36:33,242 [WARN] ModelIntegratedComponent:63 - No mode defined for component null
2025-05-26 03:36:33,242 [WARN] ModelIntegratedComponent:63 - No mode defined for component null
2025-05-26 03:36:33,242 [WARN] ModelIntegratedComponent:63 - No mode defined for component null
2025-05-26 03:36:33,242 [WARN] ModelIntegratedComponent:63 - No mode defined for component null
2025-05-26 03:36:33,242 [WARN] ModelIntegratedComponent:63 - No mode defined for component null
2025-05-26 03:36:33,242 [WARN] ModelIntegratedComponent:63 - No mode defined for component null
2025-05-26 03:36:33,242 [WARN] ModelIntegratedComponent:63 - No mode defined for component null
2025-05-26 03:36:33,242 [WARN] ModelIntegratedComponent:63 - No mode defined for component null
2025-05-26 03:36:33,242 [WARN] ModelIntegratedComponent:63 - No mode defined for component null
2025-05-26 03:36:33,242 [WARN] ModelIntegratedComponent:63 - No mode defined for component null
2025-05-26 03:36:33,242 [WARN] ModelIntegratedComponent:63 - No mode defined for component null
2025-05-26 03:36:33,242 [WARN] ModelIntegratedComponent:63 - No mode defined for component null
2025-05-26 03:36:33,242 [WARN] ModelIntegratedComponent:63 - No mode defined for component null
2025-05-26 03:36:33,242 [WARN] ModelIntegratedComponent:63 - No mode defined for component null
2025-05-26 03:36:33,242 [WARN] ModelIntegratedComponent:63 - No mode defined for component null
2025-05-26 03:36:33,242 [WARN] ModelIntegratedComponent:63 - No mode defined for component null
2025-05-26 03:36:33,242 [WARN] ModelIntegratedComponent:63 - No mode defined for component null
2025-05-26 03:36:33,242 [WARN] ModelIntegratedComponent:63 - No mode defined for component null
2025-05-26 03:36:33,242 [WARN] ModelIntegratedComponent:63 - No mode defined for component null
2025-05-26 03:36:33,242 [WARN] ModelIntegratedComponent:63 - No mode defined for component null
2025-05-26 03:36:33,242 [WARN] ModelIntegratedComponent:63 - No mode defined for component null
2025-05-26 03:36:33,243 [WARN] ModelPack:524 - Component already loaded: STMicroelectronics:HAL Drivers:0.0.0:STMicroelectronics:Device:STMicro_Driver:XSPI:HAL::0.0.1:HAL_XSPI
2025-05-26 03:36:33,300 [INFO] ThirdPartyModel:298 - Start build external matchings
2025-05-26 03:36:33,706 [INFO] ThirdPartyModel:316 - End build external matchings
2025-05-26 03:36:33,719 [INFO] RtosManager:922 - Current active RTOS is FREERTOS [Cortex-M3NS]
2025-05-26 03:36:33,741 [WARN] IP:2251 - I2C_Coeff_DF not found: check if there is a RefParameter without a condition.
2025-05-26 03:36:33,741 [WARN] IP:2251 - Analog_Filter not found: check if there is a RefParameter without a condition.
2025-05-26 03:36:33,742 [INFO] ImportTextPane:218 - (OptionalMessage_ERROR) IP (RCC) : Invalid parameter (FamilyName)
2025-05-26 03:36:33,742 [INFO] ImportTextPane:218 - (OptionalMessage_ERROR) IP (RCC) : Parameter (MCOFreq_Value) has invalid value (72000000)
2025-05-26 03:36:33,742 [INFO] ImportTextPane:218 - (OptionalMessage_ERROR) IP (RCC) : Parameter (USBFreq_Value) has invalid value (72000000)
2025-05-26 03:36:34,021 [INFO] UtilMem:75 - End LoadConfig() Used Memory: 834021080 Bytes (1073741824)
2025-05-26 03:36:34,499 [WARN] ThirdParty:833 - waiting for thirdparty lock release [change project]
2025-05-26 03:36:34,506 [INFO] ThirdParty:835 - entering critical section [change project]
2025-05-26 03:36:34,509 [INFO] ThirdParty:1030 - CMSIS Pack Vendor :STMicroelectronics USBPD 4.1
2025-05-26 03:36:34,509 [INFO] ThirdParty:1030 - CMSIS Pack Vendor :STMicroelectronics X-CUBE-AZRTOS-H7 3.3.0
2025-05-26 03:36:34,509 [INFO] ThirdParty:1030 - CMSIS Pack Vendor :STMicroelectronics X-CUBE-NFC9 1.0.0
2025-05-26 03:36:34,509 [INFO] ThirdParty:1030 - CMSIS Pack Vendor :STMicroelectronics USB_HOST 2.0.0
2025-05-26 03:36:34,509 [INFO] ThirdParty:1030 - CMSIS Pack Vendor :STMicroelectronics FP-SNS-MOTENVWB1 1.4.0
2025-05-26 03:36:34,509 [INFO] ThirdParty:1030 - CMSIS Pack Vendor :STMicroelectronics X-CUBE-AZRTOS-F4 1.1.0
2025-05-26 03:36:34,509 [INFO] ThirdParty:1030 - CMSIS Pack Vendor :STMicroelectronics LIBJPEG 8.0.0
2025-05-26 03:36:34,509 [INFO] ThirdParty:1030 - CMSIS Pack Vendor :STMicroelectronics FP-ATR-ASTRA1 2.0.2
2025-05-26 03:36:34,509 [INFO] ThirdParty:1030 - CMSIS Pack Vendor :STMicroelectronics FP-ATR-ASTRA1 2.0.1
2025-05-26 03:36:34,509 [INFO] ThirdParty:1030 - CMSIS Pack Vendor :STMicroelectronics X-CUBE-BLE1 7.1.0
2025-05-26 03:36:34,509 [INFO] ThirdParty:1030 - CMSIS Pack Vendor :Avnet-IotConnect X-CUBE-IoTC-DA16k-PMOD 1.0.0
2025-05-26 03:36:34,509 [INFO] ThirdParty:1030 - CMSIS Pack Vendor :STMicroelectronics X-CUBE-SMBUS 2.1.0
2025-05-26 03:36:34,509 [INFO] ThirdParty:1030 - CMSIS Pack Vendor :STMicroelectronics X-CUBE-WB05N 1.1.0
2025-05-26 03:36:34,509 [INFO] ThirdParty:1030 - CMSIS Pack Vendor :STMicroelectronics USB_DEVICE 3.0.0
2025-05-26 03:36:34,509 [INFO] ThirdParty:1030 - CMSIS Pack Vendor :STMicroelectronics X-CUBE-ISPU 2.1.0
2025-05-26 03:36:34,509 [INFO] ThirdParty:1030 - CMSIS Pack Vendor :STMicroelectronics X-CUBE-AZRTOS-WB 2.0.0
2025-05-26 03:36:34,509 [INFO] ThirdParty:1030 - CMSIS Pack Vendor :STMicroelectronics X-CUBE-GNSS1 7.0.1
2025-05-26 03:36:34,509 [INFO] ThirdParty:1030 - CMSIS Pack Vendor :STMicroelectronics X-CUBE-AZRTOS-F7 1.1.0
2025-05-26 03:36:34,509 [INFO] ThirdParty:1030 - CMSIS Pack Vendor :STMicroelectronics X-CUBE-AZRTOS-L5 2.0.0
2025-05-26 03:36:34,509 [INFO] ThirdParty:1030 - CMSIS Pack Vendor :STMicroelectronics X-CUBE-TOUCHGFX 4.25.0
2025-05-26 03:36:34,509 [INFO] ThirdParty:1030 - CMSIS Pack Vendor :STMicroelectronics USB_DEVICE 2.0.0
2025-05-26 03:36:34,509 [INFO] ThirdParty:1030 - CMSIS Pack Vendor :STMicroelectronics X-CUBE-NFC6 3.1.0
2025-05-26 03:36:34,509 [INFO] ThirdParty:1030 - CMSIS Pack Vendor :STMicroelectronics FP-SNS-STBOX1 2.0.0
2025-05-26 03:36:34,509 [INFO] ThirdParty:1030 - CMSIS Pack Vendor :STMicroelectronics X-CUBE-MEMS1 11.2.0
2025-05-26 03:36:34,509 [INFO] ThirdParty:1030 - CMSIS Pack Vendor :STMicroelectronics FreeRTOS 0.0.1
2025-05-26 03:36:34,509 [INFO] ThirdParty:1030 - CMSIS Pack Vendor :STMicroelectronics X-CUBE-AZRTOS-G0 1.1.0
2025-05-26 03:36:34,509 [INFO] ThirdParty:1030 - CMSIS Pack Vendor :STMicroelectronics X-CUBE-SAFEA1 1.2.2
2025-05-26 03:36:34,509 [INFO] ThirdParty:1030 - CMSIS Pack Vendor :STMicroelectronics X-CUBE-NFC4 3.0.0
2025-05-26 03:36:34,509 [INFO] ThirdParty:1030 - CMSIS Pack Vendor :STMicroelectronics X-CUBE-DPower 1.2.0
2025-05-26 03:36:34,509 [INFO] ThirdParty:1030 - CMSIS Pack Vendor :STMicroelectronics X-CUBE-SUBG2 5.0.0
2025-05-26 03:36:34,509 [INFO] ThirdParty:1030 - CMSIS Pack Vendor :STMicroelectronics X-CUBE-AZRTOS-H7RS 1.1.0
2025-05-26 03:36:34,509 [INFO] ThirdParty:1030 - CMSIS Pack Vendor :STMicroelectronics STM32_WPAN 1.0.0
2025-05-26 03:36:34,509 [INFO] ThirdParty:1030 - CMSIS Pack Vendor :EmbeddedOffice I-CUBE-FS-RTOS 1.0.1
2025-05-26 03:36:34,509 [INFO] ThirdParty:1030 - CMSIS Pack Vendor :STMicroelectronics lwIP 2.0.3
2025-05-26 03:36:34,509 [INFO] ThirdParty:1030 - CMSIS Pack Vendor :STMicroelectronics FP-SNS-FLIGHT1 5.0.2
2025-05-26 03:36:34,509 [INFO] ThirdParty:1030 - CMSIS Pack Vendor :Cesanta I-CUBE-Mongoose 7.13.0
2025-05-26 03:36:34,509 [INFO] ThirdParty:1030 - CMSIS Pack Vendor :STMicroelectronics USB_HOST 1.0.0
2025-05-26 03:36:34,509 [INFO] ThirdParty:1030 - CMSIS Pack Vendor :Infineon AIROC-Wi-Fi-Bluetooth-STM32 1.7.0
2025-05-26 03:36:34,509 [INFO] ThirdParty:1030 - CMSIS Pack Vendor :STMicroelectronics X-CUBE-AZRTOS-G4 2.0.0
2025-05-26 03:36:34,509 [INFO] ThirdParty:1030 - CMSIS Pack Vendor :STMicroelectronics X-CUBE-WB05N 2.0.0
2025-05-26 03:36:34,509 [INFO] ThirdParty:1030 - CMSIS Pack Vendor :STMicroelectronics PDM2PCM 3.1.0
2025-05-26 03:36:34,509 [INFO] ThirdParty:1030 - CMSIS Pack Vendor :STMicroelectronics PDM2PCM 3.3.0
2025-05-26 03:36:34,509 [INFO] ThirdParty:1030 - CMSIS Pack Vendor :STMicroelectronics X-CUBE-DISPLAY 3.0.0
2025-05-26 03:36:34,509 [INFO] ThirdParty:1030 - CMSIS Pack Vendor :STMicroelectronics X-CUBE-NFC7 2.0.0
2025-05-26 03:36:34,509 [INFO] ThirdParty:1030 - CMSIS Pack Vendor :STMicroelectronics X-CUBE-TCPP 4.2.0
2025-05-26 03:36:34,509 [INFO] ThirdParty:1030 - CMSIS Pack Vendor :RealThread X-CUBE-RT-Thread_Nano 4.1.1
2025-05-26 03:36:34,509 [INFO] ThirdParty:1030 - CMSIS Pack Vendor :STMicroelectronics X-CUBE-BLE1 7.0.0
2025-05-26 03:36:34,509 [INFO] ThirdParty:1030 - CMSIS Pack Vendor :STMicroelectronics FP-ATR-SIGFOX1 3.2.0
2025-05-26 03:36:34,510 [INFO] ThirdParty:1030 - CMSIS Pack Vendor :STMicroelectronics X-CUBE-NFC10 1.0.0
2025-05-26 03:36:34,510 [INFO] ThirdParty:1030 - CMSIS Pack Vendor :quantropi X-CUBE-qispace-sdk-base 1.9.3
2025-05-26 03:36:34,510 [INFO] ThirdParty:1030 - CMSIS Pack Vendor :STMicroelectronics X-CUBE-BLEMGR 4.0.0
2025-05-26 03:36:34,510 [INFO] ThirdParty:1030 - CMSIS Pack Vendor :STMicroelectronics X-CUBE-EEPRMA1 5.1.0
2025-05-26 03:36:34,510 [INFO] ThirdParty:1030 - CMSIS Pack Vendor :STMicroelectronics X-CUBE-FREERTOS 1.3.1
2025-05-26 03:36:34,510 [INFO] ThirdParty:1030 - CMSIS Pack Vendor :STMicroelectronics HAL Drivers 0.0.0
2025-05-26 03:36:34,510 [INFO] ThirdParty:1030 - CMSIS Pack Vendor :STMicroelectronics MBEDTLS 2.16.2
2025-05-26 03:36:34,510 [INFO] ThirdParty:1030 - CMSIS Pack Vendor :STMicroelectronics X-CUBE-IPS 3.1.0
2025-05-26 03:36:34,510 [INFO] ThirdParty:1030 - CMSIS Pack Vendor :STMicroelectronics X-CUBE-ALS 1.0.2
2025-05-26 03:36:34,510 [INFO] ThirdParty:1030 - CMSIS Pack Vendor :emotas I-CUBE-CANOPEN 1.3.0
2025-05-26 03:36:34,510 [INFO] ThirdParty:1030 - CMSIS Pack Vendor :STMicroelectronics X-CUBE-FREERTOS 1.3.0
2025-05-26 03:36:34,510 [INFO] ThirdParty:1030 - CMSIS Pack Vendor :wolfSSL I-CUBE-wolfSSL 5.7.4
2025-05-26 03:36:34,510 [INFO] ThirdParty:1030 - CMSIS Pack Vendor :STMicroelectronics X-CUBE-NFC7 1.0.1
2025-05-26 03:36:34,510 [INFO] ThirdParty:1030 - CMSIS Pack Vendor :STMicroelectronics MBEDTLS 2.14.1
2025-05-26 03:36:34,510 [INFO] ThirdParty:1030 - CMSIS Pack Vendor :ITTIA_DB I-CUBE-ITTIADB 8.9.0
2025-05-26 03:36:34,510 [INFO] ThirdParty:1030 - CMSIS Pack Vendor :STMicroelectronics X-CUBE-TOUCHGFX 4.24.2
2025-05-26 03:36:34,510 [INFO] ThirdParty:1030 - CMSIS Pack Vendor :wolfSSL I-CUBE-wolfTPM 3.4.0
2025-05-26 03:36:34,510 [INFO] ThirdParty:1030 - CMSIS Pack Vendor :portGmbH I-Cube-SoM-uGOAL 1.1.0
2025-05-26 03:36:34,510 [INFO] ThirdParty:1030 - CMSIS Pack Vendor :STMicroelectronics X-CUBE-AI 10.0.0
2025-05-26 03:36:34,510 [INFO] ThirdParty:1030 - CMSIS Pack Vendor :STMicroelectronics ThreadX 1.0.0
2025-05-26 03:36:34,510 [INFO] ThirdParty:1030 - CMSIS Pack Vendor :STMicroelectronics FP-SNS-SMARTAG2 1.2.0
2025-05-26 03:36:34,510 [INFO] ThirdParty:1030 - CMSIS Pack Vendor :STMicroelectronics FP-SNS-FLIGHT1 5.1.0
2025-05-26 03:36:34,510 [INFO] ThirdParty:1030 - CMSIS Pack Vendor :STMicroelectronics X-CUBE-MEMS1 11.1.0
2025-05-26 03:36:34,510 [INFO] ThirdParty:1030 - CMSIS Pack Vendor :STMicroelectronics X-CUBE-AZRTOS-WL 2.0.0
2025-05-26 03:36:34,510 [INFO] ThirdParty:1030 - CMSIS Pack Vendor :SEGGER I-CUBE-embOS 1.3.1
2025-05-26 03:36:34,510 [INFO] ThirdParty:1030 - CMSIS Pack Vendor :STMicroelectronics X-CUBE-ALGOBUILD 1.4.0
2025-05-26 03:36:34,510 [INFO] ThirdParty:1030 - CMSIS Pack Vendor :STMicroelectronics X-CUBE-DPower 1.3.0
2025-05-26 03:36:34,510 [INFO] ThirdParty:1030 - CMSIS Pack Vendor :STMicroelectronics FP-SNS-MOTENV1 5.0.0
2025-05-26 03:36:34,510 [INFO] ThirdParty:1030 - CMSIS Pack Vendor :STMicroelectronics USB_DEVICE 1.0.0
2025-05-26 03:36:34,510 [INFO] ThirdParty:1030 - CMSIS Pack Vendor :STMicroelectronics X-CUBE-AZRTOS-H7RS 1.0.0
2025-05-26 03:36:34,510 [INFO] ThirdParty:1030 - CMSIS Pack Vendor :wolfSSL I-CUBE-wolfMQTT 1.19.0
2025-05-26 03:36:34,510 [INFO] ThirdParty:1030 - CMSIS Pack Vendor :STMicroelectronics X-CUBE-AZRTOS-L4 2.0.0
2025-05-26 03:36:34,510 [INFO] ThirdParty:1030 - CMSIS Pack Vendor :STMicroelectronics ThreadX 0.0.2
2025-05-26 03:36:34,510 [INFO] ThirdParty:1030 - CMSIS Pack Vendor :WES I-CUBE-Cesium 1.3.0
2025-05-26 03:36:34,510 [INFO] ThirdParty:1030 - CMSIS Pack Vendor :STMicroelectronics lwIP 2.1.2
2025-05-26 03:36:34,510 [INFO] ThirdParty:1030 - CMSIS Pack Vendor :STMicroelectronics X-CUBE-SFXS2LP1 4.0.0
2025-05-26 03:36:34,510 [INFO] ThirdParty:1030 - CMSIS Pack Vendor :STMicroelectronics X-CUBE-BLE2 3.3.0
2025-05-26 03:36:34,510 [INFO] ThirdParty:1030 - CMSIS Pack Vendor :STMicroelectronics X-CUBE-TOF1 3.4.2
2025-05-26 03:36:34,510 [INFO] ThirdParty:1030 - CMSIS Pack Vendor :STMicroelectronics X-CUBE-TOF1 3.4.3
2025-05-26 03:36:34,510 [INFO] ThirdParty:1030 - CMSIS Pack Vendor :STMicroelectronics X-CUBE-AI 9.1.0
2025-05-26 03:36:34,510 [INFO] ThirdParty:1030 - CMSIS Pack Vendor :STMicroelectronics PDM2PCM 3.2.0
2025-05-26 03:36:34,510 [INFO] ThirdParty:1030 - CMSIS Pack Vendor :wolfSSL I-CUBE-wolfSSH 1.4.17
2025-05-26 03:36:34,521 [INFO] ThirdParty:841 - exiting critical section [change project]
2025-05-26 03:36:35,066 [INFO] PinOutPanel:1589 - setPackage(No Configuration,No Configuration)
2025-05-26 03:36:35,073 [INFO] PinOutPanel:1589 - setPackage(STM32F103C6Tx,LQFP48)
2025-05-26 03:36:35,598 [INFO] UtilMem:75 - Before build in PCC Used Memory: 918049416 Bytes (1073741824)
2025-05-26 03:36:35,941 [INFO] UtilMem:75 - After build in PCC Used Memory: 959470216 Bytes (1073741824)
2025-05-26 03:36:35,956 [INFO] ApiDbMcu:508 - Load IP Config File for FREERTOS
2025-05-26 03:36:35,985 [INFO] IPUIPlugin:80 - create IPUIPlugin
2025-05-26 03:36:35,986 [INFO] IPUIPlugin:80 - create IPUIPlugin
2025-05-26 03:36:35,986 [INFO] IPUIPlugin:80 - create IPUIPlugin
2025-05-26 03:36:35,986 [INFO] IPUIPlugin:80 - create IPUIPlugin
2025-05-26 03:36:35,986 [INFO] IPUIPlugin:80 - create IPUIPlugin
2025-05-26 03:36:35,986 [INFO] IPUIPlugin:80 - create IPUIPlugin
2025-05-26 03:36:35,986 [INFO] IPUIPlugin:80 - create IPUIPlugin
2025-05-26 03:36:35,987 [INFO] IPUIPlugin:80 - create IPUIPlugin
2025-05-26 03:36:35,987 [INFO] IPUIPlugin:80 - create IPUIPlugin
2025-05-26 03:36:35,987 [INFO] IPUIPlugin:80 - create IPUIPlugin
2025-05-26 03:36:35,987 [INFO] IPUIPlugin:80 - create IPUIPlugin
2025-05-26 03:36:35,987 [INFO] IPUIPlugin:80 - create IPUIPlugin
2025-05-26 03:36:35,987 [INFO] IPUIPlugin:80 - create IPUIPlugin
2025-05-26 03:36:35,987 [INFO] IPUIPlugin:80 - create IPUIPlugin
2025-05-26 03:36:35,987 [INFO] IPUIPlugin:80 - create IPUIPlugin
2025-05-26 03:36:35,987 [INFO] IPUIPlugin:80 - create IPUIPlugin
2025-05-26 03:36:35,987 [INFO] IPUIPlugin:80 - create IPUIPlugin
2025-05-26 03:36:35,987 [INFO] IPUIPlugin:80 - create IPUIPlugin
2025-05-26 03:36:35,987 [INFO] IPUIPlugin:80 - create IPUIPlugin
2025-05-26 03:36:35,987 [INFO] IPUIPlugin:80 - create IPUIPlugin
2025-05-26 03:36:35,988 [INFO] IPUIPlugin:80 - create IPUIPlugin
2025-05-26 03:36:35,988 [INFO] IPUIPlugin:80 - create IPUIPlugin
2025-05-26 03:36:35,988 [INFO] IPUIPlugin:80 - create IPUIPlugin
2025-05-26 03:36:35,991 [WARN] IP:2251 - I2C_Coeff_DF not found: check if there is a RefParameter without a condition.
2025-05-26 03:36:35,991 [WARN] IP:2251 - Analog_Filter not found: check if there is a RefParameter without a condition.
2025-05-26 03:36:36,009 [WARN] FreeRTOS:1023 - Null or empty value: should not occur! (nothing added to the table)
2025-05-26 03:36:36,143 [INFO] CADModel:165 - CPN selected for project levelSTM32F103C6T6A
2025-05-26 03:36:36,143 [INFO] CADModel:114 - Register for checkConnection events
2025-05-26 03:36:36,151 [INFO] RtosManager:697 - Active RTOS found at IOC load: FREERTOS [Cortex-M3NS]
2025-05-26 03:36:36,213 [INFO] OpenFileManager:363 - Restore cursor
2025-05-26 03:36:36,486 [WARN] IP:2251 - I2C_Coeff_DF not found: check if there is a RefParameter without a condition.
2025-05-26 03:36:36,486 [WARN] IP:2251 - Analog_Filter not found: check if there is a RefParameter without a condition.
2025-05-26 03:36:36,486 [WARN] IP:2251 - I2C_Coeff_DF not found: check if there is a RefParameter without a condition.
2025-05-26 03:36:36,486 [WARN] IP:2251 - Analog_Filter not found: check if there is a RefParameter without a condition.
2025-05-26 03:45:25,769 [INFO] MainUpdater:2872 - connection check result : 10
2025-05-26 03:45:25,771 [INFO] MainUpdater:2872 - connection check result : 10
2025-05-26 03:45:25,981 [INFO] MicroXplorer:468 - Change Database Path : 
2025-05-26 03:45:25,982 [INFO] MicroXplorer:498 - Change Database Version : DB.6.0.130
2025-05-26 03:45:26,057 [ERROR] ProjectManagerView:394 - 
java.lang.NullPointerException: Cannot invoke "javax.swing.JTextField.getText()" because the return value of "java.util.List.get(int)" is null
	at com.st.microxplorer.plugins.projectmanager.gui.ProjectChoiceTab$9.caretUpdate(ProjectChoiceTab.java:2616) ~[filemanager.jar:?]
	at javax.swing.text.JTextComponent.fireCaretUpdate(JTextComponent.java:408) ~[?:?]
	at javax.swing.text.JTextComponent$MutableCaretEvent.fire(JTextComponent.java:4484) ~[?:?]
	at javax.swing.text.JTextComponent$MutableCaretEvent.stateChanged(JTextComponent.java:4506) ~[?:?]
	at javax.swing.text.DefaultCaret.fireStateChanged(DefaultCaret.java:857) ~[?:?]
	at javax.swing.text.DefaultCaret.changeCaretPosition(DefaultCaret.java:1343) ~[?:?]
	at javax.swing.text.DefaultCaret.handleSetDot(DefaultCaret.java:1242) ~[?:?]
	at javax.swing.text.DefaultCaret.setDot(DefaultCaret.java:1223) ~[?:?]
	at javax.swing.text.DefaultCaret$Handler.insertUpdate(DefaultCaret.java:1819) ~[?:?]
	at javax.swing.text.AbstractDocument.fireInsertUpdate(AbstractDocument.java:227) ~[?:?]
	at javax.swing.text.AbstractDocument.handleInsertString(AbstractDocument.java:781) ~[?:?]
	at javax.swing.text.AbstractDocument.insertString(AbstractDocument.java:740) ~[?:?]
	at javax.swing.text.PlainDocument.insertString(PlainDocument.java:131) ~[?:?]
	at javax.swing.text.AbstractDocument.replace(AbstractDocument.java:699) ~[?:?]
	at javax.swing.text.JTextComponent.setText(JTextComponent.java:1725) ~[?:?]
	at com.st.microxplorer.plugins.projectmanager.gui.ProjectChoiceTab.createHeapStackFields(ProjectChoiceTab.java:975) ~[filemanager.jar:?]
	at com.st.microxplorer.plugins.projectmanager.gui.ProjectChoiceTab.buildLinkSettingsPanel(ProjectChoiceTab.java:3666) ~[filemanager.jar:?]
	at com.st.microxplorer.plugins.projectmanager.gui.ProjectChoiceTab.defineWindowsFields(ProjectChoiceTab.java:1934) ~[filemanager.jar:?]
	at com.st.microxplorer.plugins.projectmanager.gui.ProjectChoiceTab.updateSettings(ProjectChoiceTab.java:553) ~[filemanager.jar:?]
	at com.st.microxplorer.plugins.projectmanager.gui.ProjectSettingsPanel.UpdateDialog(ProjectSettingsPanel.java:245) ~[filemanager.jar:?]
	at com.st.microxplorer.plugins.projectmanager.ProjectManagerView.propertyChange(ProjectManagerView.java:391) ~[filemanager.jar:?]
	at java.beans.PropertyChangeSupport.fire(PropertyChangeSupport.java:343) ~[?:?]
	at java.beans.PropertyChangeSupport.firePropertyChange(PropertyChangeSupport.java:335) ~[?:?]
	at java.beans.PropertyChangeSupport.firePropertyChange(PropertyChangeSupport.java:268) ~[?:?]
	at com.st.microxplorer.util.MXPropertyChangeSupport.firePropertyChange(MXPropertyChangeSupport.java:54) ~[STM32CubeMX.jar:?]
	at com.st.microxplorer.mxsystem.MxSystem.closeConfig(MxSystem.java:899) ~[STM32CubeMX.jar:?]
	at com.st.microxplorer.maingui.MainPanel.closeConfig(MainPanel.java:789) ~[STM32CubeMX.jar:?]
	at com.st.microxplorer.plugins.filemanager.engine.OpenFileManager.loadConfigurationFile(OpenFileManager.java:265) ~[filemanager.jar:?]
	at com.st.microxplorer.plugins.filemanager.engine.MainFileManager.userLoadConfig(MainFileManager.java:340) ~[filemanager.jar:?]
	at com.st.microxplorer.plugins.filemanager.engine.MainFileManager.userLoadConfig(MainFileManager.java:318) ~[filemanager.jar:?]
	at com.st.microxplorer.plugins.filemanager.FileManagerView.getSpecificTask(FileManagerView.java:246) ~[filemanager.jar:?]
	at com.st.stm32cube.common.mx.editor.CubeMxEditor.getMxTabbedPaneInstance(CubeMxEditor.java:1198) ~[com.st.stm32cube.common.mx_6.13.0.202411220809/:?]
	at com.st.stm32cube.common.mx.editor.CubeMxEditor$12$1.createSwingComponent(CubeMxEditor.java:1068) ~[com.st.stm32cube.common.mx_6.13.0.202411220809/:?]
	at com.st.stm32cube.common.mx.oss.core.awtswtbridge.EmbeddedSwingComposite.doComponentCreation(EmbeddedSwingComposite.java:492) ~[com.st.stm32cube.common.mx.oss_6.13.0.202411220809/:?]
	at com.st.stm32cube.common.mx.oss.core.awtswtbridge.EmbeddedSwingComposite$4.run(EmbeddedSwingComposite.java:291) ~[com.st.stm32cube.common.mx.oss_6.13.0.202411220809/:?]
	at com.st.stm32cube.common.mx.oss.core.awtswtbridge.AwtEnvironment$2.run(AwtEnvironment.java:166) ~[com.st.stm32cube.common.mx.oss_6.13.0.202411220809/:?]
	at java.awt.event.InvocationEvent.dispatch(InvocationEvent.java:318) ~[?:?]
	at java.awt.EventQueue.dispatchEventImpl(EventQueue.java:773) ~[?:?]
	at java.awt.EventQueue$4.run(EventQueue.java:720) ~[?:?]
	at java.awt.EventQueue$4.run(EventQueue.java:714) ~[?:?]
	at java.security.AccessController.doPrivileged(AccessController.java:400) ~[?:?]
	at java.security.ProtectionDomain$JavaSecurityAccessImpl.doIntersectionPrivilege(ProtectionDomain.java:87) ~[?:?]
	at java.awt.EventQueue.dispatchEvent(EventQueue.java:742) ~[?:?]
	at java.awt.EventDispatchThread.pumpOneEventForFilters(EventDispatchThread.java:203) ~[?:?]
	at java.awt.EventDispatchThread.pumpEventsForFilter(EventDispatchThread.java:124) ~[?:?]
	at java.awt.EventDispatchThread.pumpEventsForHierarchy(EventDispatchThread.java:113) ~[?:?]
	at java.awt.EventDispatchThread.pumpEvents(EventDispatchThread.java:109) ~[?:?]
	at java.awt.EventDispatchThread.pumpEvents(EventDispatchThread.java:101) ~[?:?]
	at java.awt.EventDispatchThread.run(EventDispatchThread.java:90) ~[?:?]
2025-05-26 03:45:26,061 [WARN] ThirdParty:871 - waiting for thirdparty lock release [close project]
2025-05-26 03:45:26,061 [INFO] ThirdParty:873 - entering critical section [close project]
2025-05-26 03:45:26,061 [INFO] ThirdParty:883 - exiting critical section [close project]
2025-05-26 03:45:26,066 [INFO] PinOutPanel:1589 - setPackage(No Configuration,No Configuration)
2025-05-26 03:45:26,078 [INFO] UtilMem:75 - Begin LoadConfig() Used Memory: 912130008 Bytes (1073741824)
2025-05-26 03:45:26,079 [INFO] MicroXplorer:468 - Change Database Path : 
2025-05-26 03:45:26,080 [INFO] MicroXplorer:498 - Change Database Version : DB.6.0.130
2025-05-26 03:45:26,080 [INFO] OpenFileManager:332 - Change cursor
2025-05-26 03:45:26,170 [INFO] Mcu:2035 - Initializing MCU STM32F411C(C-E)Ux STM32F411CEUx STM32F411CEU6
2025-05-26 03:45:27,898 [INFO] Context:748 - Trying to add GPIOservice into a context  which must be forbidden
2025-05-26 03:45:29,292 [INFO] RtosManager:555 - Registered RTOS mode: class=CMSIS, group=RTOS, mode=CMSIS_V1, owner=FREERTOS
2025-05-26 03:45:29,297 [INFO] RtosManager:555 - Registered RTOS mode: class=CMSIS, group=RTOS2, mode=CMSIS_V2, owner=FREERTOS
2025-05-26 03:45:29,301 [INFO] RtosManager:555 - Registered RTOS mode: class=RTOS, group=Core, mode=CMSIS_V1, owner=FREERTOS
2025-05-26 03:45:29,303 [INFO] RtosManager:555 - Registered RTOS mode: class=RTOS, group=Core, mode=CMSIS_V2, owner=FREERTOS
2025-05-26 03:45:29,305 [WARN] ModelIntegratedComponent:184 - Missing modes for component STMicroelectronics:FreeRTOS:0.0.1:STMicroelectronics:RTOS:FreeRTOS:Core:::10.2.0:
2025-05-26 03:45:29,321 [WARN] ModelIntegratedComponent:182 - Modes not found for component STMicroelectronics:USB_HOST:1.0.0:STMicroelectronics:USB::USB Host:Audio HS::1.0:USB_HOST_1_0_RESTRICTED_HS
2025-05-26 03:45:29,321 [WARN] ModelIntegratedComponent:188 - Modes not found for component STMicroelectronics:USB_HOST:1.0.0:STMicroelectronics:USB::USB Host:Audio HS::1.0:USB_HOST_1_0_RESTRICTED_HS
2025-05-26 03:45:29,322 [WARN] ModelIntegratedComponent:182 - Modes not found for component STMicroelectronics:USB_HOST:1.0.0:STMicroelectronics:USB::USB Host:CDC HS::1.0:USB_HOST_1_0_RESTRICTED_HS
2025-05-26 03:45:29,322 [WARN] ModelIntegratedComponent:188 - Modes not found for component STMicroelectronics:USB_HOST:1.0.0:STMicroelectronics:USB::USB Host:CDC HS::1.0:USB_HOST_1_0_RESTRICTED_HS
2025-05-26 03:45:29,322 [WARN] ModelIntegratedComponent:182 - Modes not found for component STMicroelectronics:USB_HOST:1.0.0:STMicroelectronics:USB::USB Host:MSC HS::1.0:USB_HOST_1_0_RESTRICTED_HS
2025-05-26 03:45:29,322 [WARN] ModelIntegratedComponent:188 - Modes not found for component STMicroelectronics:USB_HOST:1.0.0:STMicroelectronics:USB::USB Host:MSC HS::1.0:USB_HOST_1_0_RESTRICTED_HS
2025-05-26 03:45:29,322 [WARN] ModelIntegratedComponent:182 - Modes not found for component STMicroelectronics:USB_HOST:1.0.0:STMicroelectronics:USB::USB Host:HID HS::1.0:USB_HOST_1_0_RESTRICTED_HS
2025-05-26 03:45:29,322 [WARN] ModelIntegratedComponent:188 - Modes not found for component STMicroelectronics:USB_HOST:1.0.0:STMicroelectronics:USB::USB Host:HID HS::1.0:USB_HOST_1_0_RESTRICTED_HS
2025-05-26 03:45:29,322 [WARN] ModelIntegratedComponent:182 - Modes not found for component STMicroelectronics:USB_HOST:1.0.0:STMicroelectronics:USB::USB Host:MTP HS::1.0:USB_HOST_1_0_RESTRICTED_HS
2025-05-26 03:45:29,322 [WARN] ModelIntegratedComponent:188 - Modes not found for component STMicroelectronics:USB_HOST:1.0.0:STMicroelectronics:USB::USB Host:MTP HS::1.0:USB_HOST_1_0_RESTRICTED_HS
2025-05-26 03:45:29,343 [WARN] ModelIntegratedComponent:63 - No mode defined for component null
2025-05-26 03:45:29,344 [WARN] ModelIntegratedComponent:63 - No mode defined for component null
2025-05-26 03:45:29,344 [WARN] ModelIntegratedComponent:63 - No mode defined for component null
2025-05-26 03:45:29,344 [WARN] ModelIntegratedComponent:63 - No mode defined for component null
2025-05-26 03:45:29,344 [WARN] ModelIntegratedComponent:63 - No mode defined for component null
2025-05-26 03:45:29,344 [WARN] ModelIntegratedComponent:63 - No mode defined for component null
2025-05-26 03:45:29,344 [WARN] ModelIntegratedComponent:63 - No mode defined for component null
2025-05-26 03:45:29,344 [WARN] ModelIntegratedComponent:63 - No mode defined for component null
2025-05-26 03:45:29,344 [WARN] ModelIntegratedComponent:63 - No mode defined for component null
2025-05-26 03:45:29,344 [WARN] ModelIntegratedComponent:63 - No mode defined for component null
2025-05-26 03:45:29,344 [WARN] ModelIntegratedComponent:63 - No mode defined for component null
2025-05-26 03:45:29,344 [WARN] ModelIntegratedComponent:63 - No mode defined for component null
2025-05-26 03:45:29,344 [WARN] ModelIntegratedComponent:63 - No mode defined for component null
2025-05-26 03:45:29,344 [WARN] ModelIntegratedComponent:63 - No mode defined for component null
2025-05-26 03:45:29,344 [WARN] ModelIntegratedComponent:63 - No mode defined for component null
2025-05-26 03:45:29,344 [WARN] ModelIntegratedComponent:63 - No mode defined for component null
2025-05-26 03:45:29,345 [WARN] ModelIntegratedComponent:63 - No mode defined for component null
2025-05-26 03:45:29,345 [WARN] ModelIntegratedComponent:63 - No mode defined for component null
2025-05-26 03:45:29,345 [WARN] ModelIntegratedComponent:63 - No mode defined for component null
2025-05-26 03:45:29,345 [WARN] ModelIntegratedComponent:63 - No mode defined for component null
2025-05-26 03:45:29,345 [WARN] ModelIntegratedComponent:63 - No mode defined for component null
2025-05-26 03:45:29,345 [WARN] ModelIntegratedComponent:63 - No mode defined for component null
2025-05-26 03:45:29,345 [WARN] ModelIntegratedComponent:63 - No mode defined for component null
2025-05-26 03:45:29,345 [WARN] ModelIntegratedComponent:63 - No mode defined for component null
2025-05-26 03:45:29,345 [WARN] ModelIntegratedComponent:63 - No mode defined for component null
2025-05-26 03:45:29,345 [WARN] ModelIntegratedComponent:63 - No mode defined for component null
2025-05-26 03:45:29,345 [WARN] ModelIntegratedComponent:63 - No mode defined for component null
2025-05-26 03:45:29,345 [WARN] ModelIntegratedComponent:63 - No mode defined for component null
2025-05-26 03:45:29,345 [WARN] ModelIntegratedComponent:63 - No mode defined for component null
2025-05-26 03:45:29,345 [WARN] ModelIntegratedComponent:63 - No mode defined for component null
2025-05-26 03:45:29,345 [WARN] ModelIntegratedComponent:63 - No mode defined for component null
2025-05-26 03:45:29,345 [WARN] ModelIntegratedComponent:63 - No mode defined for component null
2025-05-26 03:45:29,345 [WARN] ModelIntegratedComponent:63 - No mode defined for component null
2025-05-26 03:45:29,345 [WARN] ModelIntegratedComponent:63 - No mode defined for component null
2025-05-26 03:45:29,345 [WARN] ModelIntegratedComponent:63 - No mode defined for component null
2025-05-26 03:45:29,346 [WARN] ModelPack:524 - Component already loaded: STMicroelectronics:HAL Drivers:0.0.0:STMicroelectronics:Device:STMicro_Driver:XSPI:HAL::0.0.1:HAL_XSPI
2025-05-26 03:45:29,558 [WARN] ModelIntegratedComponent:182 - Modes not found for component STMicroelectronics:USB_DEVICE:1.0.0:STMicroelectronics:USB::USB Device:Audio HS::1.0:USB_DEVICE_1_0_RESTRICTED_HS
2025-05-26 03:45:29,561 [WARN] ModelIntegratedComponent:188 - Modes not found for component STMicroelectronics:USB_DEVICE:1.0.0:STMicroelectronics:USB::USB Device:Audio HS::1.0:USB_DEVICE_1_0_RESTRICTED_HS
2025-05-26 03:45:29,561 [WARN] ModelIntegratedComponent:182 - Modes not found for component STMicroelectronics:USB_DEVICE:1.0.0:STMicroelectronics:USB::USB Device:CDC HS::1.0:USB_DEVICE_1_0_RESTRICTED_HS
2025-05-26 03:45:29,562 [WARN] ModelIntegratedComponent:188 - Modes not found for component STMicroelectronics:USB_DEVICE:1.0.0:STMicroelectronics:USB::USB Device:CDC HS::1.0:USB_DEVICE_1_0_RESTRICTED_HS
2025-05-26 03:45:29,562 [WARN] ModelIntegratedComponent:182 - Modes not found for component STMicroelectronics:USB_DEVICE:1.0.0:STMicroelectronics:USB::USB Device:DFU HS::1.0:USB_DEVICE_1_0_RESTRICTED_HS
2025-05-26 03:45:29,562 [WARN] ModelIntegratedComponent:188 - Modes not found for component STMicroelectronics:USB_DEVICE:1.0.0:STMicroelectronics:USB::USB Device:DFU HS::1.0:USB_DEVICE_1_0_RESTRICTED_HS
2025-05-26 03:45:29,562 [WARN] ModelIntegratedComponent:182 - Modes not found for component STMicroelectronics:USB_DEVICE:1.0.0:STMicroelectronics:USB::USB Device:HID HS::1.0:USB_DEVICE_1_0_RESTRICTED_HS
2025-05-26 03:45:29,562 [WARN] ModelIntegratedComponent:188 - Modes not found for component STMicroelectronics:USB_DEVICE:1.0.0:STMicroelectronics:USB::USB Device:HID HS::1.0:USB_DEVICE_1_0_RESTRICTED_HS
2025-05-26 03:45:29,562 [WARN] ModelIntegratedComponent:182 - Modes not found for component STMicroelectronics:USB_DEVICE:1.0.0:STMicroelectronics:USB::USB Device:Custom HID HS::1.0:USB_DEVICE_1_0_RESTRICTED_HS
2025-05-26 03:45:29,562 [WARN] ModelIntegratedComponent:188 - Modes not found for component STMicroelectronics:USB_DEVICE:1.0.0:STMicroelectronics:USB::USB Device:Custom HID HS::1.0:USB_DEVICE_1_0_RESTRICTED_HS
2025-05-26 03:45:29,562 [WARN] ModelIntegratedComponent:182 - Modes not found for component STMicroelectronics:USB_DEVICE:1.0.0:STMicroelectronics:USB::USB Device:MSC HS::1.0:USB_DEVICE_1_0_RESTRICTED_HS
2025-05-26 03:45:29,562 [WARN] ModelIntegratedComponent:188 - Modes not found for component STMicroelectronics:USB_DEVICE:1.0.0:STMicroelectronics:USB::USB Device:MSC HS::1.0:USB_DEVICE_1_0_RESTRICTED_HS
2025-05-26 03:45:29,599 [INFO] ThirdPartyModel:298 - Start build external matchings
2025-05-26 03:45:30,674 [INFO] ThirdPartyModel:316 - End build external matchings
2025-05-26 03:45:30,704 [INFO] RtosManager:922 - Current active RTOS is FREERTOS [Cortex-M4NS]
2025-05-26 03:45:30,718 [INFO] ImportTextPane:218 - (OptionalMessage_ERROR) IP (DMA) : Parameter (Instance) has Id (USART1_RX) currently not set
2025-05-26 03:45:30,719 [INFO] ImportTextPane:218 - (OptionalMessage_ERROR) IP (DMA) : Parameter (Channel) has Id (USART1_RX) currently not set
2025-05-26 03:45:30,719 [INFO] ImportTextPane:218 - (OptionalMessage_ERROR) IP (DMA) : Parameter (Direction) has Id (USART1_RX) currently not set
2025-05-26 03:45:30,719 [INFO] ImportTextPane:218 - (OptionalMessage_ERROR) IP (DMA) : Parameter (PeriphInc) has Id (USART1_RX) currently not set
2025-05-26 03:45:30,719 [INFO] ImportTextPane:218 - (OptionalMessage_ERROR) IP (DMA) : Parameter (MemInc) has Id (USART1_RX) currently not set
2025-05-26 03:45:30,720 [INFO] ImportTextPane:218 - (OptionalMessage_ERROR) IP (DMA) : Parameter (PeriphDataAlignment) has Id (USART1_RX) currently not set
2025-05-26 03:45:30,720 [INFO] ImportTextPane:218 - (OptionalMessage_ERROR) IP (DMA) : Parameter (MemDataAlignment) has Id (USART1_RX) currently not set
2025-05-26 03:45:30,720 [INFO] ImportTextPane:218 - (OptionalMessage_ERROR) IP (DMA) : Parameter (Mode) has Id (USART1_RX) currently not set
2025-05-26 03:45:30,720 [INFO] ImportTextPane:218 - (OptionalMessage_ERROR) IP (DMA) : Parameter (Priority) has Id (USART1_RX) currently not set
2025-05-26 03:45:30,720 [INFO] ImportTextPane:218 - (OptionalMessage_ERROR) IP (DMA) : Parameter (FIFOMode) has Id (USART1_RX) currently not set
2025-05-26 03:45:30,746 [INFO] ImportTextPane:218 - (OptionalMessage_ERROR) IP (RCC) : Parameter (48MHZClocksFreq_Value) has invalid value (50000000)
2025-05-26 03:45:30,748 [INFO] ImportTextPane:218 - (OptionalMessage_ERROR) IP (RCC) : Parameter (RTCHSEDivFreq_Value) has invalid value (12500000)
2025-05-26 03:45:31,030 [INFO] UtilMem:75 - End LoadConfig() Used Memory: 928960312 Bytes (1073741824)
2025-05-26 03:45:31,087 [WARN] ThirdParty:833 - waiting for thirdparty lock release [change project]
2025-05-26 03:45:31,087 [INFO] ThirdParty:835 - entering critical section [change project]
2025-05-26 03:45:31,087 [INFO] ThirdParty:1030 - CMSIS Pack Vendor :STMicroelectronics USBPD 4.1
2025-05-26 03:45:31,087 [INFO] ThirdParty:1030 - CMSIS Pack Vendor :STMicroelectronics X-CUBE-AZRTOS-H7 3.3.0
2025-05-26 03:45:31,088 [INFO] ThirdParty:1030 - CMSIS Pack Vendor :STMicroelectronics X-CUBE-NFC9 1.0.0
2025-05-26 03:45:31,088 [INFO] ThirdParty:1030 - CMSIS Pack Vendor :STMicroelectronics USB_HOST 2.0.0
2025-05-26 03:45:31,089 [INFO] ThirdParty:1030 - CMSIS Pack Vendor :STMicroelectronics FP-SNS-MOTENVWB1 1.4.0
2025-05-26 03:45:31,089 [INFO] ThirdParty:1030 - CMSIS Pack Vendor :STMicroelectronics X-CUBE-AZRTOS-F4 1.1.0
2025-05-26 03:45:31,089 [INFO] ThirdParty:1030 - CMSIS Pack Vendor :STMicroelectronics LIBJPEG 8.0.0
2025-05-26 03:45:31,089 [INFO] ThirdParty:1030 - CMSIS Pack Vendor :STMicroelectronics FP-ATR-ASTRA1 2.0.2
2025-05-26 03:45:31,089 [INFO] ThirdParty:1030 - CMSIS Pack Vendor :STMicroelectronics FP-ATR-ASTRA1 2.0.1
2025-05-26 03:45:31,092 [INFO] ThirdParty:1030 - CMSIS Pack Vendor :STMicroelectronics X-CUBE-BLE1 7.1.0
2025-05-26 03:45:31,093 [INFO] ThirdParty:1030 - CMSIS Pack Vendor :Avnet-IotConnect X-CUBE-IoTC-DA16k-PMOD 1.0.0
2025-05-26 03:45:31,093 [INFO] ThirdParty:1030 - CMSIS Pack Vendor :STMicroelectronics X-CUBE-SMBUS 2.1.0
2025-05-26 03:45:31,093 [INFO] ThirdParty:1030 - CMSIS Pack Vendor :STMicroelectronics X-CUBE-WB05N 1.1.0
2025-05-26 03:45:31,093 [INFO] ThirdParty:1030 - CMSIS Pack Vendor :STMicroelectronics USB_DEVICE 3.0.0
2025-05-26 03:45:31,093 [INFO] ThirdParty:1030 - CMSIS Pack Vendor :STMicroelectronics X-CUBE-ISPU 2.1.0
2025-05-26 03:45:31,093 [INFO] ThirdParty:1030 - CMSIS Pack Vendor :STMicroelectronics X-CUBE-AZRTOS-WB 2.0.0
2025-05-26 03:45:31,093 [INFO] ThirdParty:1030 - CMSIS Pack Vendor :STMicroelectronics X-CUBE-GNSS1 7.0.1
2025-05-26 03:45:31,094 [INFO] ThirdParty:1030 - CMSIS Pack Vendor :STMicroelectronics X-CUBE-AZRTOS-F7 1.1.0
2025-05-26 03:45:31,094 [INFO] ThirdParty:1030 - CMSIS Pack Vendor :STMicroelectronics X-CUBE-AZRTOS-L5 2.0.0
2025-05-26 03:45:31,095 [INFO] ThirdParty:1030 - CMSIS Pack Vendor :STMicroelectronics X-CUBE-TOUCHGFX 4.25.0
2025-05-26 03:45:31,099 [INFO] ThirdParty:1030 - CMSIS Pack Vendor :STMicroelectronics USB_DEVICE 2.0.0
2025-05-26 03:45:31,102 [INFO] ThirdParty:1030 - CMSIS Pack Vendor :STMicroelectronics X-CUBE-NFC6 3.1.0
2025-05-26 03:45:31,102 [INFO] ThirdParty:1030 - CMSIS Pack Vendor :STMicroelectronics FP-SNS-STBOX1 2.0.0
2025-05-26 03:45:31,103 [INFO] ThirdParty:1030 - CMSIS Pack Vendor :STMicroelectronics X-CUBE-MEMS1 11.2.0
2025-05-26 03:45:31,103 [INFO] ThirdParty:1030 - CMSIS Pack Vendor :STMicroelectronics FreeRTOS 0.0.1
2025-05-26 03:45:31,103 [INFO] ThirdParty:1030 - CMSIS Pack Vendor :STMicroelectronics X-CUBE-AZRTOS-G0 1.1.0
2025-05-26 03:45:31,103 [INFO] ThirdParty:1030 - CMSIS Pack Vendor :STMicroelectronics X-CUBE-SAFEA1 1.2.2
2025-05-26 03:45:31,103 [INFO] ThirdParty:1030 - CMSIS Pack Vendor :STMicroelectronics X-CUBE-NFC4 3.0.0
2025-05-26 03:45:31,103 [INFO] ThirdParty:1030 - CMSIS Pack Vendor :STMicroelectronics X-CUBE-DPower 1.2.0
2025-05-26 03:45:31,103 [INFO] ThirdParty:1030 - CMSIS Pack Vendor :STMicroelectronics X-CUBE-SUBG2 5.0.0
2025-05-26 03:45:31,103 [INFO] ThirdParty:1030 - CMSIS Pack Vendor :STMicroelectronics X-CUBE-AZRTOS-H7RS 1.1.0
2025-05-26 03:45:31,103 [INFO] ThirdParty:1030 - CMSIS Pack Vendor :STMicroelectronics STM32_WPAN 1.0.0
2025-05-26 03:45:31,104 [INFO] ThirdParty:1030 - CMSIS Pack Vendor :EmbeddedOffice I-CUBE-FS-RTOS 1.0.1
2025-05-26 03:45:31,105 [INFO] ThirdParty:1030 - CMSIS Pack Vendor :STMicroelectronics lwIP 2.0.3
2025-05-26 03:45:31,106 [INFO] ThirdParty:1030 - CMSIS Pack Vendor :STMicroelectronics FP-SNS-FLIGHT1 5.0.2
2025-05-26 03:45:31,108 [INFO] ThirdParty:1030 - CMSIS Pack Vendor :Cesanta I-CUBE-Mongoose 7.13.0
2025-05-26 03:45:31,110 [INFO] ThirdParty:1030 - CMSIS Pack Vendor :STMicroelectronics USB_HOST 1.0.0
2025-05-26 03:45:31,113 [INFO] ThirdParty:1030 - CMSIS Pack Vendor :Infineon AIROC-Wi-Fi-Bluetooth-STM32 1.7.0
2025-05-26 03:45:31,115 [INFO] ThirdParty:1030 - CMSIS Pack Vendor :STMicroelectronics X-CUBE-AZRTOS-G4 2.0.0
2025-05-26 03:45:31,115 [INFO] ThirdParty:1030 - CMSIS Pack Vendor :STMicroelectronics X-CUBE-WB05N 2.0.0
2025-05-26 03:45:31,115 [INFO] ThirdParty:1030 - CMSIS Pack Vendor :STMicroelectronics PDM2PCM 3.1.0
2025-05-26 03:45:31,115 [INFO] ThirdParty:1030 - CMSIS Pack Vendor :STMicroelectronics PDM2PCM 3.3.0
2025-05-26 03:45:31,115 [INFO] ThirdParty:1030 - CMSIS Pack Vendor :STMicroelectronics X-CUBE-DISPLAY 3.0.0
2025-05-26 03:45:31,115 [INFO] ThirdParty:1030 - CMSIS Pack Vendor :STMicroelectronics X-CUBE-NFC7 2.0.0
2025-05-26 03:45:31,115 [INFO] ThirdParty:1030 - CMSIS Pack Vendor :STMicroelectronics X-CUBE-TCPP 4.2.0
2025-05-26 03:45:31,115 [INFO] ThirdParty:1030 - CMSIS Pack Vendor :RealThread X-CUBE-RT-Thread_Nano 4.1.1
2025-05-26 03:45:31,115 [INFO] ThirdParty:1030 - CMSIS Pack Vendor :STMicroelectronics X-CUBE-BLE1 7.0.0
2025-05-26 03:45:31,116 [INFO] ThirdParty:1030 - CMSIS Pack Vendor :STMicroelectronics FP-ATR-SIGFOX1 3.2.0
2025-05-26 03:45:31,116 [INFO] ThirdParty:1030 - CMSIS Pack Vendor :STMicroelectronics X-CUBE-NFC10 1.0.0
2025-05-26 03:45:31,116 [INFO] ThirdParty:1030 - CMSIS Pack Vendor :quantropi X-CUBE-qispace-sdk-base 1.9.3
2025-05-26 03:45:31,116 [INFO] ThirdParty:1030 - CMSIS Pack Vendor :STMicroelectronics X-CUBE-BLEMGR 4.0.0
2025-05-26 03:45:31,116 [INFO] ThirdParty:1030 - CMSIS Pack Vendor :STMicroelectronics X-CUBE-EEPRMA1 5.1.0
2025-05-26 03:45:31,116 [INFO] ThirdParty:1030 - CMSIS Pack Vendor :STMicroelectronics X-CUBE-FREERTOS 1.3.1
2025-05-26 03:45:31,116 [INFO] ThirdParty:1030 - CMSIS Pack Vendor :STMicroelectronics HAL Drivers 0.0.0
2025-05-26 03:45:31,116 [INFO] ThirdParty:1030 - CMSIS Pack Vendor :STMicroelectronics MBEDTLS 2.16.2
2025-05-26 03:45:31,116 [INFO] ThirdParty:1030 - CMSIS Pack Vendor :STMicroelectronics X-CUBE-IPS 3.1.0
2025-05-26 03:45:31,116 [INFO] ThirdParty:1030 - CMSIS Pack Vendor :STMicroelectronics X-CUBE-ALS 1.0.2
2025-05-26 03:45:31,116 [INFO] ThirdParty:1030 - CMSIS Pack Vendor :emotas I-CUBE-CANOPEN 1.3.0
2025-05-26 03:45:31,116 [INFO] ThirdParty:1030 - CMSIS Pack Vendor :STMicroelectronics X-CUBE-FREERTOS 1.3.0
2025-05-26 03:45:31,116 [INFO] ThirdParty:1030 - CMSIS Pack Vendor :wolfSSL I-CUBE-wolfSSL 5.7.4
2025-05-26 03:45:31,116 [INFO] ThirdParty:1030 - CMSIS Pack Vendor :STMicroelectronics X-CUBE-NFC7 1.0.1
2025-05-26 03:45:31,116 [INFO] ThirdParty:1030 - CMSIS Pack Vendor :STMicroelectronics MBEDTLS 2.14.1
2025-05-26 03:45:31,116 [INFO] ThirdParty:1030 - CMSIS Pack Vendor :ITTIA_DB I-CUBE-ITTIADB 8.9.0
2025-05-26 03:45:31,116 [INFO] ThirdParty:1030 - CMSIS Pack Vendor :STMicroelectronics X-CUBE-TOUCHGFX 4.24.2
2025-05-26 03:45:31,116 [INFO] ThirdParty:1030 - CMSIS Pack Vendor :wolfSSL I-CUBE-wolfTPM 3.4.0
2025-05-26 03:45:31,116 [INFO] ThirdParty:1030 - CMSIS Pack Vendor :portGmbH I-Cube-SoM-uGOAL 1.1.0
2025-05-26 03:45:31,116 [INFO] ThirdParty:1030 - CMSIS Pack Vendor :STMicroelectronics X-CUBE-AI 10.0.0
2025-05-26 03:45:31,116 [INFO] ThirdParty:1030 - CMSIS Pack Vendor :STMicroelectronics ThreadX 1.0.0
2025-05-26 03:45:31,116 [INFO] ThirdParty:1030 - CMSIS Pack Vendor :STMicroelectronics FP-SNS-SMARTAG2 1.2.0
2025-05-26 03:45:31,116 [INFO] ThirdParty:1030 - CMSIS Pack Vendor :STMicroelectronics FP-SNS-FLIGHT1 5.1.0
2025-05-26 03:45:31,116 [INFO] ThirdParty:1030 - CMSIS Pack Vendor :STMicroelectronics X-CUBE-MEMS1 11.1.0
2025-05-26 03:45:31,116 [INFO] ThirdParty:1030 - CMSIS Pack Vendor :STMicroelectronics X-CUBE-AZRTOS-WL 2.0.0
2025-05-26 03:45:31,116 [INFO] ThirdParty:1030 - CMSIS Pack Vendor :SEGGER I-CUBE-embOS 1.3.1
2025-05-26 03:45:31,116 [INFO] ThirdParty:1030 - CMSIS Pack Vendor :STMicroelectronics X-CUBE-ALGOBUILD 1.4.0
2025-05-26 03:45:31,116 [INFO] ThirdParty:1030 - CMSIS Pack Vendor :STMicroelectronics X-CUBE-DPower 1.3.0
2025-05-26 03:45:31,116 [INFO] ThirdParty:1030 - CMSIS Pack Vendor :STMicroelectronics FP-SNS-MOTENV1 5.0.0
2025-05-26 03:45:31,116 [INFO] ThirdParty:1030 - CMSIS Pack Vendor :STMicroelectronics USB_DEVICE 1.0.0
2025-05-26 03:45:31,116 [INFO] ThirdParty:1030 - CMSIS Pack Vendor :STMicroelectronics X-CUBE-AZRTOS-H7RS 1.0.0
2025-05-26 03:45:31,116 [INFO] ThirdParty:1030 - CMSIS Pack Vendor :wolfSSL I-CUBE-wolfMQTT 1.19.0
2025-05-26 03:45:31,116 [INFO] ThirdParty:1030 - CMSIS Pack Vendor :STMicroelectronics X-CUBE-AZRTOS-L4 2.0.0
2025-05-26 03:45:31,116 [INFO] ThirdParty:1030 - CMSIS Pack Vendor :STMicroelectronics ThreadX 0.0.2
2025-05-26 03:45:31,116 [INFO] ThirdParty:1030 - CMSIS Pack Vendor :WES I-CUBE-Cesium 1.3.0
2025-05-26 03:45:31,116 [INFO] ThirdParty:1030 - CMSIS Pack Vendor :STMicroelectronics lwIP 2.1.2
2025-05-26 03:45:31,116 [INFO] ThirdParty:1030 - CMSIS Pack Vendor :STMicroelectronics X-CUBE-SFXS2LP1 4.0.0
2025-05-26 03:45:31,116 [INFO] ThirdParty:1030 - CMSIS Pack Vendor :STMicroelectronics X-CUBE-BLE2 3.3.0
2025-05-26 03:45:31,116 [INFO] ThirdParty:1030 - CMSIS Pack Vendor :STMicroelectronics X-CUBE-TOF1 3.4.2
2025-05-26 03:45:31,116 [INFO] ThirdParty:1030 - CMSIS Pack Vendor :STMicroelectronics X-CUBE-TOF1 3.4.3
2025-05-26 03:45:31,116 [INFO] ThirdParty:1030 - CMSIS Pack Vendor :STMicroelectronics X-CUBE-AI 9.1.0
2025-05-26 03:45:31,116 [INFO] ThirdParty:1030 - CMSIS Pack Vendor :STMicroelectronics PDM2PCM 3.2.0
2025-05-26 03:45:31,116 [INFO] ThirdParty:1030 - CMSIS Pack Vendor :wolfSSL I-CUBE-wolfSSH 1.4.17
2025-05-26 03:45:31,117 [INFO] ThirdParty:841 - exiting critical section [change project]
2025-05-26 03:45:31,647 [INFO] PinOutPanel:1589 - setPackage(No Configuration,No Configuration)
2025-05-26 03:45:31,650 [INFO] PinOutPanel:1589 - setPackage(STM32F411CEUx,UFQFPN48)
2025-05-26 03:45:33,011 [INFO] UtilMem:75 - Before build in PCC Used Memory: 876228592 Bytes (1073741824)
2025-05-26 03:45:33,883 [INFO] UtilMem:75 - After build in PCC Used Memory: 922365936 Bytes (1073741824)
2025-05-26 03:45:33,915 [INFO] ApiDbMcu:508 - Load IP Config File for FREERTOS
2025-05-26 03:45:33,983 [INFO] IPUIPlugin:80 - create IPUIPlugin
2025-05-26 03:45:33,985 [INFO] IPUIPlugin:80 - create IPUIPlugin
2025-05-26 03:45:33,985 [INFO] IPUIPlugin:80 - create IPUIPlugin
2025-05-26 03:45:33,985 [INFO] IPUIPlugin:80 - create IPUIPlugin
2025-05-26 03:45:33,985 [INFO] IPUIPlugin:80 - create IPUIPlugin
2025-05-26 03:45:33,985 [INFO] IPUIPlugin:80 - create IPUIPlugin
2025-05-26 03:45:33,986 [INFO] IPUIPlugin:80 - create IPUIPlugin
2025-05-26 03:45:33,986 [INFO] IPUIPlugin:80 - create IPUIPlugin
2025-05-26 03:45:33,986 [INFO] IPUIPlugin:80 - create IPUIPlugin
2025-05-26 03:45:33,986 [INFO] IPUIPlugin:80 - create IPUIPlugin
2025-05-26 03:45:33,986 [INFO] IPUIPlugin:80 - create IPUIPlugin
2025-05-26 03:45:33,986 [INFO] IPUIPlugin:80 - create IPUIPlugin
2025-05-26 03:45:33,986 [INFO] IPUIPlugin:80 - create IPUIPlugin
2025-05-26 03:45:33,987 [INFO] IPUIPlugin:80 - create IPUIPlugin
2025-05-26 03:45:33,988 [INFO] IPUIPlugin:80 - create IPUIPlugin
2025-05-26 03:45:33,988 [INFO] IPUIPlugin:80 - create IPUIPlugin
2025-05-26 03:45:33,988 [INFO] IPUIPlugin:80 - create IPUIPlugin
2025-05-26 03:45:33,989 [INFO] IPUIPlugin:80 - create IPUIPlugin
2025-05-26 03:45:33,989 [INFO] IPUIPlugin:80 - create IPUIPlugin
2025-05-26 03:45:33,989 [INFO] IPUIPlugin:80 - create IPUIPlugin
2025-05-26 03:45:33,989 [INFO] IPUIPlugin:80 - create IPUIPlugin
2025-05-26 03:45:33,989 [INFO] IPUIPlugin:80 - create IPUIPlugin
2025-05-26 03:45:33,989 [INFO] IPUIPlugin:80 - create IPUIPlugin
2025-05-26 03:45:33,989 [INFO] IPUIPlugin:80 - create IPUIPlugin
2025-05-26 03:45:33,989 [INFO] IPUIPlugin:80 - create IPUIPlugin
2025-05-26 03:45:33,989 [INFO] IPUIPlugin:80 - create IPUIPlugin
2025-05-26 03:45:33,989 [INFO] IPUIPlugin:80 - create IPUIPlugin
2025-05-26 03:45:33,989 [INFO] IPUIPlugin:80 - create IPUIPlugin
2025-05-26 03:45:33,989 [INFO] IPUIPlugin:80 - create IPUIPlugin
2025-05-26 03:45:33,989 [INFO] IPUIPlugin:80 - create IPUIPlugin
2025-05-26 03:45:33,990 [INFO] IPUIPlugin:80 - create IPUIPlugin
2025-05-26 03:45:33,990 [INFO] IPUIPlugin:80 - create IPUIPlugin
2025-05-26 03:45:33,990 [INFO] IPUIPlugin:80 - create IPUIPlugin
2025-05-26 03:45:33,990 [INFO] IPUIPlugin:80 - create IPUIPlugin
2025-05-26 03:45:33,990 [INFO] IPUIPlugin:80 - create IPUIPlugin
2025-05-26 03:45:33,990 [INFO] IPUIPlugin:80 - create IPUIPlugin
2025-05-26 03:45:33,990 [INFO] IPUIPlugin:80 - create IPUIPlugin
2025-05-26 03:45:33,990 [INFO] IPUIPlugin:80 - create IPUIPlugin
2025-05-26 03:45:33,990 [INFO] IPUIPlugin:80 - create IPUIPlugin
2025-05-26 03:45:33,991 [INFO] IPUIPlugin:80 - create IPUIPlugin
2025-05-26 03:45:33,993 [INFO] IPUIPlugin:80 - create IPUIPlugin
2025-05-26 03:45:33,993 [INFO] IPUIPlugin:80 - create IPUIPlugin
2025-05-26 03:45:33,994 [INFO] IPUIPlugin:80 - create IPUIPlugin
2025-05-26 03:45:34,028 [INFO] ApiDbMcu:508 - Load IP Config File for PDM2PCM
2025-05-26 03:45:34,046 [WARN] FreeRTOS:1023 - Null or empty value: should not occur! (nothing added to the table)
2025-05-26 03:45:34,179 [INFO] CADModel:165 - CPN selected for project levelSTM32F411CEU6
2025-05-26 03:45:34,180 [INFO] CADModel:114 - Register for checkConnection events
2025-05-26 03:45:34,184 [INFO] RtosManager:697 - Active RTOS found at IOC load: FREERTOS [Cortex-M4NS]
2025-05-26 03:45:34,249 [INFO] OpenFileManager:363 - Restore cursor
2025-05-26 03:46:40,747 [INFO] MainUpdater:2872 - connection check result : 10
2025-05-26 03:46:40,753 [INFO] MainUpdater:2872 - connection check result : 10
2025-05-26 03:46:40,997 [INFO] MicroXplorer:468 - Change Database Path : 
2025-05-26 03:46:40,999 [INFO] MicroXplorer:498 - Change Database Version : DB.6.0.130
2025-05-26 03:46:41,108 [ERROR] ProjectManagerView:394 - 
java.lang.NullPointerException: Cannot invoke "javax.swing.JTextField.getText()" because the return value of "java.util.List.get(int)" is null
	at com.st.microxplorer.plugins.projectmanager.gui.ProjectChoiceTab$9.caretUpdate(ProjectChoiceTab.java:2616) ~[filemanager.jar:?]
	at javax.swing.text.JTextComponent.fireCaretUpdate(JTextComponent.java:408) ~[?:?]
	at javax.swing.text.JTextComponent$MutableCaretEvent.fire(JTextComponent.java:4484) ~[?:?]
	at javax.swing.text.JTextComponent$MutableCaretEvent.stateChanged(JTextComponent.java:4506) ~[?:?]
	at javax.swing.text.DefaultCaret.fireStateChanged(DefaultCaret.java:857) ~[?:?]
	at javax.swing.text.DefaultCaret.changeCaretPosition(DefaultCaret.java:1343) ~[?:?]
	at javax.swing.text.DefaultCaret.handleSetDot(DefaultCaret.java:1242) ~[?:?]
	at javax.swing.text.DefaultCaret.setDot(DefaultCaret.java:1223) ~[?:?]
	at javax.swing.text.DefaultCaret$Handler.insertUpdate(DefaultCaret.java:1819) ~[?:?]
	at javax.swing.text.AbstractDocument.fireInsertUpdate(AbstractDocument.java:227) ~[?:?]
	at javax.swing.text.AbstractDocument.handleInsertString(AbstractDocument.java:781) ~[?:?]
	at javax.swing.text.AbstractDocument.insertString(AbstractDocument.java:740) ~[?:?]
	at javax.swing.text.PlainDocument.insertString(PlainDocument.java:131) ~[?:?]
	at javax.swing.text.AbstractDocument.replace(AbstractDocument.java:699) ~[?:?]
	at javax.swing.text.JTextComponent.setText(JTextComponent.java:1725) ~[?:?]
	at com.st.microxplorer.plugins.projectmanager.gui.ProjectChoiceTab.createHeapStackFields(ProjectChoiceTab.java:975) ~[filemanager.jar:?]
	at com.st.microxplorer.plugins.projectmanager.gui.ProjectChoiceTab.buildLinkSettingsPanel(ProjectChoiceTab.java:3666) ~[filemanager.jar:?]
	at com.st.microxplorer.plugins.projectmanager.gui.ProjectChoiceTab.defineWindowsFields(ProjectChoiceTab.java:1934) ~[filemanager.jar:?]
	at com.st.microxplorer.plugins.projectmanager.gui.ProjectChoiceTab.updateSettings(ProjectChoiceTab.java:553) ~[filemanager.jar:?]
	at com.st.microxplorer.plugins.projectmanager.gui.ProjectSettingsPanel.UpdateDialog(ProjectSettingsPanel.java:245) ~[filemanager.jar:?]
	at com.st.microxplorer.plugins.projectmanager.ProjectManagerView.propertyChange(ProjectManagerView.java:391) ~[filemanager.jar:?]
	at java.beans.PropertyChangeSupport.fire(PropertyChangeSupport.java:343) ~[?:?]
	at java.beans.PropertyChangeSupport.firePropertyChange(PropertyChangeSupport.java:335) ~[?:?]
	at java.beans.PropertyChangeSupport.firePropertyChange(PropertyChangeSupport.java:268) ~[?:?]
	at com.st.microxplorer.util.MXPropertyChangeSupport.firePropertyChange(MXPropertyChangeSupport.java:54) ~[STM32CubeMX.jar:?]
	at com.st.microxplorer.mxsystem.MxSystem.closeConfig(MxSystem.java:899) ~[STM32CubeMX.jar:?]
	at com.st.microxplorer.maingui.MainPanel.closeConfig(MainPanel.java:789) ~[STM32CubeMX.jar:?]
	at com.st.microxplorer.plugins.filemanager.engine.OpenFileManager.loadConfigurationFile(OpenFileManager.java:265) ~[filemanager.jar:?]
	at com.st.microxplorer.plugins.filemanager.engine.MainFileManager.userLoadConfig(MainFileManager.java:340) ~[filemanager.jar:?]
	at com.st.microxplorer.plugins.filemanager.engine.MainFileManager.userLoadConfig(MainFileManager.java:318) ~[filemanager.jar:?]
	at com.st.microxplorer.plugins.filemanager.FileManagerView.getSpecificTask(FileManagerView.java:246) ~[filemanager.jar:?]
	at com.st.stm32cube.common.mx.editor.CubeMxEditor.getMxTabbedPaneInstance(CubeMxEditor.java:1198) ~[com.st.stm32cube.common.mx_6.13.0.202411220809/:?]
	at com.st.stm32cube.common.mx.editor.CubeMxEditor$12$1.createSwingComponent(CubeMxEditor.java:1068) ~[com.st.stm32cube.common.mx_6.13.0.202411220809/:?]
	at com.st.stm32cube.common.mx.oss.core.awtswtbridge.EmbeddedSwingComposite.doComponentCreation(EmbeddedSwingComposite.java:492) ~[com.st.stm32cube.common.mx.oss_6.13.0.202411220809/:?]
	at com.st.stm32cube.common.mx.oss.core.awtswtbridge.EmbeddedSwingComposite$4.run(EmbeddedSwingComposite.java:291) ~[com.st.stm32cube.common.mx.oss_6.13.0.202411220809/:?]
	at com.st.stm32cube.common.mx.oss.core.awtswtbridge.AwtEnvironment$2.run(AwtEnvironment.java:166) ~[com.st.stm32cube.common.mx.oss_6.13.0.202411220809/:?]
	at java.awt.event.InvocationEvent.dispatch(InvocationEvent.java:318) ~[?:?]
	at java.awt.EventQueue.dispatchEventImpl(EventQueue.java:773) ~[?:?]
	at java.awt.EventQueue$4.run(EventQueue.java:720) ~[?:?]
	at java.awt.EventQueue$4.run(EventQueue.java:714) ~[?:?]
	at java.security.AccessController.doPrivileged(AccessController.java:400) ~[?:?]
	at java.security.ProtectionDomain$JavaSecurityAccessImpl.doIntersectionPrivilege(ProtectionDomain.java:87) ~[?:?]
	at java.awt.EventQueue.dispatchEvent(EventQueue.java:742) ~[?:?]
	at java.awt.EventDispatchThread.pumpOneEventForFilters(EventDispatchThread.java:203) ~[?:?]
	at java.awt.EventDispatchThread.pumpEventsForFilter(EventDispatchThread.java:124) ~[?:?]
	at java.awt.EventDispatchThread.pumpEventsForHierarchy(EventDispatchThread.java:113) ~[?:?]
	at java.awt.EventDispatchThread.pumpEvents(EventDispatchThread.java:109) ~[?:?]
	at java.awt.EventDispatchThread.pumpEvents(EventDispatchThread.java:101) ~[?:?]
	at java.awt.EventDispatchThread.run(EventDispatchThread.java:90) ~[?:?]
2025-05-26 03:46:41,118 [WARN] ThirdParty:871 - waiting for thirdparty lock release [close project]
2025-05-26 03:46:41,118 [INFO] ThirdParty:873 - entering critical section [close project]
2025-05-26 03:46:41,118 [INFO] ThirdParty:883 - exiting critical section [close project]
2025-05-26 03:46:41,122 [INFO] PinOutPanel:1589 - setPackage(No Configuration,No Configuration)
2025-05-26 03:46:41,162 [WARN] IpParametersView:154 - Warning: This peripheral hasn't parameters
2025-05-26 03:46:41,181 [WARN] MainPanel:289 - <html><b><center>Warning: This peripheral has no parameters to be configured<br></b></html>
2025-05-26 03:46:41,183 [ERROR] MainPanel:599 - java.lang.IndexOutOfBoundsException: Index: 0, Tab count: 0
2025-05-26 03:46:41,191 [INFO] UtilMem:75 - Begin LoadConfig() Used Memory: 883270048 Bytes (1073741824)
2025-05-26 03:46:41,193 [INFO] MicroXplorer:468 - Change Database Path : 
2025-05-26 03:46:41,194 [INFO] MicroXplorer:498 - Change Database Version : DB.6.0.130
2025-05-26 03:46:41,195 [INFO] OpenFileManager:332 - Change cursor
2025-05-26 03:46:41,233 [INFO] Mcu:2035 - Initializing MCU STM32F103C(4-6)Tx STM32F103C6Tx STM32F103C6T6A
2025-05-26 03:46:41,978 [INFO] Context:748 - Trying to add GPIOservice into a context  which must be forbidden
2025-05-26 03:46:42,837 [INFO] RtosManager:555 - Registered RTOS mode: class=CMSIS, group=RTOS, mode=CMSIS_V1, owner=FREERTOS
2025-05-26 03:46:42,844 [INFO] RtosManager:555 - Registered RTOS mode: class=CMSIS, group=RTOS2, mode=CMSIS_V2, owner=FREERTOS
2025-05-26 03:46:42,846 [INFO] RtosManager:555 - Registered RTOS mode: class=RTOS, group=Core, mode=CMSIS_V1, owner=FREERTOS
2025-05-26 03:46:42,846 [INFO] RtosManager:555 - Registered RTOS mode: class=RTOS, group=Core, mode=CMSIS_V2, owner=FREERTOS
2025-05-26 03:46:42,846 [WARN] ModelIntegratedComponent:184 - Missing modes for component STMicroelectronics:FreeRTOS:0.0.1:STMicroelectronics:RTOS:FreeRTOS:Core:::10.2.0:
2025-05-26 03:46:42,863 [WARN] ModelIntegratedComponent:63 - No mode defined for component null
2025-05-26 03:46:42,863 [WARN] ModelIntegratedComponent:63 - No mode defined for component null
2025-05-26 03:46:42,863 [WARN] ModelIntegratedComponent:63 - No mode defined for component null
2025-05-26 03:46:42,863 [WARN] ModelIntegratedComponent:63 - No mode defined for component null
2025-05-26 03:46:42,863 [WARN] ModelIntegratedComponent:63 - No mode defined for component null
2025-05-26 03:46:42,863 [WARN] ModelIntegratedComponent:63 - No mode defined for component null
2025-05-26 03:46:42,863 [WARN] ModelIntegratedComponent:63 - No mode defined for component null
2025-05-26 03:46:42,863 [WARN] ModelIntegratedComponent:63 - No mode defined for component null
2025-05-26 03:46:42,863 [WARN] ModelIntegratedComponent:63 - No mode defined for component null
2025-05-26 03:46:42,863 [WARN] ModelIntegratedComponent:63 - No mode defined for component null
2025-05-26 03:46:42,863 [WARN] ModelIntegratedComponent:63 - No mode defined for component null
2025-05-26 03:46:42,863 [WARN] ModelIntegratedComponent:63 - No mode defined for component null
2025-05-26 03:46:42,863 [WARN] ModelIntegratedComponent:63 - No mode defined for component null
2025-05-26 03:46:42,863 [WARN] ModelIntegratedComponent:63 - No mode defined for component null
2025-05-26 03:46:42,863 [WARN] ModelIntegratedComponent:63 - No mode defined for component null
2025-05-26 03:46:42,863 [WARN] ModelIntegratedComponent:63 - No mode defined for component null
2025-05-26 03:46:42,863 [WARN] ModelIntegratedComponent:63 - No mode defined for component null
2025-05-26 03:46:42,863 [WARN] ModelIntegratedComponent:63 - No mode defined for component null
2025-05-26 03:46:42,863 [WARN] ModelIntegratedComponent:63 - No mode defined for component null
2025-05-26 03:46:42,863 [WARN] ModelIntegratedComponent:63 - No mode defined for component null
2025-05-26 03:46:42,863 [WARN] ModelIntegratedComponent:63 - No mode defined for component null
2025-05-26 03:46:42,863 [WARN] ModelIntegratedComponent:63 - No mode defined for component null
2025-05-26 03:46:42,863 [WARN] ModelIntegratedComponent:63 - No mode defined for component null
2025-05-26 03:46:42,863 [WARN] ModelIntegratedComponent:63 - No mode defined for component null
2025-05-26 03:46:42,863 [WARN] ModelIntegratedComponent:63 - No mode defined for component null
2025-05-26 03:46:42,863 [WARN] ModelIntegratedComponent:63 - No mode defined for component null
2025-05-26 03:46:42,863 [WARN] ModelIntegratedComponent:63 - No mode defined for component null
2025-05-26 03:46:42,863 [WARN] ModelIntegratedComponent:63 - No mode defined for component null
2025-05-26 03:46:42,863 [WARN] ModelIntegratedComponent:63 - No mode defined for component null
2025-05-26 03:46:42,863 [WARN] ModelIntegratedComponent:63 - No mode defined for component null
2025-05-26 03:46:42,864 [WARN] ModelIntegratedComponent:63 - No mode defined for component null
2025-05-26 03:46:42,864 [WARN] ModelIntegratedComponent:63 - No mode defined for component null
2025-05-26 03:46:42,864 [WARN] ModelIntegratedComponent:63 - No mode defined for component null
2025-05-26 03:46:42,864 [WARN] ModelIntegratedComponent:63 - No mode defined for component null
2025-05-26 03:46:42,864 [WARN] ModelIntegratedComponent:63 - No mode defined for component null
2025-05-26 03:46:42,864 [WARN] ModelPack:524 - Component already loaded: STMicroelectronics:HAL Drivers:0.0.0:STMicroelectronics:Device:STMicro_Driver:XSPI:HAL::0.0.1:HAL_XSPI
2025-05-26 03:46:42,929 [INFO] ThirdPartyModel:298 - Start build external matchings
2025-05-26 03:46:43,339 [INFO] ThirdPartyModel:316 - End build external matchings
2025-05-26 03:46:43,356 [INFO] RtosManager:922 - Current active RTOS is FREERTOS [Cortex-M3NS]
2025-05-26 03:46:43,394 [WARN] IP:2251 - I2C_Coeff_DF not found: check if there is a RefParameter without a condition.
2025-05-26 03:46:43,394 [WARN] IP:2251 - Analog_Filter not found: check if there is a RefParameter without a condition.
2025-05-26 03:46:43,396 [INFO] ImportTextPane:218 - (OptionalMessage_ERROR) IP (RCC) : Invalid parameter (FamilyName)
2025-05-26 03:46:43,396 [INFO] ImportTextPane:218 - (OptionalMessage_ERROR) IP (RCC) : Parameter (MCOFreq_Value) has invalid value (72000000)
2025-05-26 03:46:43,397 [INFO] ImportTextPane:218 - (OptionalMessage_ERROR) IP (RCC) : Parameter (USBFreq_Value) has invalid value (72000000)
2025-05-26 03:46:43,599 [INFO] UtilMem:75 - End LoadConfig() Used Memory: 817448512 Bytes (1073741824)
2025-05-26 03:46:43,715 [WARN] ThirdParty:833 - waiting for thirdparty lock release [change project]
2025-05-26 03:46:43,715 [INFO] ThirdParty:835 - entering critical section [change project]
2025-05-26 03:46:43,716 [INFO] ThirdParty:1030 - CMSIS Pack Vendor :STMicroelectronics USBPD 4.1
2025-05-26 03:46:43,716 [INFO] ThirdParty:1030 - CMSIS Pack Vendor :STMicroelectronics X-CUBE-AZRTOS-H7 3.3.0
2025-05-26 03:46:43,716 [INFO] ThirdParty:1030 - CMSIS Pack Vendor :STMicroelectronics X-CUBE-NFC9 1.0.0
2025-05-26 03:46:43,716 [INFO] ThirdParty:1030 - CMSIS Pack Vendor :STMicroelectronics USB_HOST 2.0.0
2025-05-26 03:46:43,716 [INFO] ThirdParty:1030 - CMSIS Pack Vendor :STMicroelectronics FP-SNS-MOTENVWB1 1.4.0
2025-05-26 03:46:43,716 [INFO] ThirdParty:1030 - CMSIS Pack Vendor :STMicroelectronics X-CUBE-AZRTOS-F4 1.1.0
2025-05-26 03:46:43,716 [INFO] ThirdParty:1030 - CMSIS Pack Vendor :STMicroelectronics LIBJPEG 8.0.0
2025-05-26 03:46:43,716 [INFO] ThirdParty:1030 - CMSIS Pack Vendor :STMicroelectronics FP-ATR-ASTRA1 2.0.2
2025-05-26 03:46:43,716 [INFO] ThirdParty:1030 - CMSIS Pack Vendor :STMicroelectronics FP-ATR-ASTRA1 2.0.1
2025-05-26 03:46:43,716 [INFO] ThirdParty:1030 - CMSIS Pack Vendor :STMicroelectronics X-CUBE-BLE1 7.1.0
2025-05-26 03:46:43,716 [INFO] ThirdParty:1030 - CMSIS Pack Vendor :Avnet-IotConnect X-CUBE-IoTC-DA16k-PMOD 1.0.0
2025-05-26 03:46:43,716 [INFO] ThirdParty:1030 - CMSIS Pack Vendor :STMicroelectronics X-CUBE-SMBUS 2.1.0
2025-05-26 03:46:43,716 [INFO] ThirdParty:1030 - CMSIS Pack Vendor :STMicroelectronics X-CUBE-WB05N 1.1.0
2025-05-26 03:46:43,716 [INFO] ThirdParty:1030 - CMSIS Pack Vendor :STMicroelectronics USB_DEVICE 3.0.0
2025-05-26 03:46:43,716 [INFO] ThirdParty:1030 - CMSIS Pack Vendor :STMicroelectronics X-CUBE-ISPU 2.1.0
2025-05-26 03:46:43,716 [INFO] ThirdParty:1030 - CMSIS Pack Vendor :STMicroelectronics X-CUBE-AZRTOS-WB 2.0.0
2025-05-26 03:46:43,716 [INFO] ThirdParty:1030 - CMSIS Pack Vendor :STMicroelectronics X-CUBE-GNSS1 7.0.1
2025-05-26 03:46:43,716 [INFO] ThirdParty:1030 - CMSIS Pack Vendor :STMicroelectronics X-CUBE-AZRTOS-F7 1.1.0
2025-05-26 03:46:43,716 [INFO] ThirdParty:1030 - CMSIS Pack Vendor :STMicroelectronics X-CUBE-AZRTOS-L5 2.0.0
2025-05-26 03:46:43,716 [INFO] ThirdParty:1030 - CMSIS Pack Vendor :STMicroelectronics X-CUBE-TOUCHGFX 4.25.0
2025-05-26 03:46:43,716 [INFO] ThirdParty:1030 - CMSIS Pack Vendor :STMicroelectronics USB_DEVICE 2.0.0
2025-05-26 03:46:43,716 [INFO] ThirdParty:1030 - CMSIS Pack Vendor :STMicroelectronics X-CUBE-NFC6 3.1.0
2025-05-26 03:46:43,716 [INFO] ThirdParty:1030 - CMSIS Pack Vendor :STMicroelectronics FP-SNS-STBOX1 2.0.0
2025-05-26 03:46:43,716 [INFO] ThirdParty:1030 - CMSIS Pack Vendor :STMicroelectronics X-CUBE-MEMS1 11.2.0
2025-05-26 03:46:43,716 [INFO] ThirdParty:1030 - CMSIS Pack Vendor :STMicroelectronics FreeRTOS 0.0.1
2025-05-26 03:46:43,717 [INFO] ThirdParty:1030 - CMSIS Pack Vendor :STMicroelectronics X-CUBE-AZRTOS-G0 1.1.0
2025-05-26 03:46:43,717 [INFO] ThirdParty:1030 - CMSIS Pack Vendor :STMicroelectronics X-CUBE-SAFEA1 1.2.2
2025-05-26 03:46:43,717 [INFO] ThirdParty:1030 - CMSIS Pack Vendor :STMicroelectronics X-CUBE-NFC4 3.0.0
2025-05-26 03:46:43,717 [INFO] ThirdParty:1030 - CMSIS Pack Vendor :STMicroelectronics X-CUBE-DPower 1.2.0
2025-05-26 03:46:43,717 [INFO] ThirdParty:1030 - CMSIS Pack Vendor :STMicroelectronics X-CUBE-SUBG2 5.0.0
2025-05-26 03:46:43,717 [INFO] ThirdParty:1030 - CMSIS Pack Vendor :STMicroelectronics X-CUBE-AZRTOS-H7RS 1.1.0
2025-05-26 03:46:43,717 [INFO] ThirdParty:1030 - CMSIS Pack Vendor :STMicroelectronics STM32_WPAN 1.0.0
2025-05-26 03:46:43,717 [INFO] ThirdParty:1030 - CMSIS Pack Vendor :EmbeddedOffice I-CUBE-FS-RTOS 1.0.1
2025-05-26 03:46:43,717 [INFO] ThirdParty:1030 - CMSIS Pack Vendor :STMicroelectronics lwIP 2.0.3
2025-05-26 03:46:43,717 [INFO] ThirdParty:1030 - CMSIS Pack Vendor :STMicroelectronics FP-SNS-FLIGHT1 5.0.2
2025-05-26 03:46:43,717 [INFO] ThirdParty:1030 - CMSIS Pack Vendor :Cesanta I-CUBE-Mongoose 7.13.0
2025-05-26 03:46:43,717 [INFO] ThirdParty:1030 - CMSIS Pack Vendor :STMicroelectronics USB_HOST 1.0.0
2025-05-26 03:46:43,717 [INFO] ThirdParty:1030 - CMSIS Pack Vendor :Infineon AIROC-Wi-Fi-Bluetooth-STM32 1.7.0
2025-05-26 03:46:43,717 [INFO] ThirdParty:1030 - CMSIS Pack Vendor :STMicroelectronics X-CUBE-AZRTOS-G4 2.0.0
2025-05-26 03:46:43,717 [INFO] ThirdParty:1030 - CMSIS Pack Vendor :STMicroelectronics X-CUBE-WB05N 2.0.0
2025-05-26 03:46:43,717 [INFO] ThirdParty:1030 - CMSIS Pack Vendor :STMicroelectronics PDM2PCM 3.1.0
2025-05-26 03:46:43,717 [INFO] ThirdParty:1030 - CMSIS Pack Vendor :STMicroelectronics PDM2PCM 3.3.0
2025-05-26 03:46:43,717 [INFO] ThirdParty:1030 - CMSIS Pack Vendor :STMicroelectronics X-CUBE-DISPLAY 3.0.0
2025-05-26 03:46:43,717 [INFO] ThirdParty:1030 - CMSIS Pack Vendor :STMicroelectronics X-CUBE-NFC7 2.0.0
2025-05-26 03:46:43,717 [INFO] ThirdParty:1030 - CMSIS Pack Vendor :STMicroelectronics X-CUBE-TCPP 4.2.0
2025-05-26 03:46:43,717 [INFO] ThirdParty:1030 - CMSIS Pack Vendor :RealThread X-CUBE-RT-Thread_Nano 4.1.1
2025-05-26 03:46:43,717 [INFO] ThirdParty:1030 - CMSIS Pack Vendor :STMicroelectronics X-CUBE-BLE1 7.0.0
2025-05-26 03:46:43,717 [INFO] ThirdParty:1030 - CMSIS Pack Vendor :STMicroelectronics FP-ATR-SIGFOX1 3.2.0
2025-05-26 03:46:43,717 [INFO] ThirdParty:1030 - CMSIS Pack Vendor :STMicroelectronics X-CUBE-NFC10 1.0.0
2025-05-26 03:46:43,717 [INFO] ThirdParty:1030 - CMSIS Pack Vendor :quantropi X-CUBE-qispace-sdk-base 1.9.3
2025-05-26 03:46:43,717 [INFO] ThirdParty:1030 - CMSIS Pack Vendor :STMicroelectronics X-CUBE-BLEMGR 4.0.0
2025-05-26 03:46:43,717 [INFO] ThirdParty:1030 - CMSIS Pack Vendor :STMicroelectronics X-CUBE-EEPRMA1 5.1.0
2025-05-26 03:46:43,717 [INFO] ThirdParty:1030 - CMSIS Pack Vendor :STMicroelectronics X-CUBE-FREERTOS 1.3.1
2025-05-26 03:46:43,717 [INFO] ThirdParty:1030 - CMSIS Pack Vendor :STMicroelectronics HAL Drivers 0.0.0
2025-05-26 03:46:43,717 [INFO] ThirdParty:1030 - CMSIS Pack Vendor :STMicroelectronics MBEDTLS 2.16.2
2025-05-26 03:46:43,717 [INFO] ThirdParty:1030 - CMSIS Pack Vendor :STMicroelectronics X-CUBE-IPS 3.1.0
2025-05-26 03:46:43,717 [INFO] ThirdParty:1030 - CMSIS Pack Vendor :STMicroelectronics X-CUBE-ALS 1.0.2
2025-05-26 03:46:43,717 [INFO] ThirdParty:1030 - CMSIS Pack Vendor :emotas I-CUBE-CANOPEN 1.3.0
2025-05-26 03:46:43,717 [INFO] ThirdParty:1030 - CMSIS Pack Vendor :STMicroelectronics X-CUBE-FREERTOS 1.3.0
2025-05-26 03:46:43,717 [INFO] ThirdParty:1030 - CMSIS Pack Vendor :wolfSSL I-CUBE-wolfSSL 5.7.4
2025-05-26 03:46:43,717 [INFO] ThirdParty:1030 - CMSIS Pack Vendor :STMicroelectronics X-CUBE-NFC7 1.0.1
2025-05-26 03:46:43,717 [INFO] ThirdParty:1030 - CMSIS Pack Vendor :STMicroelectronics MBEDTLS 2.14.1
2025-05-26 03:46:43,717 [INFO] ThirdParty:1030 - CMSIS Pack Vendor :ITTIA_DB I-CUBE-ITTIADB 8.9.0
2025-05-26 03:46:43,717 [INFO] ThirdParty:1030 - CMSIS Pack Vendor :STMicroelectronics X-CUBE-TOUCHGFX 4.24.2
2025-05-26 03:46:43,717 [INFO] ThirdParty:1030 - CMSIS Pack Vendor :wolfSSL I-CUBE-wolfTPM 3.4.0
2025-05-26 03:46:43,717 [INFO] ThirdParty:1030 - CMSIS Pack Vendor :portGmbH I-Cube-SoM-uGOAL 1.1.0
2025-05-26 03:46:43,717 [INFO] ThirdParty:1030 - CMSIS Pack Vendor :STMicroelectronics X-CUBE-AI 10.0.0
2025-05-26 03:46:43,717 [INFO] ThirdParty:1030 - CMSIS Pack Vendor :STMicroelectronics ThreadX 1.0.0
2025-05-26 03:46:43,717 [INFO] ThirdParty:1030 - CMSIS Pack Vendor :STMicroelectronics FP-SNS-SMARTAG2 1.2.0
2025-05-26 03:46:43,717 [INFO] ThirdParty:1030 - CMSIS Pack Vendor :STMicroelectronics FP-SNS-FLIGHT1 5.1.0
2025-05-26 03:46:43,717 [INFO] ThirdParty:1030 - CMSIS Pack Vendor :STMicroelectronics X-CUBE-MEMS1 11.1.0
2025-05-26 03:46:43,717 [INFO] ThirdParty:1030 - CMSIS Pack Vendor :STMicroelectronics X-CUBE-AZRTOS-WL 2.0.0
2025-05-26 03:46:43,717 [INFO] ThirdParty:1030 - CMSIS Pack Vendor :SEGGER I-CUBE-embOS 1.3.1
2025-05-26 03:46:43,717 [INFO] ThirdParty:1030 - CMSIS Pack Vendor :STMicroelectronics X-CUBE-ALGOBUILD 1.4.0
2025-05-26 03:46:43,717 [INFO] ThirdParty:1030 - CMSIS Pack Vendor :STMicroelectronics X-CUBE-DPower 1.3.0
2025-05-26 03:46:43,717 [INFO] ThirdParty:1030 - CMSIS Pack Vendor :STMicroelectronics FP-SNS-MOTENV1 5.0.0
2025-05-26 03:46:43,717 [INFO] ThirdParty:1030 - CMSIS Pack Vendor :STMicroelectronics USB_DEVICE 1.0.0
2025-05-26 03:46:43,717 [INFO] ThirdParty:1030 - CMSIS Pack Vendor :STMicroelectronics X-CUBE-AZRTOS-H7RS 1.0.0
2025-05-26 03:46:43,717 [INFO] ThirdParty:1030 - CMSIS Pack Vendor :wolfSSL I-CUBE-wolfMQTT 1.19.0
2025-05-26 03:46:43,717 [INFO] ThirdParty:1030 - CMSIS Pack Vendor :STMicroelectronics X-CUBE-AZRTOS-L4 2.0.0
2025-05-26 03:46:43,717 [INFO] ThirdParty:1030 - CMSIS Pack Vendor :STMicroelectronics ThreadX 0.0.2
2025-05-26 03:46:43,717 [INFO] ThirdParty:1030 - CMSIS Pack Vendor :WES I-CUBE-Cesium 1.3.0
2025-05-26 03:46:43,717 [INFO] ThirdParty:1030 - CMSIS Pack Vendor :STMicroelectronics lwIP 2.1.2
2025-05-26 03:46:43,717 [INFO] ThirdParty:1030 - CMSIS Pack Vendor :STMicroelectronics X-CUBE-SFXS2LP1 4.0.0
2025-05-26 03:46:43,717 [INFO] ThirdParty:1030 - CMSIS Pack Vendor :STMicroelectronics X-CUBE-BLE2 3.3.0
2025-05-26 03:46:43,717 [INFO] ThirdParty:1030 - CMSIS Pack Vendor :STMicroelectronics X-CUBE-TOF1 3.4.2
2025-05-26 03:46:43,717 [INFO] ThirdParty:1030 - CMSIS Pack Vendor :STMicroelectronics X-CUBE-TOF1 3.4.3
2025-05-26 03:46:43,717 [INFO] ThirdParty:1030 - CMSIS Pack Vendor :STMicroelectronics X-CUBE-AI 9.1.0
2025-05-26 03:46:43,717 [INFO] ThirdParty:1030 - CMSIS Pack Vendor :STMicroelectronics PDM2PCM 3.2.0
2025-05-26 03:46:43,717 [INFO] ThirdParty:1030 - CMSIS Pack Vendor :wolfSSL I-CUBE-wolfSSH 1.4.17
2025-05-26 03:46:43,718 [INFO] ThirdParty:841 - exiting critical section [change project]
2025-05-26 03:46:44,074 [INFO] PinOutPanel:1589 - setPackage(No Configuration,No Configuration)
2025-05-26 03:46:44,077 [INFO] PinOutPanel:1589 - setPackage(STM32F103C6Tx,LQFP48)
2025-05-26 03:46:44,628 [INFO] UtilMem:75 - Before build in PCC Used Memory: 910505616 Bytes (1073741824)
2025-05-26 03:46:44,906 [INFO] UtilMem:75 - After build in PCC Used Memory: 951926416 Bytes (1073741824)
2025-05-26 03:46:44,923 [INFO] ApiDbMcu:508 - Load IP Config File for FREERTOS
2025-05-26 03:46:44,948 [INFO] IPUIPlugin:80 - create IPUIPlugin
2025-05-26 03:46:44,948 [INFO] IPUIPlugin:80 - create IPUIPlugin
2025-05-26 03:46:44,955 [INFO] IPUIPlugin:80 - create IPUIPlugin
2025-05-26 03:46:44,955 [INFO] IPUIPlugin:80 - create IPUIPlugin
2025-05-26 03:46:44,955 [INFO] IPUIPlugin:80 - create IPUIPlugin
2025-05-26 03:46:44,955 [INFO] IPUIPlugin:80 - create IPUIPlugin
2025-05-26 03:46:44,955 [INFO] IPUIPlugin:80 - create IPUIPlugin
2025-05-26 03:46:44,956 [INFO] IPUIPlugin:80 - create IPUIPlugin
2025-05-26 03:46:44,956 [INFO] IPUIPlugin:80 - create IPUIPlugin
2025-05-26 03:46:44,956 [INFO] IPUIPlugin:80 - create IPUIPlugin
2025-05-26 03:46:44,956 [INFO] IPUIPlugin:80 - create IPUIPlugin
2025-05-26 03:46:44,956 [INFO] IPUIPlugin:80 - create IPUIPlugin
2025-05-26 03:46:44,956 [INFO] IPUIPlugin:80 - create IPUIPlugin
2025-05-26 03:46:44,956 [INFO] IPUIPlugin:80 - create IPUIPlugin
2025-05-26 03:46:44,956 [INFO] IPUIPlugin:80 - create IPUIPlugin
2025-05-26 03:46:44,956 [INFO] IPUIPlugin:80 - create IPUIPlugin
2025-05-26 03:46:44,956 [INFO] IPUIPlugin:80 - create IPUIPlugin
2025-05-26 03:46:44,957 [INFO] IPUIPlugin:80 - create IPUIPlugin
2025-05-26 03:46:44,957 [INFO] IPUIPlugin:80 - create IPUIPlugin
2025-05-26 03:46:44,957 [INFO] IPUIPlugin:80 - create IPUIPlugin
2025-05-26 03:46:44,957 [INFO] IPUIPlugin:80 - create IPUIPlugin
2025-05-26 03:46:44,957 [INFO] IPUIPlugin:80 - create IPUIPlugin
2025-05-26 03:46:44,958 [INFO] IPUIPlugin:80 - create IPUIPlugin
2025-05-26 03:46:44,960 [WARN] IP:2251 - I2C_Coeff_DF not found: check if there is a RefParameter without a condition.
2025-05-26 03:46:44,960 [WARN] IP:2251 - Analog_Filter not found: check if there is a RefParameter without a condition.
2025-05-26 03:46:44,978 [WARN] FreeRTOS:1023 - Null or empty value: should not occur! (nothing added to the table)
2025-05-26 03:46:45,063 [INFO] CADModel:165 - CPN selected for project levelSTM32F103C6T6A
2025-05-26 03:46:45,063 [INFO] CADModel:114 - Register for checkConnection events
2025-05-26 03:46:45,066 [INFO] RtosManager:697 - Active RTOS found at IOC load: FREERTOS [Cortex-M3NS]
2025-05-26 03:46:45,116 [INFO] OpenFileManager:363 - Restore cursor
2025-05-26 03:46:45,401 [WARN] IP:2251 - I2C_Coeff_DF not found: check if there is a RefParameter without a condition.
2025-05-26 03:46:45,401 [WARN] IP:2251 - Analog_Filter not found: check if there is a RefParameter without a condition.
2025-05-26 03:46:45,401 [WARN] IP:2251 - I2C_Coeff_DF not found: check if there is a RefParameter without a condition.
2025-05-26 03:46:45,401 [WARN] IP:2251 - Analog_Filter not found: check if there is a RefParameter without a condition.
2025-05-26 03:47:49,682 [INFO] MainUpdater:2872 - connection check result : 10
2025-05-26 03:47:49,688 [INFO] MainUpdater:2872 - connection check result : 10
2025-05-26 03:47:50,297 [INFO] MicroXplorer:468 - Change Database Path : 
2025-05-26 03:47:50,297 [INFO] MicroXplorer:498 - Change Database Version : DB.6.0.130
2025-05-26 03:47:50,419 [ERROR] ProjectManagerView:394 - 
java.lang.NullPointerException: Cannot invoke "javax.swing.JTextField.getText()" because the return value of "java.util.List.get(int)" is null
	at com.st.microxplorer.plugins.projectmanager.gui.ProjectChoiceTab$9.caretUpdate(ProjectChoiceTab.java:2616) ~[filemanager.jar:?]
	at javax.swing.text.JTextComponent.fireCaretUpdate(JTextComponent.java:408) ~[?:?]
	at javax.swing.text.JTextComponent$MutableCaretEvent.fire(JTextComponent.java:4484) ~[?:?]
	at javax.swing.text.JTextComponent$MutableCaretEvent.stateChanged(JTextComponent.java:4506) ~[?:?]
	at javax.swing.text.DefaultCaret.fireStateChanged(DefaultCaret.java:857) ~[?:?]
	at javax.swing.text.DefaultCaret.changeCaretPosition(DefaultCaret.java:1343) ~[?:?]
	at javax.swing.text.DefaultCaret.handleSetDot(DefaultCaret.java:1242) ~[?:?]
	at javax.swing.text.DefaultCaret.setDot(DefaultCaret.java:1223) ~[?:?]
	at javax.swing.text.DefaultCaret$Handler.insertUpdate(DefaultCaret.java:1819) ~[?:?]
	at javax.swing.text.AbstractDocument.fireInsertUpdate(AbstractDocument.java:227) ~[?:?]
	at javax.swing.text.AbstractDocument.handleInsertString(AbstractDocument.java:781) ~[?:?]
	at javax.swing.text.AbstractDocument.insertString(AbstractDocument.java:740) ~[?:?]
	at javax.swing.text.PlainDocument.insertString(PlainDocument.java:131) ~[?:?]
	at javax.swing.text.AbstractDocument.replace(AbstractDocument.java:699) ~[?:?]
	at javax.swing.text.JTextComponent.setText(JTextComponent.java:1725) ~[?:?]
	at com.st.microxplorer.plugins.projectmanager.gui.ProjectChoiceTab.createHeapStackFields(ProjectChoiceTab.java:975) ~[filemanager.jar:?]
	at com.st.microxplorer.plugins.projectmanager.gui.ProjectChoiceTab.buildLinkSettingsPanel(ProjectChoiceTab.java:3666) ~[filemanager.jar:?]
	at com.st.microxplorer.plugins.projectmanager.gui.ProjectChoiceTab.defineWindowsFields(ProjectChoiceTab.java:1934) ~[filemanager.jar:?]
	at com.st.microxplorer.plugins.projectmanager.gui.ProjectChoiceTab.updateSettings(ProjectChoiceTab.java:553) ~[filemanager.jar:?]
	at com.st.microxplorer.plugins.projectmanager.gui.ProjectSettingsPanel.UpdateDialog(ProjectSettingsPanel.java:245) ~[filemanager.jar:?]
	at com.st.microxplorer.plugins.projectmanager.ProjectManagerView.propertyChange(ProjectManagerView.java:391) ~[filemanager.jar:?]
	at java.beans.PropertyChangeSupport.fire(PropertyChangeSupport.java:343) ~[?:?]
	at java.beans.PropertyChangeSupport.firePropertyChange(PropertyChangeSupport.java:335) ~[?:?]
	at java.beans.PropertyChangeSupport.firePropertyChange(PropertyChangeSupport.java:268) ~[?:?]
	at com.st.microxplorer.util.MXPropertyChangeSupport.firePropertyChange(MXPropertyChangeSupport.java:54) ~[STM32CubeMX.jar:?]
	at com.st.microxplorer.mxsystem.MxSystem.closeConfig(MxSystem.java:899) ~[STM32CubeMX.jar:?]
	at com.st.microxplorer.maingui.MainPanel.closeConfig(MainPanel.java:789) ~[STM32CubeMX.jar:?]
	at com.st.microxplorer.plugins.filemanager.engine.OpenFileManager.loadConfigurationFile(OpenFileManager.java:265) ~[filemanager.jar:?]
	at com.st.microxplorer.plugins.filemanager.engine.MainFileManager.userLoadConfig(MainFileManager.java:340) ~[filemanager.jar:?]
	at com.st.microxplorer.plugins.filemanager.engine.MainFileManager.userLoadConfig(MainFileManager.java:318) ~[filemanager.jar:?]
	at com.st.microxplorer.plugins.filemanager.FileManagerView.getSpecificTask(FileManagerView.java:246) ~[filemanager.jar:?]
	at com.st.stm32cube.common.mx.editor.CubeMxEditor.getMxTabbedPaneInstance(CubeMxEditor.java:1198) ~[com.st.stm32cube.common.mx_6.13.0.202411220809/:?]
	at com.st.stm32cube.common.mx.editor.CubeMxEditor$12$1.createSwingComponent(CubeMxEditor.java:1068) ~[com.st.stm32cube.common.mx_6.13.0.202411220809/:?]
	at com.st.stm32cube.common.mx.oss.core.awtswtbridge.EmbeddedSwingComposite.doComponentCreation(EmbeddedSwingComposite.java:492) ~[com.st.stm32cube.common.mx.oss_6.13.0.202411220809/:?]
	at com.st.stm32cube.common.mx.oss.core.awtswtbridge.EmbeddedSwingComposite$4.run(EmbeddedSwingComposite.java:291) ~[com.st.stm32cube.common.mx.oss_6.13.0.202411220809/:?]
	at com.st.stm32cube.common.mx.oss.core.awtswtbridge.AwtEnvironment$2.run(AwtEnvironment.java:166) ~[com.st.stm32cube.common.mx.oss_6.13.0.202411220809/:?]
	at java.awt.event.InvocationEvent.dispatch(InvocationEvent.java:318) ~[?:?]
	at java.awt.EventQueue.dispatchEventImpl(EventQueue.java:773) ~[?:?]
	at java.awt.EventQueue$4.run(EventQueue.java:720) ~[?:?]
	at java.awt.EventQueue$4.run(EventQueue.java:714) ~[?:?]
	at java.security.AccessController.doPrivileged(AccessController.java:400) ~[?:?]
	at java.security.ProtectionDomain$JavaSecurityAccessImpl.doIntersectionPrivilege(ProtectionDomain.java:87) ~[?:?]
	at java.awt.EventQueue.dispatchEvent(EventQueue.java:742) ~[?:?]
	at java.awt.EventDispatchThread.pumpOneEventForFilters(EventDispatchThread.java:203) ~[?:?]
	at java.awt.EventDispatchThread.pumpEventsForFilter(EventDispatchThread.java:124) ~[?:?]
	at java.awt.EventDispatchThread.pumpEventsForHierarchy(EventDispatchThread.java:113) ~[?:?]
	at java.awt.EventDispatchThread.pumpEvents(EventDispatchThread.java:109) ~[?:?]
	at java.awt.EventDispatchThread.pumpEvents(EventDispatchThread.java:101) ~[?:?]
	at java.awt.EventDispatchThread.run(EventDispatchThread.java:90) ~[?:?]
2025-05-26 03:47:50,427 [WARN] ThirdParty:871 - waiting for thirdparty lock release [close project]
2025-05-26 03:47:50,427 [INFO] ThirdParty:873 - entering critical section [close project]
2025-05-26 03:47:50,428 [INFO] ThirdParty:883 - exiting critical section [close project]
2025-05-26 03:47:50,430 [INFO] PinOutPanel:1589 - setPackage(No Configuration,No Configuration)
2025-05-26 03:47:50,437 [INFO] UtilMem:75 - Begin LoadConfig() Used Memory: 832798152 Bytes (1073741824)
2025-05-26 03:47:50,439 [INFO] MicroXplorer:468 - Change Database Path : 
2025-05-26 03:47:50,439 [INFO] MicroXplorer:498 - Change Database Version : DB.6.0.130
2025-05-26 03:47:50,439 [INFO] OpenFileManager:332 - Change cursor
2025-05-26 03:47:50,470 [INFO] Mcu:2035 - Initializing MCU STM32F411C(C-E)Ux STM32F411CEUx STM32F411CEU6
2025-05-26 03:47:51,238 [INFO] Context:748 - Trying to add GPIOservice into a context  which must be forbidden
2025-05-26 03:47:52,182 [INFO] RtosManager:555 - Registered RTOS mode: class=CMSIS, group=RTOS, mode=CMSIS_V1, owner=FREERTOS
2025-05-26 03:47:52,191 [INFO] RtosManager:555 - Registered RTOS mode: class=CMSIS, group=RTOS2, mode=CMSIS_V2, owner=FREERTOS
2025-05-26 03:47:52,192 [INFO] RtosManager:555 - Registered RTOS mode: class=RTOS, group=Core, mode=CMSIS_V1, owner=FREERTOS
2025-05-26 03:47:52,192 [INFO] RtosManager:555 - Registered RTOS mode: class=RTOS, group=Core, mode=CMSIS_V2, owner=FREERTOS
2025-05-26 03:47:52,192 [WARN] ModelIntegratedComponent:184 - Missing modes for component STMicroelectronics:FreeRTOS:0.0.1:STMicroelectronics:RTOS:FreeRTOS:Core:::10.2.0:
2025-05-26 03:47:52,196 [WARN] ModelIntegratedComponent:182 - Modes not found for component STMicroelectronics:USB_HOST:1.0.0:STMicroelectronics:USB::USB Host:Audio HS::1.0:USB_HOST_1_0_RESTRICTED_HS
2025-05-26 03:47:52,197 [WARN] ModelIntegratedComponent:188 - Modes not found for component STMicroelectronics:USB_HOST:1.0.0:STMicroelectronics:USB::USB Host:Audio HS::1.0:USB_HOST_1_0_RESTRICTED_HS
2025-05-26 03:47:52,197 [WARN] ModelIntegratedComponent:182 - Modes not found for component STMicroelectronics:USB_HOST:1.0.0:STMicroelectronics:USB::USB Host:CDC HS::1.0:USB_HOST_1_0_RESTRICTED_HS
2025-05-26 03:47:52,197 [WARN] ModelIntegratedComponent:188 - Modes not found for component STMicroelectronics:USB_HOST:1.0.0:STMicroelectronics:USB::USB Host:CDC HS::1.0:USB_HOST_1_0_RESTRICTED_HS
2025-05-26 03:47:52,197 [WARN] ModelIntegratedComponent:182 - Modes not found for component STMicroelectronics:USB_HOST:1.0.0:STMicroelectronics:USB::USB Host:MSC HS::1.0:USB_HOST_1_0_RESTRICTED_HS
2025-05-26 03:47:52,197 [WARN] ModelIntegratedComponent:188 - Modes not found for component STMicroelectronics:USB_HOST:1.0.0:STMicroelectronics:USB::USB Host:MSC HS::1.0:USB_HOST_1_0_RESTRICTED_HS
2025-05-26 03:47:52,197 [WARN] ModelIntegratedComponent:182 - Modes not found for component STMicroelectronics:USB_HOST:1.0.0:STMicroelectronics:USB::USB Host:HID HS::1.0:USB_HOST_1_0_RESTRICTED_HS
2025-05-26 03:47:52,197 [WARN] ModelIntegratedComponent:188 - Modes not found for component STMicroelectronics:USB_HOST:1.0.0:STMicroelectronics:USB::USB Host:HID HS::1.0:USB_HOST_1_0_RESTRICTED_HS
2025-05-26 03:47:52,197 [WARN] ModelIntegratedComponent:182 - Modes not found for component STMicroelectronics:USB_HOST:1.0.0:STMicroelectronics:USB::USB Host:MTP HS::1.0:USB_HOST_1_0_RESTRICTED_HS
2025-05-26 03:47:52,197 [WARN] ModelIntegratedComponent:188 - Modes not found for component STMicroelectronics:USB_HOST:1.0.0:STMicroelectronics:USB::USB Host:MTP HS::1.0:USB_HOST_1_0_RESTRICTED_HS
2025-05-26 03:47:52,202 [WARN] ModelIntegratedComponent:63 - No mode defined for component null
2025-05-26 03:47:52,202 [WARN] ModelIntegratedComponent:63 - No mode defined for component null
2025-05-26 03:47:52,202 [WARN] ModelIntegratedComponent:63 - No mode defined for component null
2025-05-26 03:47:52,202 [WARN] ModelIntegratedComponent:63 - No mode defined for component null
2025-05-26 03:47:52,202 [WARN] ModelIntegratedComponent:63 - No mode defined for component null
2025-05-26 03:47:52,202 [WARN] ModelIntegratedComponent:63 - No mode defined for component null
2025-05-26 03:47:52,202 [WARN] ModelIntegratedComponent:63 - No mode defined for component null
2025-05-26 03:47:52,202 [WARN] ModelIntegratedComponent:63 - No mode defined for component null
2025-05-26 03:47:52,202 [WARN] ModelIntegratedComponent:63 - No mode defined for component null
2025-05-26 03:47:52,202 [WARN] ModelIntegratedComponent:63 - No mode defined for component null
2025-05-26 03:47:52,202 [WARN] ModelIntegratedComponent:63 - No mode defined for component null
2025-05-26 03:47:52,202 [WARN] ModelIntegratedComponent:63 - No mode defined for component null
2025-05-26 03:47:52,202 [WARN] ModelIntegratedComponent:63 - No mode defined for component null
2025-05-26 03:47:52,202 [WARN] ModelIntegratedComponent:63 - No mode defined for component null
2025-05-26 03:47:52,202 [WARN] ModelIntegratedComponent:63 - No mode defined for component null
2025-05-26 03:47:52,202 [WARN] ModelIntegratedComponent:63 - No mode defined for component null
2025-05-26 03:47:52,202 [WARN] ModelIntegratedComponent:63 - No mode defined for component null
2025-05-26 03:47:52,202 [WARN] ModelIntegratedComponent:63 - No mode defined for component null
2025-05-26 03:47:52,202 [WARN] ModelIntegratedComponent:63 - No mode defined for component null
2025-05-26 03:47:52,202 [WARN] ModelIntegratedComponent:63 - No mode defined for component null
2025-05-26 03:47:52,202 [WARN] ModelIntegratedComponent:63 - No mode defined for component null
2025-05-26 03:47:52,202 [WARN] ModelIntegratedComponent:63 - No mode defined for component null
2025-05-26 03:47:52,202 [WARN] ModelIntegratedComponent:63 - No mode defined for component null
2025-05-26 03:47:52,202 [WARN] ModelIntegratedComponent:63 - No mode defined for component null
2025-05-26 03:47:52,202 [WARN] ModelIntegratedComponent:63 - No mode defined for component null
2025-05-26 03:47:52,202 [WARN] ModelIntegratedComponent:63 - No mode defined for component null
2025-05-26 03:47:52,202 [WARN] ModelIntegratedComponent:63 - No mode defined for component null
2025-05-26 03:47:52,202 [WARN] ModelIntegratedComponent:63 - No mode defined for component null
2025-05-26 03:47:52,202 [WARN] ModelIntegratedComponent:63 - No mode defined for component null
2025-05-26 03:47:52,202 [WARN] ModelIntegratedComponent:63 - No mode defined for component null
2025-05-26 03:47:52,202 [WARN] ModelIntegratedComponent:63 - No mode defined for component null
2025-05-26 03:47:52,202 [WARN] ModelIntegratedComponent:63 - No mode defined for component null
2025-05-26 03:47:52,202 [WARN] ModelIntegratedComponent:63 - No mode defined for component null
2025-05-26 03:47:52,202 [WARN] ModelIntegratedComponent:63 - No mode defined for component null
2025-05-26 03:47:52,203 [WARN] ModelIntegratedComponent:63 - No mode defined for component null
2025-05-26 03:47:52,203 [WARN] ModelPack:524 - Component already loaded: STMicroelectronics:HAL Drivers:0.0.0:STMicroelectronics:Device:STMicro_Driver:XSPI:HAL::0.0.1:HAL_XSPI
2025-05-26 03:47:52,247 [WARN] ModelIntegratedComponent:182 - Modes not found for component STMicroelectronics:USB_DEVICE:1.0.0:STMicroelectronics:USB::USB Device:Audio HS::1.0:USB_DEVICE_1_0_RESTRICTED_HS
2025-05-26 03:47:52,247 [WARN] ModelIntegratedComponent:188 - Modes not found for component STMicroelectronics:USB_DEVICE:1.0.0:STMicroelectronics:USB::USB Device:Audio HS::1.0:USB_DEVICE_1_0_RESTRICTED_HS
2025-05-26 03:47:52,247 [WARN] ModelIntegratedComponent:182 - Modes not found for component STMicroelectronics:USB_DEVICE:1.0.0:STMicroelectronics:USB::USB Device:CDC HS::1.0:USB_DEVICE_1_0_RESTRICTED_HS
2025-05-26 03:47:52,247 [WARN] ModelIntegratedComponent:188 - Modes not found for component STMicroelectronics:USB_DEVICE:1.0.0:STMicroelectronics:USB::USB Device:CDC HS::1.0:USB_DEVICE_1_0_RESTRICTED_HS
2025-05-26 03:47:52,247 [WARN] ModelIntegratedComponent:182 - Modes not found for component STMicroelectronics:USB_DEVICE:1.0.0:STMicroelectronics:USB::USB Device:DFU HS::1.0:USB_DEVICE_1_0_RESTRICTED_HS
2025-05-26 03:47:52,247 [WARN] ModelIntegratedComponent:188 - Modes not found for component STMicroelectronics:USB_DEVICE:1.0.0:STMicroelectronics:USB::USB Device:DFU HS::1.0:USB_DEVICE_1_0_RESTRICTED_HS
2025-05-26 03:47:52,247 [WARN] ModelIntegratedComponent:182 - Modes not found for component STMicroelectronics:USB_DEVICE:1.0.0:STMicroelectronics:USB::USB Device:HID HS::1.0:USB_DEVICE_1_0_RESTRICTED_HS
2025-05-26 03:47:52,247 [WARN] ModelIntegratedComponent:188 - Modes not found for component STMicroelectronics:USB_DEVICE:1.0.0:STMicroelectronics:USB::USB Device:HID HS::1.0:USB_DEVICE_1_0_RESTRICTED_HS
2025-05-26 03:47:52,247 [WARN] ModelIntegratedComponent:182 - Modes not found for component STMicroelectronics:USB_DEVICE:1.0.0:STMicroelectronics:USB::USB Device:Custom HID HS::1.0:USB_DEVICE_1_0_RESTRICTED_HS
2025-05-26 03:47:52,247 [WARN] ModelIntegratedComponent:188 - Modes not found for component STMicroelectronics:USB_DEVICE:1.0.0:STMicroelectronics:USB::USB Device:Custom HID HS::1.0:USB_DEVICE_1_0_RESTRICTED_HS
2025-05-26 03:47:52,247 [WARN] ModelIntegratedComponent:182 - Modes not found for component STMicroelectronics:USB_DEVICE:1.0.0:STMicroelectronics:USB::USB Device:MSC HS::1.0:USB_DEVICE_1_0_RESTRICTED_HS
2025-05-26 03:47:52,247 [WARN] ModelIntegratedComponent:188 - Modes not found for component STMicroelectronics:USB_DEVICE:1.0.0:STMicroelectronics:USB::USB Device:MSC HS::1.0:USB_DEVICE_1_0_RESTRICTED_HS
2025-05-26 03:47:52,261 [INFO] ThirdPartyModel:298 - Start build external matchings
2025-05-26 03:47:52,688 [INFO] ThirdPartyModel:316 - End build external matchings
2025-05-26 03:47:52,699 [INFO] RtosManager:922 - Current active RTOS is FREERTOS [Cortex-M4NS]
2025-05-26 03:47:52,715 [INFO] ImportTextPane:218 - (OptionalMessage_ERROR) IP (DMA) : Parameter (Instance) has Id (USART1_RX) currently not set
2025-05-26 03:47:52,716 [INFO] ImportTextPane:218 - (OptionalMessage_ERROR) IP (DMA) : Parameter (Channel) has Id (USART1_RX) currently not set
2025-05-26 03:47:52,716 [INFO] ImportTextPane:218 - (OptionalMessage_ERROR) IP (DMA) : Parameter (Direction) has Id (USART1_RX) currently not set
2025-05-26 03:47:52,716 [INFO] ImportTextPane:218 - (OptionalMessage_ERROR) IP (DMA) : Parameter (PeriphInc) has Id (USART1_RX) currently not set
2025-05-26 03:47:52,716 [INFO] ImportTextPane:218 - (OptionalMessage_ERROR) IP (DMA) : Parameter (MemInc) has Id (USART1_RX) currently not set
2025-05-26 03:47:52,716 [INFO] ImportTextPane:218 - (OptionalMessage_ERROR) IP (DMA) : Parameter (PeriphDataAlignment) has Id (USART1_RX) currently not set
2025-05-26 03:47:52,716 [INFO] ImportTextPane:218 - (OptionalMessage_ERROR) IP (DMA) : Parameter (MemDataAlignment) has Id (USART1_RX) currently not set
2025-05-26 03:47:52,716 [INFO] ImportTextPane:218 - (OptionalMessage_ERROR) IP (DMA) : Parameter (Mode) has Id (USART1_RX) currently not set
2025-05-26 03:47:52,716 [INFO] ImportTextPane:218 - (OptionalMessage_ERROR) IP (DMA) : Parameter (Priority) has Id (USART1_RX) currently not set
2025-05-26 03:47:52,716 [INFO] ImportTextPane:218 - (OptionalMessage_ERROR) IP (DMA) : Parameter (FIFOMode) has Id (USART1_RX) currently not set
2025-05-26 03:47:52,733 [INFO] ImportTextPane:218 - (OptionalMessage_ERROR) IP (RCC) : Parameter (48MHZClocksFreq_Value) has invalid value (50000000)
2025-05-26 03:47:52,734 [INFO] ImportTextPane:218 - (OptionalMessage_ERROR) IP (RCC) : Parameter (RTCHSEDivFreq_Value) has invalid value (12500000)
2025-05-26 03:47:52,988 [INFO] UtilMem:75 - End LoadConfig() Used Memory: 904922592 Bytes (1073741824)
2025-05-26 03:47:53,207 [WARN] ThirdParty:833 - waiting for thirdparty lock release [change project]
2025-05-26 03:47:53,207 [INFO] ThirdParty:835 - entering critical section [change project]
2025-05-26 03:47:53,208 [INFO] ThirdParty:1030 - CMSIS Pack Vendor :STMicroelectronics USBPD 4.1
2025-05-26 03:47:53,209 [INFO] ThirdParty:1030 - CMSIS Pack Vendor :STMicroelectronics X-CUBE-AZRTOS-H7 3.3.0
2025-05-26 03:47:53,209 [INFO] ThirdParty:1030 - CMSIS Pack Vendor :STMicroelectronics X-CUBE-NFC9 1.0.0
2025-05-26 03:47:53,209 [INFO] ThirdParty:1030 - CMSIS Pack Vendor :STMicroelectronics USB_HOST 2.0.0
2025-05-26 03:47:53,209 [INFO] ThirdParty:1030 - CMSIS Pack Vendor :STMicroelectronics FP-SNS-MOTENVWB1 1.4.0
2025-05-26 03:47:53,209 [INFO] ThirdParty:1030 - CMSIS Pack Vendor :STMicroelectronics X-CUBE-AZRTOS-F4 1.1.0
2025-05-26 03:47:53,209 [INFO] ThirdParty:1030 - CMSIS Pack Vendor :STMicroelectronics LIBJPEG 8.0.0
2025-05-26 03:47:53,209 [INFO] ThirdParty:1030 - CMSIS Pack Vendor :STMicroelectronics FP-ATR-ASTRA1 2.0.2
2025-05-26 03:47:53,209 [INFO] ThirdParty:1030 - CMSIS Pack Vendor :STMicroelectronics FP-ATR-ASTRA1 2.0.1
2025-05-26 03:47:53,209 [INFO] ThirdParty:1030 - CMSIS Pack Vendor :STMicroelectronics X-CUBE-BLE1 7.1.0
2025-05-26 03:47:53,209 [INFO] ThirdParty:1030 - CMSIS Pack Vendor :Avnet-IotConnect X-CUBE-IoTC-DA16k-PMOD 1.0.0
2025-05-26 03:47:53,209 [INFO] ThirdParty:1030 - CMSIS Pack Vendor :STMicroelectronics X-CUBE-SMBUS 2.1.0
2025-05-26 03:47:53,209 [INFO] ThirdParty:1030 - CMSIS Pack Vendor :STMicroelectronics X-CUBE-WB05N 1.1.0
2025-05-26 03:47:53,209 [INFO] ThirdParty:1030 - CMSIS Pack Vendor :STMicroelectronics USB_DEVICE 3.0.0
2025-05-26 03:47:53,209 [INFO] ThirdParty:1030 - CMSIS Pack Vendor :STMicroelectronics X-CUBE-ISPU 2.1.0
2025-05-26 03:47:53,209 [INFO] ThirdParty:1030 - CMSIS Pack Vendor :STMicroelectronics X-CUBE-AZRTOS-WB 2.0.0
2025-05-26 03:47:53,209 [INFO] ThirdParty:1030 - CMSIS Pack Vendor :STMicroelectronics X-CUBE-GNSS1 7.0.1
2025-05-26 03:47:53,209 [INFO] ThirdParty:1030 - CMSIS Pack Vendor :STMicroelectronics X-CUBE-AZRTOS-F7 1.1.0
2025-05-26 03:47:53,209 [INFO] ThirdParty:1030 - CMSIS Pack Vendor :STMicroelectronics X-CUBE-AZRTOS-L5 2.0.0
2025-05-26 03:47:53,209 [INFO] ThirdParty:1030 - CMSIS Pack Vendor :STMicroelectronics X-CUBE-TOUCHGFX 4.25.0
2025-05-26 03:47:53,209 [INFO] ThirdParty:1030 - CMSIS Pack Vendor :STMicroelectronics USB_DEVICE 2.0.0
2025-05-26 03:47:53,209 [INFO] ThirdParty:1030 - CMSIS Pack Vendor :STMicroelectronics X-CUBE-NFC6 3.1.0
2025-05-26 03:47:53,209 [INFO] ThirdParty:1030 - CMSIS Pack Vendor :STMicroelectronics FP-SNS-STBOX1 2.0.0
2025-05-26 03:47:53,209 [INFO] ThirdParty:1030 - CMSIS Pack Vendor :STMicroelectronics X-CUBE-MEMS1 11.2.0
2025-05-26 03:47:53,209 [INFO] ThirdParty:1030 - CMSIS Pack Vendor :STMicroelectronics FreeRTOS 0.0.1
2025-05-26 03:47:53,209 [INFO] ThirdParty:1030 - CMSIS Pack Vendor :STMicroelectronics X-CUBE-AZRTOS-G0 1.1.0
2025-05-26 03:47:53,209 [INFO] ThirdParty:1030 - CMSIS Pack Vendor :STMicroelectronics X-CUBE-SAFEA1 1.2.2
2025-05-26 03:47:53,209 [INFO] ThirdParty:1030 - CMSIS Pack Vendor :STMicroelectronics X-CUBE-NFC4 3.0.0
2025-05-26 03:47:53,209 [INFO] ThirdParty:1030 - CMSIS Pack Vendor :STMicroelectronics X-CUBE-DPower 1.2.0
2025-05-26 03:47:53,209 [INFO] ThirdParty:1030 - CMSIS Pack Vendor :STMicroelectronics X-CUBE-SUBG2 5.0.0
2025-05-26 03:47:53,209 [INFO] ThirdParty:1030 - CMSIS Pack Vendor :STMicroelectronics X-CUBE-AZRTOS-H7RS 1.1.0
2025-05-26 03:47:53,209 [INFO] ThirdParty:1030 - CMSIS Pack Vendor :STMicroelectronics STM32_WPAN 1.0.0
2025-05-26 03:47:53,209 [INFO] ThirdParty:1030 - CMSIS Pack Vendor :EmbeddedOffice I-CUBE-FS-RTOS 1.0.1
2025-05-26 03:47:53,209 [INFO] ThirdParty:1030 - CMSIS Pack Vendor :STMicroelectronics lwIP 2.0.3
2025-05-26 03:47:53,209 [INFO] ThirdParty:1030 - CMSIS Pack Vendor :STMicroelectronics FP-SNS-FLIGHT1 5.0.2
2025-05-26 03:47:53,209 [INFO] ThirdParty:1030 - CMSIS Pack Vendor :Cesanta I-CUBE-Mongoose 7.13.0
2025-05-26 03:47:53,209 [INFO] ThirdParty:1030 - CMSIS Pack Vendor :STMicroelectronics USB_HOST 1.0.0
2025-05-26 03:47:53,209 [INFO] ThirdParty:1030 - CMSIS Pack Vendor :Infineon AIROC-Wi-Fi-Bluetooth-STM32 1.7.0
2025-05-26 03:47:53,209 [INFO] ThirdParty:1030 - CMSIS Pack Vendor :STMicroelectronics X-CUBE-AZRTOS-G4 2.0.0
2025-05-26 03:47:53,209 [INFO] ThirdParty:1030 - CMSIS Pack Vendor :STMicroelectronics X-CUBE-WB05N 2.0.0
2025-05-26 03:47:53,209 [INFO] ThirdParty:1030 - CMSIS Pack Vendor :STMicroelectronics PDM2PCM 3.1.0
2025-05-26 03:47:53,209 [INFO] ThirdParty:1030 - CMSIS Pack Vendor :STMicroelectronics PDM2PCM 3.3.0
2025-05-26 03:47:53,209 [INFO] ThirdParty:1030 - CMSIS Pack Vendor :STMicroelectronics X-CUBE-DISPLAY 3.0.0
2025-05-26 03:47:53,209 [INFO] ThirdParty:1030 - CMSIS Pack Vendor :STMicroelectronics X-CUBE-NFC7 2.0.0
2025-05-26 03:47:53,209 [INFO] ThirdParty:1030 - CMSIS Pack Vendor :STMicroelectronics X-CUBE-TCPP 4.2.0
2025-05-26 03:47:53,209 [INFO] ThirdParty:1030 - CMSIS Pack Vendor :RealThread X-CUBE-RT-Thread_Nano 4.1.1
2025-05-26 03:47:53,209 [INFO] ThirdParty:1030 - CMSIS Pack Vendor :STMicroelectronics X-CUBE-BLE1 7.0.0
2025-05-26 03:47:53,209 [INFO] ThirdParty:1030 - CMSIS Pack Vendor :STMicroelectronics FP-ATR-SIGFOX1 3.2.0
2025-05-26 03:47:53,209 [INFO] ThirdParty:1030 - CMSIS Pack Vendor :STMicroelectronics X-CUBE-NFC10 1.0.0
2025-05-26 03:47:53,209 [INFO] ThirdParty:1030 - CMSIS Pack Vendor :quantropi X-CUBE-qispace-sdk-base 1.9.3
2025-05-26 03:47:53,209 [INFO] ThirdParty:1030 - CMSIS Pack Vendor :STMicroelectronics X-CUBE-BLEMGR 4.0.0
2025-05-26 03:47:53,209 [INFO] ThirdParty:1030 - CMSIS Pack Vendor :STMicroelectronics X-CUBE-EEPRMA1 5.1.0
2025-05-26 03:47:53,209 [INFO] ThirdParty:1030 - CMSIS Pack Vendor :STMicroelectronics X-CUBE-FREERTOS 1.3.1
2025-05-26 03:47:53,209 [INFO] ThirdParty:1030 - CMSIS Pack Vendor :STMicroelectronics HAL Drivers 0.0.0
2025-05-26 03:47:53,209 [INFO] ThirdParty:1030 - CMSIS Pack Vendor :STMicroelectronics MBEDTLS 2.16.2
2025-05-26 03:47:53,209 [INFO] ThirdParty:1030 - CMSIS Pack Vendor :STMicroelectronics X-CUBE-IPS 3.1.0
2025-05-26 03:47:53,209 [INFO] ThirdParty:1030 - CMSIS Pack Vendor :STMicroelectronics X-CUBE-ALS 1.0.2
2025-05-26 03:47:53,209 [INFO] ThirdParty:1030 - CMSIS Pack Vendor :emotas I-CUBE-CANOPEN 1.3.0
2025-05-26 03:47:53,210 [INFO] ThirdParty:1030 - CMSIS Pack Vendor :STMicroelectronics X-CUBE-FREERTOS 1.3.0
2025-05-26 03:47:53,210 [INFO] ThirdParty:1030 - CMSIS Pack Vendor :wolfSSL I-CUBE-wolfSSL 5.7.4
2025-05-26 03:47:53,210 [INFO] ThirdParty:1030 - CMSIS Pack Vendor :STMicroelectronics X-CUBE-NFC7 1.0.1
2025-05-26 03:47:53,210 [INFO] ThirdParty:1030 - CMSIS Pack Vendor :STMicroelectronics MBEDTLS 2.14.1
2025-05-26 03:47:53,210 [INFO] ThirdParty:1030 - CMSIS Pack Vendor :ITTIA_DB I-CUBE-ITTIADB 8.9.0
2025-05-26 03:47:53,210 [INFO] ThirdParty:1030 - CMSIS Pack Vendor :STMicroelectronics X-CUBE-TOUCHGFX 4.24.2
2025-05-26 03:47:53,210 [INFO] ThirdParty:1030 - CMSIS Pack Vendor :wolfSSL I-CUBE-wolfTPM 3.4.0
2025-05-26 03:47:53,210 [INFO] ThirdParty:1030 - CMSIS Pack Vendor :portGmbH I-Cube-SoM-uGOAL 1.1.0
2025-05-26 03:47:53,210 [INFO] ThirdParty:1030 - CMSIS Pack Vendor :STMicroelectronics X-CUBE-AI 10.0.0
2025-05-26 03:47:53,210 [INFO] ThirdParty:1030 - CMSIS Pack Vendor :STMicroelectronics ThreadX 1.0.0
2025-05-26 03:47:53,210 [INFO] ThirdParty:1030 - CMSIS Pack Vendor :STMicroelectronics FP-SNS-SMARTAG2 1.2.0
2025-05-26 03:47:53,210 [INFO] ThirdParty:1030 - CMSIS Pack Vendor :STMicroelectronics FP-SNS-FLIGHT1 5.1.0
2025-05-26 03:47:53,210 [INFO] ThirdParty:1030 - CMSIS Pack Vendor :STMicroelectronics X-CUBE-MEMS1 11.1.0
2025-05-26 03:47:53,210 [INFO] ThirdParty:1030 - CMSIS Pack Vendor :STMicroelectronics X-CUBE-AZRTOS-WL 2.0.0
2025-05-26 03:47:53,210 [INFO] ThirdParty:1030 - CMSIS Pack Vendor :SEGGER I-CUBE-embOS 1.3.1
2025-05-26 03:47:53,210 [INFO] ThirdParty:1030 - CMSIS Pack Vendor :STMicroelectronics X-CUBE-ALGOBUILD 1.4.0
2025-05-26 03:47:53,210 [INFO] ThirdParty:1030 - CMSIS Pack Vendor :STMicroelectronics X-CUBE-DPower 1.3.0
2025-05-26 03:47:53,210 [INFO] ThirdParty:1030 - CMSIS Pack Vendor :STMicroelectronics FP-SNS-MOTENV1 5.0.0
2025-05-26 03:47:53,210 [INFO] ThirdParty:1030 - CMSIS Pack Vendor :STMicroelectronics USB_DEVICE 1.0.0
2025-05-26 03:47:53,210 [INFO] ThirdParty:1030 - CMSIS Pack Vendor :STMicroelectronics X-CUBE-AZRTOS-H7RS 1.0.0
2025-05-26 03:47:53,210 [INFO] ThirdParty:1030 - CMSIS Pack Vendor :wolfSSL I-CUBE-wolfMQTT 1.19.0
2025-05-26 03:47:53,210 [INFO] ThirdParty:1030 - CMSIS Pack Vendor :STMicroelectronics X-CUBE-AZRTOS-L4 2.0.0
2025-05-26 03:47:53,210 [INFO] ThirdParty:1030 - CMSIS Pack Vendor :STMicroelectronics ThreadX 0.0.2
2025-05-26 03:47:53,210 [INFO] ThirdParty:1030 - CMSIS Pack Vendor :WES I-CUBE-Cesium 1.3.0
2025-05-26 03:47:53,210 [INFO] ThirdParty:1030 - CMSIS Pack Vendor :STMicroelectronics lwIP 2.1.2
2025-05-26 03:47:53,210 [INFO] ThirdParty:1030 - CMSIS Pack Vendor :STMicroelectronics X-CUBE-SFXS2LP1 4.0.0
2025-05-26 03:47:53,210 [INFO] ThirdParty:1030 - CMSIS Pack Vendor :STMicroelectronics X-CUBE-BLE2 3.3.0
2025-05-26 03:47:53,210 [INFO] ThirdParty:1030 - CMSIS Pack Vendor :STMicroelectronics X-CUBE-TOF1 3.4.2
2025-05-26 03:47:53,210 [INFO] ThirdParty:1030 - CMSIS Pack Vendor :STMicroelectronics X-CUBE-TOF1 3.4.3
2025-05-26 03:47:53,210 [INFO] ThirdParty:1030 - CMSIS Pack Vendor :STMicroelectronics X-CUBE-AI 9.1.0
2025-05-26 03:47:53,210 [INFO] ThirdParty:1030 - CMSIS Pack Vendor :STMicroelectronics PDM2PCM 3.2.0
2025-05-26 03:47:53,210 [INFO] ThirdParty:1030 - CMSIS Pack Vendor :wolfSSL I-CUBE-wolfSSH 1.4.17
2025-05-26 03:47:53,211 [INFO] ThirdParty:841 - exiting critical section [change project]
2025-05-26 03:47:53,553 [INFO] PinOutPanel:1589 - setPackage(No Configuration,No Configuration)
2025-05-26 03:47:53,556 [INFO] PinOutPanel:1589 - setPackage(STM32F411CEUx,UFQFPN48)
2025-05-26 03:47:54,445 [INFO] UtilMem:75 - Before build in PCC Used Memory: 875344952 Bytes (1073741824)
2025-05-26 03:47:55,187 [INFO] UtilMem:75 - After build in PCC Used Memory: 918336568 Bytes (1073741824)
2025-05-26 03:47:55,227 [INFO] ApiDbMcu:508 - Load IP Config File for FREERTOS
2025-05-26 03:47:55,307 [INFO] IPUIPlugin:80 - create IPUIPlugin
2025-05-26 03:47:55,308 [INFO] IPUIPlugin:80 - create IPUIPlugin
2025-05-26 03:47:55,308 [INFO] IPUIPlugin:80 - create IPUIPlugin
2025-05-26 03:47:55,308 [INFO] IPUIPlugin:80 - create IPUIPlugin
2025-05-26 03:47:55,308 [INFO] IPUIPlugin:80 - create IPUIPlugin
2025-05-26 03:47:55,309 [INFO] IPUIPlugin:80 - create IPUIPlugin
2025-05-26 03:47:55,309 [INFO] IPUIPlugin:80 - create IPUIPlugin
2025-05-26 03:47:55,309 [INFO] IPUIPlugin:80 - create IPUIPlugin
2025-05-26 03:47:55,309 [INFO] IPUIPlugin:80 - create IPUIPlugin
2025-05-26 03:47:55,309 [INFO] IPUIPlugin:80 - create IPUIPlugin
2025-05-26 03:47:55,309 [INFO] IPUIPlugin:80 - create IPUIPlugin
2025-05-26 03:47:55,309 [INFO] IPUIPlugin:80 - create IPUIPlugin
2025-05-26 03:47:55,309 [INFO] IPUIPlugin:80 - create IPUIPlugin
2025-05-26 03:47:55,310 [INFO] IPUIPlugin:80 - create IPUIPlugin
2025-05-26 03:47:55,310 [INFO] IPUIPlugin:80 - create IPUIPlugin
2025-05-26 03:47:55,310 [INFO] IPUIPlugin:80 - create IPUIPlugin
2025-05-26 03:47:55,310 [INFO] IPUIPlugin:80 - create IPUIPlugin
2025-05-26 03:47:55,310 [INFO] IPUIPlugin:80 - create IPUIPlugin
2025-05-26 03:47:55,310 [INFO] IPUIPlugin:80 - create IPUIPlugin
2025-05-26 03:47:55,310 [INFO] IPUIPlugin:80 - create IPUIPlugin
2025-05-26 03:47:55,310 [INFO] IPUIPlugin:80 - create IPUIPlugin
2025-05-26 03:47:55,310 [INFO] IPUIPlugin:80 - create IPUIPlugin
2025-05-26 03:47:55,310 [INFO] IPUIPlugin:80 - create IPUIPlugin
2025-05-26 03:47:55,310 [INFO] IPUIPlugin:80 - create IPUIPlugin
2025-05-26 03:47:55,311 [INFO] IPUIPlugin:80 - create IPUIPlugin
2025-05-26 03:47:55,311 [INFO] IPUIPlugin:80 - create IPUIPlugin
2025-05-26 03:47:55,311 [INFO] IPUIPlugin:80 - create IPUIPlugin
2025-05-26 03:47:55,311 [INFO] IPUIPlugin:80 - create IPUIPlugin
2025-05-26 03:47:55,311 [INFO] IPUIPlugin:80 - create IPUIPlugin
2025-05-26 03:47:55,311 [INFO] IPUIPlugin:80 - create IPUIPlugin
2025-05-26 03:47:55,311 [INFO] IPUIPlugin:80 - create IPUIPlugin
2025-05-26 03:47:55,311 [INFO] IPUIPlugin:80 - create IPUIPlugin
2025-05-26 03:47:55,311 [INFO] IPUIPlugin:80 - create IPUIPlugin
2025-05-26 03:47:55,311 [INFO] IPUIPlugin:80 - create IPUIPlugin
2025-05-26 03:47:55,311 [INFO] IPUIPlugin:80 - create IPUIPlugin
2025-05-26 03:47:55,311 [INFO] IPUIPlugin:80 - create IPUIPlugin
2025-05-26 03:47:55,311 [INFO] IPUIPlugin:80 - create IPUIPlugin
2025-05-26 03:47:55,311 [INFO] IPUIPlugin:80 - create IPUIPlugin
2025-05-26 03:47:55,312 [INFO] IPUIPlugin:80 - create IPUIPlugin
2025-05-26 03:47:55,312 [INFO] IPUIPlugin:80 - create IPUIPlugin
2025-05-26 03:47:55,312 [INFO] IPUIPlugin:80 - create IPUIPlugin
2025-05-26 03:47:55,312 [INFO] IPUIPlugin:80 - create IPUIPlugin
2025-05-26 03:47:55,312 [INFO] IPUIPlugin:80 - create IPUIPlugin
2025-05-26 03:47:55,324 [INFO] ApiDbMcu:508 - Load IP Config File for PDM2PCM
2025-05-26 03:47:55,352 [WARN] FreeRTOS:1023 - Null or empty value: should not occur! (nothing added to the table)
2025-05-26 03:47:55,460 [INFO] CADModel:165 - CPN selected for project levelSTM32F411CEU6
2025-05-26 03:47:55,460 [INFO] CADModel:114 - Register for checkConnection events
2025-05-26 03:47:55,465 [INFO] RtosManager:697 - Active RTOS found at IOC load: FREERTOS [Cortex-M4NS]
2025-05-26 03:47:55,536 [INFO] OpenFileManager:363 - Restore cursor
2025-05-26 03:48:59,626 [INFO] MainUpdater:2872 - connection check result : 10
2025-05-26 03:48:59,627 [INFO] MainUpdater:2872 - connection check result : 10
2025-05-26 03:48:59,814 [INFO] MicroXplorer:468 - Change Database Path : 
2025-05-26 03:48:59,814 [INFO] MicroXplorer:498 - Change Database Version : DB.6.0.130
2025-05-26 03:48:59,835 [ERROR] ProjectManagerView:394 - 
java.lang.NullPointerException: Cannot invoke "javax.swing.JTextField.getText()" because the return value of "java.util.List.get(int)" is null
	at com.st.microxplorer.plugins.projectmanager.gui.ProjectChoiceTab$9.caretUpdate(ProjectChoiceTab.java:2616) ~[filemanager.jar:?]
	at javax.swing.text.JTextComponent.fireCaretUpdate(JTextComponent.java:408) ~[?:?]
	at javax.swing.text.JTextComponent$MutableCaretEvent.fire(JTextComponent.java:4484) ~[?:?]
	at javax.swing.text.JTextComponent$MutableCaretEvent.stateChanged(JTextComponent.java:4506) ~[?:?]
	at javax.swing.text.DefaultCaret.fireStateChanged(DefaultCaret.java:857) ~[?:?]
	at javax.swing.text.DefaultCaret.changeCaretPosition(DefaultCaret.java:1343) ~[?:?]
	at javax.swing.text.DefaultCaret.handleSetDot(DefaultCaret.java:1242) ~[?:?]
	at javax.swing.text.DefaultCaret.setDot(DefaultCaret.java:1223) ~[?:?]
	at javax.swing.text.DefaultCaret$Handler.insertUpdate(DefaultCaret.java:1819) ~[?:?]
	at javax.swing.text.AbstractDocument.fireInsertUpdate(AbstractDocument.java:227) ~[?:?]
	at javax.swing.text.AbstractDocument.handleInsertString(AbstractDocument.java:781) ~[?:?]
	at javax.swing.text.AbstractDocument.insertString(AbstractDocument.java:740) ~[?:?]
	at javax.swing.text.PlainDocument.insertString(PlainDocument.java:131) ~[?:?]
	at javax.swing.text.AbstractDocument.replace(AbstractDocument.java:699) ~[?:?]
	at javax.swing.text.JTextComponent.setText(JTextComponent.java:1725) ~[?:?]
	at com.st.microxplorer.plugins.projectmanager.gui.ProjectChoiceTab.createHeapStackFields(ProjectChoiceTab.java:975) ~[filemanager.jar:?]
	at com.st.microxplorer.plugins.projectmanager.gui.ProjectChoiceTab.buildLinkSettingsPanel(ProjectChoiceTab.java:3666) ~[filemanager.jar:?]
	at com.st.microxplorer.plugins.projectmanager.gui.ProjectChoiceTab.defineWindowsFields(ProjectChoiceTab.java:1934) ~[filemanager.jar:?]
	at com.st.microxplorer.plugins.projectmanager.gui.ProjectChoiceTab.updateSettings(ProjectChoiceTab.java:553) ~[filemanager.jar:?]
	at com.st.microxplorer.plugins.projectmanager.gui.ProjectSettingsPanel.UpdateDialog(ProjectSettingsPanel.java:245) ~[filemanager.jar:?]
	at com.st.microxplorer.plugins.projectmanager.ProjectManagerView.propertyChange(ProjectManagerView.java:391) ~[filemanager.jar:?]
	at java.beans.PropertyChangeSupport.fire(PropertyChangeSupport.java:343) ~[?:?]
	at java.beans.PropertyChangeSupport.firePropertyChange(PropertyChangeSupport.java:335) ~[?:?]
	at java.beans.PropertyChangeSupport.firePropertyChange(PropertyChangeSupport.java:268) ~[?:?]
	at com.st.microxplorer.util.MXPropertyChangeSupport.firePropertyChange(MXPropertyChangeSupport.java:54) ~[STM32CubeMX.jar:?]
	at com.st.microxplorer.mxsystem.MxSystem.closeConfig(MxSystem.java:899) ~[STM32CubeMX.jar:?]
	at com.st.microxplorer.maingui.MainPanel.closeConfig(MainPanel.java:789) ~[STM32CubeMX.jar:?]
	at com.st.microxplorer.plugins.filemanager.engine.OpenFileManager.loadConfigurationFile(OpenFileManager.java:265) ~[filemanager.jar:?]
	at com.st.microxplorer.plugins.filemanager.engine.MainFileManager.userLoadConfig(MainFileManager.java:340) ~[filemanager.jar:?]
	at com.st.microxplorer.plugins.filemanager.engine.MainFileManager.userLoadConfig(MainFileManager.java:318) ~[filemanager.jar:?]
	at com.st.microxplorer.plugins.filemanager.FileManagerView.getSpecificTask(FileManagerView.java:246) ~[filemanager.jar:?]
	at com.st.stm32cube.common.mx.editor.CubeMxEditor.getMxTabbedPaneInstance(CubeMxEditor.java:1198) ~[com.st.stm32cube.common.mx_6.13.0.202411220809/:?]
	at com.st.stm32cube.common.mx.editor.CubeMxEditor$12$1.createSwingComponent(CubeMxEditor.java:1068) ~[com.st.stm32cube.common.mx_6.13.0.202411220809/:?]
	at com.st.stm32cube.common.mx.oss.core.awtswtbridge.EmbeddedSwingComposite.doComponentCreation(EmbeddedSwingComposite.java:492) ~[com.st.stm32cube.common.mx.oss_6.13.0.202411220809/:?]
	at com.st.stm32cube.common.mx.oss.core.awtswtbridge.EmbeddedSwingComposite$4.run(EmbeddedSwingComposite.java:291) ~[com.st.stm32cube.common.mx.oss_6.13.0.202411220809/:?]
	at com.st.stm32cube.common.mx.oss.core.awtswtbridge.AwtEnvironment$2.run(AwtEnvironment.java:166) ~[com.st.stm32cube.common.mx.oss_6.13.0.202411220809/:?]
	at java.awt.event.InvocationEvent.dispatch(InvocationEvent.java:318) ~[?:?]
	at java.awt.EventQueue.dispatchEventImpl(EventQueue.java:773) ~[?:?]
	at java.awt.EventQueue$4.run(EventQueue.java:720) ~[?:?]
	at java.awt.EventQueue$4.run(EventQueue.java:714) ~[?:?]
	at java.security.AccessController.doPrivileged(AccessController.java:400) ~[?:?]
	at java.security.ProtectionDomain$JavaSecurityAccessImpl.doIntersectionPrivilege(ProtectionDomain.java:87) ~[?:?]
	at java.awt.EventQueue.dispatchEvent(EventQueue.java:742) ~[?:?]
	at java.awt.EventDispatchThread.pumpOneEventForFilters(EventDispatchThread.java:203) ~[?:?]
	at java.awt.EventDispatchThread.pumpEventsForFilter(EventDispatchThread.java:124) ~[?:?]
	at java.awt.EventDispatchThread.pumpEventsForHierarchy(EventDispatchThread.java:113) ~[?:?]
	at java.awt.EventDispatchThread.pumpEvents(EventDispatchThread.java:109) ~[?:?]
	at java.awt.EventDispatchThread.pumpEvents(EventDispatchThread.java:101) ~[?:?]
	at java.awt.EventDispatchThread.run(EventDispatchThread.java:90) ~[?:?]
2025-05-26 03:48:59,842 [WARN] ThirdParty:871 - waiting for thirdparty lock release [close project]
2025-05-26 03:48:59,842 [INFO] ThirdParty:873 - entering critical section [close project]
2025-05-26 03:48:59,842 [INFO] ThirdParty:883 - exiting critical section [close project]
2025-05-26 03:48:59,844 [INFO] PinOutPanel:1589 - setPackage(No Configuration,No Configuration)
2025-05-26 03:48:59,865 [WARN] IpParametersView:154 - Warning: This peripheral hasn't parameters
2025-05-26 03:48:59,878 [WARN] MainPanel:289 - <html><b><center>Warning: This peripheral has no parameters to be configured<br></b></html>
2025-05-26 03:48:59,878 [ERROR] MainPanel:599 - java.lang.IndexOutOfBoundsException: Index: 0, Tab count: 0
2025-05-26 03:48:59,882 [INFO] UtilMem:75 - Begin LoadConfig() Used Memory: 921884888 Bytes (1073741824)
2025-05-26 03:48:59,883 [INFO] MicroXplorer:468 - Change Database Path : 
2025-05-26 03:48:59,883 [INFO] MicroXplorer:498 - Change Database Version : DB.6.0.130
2025-05-26 03:48:59,883 [INFO] OpenFileManager:332 - Change cursor
2025-05-26 03:48:59,895 [INFO] Mcu:2035 - Initializing MCU STM32F103C(4-6)Tx STM32F103C6Tx STM32F103C6T6A
2025-05-26 03:49:01,360 [INFO] Context:748 - Trying to add GPIOservice into a context  which must be forbidden
2025-05-26 03:49:01,688 [INFO] RtosManager:555 - Registered RTOS mode: class=CMSIS, group=RTOS, mode=CMSIS_V1, owner=FREERTOS
2025-05-26 03:49:01,690 [INFO] RtosManager:555 - Registered RTOS mode: class=CMSIS, group=RTOS2, mode=CMSIS_V2, owner=FREERTOS
2025-05-26 03:49:01,690 [INFO] RtosManager:555 - Registered RTOS mode: class=RTOS, group=Core, mode=CMSIS_V1, owner=FREERTOS
2025-05-26 03:49:01,690 [INFO] RtosManager:555 - Registered RTOS mode: class=RTOS, group=Core, mode=CMSIS_V2, owner=FREERTOS
2025-05-26 03:49:01,691 [WARN] ModelIntegratedComponent:184 - Missing modes for component STMicroelectronics:FreeRTOS:0.0.1:STMicroelectronics:RTOS:FreeRTOS:Core:::10.2.0:
2025-05-26 03:49:01,696 [WARN] ModelIntegratedComponent:63 - No mode defined for component null
2025-05-26 03:49:01,696 [WARN] ModelIntegratedComponent:63 - No mode defined for component null
2025-05-26 03:49:01,696 [WARN] ModelIntegratedComponent:63 - No mode defined for component null
2025-05-26 03:49:01,696 [WARN] ModelIntegratedComponent:63 - No mode defined for component null
2025-05-26 03:49:01,696 [WARN] ModelIntegratedComponent:63 - No mode defined for component null
2025-05-26 03:49:01,696 [WARN] ModelIntegratedComponent:63 - No mode defined for component null
2025-05-26 03:49:01,696 [WARN] ModelIntegratedComponent:63 - No mode defined for component null
2025-05-26 03:49:01,696 [WARN] ModelIntegratedComponent:63 - No mode defined for component null
2025-05-26 03:49:01,696 [WARN] ModelIntegratedComponent:63 - No mode defined for component null
2025-05-26 03:49:01,696 [WARN] ModelIntegratedComponent:63 - No mode defined for component null
2025-05-26 03:49:01,696 [WARN] ModelIntegratedComponent:63 - No mode defined for component null
2025-05-26 03:49:01,696 [WARN] ModelIntegratedComponent:63 - No mode defined for component null
2025-05-26 03:49:01,696 [WARN] ModelIntegratedComponent:63 - No mode defined for component null
2025-05-26 03:49:01,696 [WARN] ModelIntegratedComponent:63 - No mode defined for component null
2025-05-26 03:49:01,696 [WARN] ModelIntegratedComponent:63 - No mode defined for component null
2025-05-26 03:49:01,696 [WARN] ModelIntegratedComponent:63 - No mode defined for component null
2025-05-26 03:49:01,697 [WARN] ModelIntegratedComponent:63 - No mode defined for component null
2025-05-26 03:49:01,697 [WARN] ModelIntegratedComponent:63 - No mode defined for component null
2025-05-26 03:49:01,697 [WARN] ModelIntegratedComponent:63 - No mode defined for component null
2025-05-26 03:49:01,697 [WARN] ModelIntegratedComponent:63 - No mode defined for component null
2025-05-26 03:49:01,697 [WARN] ModelIntegratedComponent:63 - No mode defined for component null
2025-05-26 03:49:01,697 [WARN] ModelIntegratedComponent:63 - No mode defined for component null
2025-05-26 03:49:01,697 [WARN] ModelIntegratedComponent:63 - No mode defined for component null
2025-05-26 03:49:01,697 [WARN] ModelIntegratedComponent:63 - No mode defined for component null
2025-05-26 03:49:01,697 [WARN] ModelIntegratedComponent:63 - No mode defined for component null
2025-05-26 03:49:01,697 [WARN] ModelIntegratedComponent:63 - No mode defined for component null
2025-05-26 03:49:01,697 [WARN] ModelIntegratedComponent:63 - No mode defined for component null
2025-05-26 03:49:01,697 [WARN] ModelIntegratedComponent:63 - No mode defined for component null
2025-05-26 03:49:01,697 [WARN] ModelIntegratedComponent:63 - No mode defined for component null
2025-05-26 03:49:01,697 [WARN] ModelIntegratedComponent:63 - No mode defined for component null
2025-05-26 03:49:01,697 [WARN] ModelIntegratedComponent:63 - No mode defined for component null
2025-05-26 03:49:01,697 [WARN] ModelIntegratedComponent:63 - No mode defined for component null
2025-05-26 03:49:01,697 [WARN] ModelIntegratedComponent:63 - No mode defined for component null
2025-05-26 03:49:01,697 [WARN] ModelIntegratedComponent:63 - No mode defined for component null
2025-05-26 03:49:01,697 [WARN] ModelIntegratedComponent:63 - No mode defined for component null
2025-05-26 03:49:01,697 [WARN] ModelPack:524 - Component already loaded: STMicroelectronics:HAL Drivers:0.0.0:STMicroelectronics:Device:STMicro_Driver:XSPI:HAL::0.0.1:HAL_XSPI
2025-05-26 03:49:01,754 [INFO] ThirdPartyModel:298 - Start build external matchings
2025-05-26 03:49:02,166 [INFO] ThirdPartyModel:316 - End build external matchings
2025-05-26 03:49:02,176 [INFO] RtosManager:922 - Current active RTOS is FREERTOS [Cortex-M3NS]
2025-05-26 03:49:02,195 [WARN] IP:2251 - I2C_Coeff_DF not found: check if there is a RefParameter without a condition.
2025-05-26 03:49:02,195 [WARN] IP:2251 - Analog_Filter not found: check if there is a RefParameter without a condition.
2025-05-26 03:49:02,196 [INFO] ImportTextPane:218 - (OptionalMessage_ERROR) IP (RCC) : Invalid parameter (FamilyName)
2025-05-26 03:49:02,197 [INFO] ImportTextPane:218 - (OptionalMessage_ERROR) IP (RCC) : Parameter (MCOFreq_Value) has invalid value (72000000)
2025-05-26 03:49:02,197 [INFO] ImportTextPane:218 - (OptionalMessage_ERROR) IP (RCC) : Parameter (USBFreq_Value) has invalid value (72000000)
2025-05-26 03:49:02,365 [INFO] UtilMem:75 - End LoadConfig() Used Memory: 855320264 Bytes (1073741824)
2025-05-26 03:49:02,499 [WARN] ThirdParty:833 - waiting for thirdparty lock release [change project]
2025-05-26 03:49:02,499 [INFO] ThirdParty:835 - entering critical section [change project]
2025-05-26 03:49:02,500 [INFO] ThirdParty:1030 - CMSIS Pack Vendor :STMicroelectronics USBPD 4.1
2025-05-26 03:49:02,500 [INFO] ThirdParty:1030 - CMSIS Pack Vendor :STMicroelectronics X-CUBE-AZRTOS-H7 3.3.0
2025-05-26 03:49:02,500 [INFO] ThirdParty:1030 - CMSIS Pack Vendor :STMicroelectronics X-CUBE-NFC9 1.0.0
2025-05-26 03:49:02,500 [INFO] ThirdParty:1030 - CMSIS Pack Vendor :STMicroelectronics USB_HOST 2.0.0
2025-05-26 03:49:02,500 [INFO] ThirdParty:1030 - CMSIS Pack Vendor :STMicroelectronics FP-SNS-MOTENVWB1 1.4.0
2025-05-26 03:49:02,500 [INFO] ThirdParty:1030 - CMSIS Pack Vendor :STMicroelectronics X-CUBE-AZRTOS-F4 1.1.0
2025-05-26 03:49:02,500 [INFO] ThirdParty:1030 - CMSIS Pack Vendor :STMicroelectronics LIBJPEG 8.0.0
2025-05-26 03:49:02,500 [INFO] ThirdParty:1030 - CMSIS Pack Vendor :STMicroelectronics FP-ATR-ASTRA1 2.0.2
2025-05-26 03:49:02,500 [INFO] ThirdParty:1030 - CMSIS Pack Vendor :STMicroelectronics FP-ATR-ASTRA1 2.0.1
2025-05-26 03:49:02,500 [INFO] ThirdParty:1030 - CMSIS Pack Vendor :STMicroelectronics X-CUBE-BLE1 7.1.0
2025-05-26 03:49:02,500 [INFO] ThirdParty:1030 - CMSIS Pack Vendor :Avnet-IotConnect X-CUBE-IoTC-DA16k-PMOD 1.0.0
2025-05-26 03:49:02,500 [INFO] ThirdParty:1030 - CMSIS Pack Vendor :STMicroelectronics X-CUBE-SMBUS 2.1.0
2025-05-26 03:49:02,500 [INFO] ThirdParty:1030 - CMSIS Pack Vendor :STMicroelectronics X-CUBE-WB05N 1.1.0
2025-05-26 03:49:02,500 [INFO] ThirdParty:1030 - CMSIS Pack Vendor :STMicroelectronics USB_DEVICE 3.0.0
2025-05-26 03:49:02,500 [INFO] ThirdParty:1030 - CMSIS Pack Vendor :STMicroelectronics X-CUBE-ISPU 2.1.0
2025-05-26 03:49:02,500 [INFO] ThirdParty:1030 - CMSIS Pack Vendor :STMicroelectronics X-CUBE-AZRTOS-WB 2.0.0
2025-05-26 03:49:02,500 [INFO] ThirdParty:1030 - CMSIS Pack Vendor :STMicroelectronics X-CUBE-GNSS1 7.0.1
2025-05-26 03:49:02,500 [INFO] ThirdParty:1030 - CMSIS Pack Vendor :STMicroelectronics X-CUBE-AZRTOS-F7 1.1.0
2025-05-26 03:49:02,500 [INFO] ThirdParty:1030 - CMSIS Pack Vendor :STMicroelectronics X-CUBE-AZRTOS-L5 2.0.0
2025-05-26 03:49:02,500 [INFO] ThirdParty:1030 - CMSIS Pack Vendor :STMicroelectronics X-CUBE-TOUCHGFX 4.25.0
2025-05-26 03:49:02,500 [INFO] ThirdParty:1030 - CMSIS Pack Vendor :STMicroelectronics USB_DEVICE 2.0.0
2025-05-26 03:49:02,500 [INFO] ThirdParty:1030 - CMSIS Pack Vendor :STMicroelectronics X-CUBE-NFC6 3.1.0
2025-05-26 03:49:02,500 [INFO] ThirdParty:1030 - CMSIS Pack Vendor :STMicroelectronics FP-SNS-STBOX1 2.0.0
2025-05-26 03:49:02,500 [INFO] ThirdParty:1030 - CMSIS Pack Vendor :STMicroelectronics X-CUBE-MEMS1 11.2.0
2025-05-26 03:49:02,500 [INFO] ThirdParty:1030 - CMSIS Pack Vendor :STMicroelectronics FreeRTOS 0.0.1
2025-05-26 03:49:02,500 [INFO] ThirdParty:1030 - CMSIS Pack Vendor :STMicroelectronics X-CUBE-AZRTOS-G0 1.1.0
2025-05-26 03:49:02,500 [INFO] ThirdParty:1030 - CMSIS Pack Vendor :STMicroelectronics X-CUBE-SAFEA1 1.2.2
2025-05-26 03:49:02,500 [INFO] ThirdParty:1030 - CMSIS Pack Vendor :STMicroelectronics X-CUBE-NFC4 3.0.0
2025-05-26 03:49:02,500 [INFO] ThirdParty:1030 - CMSIS Pack Vendor :STMicroelectronics X-CUBE-DPower 1.2.0
2025-05-26 03:49:02,501 [INFO] ThirdParty:1030 - CMSIS Pack Vendor :STMicroelectronics X-CUBE-SUBG2 5.0.0
2025-05-26 03:49:02,501 [INFO] ThirdParty:1030 - CMSIS Pack Vendor :STMicroelectronics X-CUBE-AZRTOS-H7RS 1.1.0
2025-05-26 03:49:02,501 [INFO] ThirdParty:1030 - CMSIS Pack Vendor :STMicroelectronics STM32_WPAN 1.0.0
2025-05-26 03:49:02,501 [INFO] ThirdParty:1030 - CMSIS Pack Vendor :EmbeddedOffice I-CUBE-FS-RTOS 1.0.1
2025-05-26 03:49:02,501 [INFO] ThirdParty:1030 - CMSIS Pack Vendor :STMicroelectronics lwIP 2.0.3
2025-05-26 03:49:02,501 [INFO] ThirdParty:1030 - CMSIS Pack Vendor :STMicroelectronics FP-SNS-FLIGHT1 5.0.2
2025-05-26 03:49:02,501 [INFO] ThirdParty:1030 - CMSIS Pack Vendor :Cesanta I-CUBE-Mongoose 7.13.0
2025-05-26 03:49:02,501 [INFO] ThirdParty:1030 - CMSIS Pack Vendor :STMicroelectronics USB_HOST 1.0.0
2025-05-26 03:49:02,501 [INFO] ThirdParty:1030 - CMSIS Pack Vendor :Infineon AIROC-Wi-Fi-Bluetooth-STM32 1.7.0
2025-05-26 03:49:02,501 [INFO] ThirdParty:1030 - CMSIS Pack Vendor :STMicroelectronics X-CUBE-AZRTOS-G4 2.0.0
2025-05-26 03:49:02,501 [INFO] ThirdParty:1030 - CMSIS Pack Vendor :STMicroelectronics X-CUBE-WB05N 2.0.0
2025-05-26 03:49:02,501 [INFO] ThirdParty:1030 - CMSIS Pack Vendor :STMicroelectronics PDM2PCM 3.1.0
2025-05-26 03:49:02,501 [INFO] ThirdParty:1030 - CMSIS Pack Vendor :STMicroelectronics PDM2PCM 3.3.0
2025-05-26 03:49:02,501 [INFO] ThirdParty:1030 - CMSIS Pack Vendor :STMicroelectronics X-CUBE-DISPLAY 3.0.0
2025-05-26 03:49:02,501 [INFO] ThirdParty:1030 - CMSIS Pack Vendor :STMicroelectronics X-CUBE-NFC7 2.0.0
2025-05-26 03:49:02,501 [INFO] ThirdParty:1030 - CMSIS Pack Vendor :STMicroelectronics X-CUBE-TCPP 4.2.0
2025-05-26 03:49:02,501 [INFO] ThirdParty:1030 - CMSIS Pack Vendor :RealThread X-CUBE-RT-Thread_Nano 4.1.1
2025-05-26 03:49:02,501 [INFO] ThirdParty:1030 - CMSIS Pack Vendor :STMicroelectronics X-CUBE-BLE1 7.0.0
2025-05-26 03:49:02,501 [INFO] ThirdParty:1030 - CMSIS Pack Vendor :STMicroelectronics FP-ATR-SIGFOX1 3.2.0
2025-05-26 03:49:02,501 [INFO] ThirdParty:1030 - CMSIS Pack Vendor :STMicroelectronics X-CUBE-NFC10 1.0.0
2025-05-26 03:49:02,501 [INFO] ThirdParty:1030 - CMSIS Pack Vendor :quantropi X-CUBE-qispace-sdk-base 1.9.3
2025-05-26 03:49:02,501 [INFO] ThirdParty:1030 - CMSIS Pack Vendor :STMicroelectronics X-CUBE-BLEMGR 4.0.0
2025-05-26 03:49:02,501 [INFO] ThirdParty:1030 - CMSIS Pack Vendor :STMicroelectronics X-CUBE-EEPRMA1 5.1.0
2025-05-26 03:49:02,501 [INFO] ThirdParty:1030 - CMSIS Pack Vendor :STMicroelectronics X-CUBE-FREERTOS 1.3.1
2025-05-26 03:49:02,501 [INFO] ThirdParty:1030 - CMSIS Pack Vendor :STMicroelectronics HAL Drivers 0.0.0
2025-05-26 03:49:02,501 [INFO] ThirdParty:1030 - CMSIS Pack Vendor :STMicroelectronics MBEDTLS 2.16.2
2025-05-26 03:49:02,501 [INFO] ThirdParty:1030 - CMSIS Pack Vendor :STMicroelectronics X-CUBE-IPS 3.1.0
2025-05-26 03:49:02,501 [INFO] ThirdParty:1030 - CMSIS Pack Vendor :STMicroelectronics X-CUBE-ALS 1.0.2
2025-05-26 03:49:02,501 [INFO] ThirdParty:1030 - CMSIS Pack Vendor :emotas I-CUBE-CANOPEN 1.3.0
2025-05-26 03:49:02,501 [INFO] ThirdParty:1030 - CMSIS Pack Vendor :STMicroelectronics X-CUBE-FREERTOS 1.3.0
2025-05-26 03:49:02,501 [INFO] ThirdParty:1030 - CMSIS Pack Vendor :wolfSSL I-CUBE-wolfSSL 5.7.4
2025-05-26 03:49:02,501 [INFO] ThirdParty:1030 - CMSIS Pack Vendor :STMicroelectronics X-CUBE-NFC7 1.0.1
2025-05-26 03:49:02,501 [INFO] ThirdParty:1030 - CMSIS Pack Vendor :STMicroelectronics MBEDTLS 2.14.1
2025-05-26 03:49:02,501 [INFO] ThirdParty:1030 - CMSIS Pack Vendor :ITTIA_DB I-CUBE-ITTIADB 8.9.0
2025-05-26 03:49:02,501 [INFO] ThirdParty:1030 - CMSIS Pack Vendor :STMicroelectronics X-CUBE-TOUCHGFX 4.24.2
2025-05-26 03:49:02,501 [INFO] ThirdParty:1030 - CMSIS Pack Vendor :wolfSSL I-CUBE-wolfTPM 3.4.0
2025-05-26 03:49:02,501 [INFO] ThirdParty:1030 - CMSIS Pack Vendor :portGmbH I-Cube-SoM-uGOAL 1.1.0
2025-05-26 03:49:02,501 [INFO] ThirdParty:1030 - CMSIS Pack Vendor :STMicroelectronics X-CUBE-AI 10.0.0
2025-05-26 03:49:02,501 [INFO] ThirdParty:1030 - CMSIS Pack Vendor :STMicroelectronics ThreadX 1.0.0
2025-05-26 03:49:02,501 [INFO] ThirdParty:1030 - CMSIS Pack Vendor :STMicroelectronics FP-SNS-SMARTAG2 1.2.0
2025-05-26 03:49:02,501 [INFO] ThirdParty:1030 - CMSIS Pack Vendor :STMicroelectronics FP-SNS-FLIGHT1 5.1.0
2025-05-26 03:49:02,501 [INFO] ThirdParty:1030 - CMSIS Pack Vendor :STMicroelectronics X-CUBE-MEMS1 11.1.0
2025-05-26 03:49:02,501 [INFO] ThirdParty:1030 - CMSIS Pack Vendor :STMicroelectronics X-CUBE-AZRTOS-WL 2.0.0
2025-05-26 03:49:02,501 [INFO] ThirdParty:1030 - CMSIS Pack Vendor :SEGGER I-CUBE-embOS 1.3.1
2025-05-26 03:49:02,501 [INFO] ThirdParty:1030 - CMSIS Pack Vendor :STMicroelectronics X-CUBE-ALGOBUILD 1.4.0
2025-05-26 03:49:02,501 [INFO] ThirdParty:1030 - CMSIS Pack Vendor :STMicroelectronics X-CUBE-DPower 1.3.0
2025-05-26 03:49:02,501 [INFO] ThirdParty:1030 - CMSIS Pack Vendor :STMicroelectronics FP-SNS-MOTENV1 5.0.0
2025-05-26 03:49:02,502 [INFO] ThirdParty:1030 - CMSIS Pack Vendor :STMicroelectronics USB_DEVICE 1.0.0
2025-05-26 03:49:02,502 [INFO] ThirdParty:1030 - CMSIS Pack Vendor :STMicroelectronics X-CUBE-AZRTOS-H7RS 1.0.0
2025-05-26 03:49:02,502 [INFO] ThirdParty:1030 - CMSIS Pack Vendor :wolfSSL I-CUBE-wolfMQTT 1.19.0
2025-05-26 03:49:02,502 [INFO] ThirdParty:1030 - CMSIS Pack Vendor :STMicroelectronics X-CUBE-AZRTOS-L4 2.0.0
2025-05-26 03:49:02,502 [INFO] ThirdParty:1030 - CMSIS Pack Vendor :STMicroelectronics ThreadX 0.0.2
2025-05-26 03:49:02,502 [INFO] ThirdParty:1030 - CMSIS Pack Vendor :WES I-CUBE-Cesium 1.3.0
2025-05-26 03:49:02,502 [INFO] ThirdParty:1030 - CMSIS Pack Vendor :STMicroelectronics lwIP 2.1.2
2025-05-26 03:49:02,502 [INFO] ThirdParty:1030 - CMSIS Pack Vendor :STMicroelectronics X-CUBE-SFXS2LP1 4.0.0
2025-05-26 03:49:02,502 [INFO] ThirdParty:1030 - CMSIS Pack Vendor :STMicroelectronics X-CUBE-BLE2 3.3.0
2025-05-26 03:49:02,502 [INFO] ThirdParty:1030 - CMSIS Pack Vendor :STMicroelectronics X-CUBE-TOF1 3.4.2
2025-05-26 03:49:02,502 [INFO] ThirdParty:1030 - CMSIS Pack Vendor :STMicroelectronics X-CUBE-TOF1 3.4.3
2025-05-26 03:49:02,502 [INFO] ThirdParty:1030 - CMSIS Pack Vendor :STMicroelectronics X-CUBE-AI 9.1.0
2025-05-26 03:49:02,502 [INFO] ThirdParty:1030 - CMSIS Pack Vendor :STMicroelectronics PDM2PCM 3.2.0
2025-05-26 03:49:02,502 [INFO] ThirdParty:1030 - CMSIS Pack Vendor :wolfSSL I-CUBE-wolfSSH 1.4.17
2025-05-26 03:49:02,502 [INFO] ThirdParty:841 - exiting critical section [change project]
2025-05-26 03:49:02,787 [INFO] PinOutPanel:1589 - setPackage(No Configuration,No Configuration)
2025-05-26 03:49:02,790 [INFO] PinOutPanel:1589 - setPackage(STM32F103C6Tx,LQFP48)
2025-05-26 03:49:03,096 [INFO] UtilMem:75 - Before build in PCC Used Memory: 948121288 Bytes (1073741824)
2025-05-26 03:49:03,368 [INFO] UtilMem:75 - After build in PCC Used Memory: 989537992 Bytes (1073741824)
2025-05-26 03:49:03,385 [INFO] ApiDbMcu:508 - Load IP Config File for FREERTOS
2025-05-26 03:49:03,432 [INFO] IPUIPlugin:80 - create IPUIPlugin
2025-05-26 03:49:03,432 [INFO] IPUIPlugin:80 - create IPUIPlugin
2025-05-26 03:49:03,432 [INFO] IPUIPlugin:80 - create IPUIPlugin
2025-05-26 03:49:03,433 [INFO] IPUIPlugin:80 - create IPUIPlugin
2025-05-26 03:49:03,433 [INFO] IPUIPlugin:80 - create IPUIPlugin
2025-05-26 03:49:03,433 [INFO] IPUIPlugin:80 - create IPUIPlugin
2025-05-26 03:49:03,433 [INFO] IPUIPlugin:80 - create IPUIPlugin
2025-05-26 03:49:03,433 [INFO] IPUIPlugin:80 - create IPUIPlugin
2025-05-26 03:49:03,433 [INFO] IPUIPlugin:80 - create IPUIPlugin
2025-05-26 03:49:03,433 [INFO] IPUIPlugin:80 - create IPUIPlugin
2025-05-26 03:49:03,433 [INFO] IPUIPlugin:80 - create IPUIPlugin
2025-05-26 03:49:03,433 [INFO] IPUIPlugin:80 - create IPUIPlugin
2025-05-26 03:49:03,434 [INFO] IPUIPlugin:80 - create IPUIPlugin
2025-05-26 03:49:03,434 [INFO] IPUIPlugin:80 - create IPUIPlugin
2025-05-26 03:49:03,434 [INFO] IPUIPlugin:80 - create IPUIPlugin
2025-05-26 03:49:03,434 [INFO] IPUIPlugin:80 - create IPUIPlugin
2025-05-26 03:49:03,434 [INFO] IPUIPlugin:80 - create IPUIPlugin
2025-05-26 03:49:03,434 [INFO] IPUIPlugin:80 - create IPUIPlugin
2025-05-26 03:49:03,434 [INFO] IPUIPlugin:80 - create IPUIPlugin
2025-05-26 03:49:03,434 [INFO] IPUIPlugin:80 - create IPUIPlugin
2025-05-26 03:49:03,434 [INFO] IPUIPlugin:80 - create IPUIPlugin
2025-05-26 03:49:03,434 [INFO] IPUIPlugin:80 - create IPUIPlugin
2025-05-26 03:49:03,435 [INFO] IPUIPlugin:80 - create IPUIPlugin
2025-05-26 03:49:03,437 [WARN] IP:2251 - I2C_Coeff_DF not found: check if there is a RefParameter without a condition.
2025-05-26 03:49:03,437 [WARN] IP:2251 - Analog_Filter not found: check if there is a RefParameter without a condition.
2025-05-26 03:49:03,454 [WARN] FreeRTOS:1023 - Null or empty value: should not occur! (nothing added to the table)
2025-05-26 03:49:03,536 [INFO] CADModel:165 - CPN selected for project levelSTM32F103C6T6A
2025-05-26 03:49:03,536 [INFO] CADModel:114 - Register for checkConnection events
2025-05-26 03:49:03,539 [INFO] RtosManager:697 - Active RTOS found at IOC load: FREERTOS [Cortex-M3NS]
2025-05-26 03:49:03,589 [INFO] OpenFileManager:363 - Restore cursor
2025-05-26 03:49:03,850 [WARN] IP:2251 - I2C_Coeff_DF not found: check if there is a RefParameter without a condition.
2025-05-26 03:49:03,850 [WARN] IP:2251 - Analog_Filter not found: check if there is a RefParameter without a condition.
2025-05-26 03:49:03,850 [WARN] IP:2251 - I2C_Coeff_DF not found: check if there is a RefParameter without a condition.
2025-05-26 03:49:03,850 [WARN] IP:2251 - Analog_Filter not found: check if there is a RefParameter without a condition.
2025-05-26 04:00:03,104 [INFO] MainUpdater:2872 - connection check result : 10
2025-05-26 04:00:03,105 [INFO] MainUpdater:2872 - connection check result : 10
2025-05-26 04:00:03,720 [INFO] MicroXplorer:468 - Change Database Path : 
2025-05-26 04:00:03,720 [INFO] MicroXplorer:498 - Change Database Version : DB.6.0.130
2025-05-26 04:00:03,798 [ERROR] ProjectManagerView:394 - 
java.lang.NullPointerException: Cannot invoke "javax.swing.JTextField.getText()" because the return value of "java.util.List.get(int)" is null
	at com.st.microxplorer.plugins.projectmanager.gui.ProjectChoiceTab$9.caretUpdate(ProjectChoiceTab.java:2616) ~[filemanager.jar:?]
	at javax.swing.text.JTextComponent.fireCaretUpdate(JTextComponent.java:408) ~[?:?]
	at javax.swing.text.JTextComponent$MutableCaretEvent.fire(JTextComponent.java:4484) ~[?:?]
	at javax.swing.text.JTextComponent$MutableCaretEvent.stateChanged(JTextComponent.java:4506) ~[?:?]
	at javax.swing.text.DefaultCaret.fireStateChanged(DefaultCaret.java:857) ~[?:?]
	at javax.swing.text.DefaultCaret.changeCaretPosition(DefaultCaret.java:1343) ~[?:?]
	at javax.swing.text.DefaultCaret.handleSetDot(DefaultCaret.java:1242) ~[?:?]
	at javax.swing.text.DefaultCaret.setDot(DefaultCaret.java:1223) ~[?:?]
	at javax.swing.text.DefaultCaret$Handler.insertUpdate(DefaultCaret.java:1819) ~[?:?]
	at javax.swing.text.AbstractDocument.fireInsertUpdate(AbstractDocument.java:227) ~[?:?]
	at javax.swing.text.AbstractDocument.handleInsertString(AbstractDocument.java:781) ~[?:?]
	at javax.swing.text.AbstractDocument.insertString(AbstractDocument.java:740) ~[?:?]
	at javax.swing.text.PlainDocument.insertString(PlainDocument.java:131) ~[?:?]
	at javax.swing.text.AbstractDocument.replace(AbstractDocument.java:699) ~[?:?]
	at javax.swing.text.JTextComponent.setText(JTextComponent.java:1725) ~[?:?]
	at com.st.microxplorer.plugins.projectmanager.gui.ProjectChoiceTab.createHeapStackFields(ProjectChoiceTab.java:975) ~[filemanager.jar:?]
	at com.st.microxplorer.plugins.projectmanager.gui.ProjectChoiceTab.buildLinkSettingsPanel(ProjectChoiceTab.java:3666) ~[filemanager.jar:?]
	at com.st.microxplorer.plugins.projectmanager.gui.ProjectChoiceTab.defineWindowsFields(ProjectChoiceTab.java:1934) ~[filemanager.jar:?]
	at com.st.microxplorer.plugins.projectmanager.gui.ProjectChoiceTab.updateSettings(ProjectChoiceTab.java:553) ~[filemanager.jar:?]
	at com.st.microxplorer.plugins.projectmanager.gui.ProjectSettingsPanel.UpdateDialog(ProjectSettingsPanel.java:245) ~[filemanager.jar:?]
	at com.st.microxplorer.plugins.projectmanager.ProjectManagerView.propertyChange(ProjectManagerView.java:391) ~[filemanager.jar:?]
	at java.beans.PropertyChangeSupport.fire(PropertyChangeSupport.java:343) ~[?:?]
	at java.beans.PropertyChangeSupport.firePropertyChange(PropertyChangeSupport.java:335) ~[?:?]
	at java.beans.PropertyChangeSupport.firePropertyChange(PropertyChangeSupport.java:268) ~[?:?]
	at com.st.microxplorer.util.MXPropertyChangeSupport.firePropertyChange(MXPropertyChangeSupport.java:54) ~[STM32CubeMX.jar:?]
	at com.st.microxplorer.mxsystem.MxSystem.closeConfig(MxSystem.java:899) ~[STM32CubeMX.jar:?]
	at com.st.microxplorer.maingui.MainPanel.closeConfig(MainPanel.java:789) ~[STM32CubeMX.jar:?]
	at com.st.microxplorer.plugins.filemanager.engine.OpenFileManager.loadConfigurationFile(OpenFileManager.java:265) ~[filemanager.jar:?]
	at com.st.microxplorer.plugins.filemanager.engine.MainFileManager.userLoadConfig(MainFileManager.java:340) ~[filemanager.jar:?]
	at com.st.microxplorer.plugins.filemanager.engine.MainFileManager.userLoadConfig(MainFileManager.java:318) ~[filemanager.jar:?]
	at com.st.microxplorer.plugins.filemanager.FileManagerView.getSpecificTask(FileManagerView.java:246) ~[filemanager.jar:?]
	at com.st.stm32cube.common.mx.editor.CubeMxEditor.getMxTabbedPaneInstance(CubeMxEditor.java:1198) ~[com.st.stm32cube.common.mx_6.13.0.202411220809/:?]
	at com.st.stm32cube.common.mx.editor.CubeMxEditor$12$1.createSwingComponent(CubeMxEditor.java:1068) ~[com.st.stm32cube.common.mx_6.13.0.202411220809/:?]
	at com.st.stm32cube.common.mx.oss.core.awtswtbridge.EmbeddedSwingComposite.doComponentCreation(EmbeddedSwingComposite.java:492) ~[com.st.stm32cube.common.mx.oss_6.13.0.202411220809/:?]
	at com.st.stm32cube.common.mx.oss.core.awtswtbridge.EmbeddedSwingComposite$4.run(EmbeddedSwingComposite.java:291) ~[com.st.stm32cube.common.mx.oss_6.13.0.202411220809/:?]
	at com.st.stm32cube.common.mx.oss.core.awtswtbridge.AwtEnvironment$2.run(AwtEnvironment.java:166) ~[com.st.stm32cube.common.mx.oss_6.13.0.202411220809/:?]
	at java.awt.event.InvocationEvent.dispatch(InvocationEvent.java:318) ~[?:?]
	at java.awt.EventQueue.dispatchEventImpl(EventQueue.java:773) ~[?:?]
	at java.awt.EventQueue$4.run(EventQueue.java:720) ~[?:?]
	at java.awt.EventQueue$4.run(EventQueue.java:714) ~[?:?]
	at java.security.AccessController.doPrivileged(AccessController.java:400) ~[?:?]
	at java.security.ProtectionDomain$JavaSecurityAccessImpl.doIntersectionPrivilege(ProtectionDomain.java:87) ~[?:?]
	at java.awt.EventQueue.dispatchEvent(EventQueue.java:742) ~[?:?]
	at java.awt.EventDispatchThread.pumpOneEventForFilters(EventDispatchThread.java:203) ~[?:?]
	at java.awt.EventDispatchThread.pumpEventsForFilter(EventDispatchThread.java:124) ~[?:?]
	at java.awt.EventDispatchThread.pumpEventsForHierarchy(EventDispatchThread.java:113) ~[?:?]
	at java.awt.EventDispatchThread.pumpEvents(EventDispatchThread.java:109) ~[?:?]
	at java.awt.EventDispatchThread.pumpEvents(EventDispatchThread.java:101) ~[?:?]
	at java.awt.EventDispatchThread.run(EventDispatchThread.java:90) ~[?:?]
2025-05-26 04:00:03,800 [WARN] ThirdParty:871 - waiting for thirdparty lock release [close project]
2025-05-26 04:00:03,800 [INFO] ThirdParty:873 - entering critical section [close project]
2025-05-26 04:00:03,801 [INFO] ThirdParty:883 - exiting critical section [close project]
2025-05-26 04:00:03,805 [INFO] PinOutPanel:1589 - setPackage(No Configuration,No Configuration)
2025-05-26 04:00:03,815 [INFO] UtilMem:75 - Begin LoadConfig() Used Memory: 788854656 Bytes (1073741824)
2025-05-26 04:00:03,817 [INFO] MicroXplorer:468 - Change Database Path : 
2025-05-26 04:00:03,817 [INFO] MicroXplorer:498 - Change Database Version : DB.6.0.130
2025-05-26 04:00:03,817 [INFO] OpenFileManager:332 - Change cursor
2025-05-26 04:00:03,926 [INFO] Mcu:2035 - Initializing MCU STM32F411C(C-E)Ux STM32F411CEUx STM32F411CEU6
2025-05-26 04:00:05,849 [INFO] Context:748 - Trying to add GPIOservice into a context  which must be forbidden
2025-05-26 04:00:06,833 [INFO] RtosManager:555 - Registered RTOS mode: class=CMSIS, group=RTOS, mode=CMSIS_V1, owner=FREERTOS
2025-05-26 04:00:06,834 [INFO] RtosManager:555 - Registered RTOS mode: class=CMSIS, group=RTOS2, mode=CMSIS_V2, owner=FREERTOS
2025-05-26 04:00:06,834 [INFO] RtosManager:555 - Registered RTOS mode: class=RTOS, group=Core, mode=CMSIS_V1, owner=FREERTOS
2025-05-26 04:00:06,834 [INFO] RtosManager:555 - Registered RTOS mode: class=RTOS, group=Core, mode=CMSIS_V2, owner=FREERTOS
2025-05-26 04:00:06,834 [WARN] ModelIntegratedComponent:184 - Missing modes for component STMicroelectronics:FreeRTOS:0.0.1:STMicroelectronics:RTOS:FreeRTOS:Core:::10.2.0:
2025-05-26 04:00:06,849 [WARN] ModelIntegratedComponent:182 - Modes not found for component STMicroelectronics:USB_HOST:1.0.0:STMicroelectronics:USB::USB Host:Audio HS::1.0:USB_HOST_1_0_RESTRICTED_HS
2025-05-26 04:00:06,850 [WARN] ModelIntegratedComponent:188 - Modes not found for component STMicroelectronics:USB_HOST:1.0.0:STMicroelectronics:USB::USB Host:Audio HS::1.0:USB_HOST_1_0_RESTRICTED_HS
2025-05-26 04:00:06,850 [WARN] ModelIntegratedComponent:182 - Modes not found for component STMicroelectronics:USB_HOST:1.0.0:STMicroelectronics:USB::USB Host:CDC HS::1.0:USB_HOST_1_0_RESTRICTED_HS
2025-05-26 04:00:06,850 [WARN] ModelIntegratedComponent:188 - Modes not found for component STMicroelectronics:USB_HOST:1.0.0:STMicroelectronics:USB::USB Host:CDC HS::1.0:USB_HOST_1_0_RESTRICTED_HS
2025-05-26 04:00:06,850 [WARN] ModelIntegratedComponent:182 - Modes not found for component STMicroelectronics:USB_HOST:1.0.0:STMicroelectronics:USB::USB Host:MSC HS::1.0:USB_HOST_1_0_RESTRICTED_HS
2025-05-26 04:00:06,850 [WARN] ModelIntegratedComponent:188 - Modes not found for component STMicroelectronics:USB_HOST:1.0.0:STMicroelectronics:USB::USB Host:MSC HS::1.0:USB_HOST_1_0_RESTRICTED_HS
2025-05-26 04:00:06,850 [WARN] ModelIntegratedComponent:182 - Modes not found for component STMicroelectronics:USB_HOST:1.0.0:STMicroelectronics:USB::USB Host:HID HS::1.0:USB_HOST_1_0_RESTRICTED_HS
2025-05-26 04:00:06,850 [WARN] ModelIntegratedComponent:188 - Modes not found for component STMicroelectronics:USB_HOST:1.0.0:STMicroelectronics:USB::USB Host:HID HS::1.0:USB_HOST_1_0_RESTRICTED_HS
2025-05-26 04:00:06,850 [WARN] ModelIntegratedComponent:182 - Modes not found for component STMicroelectronics:USB_HOST:1.0.0:STMicroelectronics:USB::USB Host:MTP HS::1.0:USB_HOST_1_0_RESTRICTED_HS
2025-05-26 04:00:06,850 [WARN] ModelIntegratedComponent:188 - Modes not found for component STMicroelectronics:USB_HOST:1.0.0:STMicroelectronics:USB::USB Host:MTP HS::1.0:USB_HOST_1_0_RESTRICTED_HS
2025-05-26 04:00:06,858 [WARN] ModelIntegratedComponent:63 - No mode defined for component null
2025-05-26 04:00:06,858 [WARN] ModelIntegratedComponent:63 - No mode defined for component null
2025-05-26 04:00:06,858 [WARN] ModelIntegratedComponent:63 - No mode defined for component null
2025-05-26 04:00:06,858 [WARN] ModelIntegratedComponent:63 - No mode defined for component null
2025-05-26 04:00:06,858 [WARN] ModelIntegratedComponent:63 - No mode defined for component null
2025-05-26 04:00:06,858 [WARN] ModelIntegratedComponent:63 - No mode defined for component null
2025-05-26 04:00:06,858 [WARN] ModelIntegratedComponent:63 - No mode defined for component null
2025-05-26 04:00:06,858 [WARN] ModelIntegratedComponent:63 - No mode defined for component null
2025-05-26 04:00:06,858 [WARN] ModelIntegratedComponent:63 - No mode defined for component null
2025-05-26 04:00:06,858 [WARN] ModelIntegratedComponent:63 - No mode defined for component null
2025-05-26 04:00:06,860 [WARN] ModelIntegratedComponent:63 - No mode defined for component null
2025-05-26 04:00:06,860 [WARN] ModelIntegratedComponent:63 - No mode defined for component null
2025-05-26 04:00:06,860 [WARN] ModelIntegratedComponent:63 - No mode defined for component null
2025-05-26 04:00:06,860 [WARN] ModelIntegratedComponent:63 - No mode defined for component null
2025-05-26 04:00:06,860 [WARN] ModelIntegratedComponent:63 - No mode defined for component null
2025-05-26 04:00:06,860 [WARN] ModelIntegratedComponent:63 - No mode defined for component null
2025-05-26 04:00:06,860 [WARN] ModelIntegratedComponent:63 - No mode defined for component null
2025-05-26 04:00:06,860 [WARN] ModelIntegratedComponent:63 - No mode defined for component null
2025-05-26 04:00:06,860 [WARN] ModelIntegratedComponent:63 - No mode defined for component null
2025-05-26 04:00:06,860 [WARN] ModelIntegratedComponent:63 - No mode defined for component null
2025-05-26 04:00:06,861 [WARN] ModelIntegratedComponent:63 - No mode defined for component null
2025-05-26 04:00:06,861 [WARN] ModelIntegratedComponent:63 - No mode defined for component null
2025-05-26 04:00:06,861 [WARN] ModelIntegratedComponent:63 - No mode defined for component null
2025-05-26 04:00:06,861 [WARN] ModelIntegratedComponent:63 - No mode defined for component null
2025-05-26 04:00:06,861 [WARN] ModelIntegratedComponent:63 - No mode defined for component null
2025-05-26 04:00:06,862 [WARN] ModelIntegratedComponent:63 - No mode defined for component null
2025-05-26 04:00:06,863 [WARN] ModelIntegratedComponent:63 - No mode defined for component null
2025-05-26 04:00:06,863 [WARN] ModelIntegratedComponent:63 - No mode defined for component null
2025-05-26 04:00:06,864 [WARN] ModelIntegratedComponent:63 - No mode defined for component null
2025-05-26 04:00:06,864 [WARN] ModelIntegratedComponent:63 - No mode defined for component null
2025-05-26 04:00:06,864 [WARN] ModelIntegratedComponent:63 - No mode defined for component null
2025-05-26 04:00:06,864 [WARN] ModelIntegratedComponent:63 - No mode defined for component null
2025-05-26 04:00:06,864 [WARN] ModelIntegratedComponent:63 - No mode defined for component null
2025-05-26 04:00:06,864 [WARN] ModelIntegratedComponent:63 - No mode defined for component null
2025-05-26 04:00:06,864 [WARN] ModelIntegratedComponent:63 - No mode defined for component null
2025-05-26 04:00:06,865 [WARN] ModelPack:524 - Component already loaded: STMicroelectronics:HAL Drivers:0.0.0:STMicroelectronics:Device:STMicro_Driver:XSPI:HAL::0.0.1:HAL_XSPI
2025-05-26 04:00:07,081 [WARN] ModelIntegratedComponent:182 - Modes not found for component STMicroelectronics:USB_DEVICE:1.0.0:STMicroelectronics:USB::USB Device:Audio HS::1.0:USB_DEVICE_1_0_RESTRICTED_HS
2025-05-26 04:00:07,087 [WARN] ModelIntegratedComponent:188 - Modes not found for component STMicroelectronics:USB_DEVICE:1.0.0:STMicroelectronics:USB::USB Device:Audio HS::1.0:USB_DEVICE_1_0_RESTRICTED_HS
2025-05-26 04:00:07,087 [WARN] ModelIntegratedComponent:182 - Modes not found for component STMicroelectronics:USB_DEVICE:1.0.0:STMicroelectronics:USB::USB Device:CDC HS::1.0:USB_DEVICE_1_0_RESTRICTED_HS
2025-05-26 04:00:07,088 [WARN] ModelIntegratedComponent:188 - Modes not found for component STMicroelectronics:USB_DEVICE:1.0.0:STMicroelectronics:USB::USB Device:CDC HS::1.0:USB_DEVICE_1_0_RESTRICTED_HS
2025-05-26 04:00:07,088 [WARN] ModelIntegratedComponent:182 - Modes not found for component STMicroelectronics:USB_DEVICE:1.0.0:STMicroelectronics:USB::USB Device:DFU HS::1.0:USB_DEVICE_1_0_RESTRICTED_HS
2025-05-26 04:00:07,088 [WARN] ModelIntegratedComponent:188 - Modes not found for component STMicroelectronics:USB_DEVICE:1.0.0:STMicroelectronics:USB::USB Device:DFU HS::1.0:USB_DEVICE_1_0_RESTRICTED_HS
2025-05-26 04:00:07,088 [WARN] ModelIntegratedComponent:182 - Modes not found for component STMicroelectronics:USB_DEVICE:1.0.0:STMicroelectronics:USB::USB Device:HID HS::1.0:USB_DEVICE_1_0_RESTRICTED_HS
2025-05-26 04:00:07,088 [WARN] ModelIntegratedComponent:188 - Modes not found for component STMicroelectronics:USB_DEVICE:1.0.0:STMicroelectronics:USB::USB Device:HID HS::1.0:USB_DEVICE_1_0_RESTRICTED_HS
2025-05-26 04:00:07,088 [WARN] ModelIntegratedComponent:182 - Modes not found for component STMicroelectronics:USB_DEVICE:1.0.0:STMicroelectronics:USB::USB Device:Custom HID HS::1.0:USB_DEVICE_1_0_RESTRICTED_HS
2025-05-26 04:00:07,088 [WARN] ModelIntegratedComponent:188 - Modes not found for component STMicroelectronics:USB_DEVICE:1.0.0:STMicroelectronics:USB::USB Device:Custom HID HS::1.0:USB_DEVICE_1_0_RESTRICTED_HS
2025-05-26 04:00:07,088 [WARN] ModelIntegratedComponent:182 - Modes not found for component STMicroelectronics:USB_DEVICE:1.0.0:STMicroelectronics:USB::USB Device:MSC HS::1.0:USB_DEVICE_1_0_RESTRICTED_HS
2025-05-26 04:00:07,088 [WARN] ModelIntegratedComponent:188 - Modes not found for component STMicroelectronics:USB_DEVICE:1.0.0:STMicroelectronics:USB::USB Device:MSC HS::1.0:USB_DEVICE_1_0_RESTRICTED_HS
2025-05-26 04:00:07,120 [INFO] ThirdPartyModel:298 - Start build external matchings
2025-05-26 04:00:08,033 [INFO] ThirdPartyModel:316 - End build external matchings
2025-05-26 04:00:08,051 [INFO] RtosManager:922 - Current active RTOS is FREERTOS [Cortex-M4NS]
2025-05-26 04:00:08,061 [INFO] ImportTextPane:218 - (OptionalMessage_ERROR) IP (DMA) : Parameter (Instance) has Id (USART1_RX) currently not set
2025-05-26 04:00:08,061 [INFO] ImportTextPane:218 - (OptionalMessage_ERROR) IP (DMA) : Parameter (Channel) has Id (USART1_RX) currently not set
2025-05-26 04:00:08,062 [INFO] ImportTextPane:218 - (OptionalMessage_ERROR) IP (DMA) : Parameter (Direction) has Id (USART1_RX) currently not set
2025-05-26 04:00:08,062 [INFO] ImportTextPane:218 - (OptionalMessage_ERROR) IP (DMA) : Parameter (PeriphInc) has Id (USART1_RX) currently not set
2025-05-26 04:00:08,062 [INFO] ImportTextPane:218 - (OptionalMessage_ERROR) IP (DMA) : Parameter (MemInc) has Id (USART1_RX) currently not set
2025-05-26 04:00:08,062 [INFO] ImportTextPane:218 - (OptionalMessage_ERROR) IP (DMA) : Parameter (PeriphDataAlignment) has Id (USART1_RX) currently not set
2025-05-26 04:00:08,062 [INFO] ImportTextPane:218 - (OptionalMessage_ERROR) IP (DMA) : Parameter (MemDataAlignment) has Id (USART1_RX) currently not set
2025-05-26 04:00:08,062 [INFO] ImportTextPane:218 - (OptionalMessage_ERROR) IP (DMA) : Parameter (Mode) has Id (USART1_RX) currently not set
2025-05-26 04:00:08,063 [INFO] ImportTextPane:218 - (OptionalMessage_ERROR) IP (DMA) : Parameter (Priority) has Id (USART1_RX) currently not set
2025-05-26 04:00:08,063 [INFO] ImportTextPane:218 - (OptionalMessage_ERROR) IP (DMA) : Parameter (FIFOMode) has Id (USART1_RX) currently not set
2025-05-26 04:00:08,076 [INFO] ImportTextPane:218 - (OptionalMessage_ERROR) IP (RCC) : Parameter (48MHZClocksFreq_Value) has invalid value (50000000)
2025-05-26 04:00:08,078 [INFO] ImportTextPane:218 - (OptionalMessage_ERROR) IP (RCC) : Parameter (RTCHSEDivFreq_Value) has invalid value (12500000)
2025-05-26 04:00:08,374 [INFO] UtilMem:75 - End LoadConfig() Used Memory: 988953872 Bytes (1073741824)
2025-05-26 04:00:08,570 [WARN] ThirdParty:833 - waiting for thirdparty lock release [change project]
2025-05-26 04:00:08,571 [INFO] ThirdParty:835 - entering critical section [change project]
2025-05-26 04:00:08,572 [INFO] ThirdParty:1030 - CMSIS Pack Vendor :STMicroelectronics USBPD 4.1
2025-05-26 04:00:08,572 [INFO] ThirdParty:1030 - CMSIS Pack Vendor :STMicroelectronics X-CUBE-AZRTOS-H7 3.3.0
2025-05-26 04:00:08,572 [INFO] ThirdParty:1030 - CMSIS Pack Vendor :STMicroelectronics X-CUBE-NFC9 1.0.0
2025-05-26 04:00:08,572 [INFO] ThirdParty:1030 - CMSIS Pack Vendor :STMicroelectronics USB_HOST 2.0.0
2025-05-26 04:00:08,572 [INFO] ThirdParty:1030 - CMSIS Pack Vendor :STMicroelectronics FP-SNS-MOTENVWB1 1.4.0
2025-05-26 04:00:08,572 [INFO] ThirdParty:1030 - CMSIS Pack Vendor :STMicroelectronics X-CUBE-AZRTOS-F4 1.1.0
2025-05-26 04:00:08,572 [INFO] ThirdParty:1030 - CMSIS Pack Vendor :STMicroelectronics LIBJPEG 8.0.0
2025-05-26 04:00:08,572 [INFO] ThirdParty:1030 - CMSIS Pack Vendor :STMicroelectronics FP-ATR-ASTRA1 2.0.2
2025-05-26 04:00:08,572 [INFO] ThirdParty:1030 - CMSIS Pack Vendor :STMicroelectronics FP-ATR-ASTRA1 2.0.1
2025-05-26 04:00:08,572 [INFO] ThirdParty:1030 - CMSIS Pack Vendor :STMicroelectronics X-CUBE-BLE1 7.1.0
2025-05-26 04:00:08,572 [INFO] ThirdParty:1030 - CMSIS Pack Vendor :Avnet-IotConnect X-CUBE-IoTC-DA16k-PMOD 1.0.0
2025-05-26 04:00:08,572 [INFO] ThirdParty:1030 - CMSIS Pack Vendor :STMicroelectronics X-CUBE-SMBUS 2.1.0
2025-05-26 04:00:08,572 [INFO] ThirdParty:1030 - CMSIS Pack Vendor :STMicroelectronics X-CUBE-WB05N 1.1.0
2025-05-26 04:00:08,572 [INFO] ThirdParty:1030 - CMSIS Pack Vendor :STMicroelectronics USB_DEVICE 3.0.0
2025-05-26 04:00:08,572 [INFO] ThirdParty:1030 - CMSIS Pack Vendor :STMicroelectronics X-CUBE-ISPU 2.1.0
2025-05-26 04:00:08,572 [INFO] ThirdParty:1030 - CMSIS Pack Vendor :STMicroelectronics X-CUBE-AZRTOS-WB 2.0.0
2025-05-26 04:00:08,572 [INFO] ThirdParty:1030 - CMSIS Pack Vendor :STMicroelectronics X-CUBE-GNSS1 7.0.1
2025-05-26 04:00:08,572 [INFO] ThirdParty:1030 - CMSIS Pack Vendor :STMicroelectronics X-CUBE-AZRTOS-F7 1.1.0
2025-05-26 04:00:08,572 [INFO] ThirdParty:1030 - CMSIS Pack Vendor :STMicroelectronics X-CUBE-AZRTOS-L5 2.0.0
2025-05-26 04:00:08,572 [INFO] ThirdParty:1030 - CMSIS Pack Vendor :STMicroelectronics X-CUBE-TOUCHGFX 4.25.0
2025-05-26 04:00:08,572 [INFO] ThirdParty:1030 - CMSIS Pack Vendor :STMicroelectronics USB_DEVICE 2.0.0
2025-05-26 04:00:08,574 [INFO] ThirdParty:1030 - CMSIS Pack Vendor :STMicroelectronics X-CUBE-NFC6 3.1.0
2025-05-26 04:00:08,575 [INFO] ThirdParty:1030 - CMSIS Pack Vendor :STMicroelectronics FP-SNS-STBOX1 2.0.0
2025-05-26 04:00:08,577 [INFO] ThirdParty:1030 - CMSIS Pack Vendor :STMicroelectronics X-CUBE-MEMS1 11.2.0
2025-05-26 04:00:08,578 [INFO] ThirdParty:1030 - CMSIS Pack Vendor :STMicroelectronics FreeRTOS 0.0.1
2025-05-26 04:00:08,579 [INFO] ThirdParty:1030 - CMSIS Pack Vendor :STMicroelectronics X-CUBE-AZRTOS-G0 1.1.0
2025-05-26 04:00:08,579 [INFO] ThirdParty:1030 - CMSIS Pack Vendor :STMicroelectronics X-CUBE-SAFEA1 1.2.2
2025-05-26 04:00:08,579 [INFO] ThirdParty:1030 - CMSIS Pack Vendor :STMicroelectronics X-CUBE-NFC4 3.0.0
2025-05-26 04:00:08,579 [INFO] ThirdParty:1030 - CMSIS Pack Vendor :STMicroelectronics X-CUBE-DPower 1.2.0
2025-05-26 04:00:08,579 [INFO] ThirdParty:1030 - CMSIS Pack Vendor :STMicroelectronics X-CUBE-SUBG2 5.0.0
2025-05-26 04:00:08,579 [INFO] ThirdParty:1030 - CMSIS Pack Vendor :STMicroelectronics X-CUBE-AZRTOS-H7RS 1.1.0
2025-05-26 04:00:08,579 [INFO] ThirdParty:1030 - CMSIS Pack Vendor :STMicroelectronics STM32_WPAN 1.0.0
2025-05-26 04:00:08,579 [INFO] ThirdParty:1030 - CMSIS Pack Vendor :EmbeddedOffice I-CUBE-FS-RTOS 1.0.1
2025-05-26 04:00:08,579 [INFO] ThirdParty:1030 - CMSIS Pack Vendor :STMicroelectronics lwIP 2.0.3
2025-05-26 04:00:08,579 [INFO] ThirdParty:1030 - CMSIS Pack Vendor :STMicroelectronics FP-SNS-FLIGHT1 5.0.2
2025-05-26 04:00:08,579 [INFO] ThirdParty:1030 - CMSIS Pack Vendor :Cesanta I-CUBE-Mongoose 7.13.0
2025-05-26 04:00:08,579 [INFO] ThirdParty:1030 - CMSIS Pack Vendor :STMicroelectronics USB_HOST 1.0.0
2025-05-26 04:00:08,579 [INFO] ThirdParty:1030 - CMSIS Pack Vendor :Infineon AIROC-Wi-Fi-Bluetooth-STM32 1.7.0
2025-05-26 04:00:08,579 [INFO] ThirdParty:1030 - CMSIS Pack Vendor :STMicroelectronics X-CUBE-AZRTOS-G4 2.0.0
2025-05-26 04:00:08,579 [INFO] ThirdParty:1030 - CMSIS Pack Vendor :STMicroelectronics X-CUBE-WB05N 2.0.0
2025-05-26 04:00:08,579 [INFO] ThirdParty:1030 - CMSIS Pack Vendor :STMicroelectronics PDM2PCM 3.1.0
2025-05-26 04:00:08,579 [INFO] ThirdParty:1030 - CMSIS Pack Vendor :STMicroelectronics PDM2PCM 3.3.0
2025-05-26 04:00:08,579 [INFO] ThirdParty:1030 - CMSIS Pack Vendor :STMicroelectronics X-CUBE-DISPLAY 3.0.0
2025-05-26 04:00:08,579 [INFO] ThirdParty:1030 - CMSIS Pack Vendor :STMicroelectronics X-CUBE-NFC7 2.0.0
2025-05-26 04:00:08,579 [INFO] ThirdParty:1030 - CMSIS Pack Vendor :STMicroelectronics X-CUBE-TCPP 4.2.0
2025-05-26 04:00:08,579 [INFO] ThirdParty:1030 - CMSIS Pack Vendor :RealThread X-CUBE-RT-Thread_Nano 4.1.1
2025-05-26 04:00:08,579 [INFO] ThirdParty:1030 - CMSIS Pack Vendor :STMicroelectronics X-CUBE-BLE1 7.0.0
2025-05-26 04:00:08,579 [INFO] ThirdParty:1030 - CMSIS Pack Vendor :STMicroelectronics FP-ATR-SIGFOX1 3.2.0
2025-05-26 04:00:08,579 [INFO] ThirdParty:1030 - CMSIS Pack Vendor :STMicroelectronics X-CUBE-NFC10 1.0.0
2025-05-26 04:00:08,579 [INFO] ThirdParty:1030 - CMSIS Pack Vendor :quantropi X-CUBE-qispace-sdk-base 1.9.3
2025-05-26 04:00:08,579 [INFO] ThirdParty:1030 - CMSIS Pack Vendor :STMicroelectronics X-CUBE-BLEMGR 4.0.0
2025-05-26 04:00:08,579 [INFO] ThirdParty:1030 - CMSIS Pack Vendor :STMicroelectronics X-CUBE-EEPRMA1 5.1.0
2025-05-26 04:00:08,579 [INFO] ThirdParty:1030 - CMSIS Pack Vendor :STMicroelectronics X-CUBE-FREERTOS 1.3.1
2025-05-26 04:00:08,579 [INFO] ThirdParty:1030 - CMSIS Pack Vendor :STMicroelectronics HAL Drivers 0.0.0
2025-05-26 04:00:08,579 [INFO] ThirdParty:1030 - CMSIS Pack Vendor :STMicroelectronics MBEDTLS 2.16.2
2025-05-26 04:00:08,580 [INFO] ThirdParty:1030 - CMSIS Pack Vendor :STMicroelectronics X-CUBE-IPS 3.1.0
2025-05-26 04:00:08,580 [INFO] ThirdParty:1030 - CMSIS Pack Vendor :STMicroelectronics X-CUBE-ALS 1.0.2
2025-05-26 04:00:08,580 [INFO] ThirdParty:1030 - CMSIS Pack Vendor :emotas I-CUBE-CANOPEN 1.3.0
2025-05-26 04:00:08,580 [INFO] ThirdParty:1030 - CMSIS Pack Vendor :STMicroelectronics X-CUBE-FREERTOS 1.3.0
2025-05-26 04:00:08,580 [INFO] ThirdParty:1030 - CMSIS Pack Vendor :wolfSSL I-CUBE-wolfSSL 5.7.4
2025-05-26 04:00:08,580 [INFO] ThirdParty:1030 - CMSIS Pack Vendor :STMicroelectronics X-CUBE-NFC7 1.0.1
2025-05-26 04:00:08,580 [INFO] ThirdParty:1030 - CMSIS Pack Vendor :STMicroelectronics MBEDTLS 2.14.1
2025-05-26 04:00:08,580 [INFO] ThirdParty:1030 - CMSIS Pack Vendor :ITTIA_DB I-CUBE-ITTIADB 8.9.0
2025-05-26 04:00:08,580 [INFO] ThirdParty:1030 - CMSIS Pack Vendor :STMicroelectronics X-CUBE-TOUCHGFX 4.24.2
2025-05-26 04:00:08,580 [INFO] ThirdParty:1030 - CMSIS Pack Vendor :wolfSSL I-CUBE-wolfTPM 3.4.0
2025-05-26 04:00:08,580 [INFO] ThirdParty:1030 - CMSIS Pack Vendor :portGmbH I-Cube-SoM-uGOAL 1.1.0
2025-05-26 04:00:08,580 [INFO] ThirdParty:1030 - CMSIS Pack Vendor :STMicroelectronics X-CUBE-AI 10.0.0
2025-05-26 04:00:08,580 [INFO] ThirdParty:1030 - CMSIS Pack Vendor :STMicroelectronics ThreadX 1.0.0
2025-05-26 04:00:08,580 [INFO] ThirdParty:1030 - CMSIS Pack Vendor :STMicroelectronics FP-SNS-SMARTAG2 1.2.0
2025-05-26 04:00:08,580 [INFO] ThirdParty:1030 - CMSIS Pack Vendor :STMicroelectronics FP-SNS-FLIGHT1 5.1.0
2025-05-26 04:00:08,580 [INFO] ThirdParty:1030 - CMSIS Pack Vendor :STMicroelectronics X-CUBE-MEMS1 11.1.0
2025-05-26 04:00:08,580 [INFO] ThirdParty:1030 - CMSIS Pack Vendor :STMicroelectronics X-CUBE-AZRTOS-WL 2.0.0
2025-05-26 04:00:08,580 [INFO] ThirdParty:1030 - CMSIS Pack Vendor :SEGGER I-CUBE-embOS 1.3.1
2025-05-26 04:00:08,580 [INFO] ThirdParty:1030 - CMSIS Pack Vendor :STMicroelectronics X-CUBE-ALGOBUILD 1.4.0
2025-05-26 04:00:08,580 [INFO] ThirdParty:1030 - CMSIS Pack Vendor :STMicroelectronics X-CUBE-DPower 1.3.0
2025-05-26 04:00:08,580 [INFO] ThirdParty:1030 - CMSIS Pack Vendor :STMicroelectronics FP-SNS-MOTENV1 5.0.0
2025-05-26 04:00:08,580 [INFO] ThirdParty:1030 - CMSIS Pack Vendor :STMicroelectronics USB_DEVICE 1.0.0
2025-05-26 04:00:08,580 [INFO] ThirdParty:1030 - CMSIS Pack Vendor :STMicroelectronics X-CUBE-AZRTOS-H7RS 1.0.0
2025-05-26 04:00:08,580 [INFO] ThirdParty:1030 - CMSIS Pack Vendor :wolfSSL I-CUBE-wolfMQTT 1.19.0
2025-05-26 04:00:08,580 [INFO] ThirdParty:1030 - CMSIS Pack Vendor :STMicroelectronics X-CUBE-AZRTOS-L4 2.0.0
2025-05-26 04:00:08,580 [INFO] ThirdParty:1030 - CMSIS Pack Vendor :STMicroelectronics ThreadX 0.0.2
2025-05-26 04:00:08,580 [INFO] ThirdParty:1030 - CMSIS Pack Vendor :WES I-CUBE-Cesium 1.3.0
2025-05-26 04:00:08,580 [INFO] ThirdParty:1030 - CMSIS Pack Vendor :STMicroelectronics lwIP 2.1.2
2025-05-26 04:00:08,580 [INFO] ThirdParty:1030 - CMSIS Pack Vendor :STMicroelectronics X-CUBE-SFXS2LP1 4.0.0
2025-05-26 04:00:08,580 [INFO] ThirdParty:1030 - CMSIS Pack Vendor :STMicroelectronics X-CUBE-BLE2 3.3.0
2025-05-26 04:00:08,580 [INFO] ThirdParty:1030 - CMSIS Pack Vendor :STMicroelectronics X-CUBE-TOF1 3.4.2
2025-05-26 04:00:08,580 [INFO] ThirdParty:1030 - CMSIS Pack Vendor :STMicroelectronics X-CUBE-TOF1 3.4.3
2025-05-26 04:00:08,580 [INFO] ThirdParty:1030 - CMSIS Pack Vendor :STMicroelectronics X-CUBE-AI 9.1.0
2025-05-26 04:00:08,580 [INFO] ThirdParty:1030 - CMSIS Pack Vendor :STMicroelectronics PDM2PCM 3.2.0
2025-05-26 04:00:08,580 [INFO] ThirdParty:1030 - CMSIS Pack Vendor :wolfSSL I-CUBE-wolfSSH 1.4.17
2025-05-26 04:00:08,581 [INFO] ThirdParty:841 - exiting critical section [change project]
2025-05-26 04:00:09,169 [INFO] PinOutPanel:1589 - setPackage(No Configuration,No Configuration)
2025-05-26 04:00:09,178 [INFO] PinOutPanel:1589 - setPackage(STM32F411CEUx,UFQFPN48)
2025-05-26 04:00:10,450 [INFO] UtilMem:75 - Before build in PCC Used Memory: 860303064 Bytes (1073741824)
2025-05-26 04:00:11,282 [INFO] UtilMem:75 - After build in PCC Used Memory: 905914072 Bytes (1073741824)
2025-05-26 04:00:11,307 [INFO] ApiDbMcu:508 - Load IP Config File for FREERTOS
2025-05-26 04:00:11,374 [INFO] IPUIPlugin:80 - create IPUIPlugin
2025-05-26 04:00:11,375 [INFO] IPUIPlugin:80 - create IPUIPlugin
2025-05-26 04:00:11,377 [INFO] IPUIPlugin:80 - create IPUIPlugin
2025-05-26 04:00:11,378 [INFO] IPUIPlugin:80 - create IPUIPlugin
2025-05-26 04:00:11,378 [INFO] IPUIPlugin:80 - create IPUIPlugin
2025-05-26 04:00:11,378 [INFO] IPUIPlugin:80 - create IPUIPlugin
2025-05-26 04:00:11,378 [INFO] IPUIPlugin:80 - create IPUIPlugin
2025-05-26 04:00:11,378 [INFO] IPUIPlugin:80 - create IPUIPlugin
2025-05-26 04:00:11,378 [INFO] IPUIPlugin:80 - create IPUIPlugin
2025-05-26 04:00:11,378 [INFO] IPUIPlugin:80 - create IPUIPlugin
2025-05-26 04:00:11,378 [INFO] IPUIPlugin:80 - create IPUIPlugin
2025-05-26 04:00:11,378 [INFO] IPUIPlugin:80 - create IPUIPlugin
2025-05-26 04:00:11,378 [INFO] IPUIPlugin:80 - create IPUIPlugin
2025-05-26 04:00:11,378 [INFO] IPUIPlugin:80 - create IPUIPlugin
2025-05-26 04:00:11,379 [INFO] IPUIPlugin:80 - create IPUIPlugin
2025-05-26 04:00:11,379 [INFO] IPUIPlugin:80 - create IPUIPlugin
2025-05-26 04:00:11,379 [INFO] IPUIPlugin:80 - create IPUIPlugin
2025-05-26 04:00:11,379 [INFO] IPUIPlugin:80 - create IPUIPlugin
2025-05-26 04:00:11,379 [INFO] IPUIPlugin:80 - create IPUIPlugin
2025-05-26 04:00:11,379 [INFO] IPUIPlugin:80 - create IPUIPlugin
2025-05-26 04:00:11,379 [INFO] IPUIPlugin:80 - create IPUIPlugin
2025-05-26 04:00:11,379 [INFO] IPUIPlugin:80 - create IPUIPlugin
2025-05-26 04:00:11,379 [INFO] IPUIPlugin:80 - create IPUIPlugin
2025-05-26 04:00:11,379 [INFO] IPUIPlugin:80 - create IPUIPlugin
2025-05-26 04:00:11,380 [INFO] IPUIPlugin:80 - create IPUIPlugin
2025-05-26 04:00:11,380 [INFO] IPUIPlugin:80 - create IPUIPlugin
2025-05-26 04:00:11,380 [INFO] IPUIPlugin:80 - create IPUIPlugin
2025-05-26 04:00:11,380 [INFO] IPUIPlugin:80 - create IPUIPlugin
2025-05-26 04:00:11,380 [INFO] IPUIPlugin:80 - create IPUIPlugin
2025-05-26 04:00:11,380 [INFO] IPUIPlugin:80 - create IPUIPlugin
2025-05-26 04:00:11,380 [INFO] IPUIPlugin:80 - create IPUIPlugin
2025-05-26 04:00:11,380 [INFO] IPUIPlugin:80 - create IPUIPlugin
2025-05-26 04:00:11,380 [INFO] IPUIPlugin:80 - create IPUIPlugin
2025-05-26 04:00:11,380 [INFO] IPUIPlugin:80 - create IPUIPlugin
2025-05-26 04:00:11,380 [INFO] IPUIPlugin:80 - create IPUIPlugin
2025-05-26 04:00:11,380 [INFO] IPUIPlugin:80 - create IPUIPlugin
2025-05-26 04:00:11,380 [INFO] IPUIPlugin:80 - create IPUIPlugin
2025-05-26 04:00:11,381 [INFO] IPUIPlugin:80 - create IPUIPlugin
2025-05-26 04:00:11,382 [INFO] IPUIPlugin:80 - create IPUIPlugin
2025-05-26 04:00:11,382 [INFO] IPUIPlugin:80 - create IPUIPlugin
2025-05-26 04:00:11,382 [INFO] IPUIPlugin:80 - create IPUIPlugin
2025-05-26 04:00:11,383 [INFO] IPUIPlugin:80 - create IPUIPlugin
2025-05-26 04:00:11,383 [INFO] IPUIPlugin:80 - create IPUIPlugin
2025-05-26 04:00:11,407 [INFO] ApiDbMcu:508 - Load IP Config File for PDM2PCM
2025-05-26 04:00:11,426 [WARN] FreeRTOS:1023 - Null or empty value: should not occur! (nothing added to the table)
2025-05-26 04:00:11,544 [INFO] CADModel:165 - CPN selected for project levelSTM32F411CEU6
2025-05-26 04:00:11,545 [INFO] CADModel:114 - Register for checkConnection events
2025-05-26 04:00:11,550 [INFO] RtosManager:697 - Active RTOS found at IOC load: FREERTOS [Cortex-M4NS]
2025-05-26 04:00:11,612 [INFO] OpenFileManager:363 - Restore cursor
2025-05-26 04:00:44,963 [INFO] MainUpdater:2872 - connection check result : 10
2025-05-26 04:00:44,973 [INFO] MainUpdater:2872 - connection check result : 10
2025-05-26 04:00:45,216 [INFO] MicroXplorer:468 - Change Database Path : 
2025-05-26 04:00:45,218 [INFO] MicroXplorer:498 - Change Database Version : DB.6.0.130
2025-05-26 04:00:45,331 [ERROR] ProjectManagerView:394 - 
java.lang.NullPointerException: Cannot invoke "javax.swing.JTextField.getText()" because the return value of "java.util.List.get(int)" is null
	at com.st.microxplorer.plugins.projectmanager.gui.ProjectChoiceTab$9.caretUpdate(ProjectChoiceTab.java:2616) ~[filemanager.jar:?]
	at javax.swing.text.JTextComponent.fireCaretUpdate(JTextComponent.java:408) ~[?:?]
	at javax.swing.text.JTextComponent$MutableCaretEvent.fire(JTextComponent.java:4484) ~[?:?]
	at javax.swing.text.JTextComponent$MutableCaretEvent.stateChanged(JTextComponent.java:4506) ~[?:?]
	at javax.swing.text.DefaultCaret.fireStateChanged(DefaultCaret.java:857) ~[?:?]
	at javax.swing.text.DefaultCaret.changeCaretPosition(DefaultCaret.java:1343) ~[?:?]
	at javax.swing.text.DefaultCaret.handleSetDot(DefaultCaret.java:1242) ~[?:?]
	at javax.swing.text.DefaultCaret.setDot(DefaultCaret.java:1223) ~[?:?]
	at javax.swing.text.DefaultCaret$Handler.insertUpdate(DefaultCaret.java:1819) ~[?:?]
	at javax.swing.text.AbstractDocument.fireInsertUpdate(AbstractDocument.java:227) ~[?:?]
	at javax.swing.text.AbstractDocument.handleInsertString(AbstractDocument.java:781) ~[?:?]
	at javax.swing.text.AbstractDocument.insertString(AbstractDocument.java:740) ~[?:?]
	at javax.swing.text.PlainDocument.insertString(PlainDocument.java:131) ~[?:?]
	at javax.swing.text.AbstractDocument.replace(AbstractDocument.java:699) ~[?:?]
	at javax.swing.text.JTextComponent.setText(JTextComponent.java:1725) ~[?:?]
	at com.st.microxplorer.plugins.projectmanager.gui.ProjectChoiceTab.createHeapStackFields(ProjectChoiceTab.java:975) ~[filemanager.jar:?]
	at com.st.microxplorer.plugins.projectmanager.gui.ProjectChoiceTab.buildLinkSettingsPanel(ProjectChoiceTab.java:3666) ~[filemanager.jar:?]
	at com.st.microxplorer.plugins.projectmanager.gui.ProjectChoiceTab.defineWindowsFields(ProjectChoiceTab.java:1934) ~[filemanager.jar:?]
	at com.st.microxplorer.plugins.projectmanager.gui.ProjectChoiceTab.updateSettings(ProjectChoiceTab.java:553) ~[filemanager.jar:?]
	at com.st.microxplorer.plugins.projectmanager.gui.ProjectSettingsPanel.UpdateDialog(ProjectSettingsPanel.java:245) ~[filemanager.jar:?]
	at com.st.microxplorer.plugins.projectmanager.ProjectManagerView.propertyChange(ProjectManagerView.java:391) ~[filemanager.jar:?]
	at java.beans.PropertyChangeSupport.fire(PropertyChangeSupport.java:343) ~[?:?]
	at java.beans.PropertyChangeSupport.firePropertyChange(PropertyChangeSupport.java:335) ~[?:?]
	at java.beans.PropertyChangeSupport.firePropertyChange(PropertyChangeSupport.java:268) ~[?:?]
	at com.st.microxplorer.util.MXPropertyChangeSupport.firePropertyChange(MXPropertyChangeSupport.java:54) ~[STM32CubeMX.jar:?]
	at com.st.microxplorer.mxsystem.MxSystem.closeConfig(MxSystem.java:899) ~[STM32CubeMX.jar:?]
	at com.st.microxplorer.maingui.MainPanel.closeConfig(MainPanel.java:789) ~[STM32CubeMX.jar:?]
	at com.st.microxplorer.plugins.filemanager.engine.OpenFileManager.loadConfigurationFile(OpenFileManager.java:265) ~[filemanager.jar:?]
	at com.st.microxplorer.plugins.filemanager.engine.MainFileManager.userLoadConfig(MainFileManager.java:340) ~[filemanager.jar:?]
	at com.st.microxplorer.plugins.filemanager.engine.MainFileManager.userLoadConfig(MainFileManager.java:318) ~[filemanager.jar:?]
	at com.st.microxplorer.plugins.filemanager.FileManagerView.getSpecificTask(FileManagerView.java:246) ~[filemanager.jar:?]
	at com.st.stm32cube.common.mx.editor.CubeMxEditor.getMxTabbedPaneInstance(CubeMxEditor.java:1198) ~[com.st.stm32cube.common.mx_6.13.0.202411220809/:?]
	at com.st.stm32cube.common.mx.editor.CubeMxEditor$12$1.createSwingComponent(CubeMxEditor.java:1068) ~[com.st.stm32cube.common.mx_6.13.0.202411220809/:?]
	at com.st.stm32cube.common.mx.oss.core.awtswtbridge.EmbeddedSwingComposite.doComponentCreation(EmbeddedSwingComposite.java:492) ~[com.st.stm32cube.common.mx.oss_6.13.0.202411220809/:?]
	at com.st.stm32cube.common.mx.oss.core.awtswtbridge.EmbeddedSwingComposite$4.run(EmbeddedSwingComposite.java:291) ~[com.st.stm32cube.common.mx.oss_6.13.0.202411220809/:?]
	at com.st.stm32cube.common.mx.oss.core.awtswtbridge.AwtEnvironment$2.run(AwtEnvironment.java:166) ~[com.st.stm32cube.common.mx.oss_6.13.0.202411220809/:?]
	at java.awt.event.InvocationEvent.dispatch(InvocationEvent.java:318) ~[?:?]
	at java.awt.EventQueue.dispatchEventImpl(EventQueue.java:773) ~[?:?]
	at java.awt.EventQueue$4.run(EventQueue.java:720) ~[?:?]
	at java.awt.EventQueue$4.run(EventQueue.java:714) ~[?:?]
	at java.security.AccessController.doPrivileged(AccessController.java:400) ~[?:?]
	at java.security.ProtectionDomain$JavaSecurityAccessImpl.doIntersectionPrivilege(ProtectionDomain.java:87) ~[?:?]
	at java.awt.EventQueue.dispatchEvent(EventQueue.java:742) ~[?:?]
	at java.awt.EventDispatchThread.pumpOneEventForFilters(EventDispatchThread.java:203) ~[?:?]
	at java.awt.EventDispatchThread.pumpEventsForFilter(EventDispatchThread.java:124) ~[?:?]
	at java.awt.EventDispatchThread.pumpEventsForHierarchy(EventDispatchThread.java:113) ~[?:?]
	at java.awt.EventDispatchThread.pumpEvents(EventDispatchThread.java:109) ~[?:?]
	at java.awt.EventDispatchThread.pumpEvents(EventDispatchThread.java:101) ~[?:?]
	at java.awt.EventDispatchThread.run(EventDispatchThread.java:90) ~[?:?]
2025-05-26 04:00:45,336 [WARN] ThirdParty:871 - waiting for thirdparty lock release [close project]
2025-05-26 04:00:45,336 [INFO] ThirdParty:873 - entering critical section [close project]
2025-05-26 04:00:45,337 [INFO] ThirdParty:883 - exiting critical section [close project]
2025-05-26 04:00:45,342 [INFO] PinOutPanel:1589 - setPackage(No Configuration,No Configuration)
2025-05-26 04:00:45,383 [WARN] IpParametersView:154 - Warning: This peripheral hasn't parameters
2025-05-26 04:00:45,400 [WARN] MainPanel:289 - <html><b><center>Warning: This peripheral has no parameters to be configured<br></b></html>
2025-05-26 04:00:45,404 [ERROR] MainPanel:599 - java.lang.IndexOutOfBoundsException: Index: 0, Tab count: 0
2025-05-26 04:00:45,412 [INFO] UtilMem:75 - Begin LoadConfig() Used Memory: 840325552 Bytes (1073741824)
2025-05-26 04:00:45,415 [INFO] MicroXplorer:468 - Change Database Path : 
2025-05-26 04:00:45,416 [INFO] MicroXplorer:498 - Change Database Version : DB.6.0.130
2025-05-26 04:00:45,416 [INFO] OpenFileManager:332 - Change cursor
2025-05-26 04:00:45,445 [INFO] Mcu:2035 - Initializing MCU STM32F103C(4-6)Tx STM32F103C6Tx STM32F103C6T6A
2025-05-26 04:00:46,116 [INFO] Context:748 - Trying to add GPIOservice into a context  which must be forbidden
2025-05-26 04:00:46,994 [INFO] RtosManager:555 - Registered RTOS mode: class=CMSIS, group=RTOS, mode=CMSIS_V1, owner=FREERTOS
2025-05-26 04:00:47,000 [INFO] RtosManager:555 - Registered RTOS mode: class=CMSIS, group=RTOS2, mode=CMSIS_V2, owner=FREERTOS
2025-05-26 04:00:47,002 [INFO] RtosManager:555 - Registered RTOS mode: class=RTOS, group=Core, mode=CMSIS_V1, owner=FREERTOS
2025-05-26 04:00:47,002 [INFO] RtosManager:555 - Registered RTOS mode: class=RTOS, group=Core, mode=CMSIS_V2, owner=FREERTOS
2025-05-26 04:00:47,002 [WARN] ModelIntegratedComponent:184 - Missing modes for component STMicroelectronics:FreeRTOS:0.0.1:STMicroelectronics:RTOS:FreeRTOS:Core:::10.2.0:
2025-05-26 04:00:47,011 [WARN] ModelIntegratedComponent:63 - No mode defined for component null
2025-05-26 04:00:47,011 [WARN] ModelIntegratedComponent:63 - No mode defined for component null
2025-05-26 04:00:47,011 [WARN] ModelIntegratedComponent:63 - No mode defined for component null
2025-05-26 04:00:47,011 [WARN] ModelIntegratedComponent:63 - No mode defined for component null
2025-05-26 04:00:47,011 [WARN] ModelIntegratedComponent:63 - No mode defined for component null
2025-05-26 04:00:47,011 [WARN] ModelIntegratedComponent:63 - No mode defined for component null
2025-05-26 04:00:47,011 [WARN] ModelIntegratedComponent:63 - No mode defined for component null
2025-05-26 04:00:47,011 [WARN] ModelIntegratedComponent:63 - No mode defined for component null
2025-05-26 04:00:47,011 [WARN] ModelIntegratedComponent:63 - No mode defined for component null
2025-05-26 04:00:47,011 [WARN] ModelIntegratedComponent:63 - No mode defined for component null
2025-05-26 04:00:47,011 [WARN] ModelIntegratedComponent:63 - No mode defined for component null
2025-05-26 04:00:47,011 [WARN] ModelIntegratedComponent:63 - No mode defined for component null
2025-05-26 04:00:47,011 [WARN] ModelIntegratedComponent:63 - No mode defined for component null
2025-05-26 04:00:47,011 [WARN] ModelIntegratedComponent:63 - No mode defined for component null
2025-05-26 04:00:47,011 [WARN] ModelIntegratedComponent:63 - No mode defined for component null
2025-05-26 04:00:47,011 [WARN] ModelIntegratedComponent:63 - No mode defined for component null
2025-05-26 04:00:47,011 [WARN] ModelIntegratedComponent:63 - No mode defined for component null
2025-05-26 04:00:47,011 [WARN] ModelIntegratedComponent:63 - No mode defined for component null
2025-05-26 04:00:47,011 [WARN] ModelIntegratedComponent:63 - No mode defined for component null
2025-05-26 04:00:47,011 [WARN] ModelIntegratedComponent:63 - No mode defined for component null
2025-05-26 04:00:47,011 [WARN] ModelIntegratedComponent:63 - No mode defined for component null
2025-05-26 04:00:47,012 [WARN] ModelIntegratedComponent:63 - No mode defined for component null
2025-05-26 04:00:47,012 [WARN] ModelIntegratedComponent:63 - No mode defined for component null
2025-05-26 04:00:47,012 [WARN] ModelIntegratedComponent:63 - No mode defined for component null
2025-05-26 04:00:47,012 [WARN] ModelIntegratedComponent:63 - No mode defined for component null
2025-05-26 04:00:47,012 [WARN] ModelIntegratedComponent:63 - No mode defined for component null
2025-05-26 04:00:47,012 [WARN] ModelIntegratedComponent:63 - No mode defined for component null
2025-05-26 04:00:47,012 [WARN] ModelIntegratedComponent:63 - No mode defined for component null
2025-05-26 04:00:47,012 [WARN] ModelIntegratedComponent:63 - No mode defined for component null
2025-05-26 04:00:47,012 [WARN] ModelIntegratedComponent:63 - No mode defined for component null
2025-05-26 04:00:47,012 [WARN] ModelIntegratedComponent:63 - No mode defined for component null
2025-05-26 04:00:47,012 [WARN] ModelIntegratedComponent:63 - No mode defined for component null
2025-05-26 04:00:47,012 [WARN] ModelIntegratedComponent:63 - No mode defined for component null
2025-05-26 04:00:47,012 [WARN] ModelIntegratedComponent:63 - No mode defined for component null
2025-05-26 04:00:47,012 [WARN] ModelIntegratedComponent:63 - No mode defined for component null
2025-05-26 04:00:47,012 [WARN] ModelPack:524 - Component already loaded: STMicroelectronics:HAL Drivers:0.0.0:STMicroelectronics:Device:STMicro_Driver:XSPI:HAL::0.0.1:HAL_XSPI
2025-05-26 04:00:47,087 [INFO] ThirdPartyModel:298 - Start build external matchings
2025-05-26 04:00:47,494 [INFO] ThirdPartyModel:316 - End build external matchings
2025-05-26 04:00:47,516 [INFO] RtosManager:922 - Current active RTOS is FREERTOS [Cortex-M3NS]
2025-05-26 04:00:47,547 [WARN] IP:2251 - I2C_Coeff_DF not found: check if there is a RefParameter without a condition.
2025-05-26 04:00:47,547 [WARN] IP:2251 - Analog_Filter not found: check if there is a RefParameter without a condition.
2025-05-26 04:00:47,549 [INFO] ImportTextPane:218 - (OptionalMessage_ERROR) IP (RCC) : Invalid parameter (FamilyName)
2025-05-26 04:00:47,550 [INFO] ImportTextPane:218 - (OptionalMessage_ERROR) IP (RCC) : Parameter (MCOFreq_Value) has invalid value (72000000)
2025-05-26 04:00:47,550 [INFO] ImportTextPane:218 - (OptionalMessage_ERROR) IP (RCC) : Parameter (USBFreq_Value) has invalid value (72000000)
2025-05-26 04:00:47,745 [INFO] UtilMem:75 - End LoadConfig() Used Memory: 974576280 Bytes (1073741824)
2025-05-26 04:00:47,868 [WARN] ThirdParty:833 - waiting for thirdparty lock release [change project]
2025-05-26 04:00:47,868 [INFO] ThirdParty:835 - entering critical section [change project]
2025-05-26 04:00:47,869 [INFO] ThirdParty:1030 - CMSIS Pack Vendor :STMicroelectronics USBPD 4.1
2025-05-26 04:00:47,869 [INFO] ThirdParty:1030 - CMSIS Pack Vendor :STMicroelectronics X-CUBE-AZRTOS-H7 3.3.0
2025-05-26 04:00:47,869 [INFO] ThirdParty:1030 - CMSIS Pack Vendor :STMicroelectronics X-CUBE-NFC9 1.0.0
2025-05-26 04:00:47,869 [INFO] ThirdParty:1030 - CMSIS Pack Vendor :STMicroelectronics USB_HOST 2.0.0
2025-05-26 04:00:47,869 [INFO] ThirdParty:1030 - CMSIS Pack Vendor :STMicroelectronics FP-SNS-MOTENVWB1 1.4.0
2025-05-26 04:00:47,869 [INFO] ThirdParty:1030 - CMSIS Pack Vendor :STMicroelectronics X-CUBE-AZRTOS-F4 1.1.0
2025-05-26 04:00:47,869 [INFO] ThirdParty:1030 - CMSIS Pack Vendor :STMicroelectronics LIBJPEG 8.0.0
2025-05-26 04:00:47,869 [INFO] ThirdParty:1030 - CMSIS Pack Vendor :STMicroelectronics FP-ATR-ASTRA1 2.0.2
2025-05-26 04:00:47,869 [INFO] ThirdParty:1030 - CMSIS Pack Vendor :STMicroelectronics FP-ATR-ASTRA1 2.0.1
2025-05-26 04:00:47,869 [INFO] ThirdParty:1030 - CMSIS Pack Vendor :STMicroelectronics X-CUBE-BLE1 7.1.0
2025-05-26 04:00:47,869 [INFO] ThirdParty:1030 - CMSIS Pack Vendor :Avnet-IotConnect X-CUBE-IoTC-DA16k-PMOD 1.0.0
2025-05-26 04:00:47,870 [INFO] ThirdParty:1030 - CMSIS Pack Vendor :STMicroelectronics X-CUBE-SMBUS 2.1.0
2025-05-26 04:00:47,870 [INFO] ThirdParty:1030 - CMSIS Pack Vendor :STMicroelectronics X-CUBE-WB05N 1.1.0
2025-05-26 04:00:47,870 [INFO] ThirdParty:1030 - CMSIS Pack Vendor :STMicroelectronics USB_DEVICE 3.0.0
2025-05-26 04:00:47,870 [INFO] ThirdParty:1030 - CMSIS Pack Vendor :STMicroelectronics X-CUBE-ISPU 2.1.0
2025-05-26 04:00:47,870 [INFO] ThirdParty:1030 - CMSIS Pack Vendor :STMicroelectronics X-CUBE-AZRTOS-WB 2.0.0
2025-05-26 04:00:47,870 [INFO] ThirdParty:1030 - CMSIS Pack Vendor :STMicroelectronics X-CUBE-GNSS1 7.0.1
2025-05-26 04:00:47,870 [INFO] ThirdParty:1030 - CMSIS Pack Vendor :STMicroelectronics X-CUBE-AZRTOS-F7 1.1.0
2025-05-26 04:00:47,870 [INFO] ThirdParty:1030 - CMSIS Pack Vendor :STMicroelectronics X-CUBE-AZRTOS-L5 2.0.0
2025-05-26 04:00:47,870 [INFO] ThirdParty:1030 - CMSIS Pack Vendor :STMicroelectronics X-CUBE-TOUCHGFX 4.25.0
2025-05-26 04:00:47,870 [INFO] ThirdParty:1030 - CMSIS Pack Vendor :STMicroelectronics USB_DEVICE 2.0.0
2025-05-26 04:00:47,870 [INFO] ThirdParty:1030 - CMSIS Pack Vendor :STMicroelectronics X-CUBE-NFC6 3.1.0
2025-05-26 04:00:47,870 [INFO] ThirdParty:1030 - CMSIS Pack Vendor :STMicroelectronics FP-SNS-STBOX1 2.0.0
2025-05-26 04:00:47,870 [INFO] ThirdParty:1030 - CMSIS Pack Vendor :STMicroelectronics X-CUBE-MEMS1 11.2.0
2025-05-26 04:00:47,870 [INFO] ThirdParty:1030 - CMSIS Pack Vendor :STMicroelectronics FreeRTOS 0.0.1
2025-05-26 04:00:47,870 [INFO] ThirdParty:1030 - CMSIS Pack Vendor :STMicroelectronics X-CUBE-AZRTOS-G0 1.1.0
2025-05-26 04:00:47,870 [INFO] ThirdParty:1030 - CMSIS Pack Vendor :STMicroelectronics X-CUBE-SAFEA1 1.2.2
2025-05-26 04:00:47,870 [INFO] ThirdParty:1030 - CMSIS Pack Vendor :STMicroelectronics X-CUBE-NFC4 3.0.0
2025-05-26 04:00:47,870 [INFO] ThirdParty:1030 - CMSIS Pack Vendor :STMicroelectronics X-CUBE-DPower 1.2.0
2025-05-26 04:00:47,870 [INFO] ThirdParty:1030 - CMSIS Pack Vendor :STMicroelectronics X-CUBE-SUBG2 5.0.0
2025-05-26 04:00:47,870 [INFO] ThirdParty:1030 - CMSIS Pack Vendor :STMicroelectronics X-CUBE-AZRTOS-H7RS 1.1.0
2025-05-26 04:00:47,870 [INFO] ThirdParty:1030 - CMSIS Pack Vendor :STMicroelectronics STM32_WPAN 1.0.0
2025-05-26 04:00:47,870 [INFO] ThirdParty:1030 - CMSIS Pack Vendor :EmbeddedOffice I-CUBE-FS-RTOS 1.0.1
2025-05-26 04:00:47,870 [INFO] ThirdParty:1030 - CMSIS Pack Vendor :STMicroelectronics lwIP 2.0.3
2025-05-26 04:00:47,870 [INFO] ThirdParty:1030 - CMSIS Pack Vendor :STMicroelectronics FP-SNS-FLIGHT1 5.0.2
2025-05-26 04:00:47,870 [INFO] ThirdParty:1030 - CMSIS Pack Vendor :Cesanta I-CUBE-Mongoose 7.13.0
2025-05-26 04:00:47,870 [INFO] ThirdParty:1030 - CMSIS Pack Vendor :STMicroelectronics USB_HOST 1.0.0
2025-05-26 04:00:47,870 [INFO] ThirdParty:1030 - CMSIS Pack Vendor :Infineon AIROC-Wi-Fi-Bluetooth-STM32 1.7.0
2025-05-26 04:00:47,870 [INFO] ThirdParty:1030 - CMSIS Pack Vendor :STMicroelectronics X-CUBE-AZRTOS-G4 2.0.0
2025-05-26 04:00:47,870 [INFO] ThirdParty:1030 - CMSIS Pack Vendor :STMicroelectronics X-CUBE-WB05N 2.0.0
2025-05-26 04:00:47,870 [INFO] ThirdParty:1030 - CMSIS Pack Vendor :STMicroelectronics PDM2PCM 3.1.0
2025-05-26 04:00:47,870 [INFO] ThirdParty:1030 - CMSIS Pack Vendor :STMicroelectronics PDM2PCM 3.3.0
2025-05-26 04:00:47,870 [INFO] ThirdParty:1030 - CMSIS Pack Vendor :STMicroelectronics X-CUBE-DISPLAY 3.0.0
2025-05-26 04:00:47,870 [INFO] ThirdParty:1030 - CMSIS Pack Vendor :STMicroelectronics X-CUBE-NFC7 2.0.0
2025-05-26 04:00:47,870 [INFO] ThirdParty:1030 - CMSIS Pack Vendor :STMicroelectronics X-CUBE-TCPP 4.2.0
2025-05-26 04:00:47,870 [INFO] ThirdParty:1030 - CMSIS Pack Vendor :RealThread X-CUBE-RT-Thread_Nano 4.1.1
2025-05-26 04:00:47,870 [INFO] ThirdParty:1030 - CMSIS Pack Vendor :STMicroelectronics X-CUBE-BLE1 7.0.0
2025-05-26 04:00:47,870 [INFO] ThirdParty:1030 - CMSIS Pack Vendor :STMicroelectronics FP-ATR-SIGFOX1 3.2.0
2025-05-26 04:00:47,870 [INFO] ThirdParty:1030 - CMSIS Pack Vendor :STMicroelectronics X-CUBE-NFC10 1.0.0
2025-05-26 04:00:47,870 [INFO] ThirdParty:1030 - CMSIS Pack Vendor :quantropi X-CUBE-qispace-sdk-base 1.9.3
2025-05-26 04:00:47,870 [INFO] ThirdParty:1030 - CMSIS Pack Vendor :STMicroelectronics X-CUBE-BLEMGR 4.0.0
2025-05-26 04:00:47,870 [INFO] ThirdParty:1030 - CMSIS Pack Vendor :STMicroelectronics X-CUBE-EEPRMA1 5.1.0
2025-05-26 04:00:47,870 [INFO] ThirdParty:1030 - CMSIS Pack Vendor :STMicroelectronics X-CUBE-FREERTOS 1.3.1
2025-05-26 04:00:47,870 [INFO] ThirdParty:1030 - CMSIS Pack Vendor :STMicroelectronics HAL Drivers 0.0.0
2025-05-26 04:00:47,870 [INFO] ThirdParty:1030 - CMSIS Pack Vendor :STMicroelectronics MBEDTLS 2.16.2
2025-05-26 04:00:47,870 [INFO] ThirdParty:1030 - CMSIS Pack Vendor :STMicroelectronics X-CUBE-IPS 3.1.0
2025-05-26 04:00:47,870 [INFO] ThirdParty:1030 - CMSIS Pack Vendor :STMicroelectronics X-CUBE-ALS 1.0.2
2025-05-26 04:00:47,870 [INFO] ThirdParty:1030 - CMSIS Pack Vendor :emotas I-CUBE-CANOPEN 1.3.0
2025-05-26 04:00:47,870 [INFO] ThirdParty:1030 - CMSIS Pack Vendor :STMicroelectronics X-CUBE-FREERTOS 1.3.0
2025-05-26 04:00:47,870 [INFO] ThirdParty:1030 - CMSIS Pack Vendor :wolfSSL I-CUBE-wolfSSL 5.7.4
2025-05-26 04:00:47,870 [INFO] ThirdParty:1030 - CMSIS Pack Vendor :STMicroelectronics X-CUBE-NFC7 1.0.1
2025-05-26 04:00:47,870 [INFO] ThirdParty:1030 - CMSIS Pack Vendor :STMicroelectronics MBEDTLS 2.14.1
2025-05-26 04:00:47,870 [INFO] ThirdParty:1030 - CMSIS Pack Vendor :ITTIA_DB I-CUBE-ITTIADB 8.9.0
2025-05-26 04:00:47,870 [INFO] ThirdParty:1030 - CMSIS Pack Vendor :STMicroelectronics X-CUBE-TOUCHGFX 4.24.2
2025-05-26 04:00:47,870 [INFO] ThirdParty:1030 - CMSIS Pack Vendor :wolfSSL I-CUBE-wolfTPM 3.4.0
2025-05-26 04:00:47,870 [INFO] ThirdParty:1030 - CMSIS Pack Vendor :portGmbH I-Cube-SoM-uGOAL 1.1.0
2025-05-26 04:00:47,870 [INFO] ThirdParty:1030 - CMSIS Pack Vendor :STMicroelectronics X-CUBE-AI 10.0.0
2025-05-26 04:00:47,870 [INFO] ThirdParty:1030 - CMSIS Pack Vendor :STMicroelectronics ThreadX 1.0.0
2025-05-26 04:00:47,870 [INFO] ThirdParty:1030 - CMSIS Pack Vendor :STMicroelectronics FP-SNS-SMARTAG2 1.2.0
2025-05-26 04:00:47,870 [INFO] ThirdParty:1030 - CMSIS Pack Vendor :STMicroelectronics FP-SNS-FLIGHT1 5.1.0
2025-05-26 04:00:47,870 [INFO] ThirdParty:1030 - CMSIS Pack Vendor :STMicroelectronics X-CUBE-MEMS1 11.1.0
2025-05-26 04:00:47,870 [INFO] ThirdParty:1030 - CMSIS Pack Vendor :STMicroelectronics X-CUBE-AZRTOS-WL 2.0.0
2025-05-26 04:00:47,870 [INFO] ThirdParty:1030 - CMSIS Pack Vendor :SEGGER I-CUBE-embOS 1.3.1
2025-05-26 04:00:47,870 [INFO] ThirdParty:1030 - CMSIS Pack Vendor :STMicroelectronics X-CUBE-ALGOBUILD 1.4.0
2025-05-26 04:00:47,870 [INFO] ThirdParty:1030 - CMSIS Pack Vendor :STMicroelectronics X-CUBE-DPower 1.3.0
2025-05-26 04:00:47,870 [INFO] ThirdParty:1030 - CMSIS Pack Vendor :STMicroelectronics FP-SNS-MOTENV1 5.0.0
2025-05-26 04:00:47,870 [INFO] ThirdParty:1030 - CMSIS Pack Vendor :STMicroelectronics USB_DEVICE 1.0.0
2025-05-26 04:00:47,870 [INFO] ThirdParty:1030 - CMSIS Pack Vendor :STMicroelectronics X-CUBE-AZRTOS-H7RS 1.0.0
2025-05-26 04:00:47,870 [INFO] ThirdParty:1030 - CMSIS Pack Vendor :wolfSSL I-CUBE-wolfMQTT 1.19.0
2025-05-26 04:00:47,870 [INFO] ThirdParty:1030 - CMSIS Pack Vendor :STMicroelectronics X-CUBE-AZRTOS-L4 2.0.0
2025-05-26 04:00:47,871 [INFO] ThirdParty:1030 - CMSIS Pack Vendor :STMicroelectronics ThreadX 0.0.2
2025-05-26 04:00:47,871 [INFO] ThirdParty:1030 - CMSIS Pack Vendor :WES I-CUBE-Cesium 1.3.0
2025-05-26 04:00:47,871 [INFO] ThirdParty:1030 - CMSIS Pack Vendor :STMicroelectronics lwIP 2.1.2
2025-05-26 04:00:47,871 [INFO] ThirdParty:1030 - CMSIS Pack Vendor :STMicroelectronics X-CUBE-SFXS2LP1 4.0.0
2025-05-26 04:00:47,871 [INFO] ThirdParty:1030 - CMSIS Pack Vendor :STMicroelectronics X-CUBE-BLE2 3.3.0
2025-05-26 04:00:47,871 [INFO] ThirdParty:1030 - CMSIS Pack Vendor :STMicroelectronics X-CUBE-TOF1 3.4.2
2025-05-26 04:00:47,871 [INFO] ThirdParty:1030 - CMSIS Pack Vendor :STMicroelectronics X-CUBE-TOF1 3.4.3
2025-05-26 04:00:47,871 [INFO] ThirdParty:1030 - CMSIS Pack Vendor :STMicroelectronics X-CUBE-AI 9.1.0
2025-05-26 04:00:47,871 [INFO] ThirdParty:1030 - CMSIS Pack Vendor :STMicroelectronics PDM2PCM 3.2.0
2025-05-26 04:00:47,871 [INFO] ThirdParty:1030 - CMSIS Pack Vendor :wolfSSL I-CUBE-wolfSSH 1.4.17
2025-05-26 04:00:47,871 [INFO] ThirdParty:841 - exiting critical section [change project]
2025-05-26 04:00:48,282 [INFO] PinOutPanel:1589 - setPackage(No Configuration,No Configuration)
2025-05-26 04:00:48,286 [INFO] PinOutPanel:1589 - setPackage(STM32F103C6Tx,LQFP48)
2025-05-26 04:00:48,800 [INFO] UtilMem:75 - Before build in PCC Used Memory: 884721472 Bytes (1073741824)
2025-05-26 04:00:49,124 [INFO] UtilMem:75 - After build in PCC Used Memory: 926148432 Bytes (1073741824)
2025-05-26 04:00:49,138 [INFO] ApiDbMcu:508 - Load IP Config File for FREERTOS
2025-05-26 04:00:49,165 [INFO] IPUIPlugin:80 - create IPUIPlugin
2025-05-26 04:00:49,165 [INFO] IPUIPlugin:80 - create IPUIPlugin
2025-05-26 04:00:49,172 [INFO] IPUIPlugin:80 - create IPUIPlugin
2025-05-26 04:00:49,172 [INFO] IPUIPlugin:80 - create IPUIPlugin
2025-05-26 04:00:49,173 [INFO] IPUIPlugin:80 - create IPUIPlugin
2025-05-26 04:00:49,173 [INFO] IPUIPlugin:80 - create IPUIPlugin
2025-05-26 04:00:49,173 [INFO] IPUIPlugin:80 - create IPUIPlugin
2025-05-26 04:00:49,173 [INFO] IPUIPlugin:80 - create IPUIPlugin
2025-05-26 04:00:49,173 [INFO] IPUIPlugin:80 - create IPUIPlugin
2025-05-26 04:00:49,173 [INFO] IPUIPlugin:80 - create IPUIPlugin
2025-05-26 04:00:49,173 [INFO] IPUIPlugin:80 - create IPUIPlugin
2025-05-26 04:00:49,173 [INFO] IPUIPlugin:80 - create IPUIPlugin
2025-05-26 04:00:49,173 [INFO] IPUIPlugin:80 - create IPUIPlugin
2025-05-26 04:00:49,173 [INFO] IPUIPlugin:80 - create IPUIPlugin
2025-05-26 04:00:49,173 [INFO] IPUIPlugin:80 - create IPUIPlugin
2025-05-26 04:00:49,174 [INFO] IPUIPlugin:80 - create IPUIPlugin
2025-05-26 04:00:49,174 [INFO] IPUIPlugin:80 - create IPUIPlugin
2025-05-26 04:00:49,174 [INFO] IPUIPlugin:80 - create IPUIPlugin
2025-05-26 04:00:49,174 [INFO] IPUIPlugin:80 - create IPUIPlugin
2025-05-26 04:00:49,174 [INFO] IPUIPlugin:80 - create IPUIPlugin
2025-05-26 04:00:49,174 [INFO] IPUIPlugin:80 - create IPUIPlugin
2025-05-26 04:00:49,174 [INFO] IPUIPlugin:80 - create IPUIPlugin
2025-05-26 04:00:49,174 [INFO] IPUIPlugin:80 - create IPUIPlugin
2025-05-26 04:00:49,180 [WARN] IP:2251 - I2C_Coeff_DF not found: check if there is a RefParameter without a condition.
2025-05-26 04:00:49,180 [WARN] IP:2251 - Analog_Filter not found: check if there is a RefParameter without a condition.
2025-05-26 04:00:49,202 [WARN] FreeRTOS:1023 - Null or empty value: should not occur! (nothing added to the table)
2025-05-26 04:00:49,300 [INFO] CADModel:165 - CPN selected for project levelSTM32F103C6T6A
2025-05-26 04:00:49,300 [INFO] CADModel:114 - Register for checkConnection events
2025-05-26 04:00:49,304 [INFO] RtosManager:697 - Active RTOS found at IOC load: FREERTOS [Cortex-M3NS]
2025-05-26 04:00:49,358 [INFO] OpenFileManager:363 - Restore cursor
2025-05-26 04:00:49,638 [WARN] IP:2251 - I2C_Coeff_DF not found: check if there is a RefParameter without a condition.
2025-05-26 04:00:49,638 [WARN] IP:2251 - Analog_Filter not found: check if there is a RefParameter without a condition.
2025-05-26 04:00:49,638 [WARN] IP:2251 - I2C_Coeff_DF not found: check if there is a RefParameter without a condition.
2025-05-26 04:00:49,638 [WARN] IP:2251 - Analog_Filter not found: check if there is a RefParameter without a condition.
2025-05-26 04:06:50,482 [INFO] MainUpdater:2872 - connection check result : 10
2025-05-26 04:06:50,488 [INFO] MainUpdater:2872 - connection check result : 10
2025-05-26 04:06:51,105 [INFO] MicroXplorer:468 - Change Database Path : 
2025-05-26 04:06:51,105 [INFO] MicroXplorer:498 - Change Database Version : DB.6.0.130
2025-05-26 04:06:51,235 [ERROR] ProjectManagerView:394 - 
java.lang.NullPointerException: Cannot invoke "javax.swing.JTextField.getText()" because the return value of "java.util.List.get(int)" is null
	at com.st.microxplorer.plugins.projectmanager.gui.ProjectChoiceTab$9.caretUpdate(ProjectChoiceTab.java:2616) ~[filemanager.jar:?]
	at javax.swing.text.JTextComponent.fireCaretUpdate(JTextComponent.java:408) ~[?:?]
	at javax.swing.text.JTextComponent$MutableCaretEvent.fire(JTextComponent.java:4484) ~[?:?]
	at javax.swing.text.JTextComponent$MutableCaretEvent.stateChanged(JTextComponent.java:4506) ~[?:?]
	at javax.swing.text.DefaultCaret.fireStateChanged(DefaultCaret.java:857) ~[?:?]
	at javax.swing.text.DefaultCaret.changeCaretPosition(DefaultCaret.java:1343) ~[?:?]
	at javax.swing.text.DefaultCaret.handleSetDot(DefaultCaret.java:1242) ~[?:?]
	at javax.swing.text.DefaultCaret.setDot(DefaultCaret.java:1223) ~[?:?]
	at javax.swing.text.DefaultCaret$Handler.insertUpdate(DefaultCaret.java:1819) ~[?:?]
	at javax.swing.text.AbstractDocument.fireInsertUpdate(AbstractDocument.java:227) ~[?:?]
	at javax.swing.text.AbstractDocument.handleInsertString(AbstractDocument.java:781) ~[?:?]
	at javax.swing.text.AbstractDocument.insertString(AbstractDocument.java:740) ~[?:?]
	at javax.swing.text.PlainDocument.insertString(PlainDocument.java:131) ~[?:?]
	at javax.swing.text.AbstractDocument.replace(AbstractDocument.java:699) ~[?:?]
	at javax.swing.text.JTextComponent.setText(JTextComponent.java:1725) ~[?:?]
	at com.st.microxplorer.plugins.projectmanager.gui.ProjectChoiceTab.createHeapStackFields(ProjectChoiceTab.java:975) ~[filemanager.jar:?]
	at com.st.microxplorer.plugins.projectmanager.gui.ProjectChoiceTab.buildLinkSettingsPanel(ProjectChoiceTab.java:3666) ~[filemanager.jar:?]
	at com.st.microxplorer.plugins.projectmanager.gui.ProjectChoiceTab.defineWindowsFields(ProjectChoiceTab.java:1934) ~[filemanager.jar:?]
	at com.st.microxplorer.plugins.projectmanager.gui.ProjectChoiceTab.updateSettings(ProjectChoiceTab.java:553) ~[filemanager.jar:?]
	at com.st.microxplorer.plugins.projectmanager.gui.ProjectSettingsPanel.UpdateDialog(ProjectSettingsPanel.java:245) ~[filemanager.jar:?]
	at com.st.microxplorer.plugins.projectmanager.ProjectManagerView.propertyChange(ProjectManagerView.java:391) ~[filemanager.jar:?]
	at java.beans.PropertyChangeSupport.fire(PropertyChangeSupport.java:343) ~[?:?]
	at java.beans.PropertyChangeSupport.firePropertyChange(PropertyChangeSupport.java:335) ~[?:?]
	at java.beans.PropertyChangeSupport.firePropertyChange(PropertyChangeSupport.java:268) ~[?:?]
	at com.st.microxplorer.util.MXPropertyChangeSupport.firePropertyChange(MXPropertyChangeSupport.java:54) ~[STM32CubeMX.jar:?]
	at com.st.microxplorer.mxsystem.MxSystem.closeConfig(MxSystem.java:899) ~[STM32CubeMX.jar:?]
	at com.st.microxplorer.maingui.MainPanel.closeConfig(MainPanel.java:789) ~[STM32CubeMX.jar:?]
	at com.st.microxplorer.plugins.filemanager.engine.OpenFileManager.loadConfigurationFile(OpenFileManager.java:265) ~[filemanager.jar:?]
	at com.st.microxplorer.plugins.filemanager.engine.MainFileManager.userLoadConfig(MainFileManager.java:340) ~[filemanager.jar:?]
	at com.st.microxplorer.plugins.filemanager.engine.MainFileManager.userLoadConfig(MainFileManager.java:318) ~[filemanager.jar:?]
	at com.st.microxplorer.plugins.filemanager.FileManagerView.getSpecificTask(FileManagerView.java:246) ~[filemanager.jar:?]
	at com.st.stm32cube.common.mx.editor.CubeMxEditor.getMxTabbedPaneInstance(CubeMxEditor.java:1198) ~[com.st.stm32cube.common.mx_6.13.0.202411220809/:?]
	at com.st.stm32cube.common.mx.editor.CubeMxEditor$12$1.createSwingComponent(CubeMxEditor.java:1068) ~[com.st.stm32cube.common.mx_6.13.0.202411220809/:?]
	at com.st.stm32cube.common.mx.oss.core.awtswtbridge.EmbeddedSwingComposite.doComponentCreation(EmbeddedSwingComposite.java:492) ~[com.st.stm32cube.common.mx.oss_6.13.0.202411220809/:?]
	at com.st.stm32cube.common.mx.oss.core.awtswtbridge.EmbeddedSwingComposite$4.run(EmbeddedSwingComposite.java:291) ~[com.st.stm32cube.common.mx.oss_6.13.0.202411220809/:?]
	at com.st.stm32cube.common.mx.oss.core.awtswtbridge.AwtEnvironment$2.run(AwtEnvironment.java:166) ~[com.st.stm32cube.common.mx.oss_6.13.0.202411220809/:?]
	at java.awt.event.InvocationEvent.dispatch(InvocationEvent.java:318) ~[?:?]
	at java.awt.EventQueue.dispatchEventImpl(EventQueue.java:773) ~[?:?]
	at java.awt.EventQueue$4.run(EventQueue.java:720) ~[?:?]
	at java.awt.EventQueue$4.run(EventQueue.java:714) ~[?:?]
	at java.security.AccessController.doPrivileged(AccessController.java:400) ~[?:?]
	at java.security.ProtectionDomain$JavaSecurityAccessImpl.doIntersectionPrivilege(ProtectionDomain.java:87) ~[?:?]
	at java.awt.EventQueue.dispatchEvent(EventQueue.java:742) ~[?:?]
	at java.awt.EventDispatchThread.pumpOneEventForFilters(EventDispatchThread.java:203) ~[?:?]
	at java.awt.EventDispatchThread.pumpEventsForFilter(EventDispatchThread.java:124) ~[?:?]
	at java.awt.EventDispatchThread.pumpEventsForHierarchy(EventDispatchThread.java:113) ~[?:?]
	at java.awt.EventDispatchThread.pumpEvents(EventDispatchThread.java:109) ~[?:?]
	at java.awt.EventDispatchThread.pumpEvents(EventDispatchThread.java:101) ~[?:?]
	at java.awt.EventDispatchThread.run(EventDispatchThread.java:90) ~[?:?]
2025-05-26 04:06:51,243 [WARN] ThirdParty:871 - waiting for thirdparty lock release [close project]
2025-05-26 04:06:51,243 [INFO] ThirdParty:873 - entering critical section [close project]
2025-05-26 04:06:51,243 [INFO] ThirdParty:883 - exiting critical section [close project]
2025-05-26 04:06:51,247 [INFO] PinOutPanel:1589 - setPackage(No Configuration,No Configuration)
2025-05-26 04:06:51,259 [INFO] UtilMem:75 - Begin LoadConfig() Used Memory: 806975536 Bytes (1073741824)
2025-05-26 04:06:51,261 [INFO] MicroXplorer:468 - Change Database Path : 
2025-05-26 04:06:51,261 [INFO] MicroXplorer:498 - Change Database Version : DB.6.0.130
2025-05-26 04:06:51,261 [INFO] OpenFileManager:332 - Change cursor
2025-05-26 04:06:51,302 [INFO] Mcu:2035 - Initializing MCU STM32F411C(C-E)Ux STM32F411CEUx STM32F411CEU6
2025-05-26 04:06:52,712 [INFO] Context:748 - Trying to add GPIOservice into a context  which must be forbidden
2025-05-26 04:06:53,150 [INFO] RtosManager:555 - Registered RTOS mode: class=CMSIS, group=RTOS, mode=CMSIS_V1, owner=FREERTOS
2025-05-26 04:06:53,152 [INFO] RtosManager:555 - Registered RTOS mode: class=CMSIS, group=RTOS2, mode=CMSIS_V2, owner=FREERTOS
2025-05-26 04:06:53,152 [INFO] RtosManager:555 - Registered RTOS mode: class=RTOS, group=Core, mode=CMSIS_V1, owner=FREERTOS
2025-05-26 04:06:53,152 [INFO] RtosManager:555 - Registered RTOS mode: class=RTOS, group=Core, mode=CMSIS_V2, owner=FREERTOS
2025-05-26 04:06:53,152 [WARN] ModelIntegratedComponent:184 - Missing modes for component STMicroelectronics:FreeRTOS:0.0.1:STMicroelectronics:RTOS:FreeRTOS:Core:::10.2.0:
2025-05-26 04:06:53,154 [WARN] ModelIntegratedComponent:182 - Modes not found for component STMicroelectronics:USB_HOST:1.0.0:STMicroelectronics:USB::USB Host:Audio HS::1.0:USB_HOST_1_0_RESTRICTED_HS
2025-05-26 04:06:53,154 [WARN] ModelIntegratedComponent:188 - Modes not found for component STMicroelectronics:USB_HOST:1.0.0:STMicroelectronics:USB::USB Host:Audio HS::1.0:USB_HOST_1_0_RESTRICTED_HS
2025-05-26 04:06:53,154 [WARN] ModelIntegratedComponent:182 - Modes not found for component STMicroelectronics:USB_HOST:1.0.0:STMicroelectronics:USB::USB Host:CDC HS::1.0:USB_HOST_1_0_RESTRICTED_HS
2025-05-26 04:06:53,154 [WARN] ModelIntegratedComponent:188 - Modes not found for component STMicroelectronics:USB_HOST:1.0.0:STMicroelectronics:USB::USB Host:CDC HS::1.0:USB_HOST_1_0_RESTRICTED_HS
2025-05-26 04:06:53,155 [WARN] ModelIntegratedComponent:182 - Modes not found for component STMicroelectronics:USB_HOST:1.0.0:STMicroelectronics:USB::USB Host:MSC HS::1.0:USB_HOST_1_0_RESTRICTED_HS
2025-05-26 04:06:53,155 [WARN] ModelIntegratedComponent:188 - Modes not found for component STMicroelectronics:USB_HOST:1.0.0:STMicroelectronics:USB::USB Host:MSC HS::1.0:USB_HOST_1_0_RESTRICTED_HS
2025-05-26 04:06:53,155 [WARN] ModelIntegratedComponent:182 - Modes not found for component STMicroelectronics:USB_HOST:1.0.0:STMicroelectronics:USB::USB Host:HID HS::1.0:USB_HOST_1_0_RESTRICTED_HS
2025-05-26 04:06:53,155 [WARN] ModelIntegratedComponent:188 - Modes not found for component STMicroelectronics:USB_HOST:1.0.0:STMicroelectronics:USB::USB Host:HID HS::1.0:USB_HOST_1_0_RESTRICTED_HS
2025-05-26 04:06:53,155 [WARN] ModelIntegratedComponent:182 - Modes not found for component STMicroelectronics:USB_HOST:1.0.0:STMicroelectronics:USB::USB Host:MTP HS::1.0:USB_HOST_1_0_RESTRICTED_HS
2025-05-26 04:06:53,155 [WARN] ModelIntegratedComponent:188 - Modes not found for component STMicroelectronics:USB_HOST:1.0.0:STMicroelectronics:USB::USB Host:MTP HS::1.0:USB_HOST_1_0_RESTRICTED_HS
2025-05-26 04:06:53,157 [WARN] ModelIntegratedComponent:63 - No mode defined for component null
2025-05-26 04:06:53,157 [WARN] ModelIntegratedComponent:63 - No mode defined for component null
2025-05-26 04:06:53,157 [WARN] ModelIntegratedComponent:63 - No mode defined for component null
2025-05-26 04:06:53,158 [WARN] ModelIntegratedComponent:63 - No mode defined for component null
2025-05-26 04:06:53,158 [WARN] ModelIntegratedComponent:63 - No mode defined for component null
2025-05-26 04:06:53,158 [WARN] ModelIntegratedComponent:63 - No mode defined for component null
2025-05-26 04:06:53,158 [WARN] ModelIntegratedComponent:63 - No mode defined for component null
2025-05-26 04:06:53,158 [WARN] ModelIntegratedComponent:63 - No mode defined for component null
2025-05-26 04:06:53,158 [WARN] ModelIntegratedComponent:63 - No mode defined for component null
2025-05-26 04:06:53,158 [WARN] ModelIntegratedComponent:63 - No mode defined for component null
2025-05-26 04:06:53,158 [WARN] ModelIntegratedComponent:63 - No mode defined for component null
2025-05-26 04:06:53,158 [WARN] ModelIntegratedComponent:63 - No mode defined for component null
2025-05-26 04:06:53,158 [WARN] ModelIntegratedComponent:63 - No mode defined for component null
2025-05-26 04:06:53,158 [WARN] ModelIntegratedComponent:63 - No mode defined for component null
2025-05-26 04:06:53,158 [WARN] ModelIntegratedComponent:63 - No mode defined for component null
2025-05-26 04:06:53,158 [WARN] ModelIntegratedComponent:63 - No mode defined for component null
2025-05-26 04:06:53,158 [WARN] ModelIntegratedComponent:63 - No mode defined for component null
2025-05-26 04:06:53,158 [WARN] ModelIntegratedComponent:63 - No mode defined for component null
2025-05-26 04:06:53,158 [WARN] ModelIntegratedComponent:63 - No mode defined for component null
2025-05-26 04:06:53,158 [WARN] ModelIntegratedComponent:63 - No mode defined for component null
2025-05-26 04:06:53,158 [WARN] ModelIntegratedComponent:63 - No mode defined for component null
2025-05-26 04:06:53,158 [WARN] ModelIntegratedComponent:63 - No mode defined for component null
2025-05-26 04:06:53,158 [WARN] ModelIntegratedComponent:63 - No mode defined for component null
2025-05-26 04:06:53,158 [WARN] ModelIntegratedComponent:63 - No mode defined for component null
2025-05-26 04:06:53,158 [WARN] ModelIntegratedComponent:63 - No mode defined for component null
2025-05-26 04:06:53,158 [WARN] ModelIntegratedComponent:63 - No mode defined for component null
2025-05-26 04:06:53,158 [WARN] ModelIntegratedComponent:63 - No mode defined for component null
2025-05-26 04:06:53,158 [WARN] ModelIntegratedComponent:63 - No mode defined for component null
2025-05-26 04:06:53,158 [WARN] ModelIntegratedComponent:63 - No mode defined for component null
2025-05-26 04:06:53,158 [WARN] ModelIntegratedComponent:63 - No mode defined for component null
2025-05-26 04:06:53,158 [WARN] ModelIntegratedComponent:63 - No mode defined for component null
2025-05-26 04:06:53,158 [WARN] ModelIntegratedComponent:63 - No mode defined for component null
2025-05-26 04:06:53,158 [WARN] ModelIntegratedComponent:63 - No mode defined for component null
2025-05-26 04:06:53,158 [WARN] ModelIntegratedComponent:63 - No mode defined for component null
2025-05-26 04:06:53,158 [WARN] ModelIntegratedComponent:63 - No mode defined for component null
2025-05-26 04:06:53,158 [WARN] ModelPack:524 - Component already loaded: STMicroelectronics:HAL Drivers:0.0.0:STMicroelectronics:Device:STMicro_Driver:XSPI:HAL::0.0.1:HAL_XSPI
2025-05-26 04:06:53,198 [WARN] ModelIntegratedComponent:182 - Modes not found for component STMicroelectronics:USB_DEVICE:1.0.0:STMicroelectronics:USB::USB Device:Audio HS::1.0:USB_DEVICE_1_0_RESTRICTED_HS
2025-05-26 04:06:53,198 [WARN] ModelIntegratedComponent:188 - Modes not found for component STMicroelectronics:USB_DEVICE:1.0.0:STMicroelectronics:USB::USB Device:Audio HS::1.0:USB_DEVICE_1_0_RESTRICTED_HS
2025-05-26 04:06:53,198 [WARN] ModelIntegratedComponent:182 - Modes not found for component STMicroelectronics:USB_DEVICE:1.0.0:STMicroelectronics:USB::USB Device:CDC HS::1.0:USB_DEVICE_1_0_RESTRICTED_HS
2025-05-26 04:06:53,198 [WARN] ModelIntegratedComponent:188 - Modes not found for component STMicroelectronics:USB_DEVICE:1.0.0:STMicroelectronics:USB::USB Device:CDC HS::1.0:USB_DEVICE_1_0_RESTRICTED_HS
2025-05-26 04:06:53,198 [WARN] ModelIntegratedComponent:182 - Modes not found for component STMicroelectronics:USB_DEVICE:1.0.0:STMicroelectronics:USB::USB Device:DFU HS::1.0:USB_DEVICE_1_0_RESTRICTED_HS
2025-05-26 04:06:53,198 [WARN] ModelIntegratedComponent:188 - Modes not found for component STMicroelectronics:USB_DEVICE:1.0.0:STMicroelectronics:USB::USB Device:DFU HS::1.0:USB_DEVICE_1_0_RESTRICTED_HS
2025-05-26 04:06:53,198 [WARN] ModelIntegratedComponent:182 - Modes not found for component STMicroelectronics:USB_DEVICE:1.0.0:STMicroelectronics:USB::USB Device:HID HS::1.0:USB_DEVICE_1_0_RESTRICTED_HS
2025-05-26 04:06:53,198 [WARN] ModelIntegratedComponent:188 - Modes not found for component STMicroelectronics:USB_DEVICE:1.0.0:STMicroelectronics:USB::USB Device:HID HS::1.0:USB_DEVICE_1_0_RESTRICTED_HS
2025-05-26 04:06:53,198 [WARN] ModelIntegratedComponent:182 - Modes not found for component STMicroelectronics:USB_DEVICE:1.0.0:STMicroelectronics:USB::USB Device:Custom HID HS::1.0:USB_DEVICE_1_0_RESTRICTED_HS
2025-05-26 04:06:53,198 [WARN] ModelIntegratedComponent:188 - Modes not found for component STMicroelectronics:USB_DEVICE:1.0.0:STMicroelectronics:USB::USB Device:Custom HID HS::1.0:USB_DEVICE_1_0_RESTRICTED_HS
2025-05-26 04:06:53,198 [WARN] ModelIntegratedComponent:182 - Modes not found for component STMicroelectronics:USB_DEVICE:1.0.0:STMicroelectronics:USB::USB Device:MSC HS::1.0:USB_DEVICE_1_0_RESTRICTED_HS
2025-05-26 04:06:53,198 [WARN] ModelIntegratedComponent:188 - Modes not found for component STMicroelectronics:USB_DEVICE:1.0.0:STMicroelectronics:USB::USB Device:MSC HS::1.0:USB_DEVICE_1_0_RESTRICTED_HS
2025-05-26 04:06:53,216 [INFO] ThirdPartyModel:298 - Start build external matchings
2025-05-26 04:06:53,632 [INFO] ThirdPartyModel:316 - End build external matchings
2025-05-26 04:06:53,646 [INFO] RtosManager:922 - Current active RTOS is FREERTOS [Cortex-M4NS]
2025-05-26 04:06:53,653 [INFO] ImportTextPane:218 - (OptionalMessage_ERROR) IP (DMA) : Parameter (Instance) has Id (USART1_RX) currently not set
2025-05-26 04:06:53,654 [INFO] ImportTextPane:218 - (OptionalMessage_ERROR) IP (DMA) : Parameter (Channel) has Id (USART1_RX) currently not set
2025-05-26 04:06:53,654 [INFO] ImportTextPane:218 - (OptionalMessage_ERROR) IP (DMA) : Parameter (Direction) has Id (USART1_RX) currently not set
2025-05-26 04:06:53,654 [INFO] ImportTextPane:218 - (OptionalMessage_ERROR) IP (DMA) : Parameter (PeriphInc) has Id (USART1_RX) currently not set
2025-05-26 04:06:53,654 [INFO] ImportTextPane:218 - (OptionalMessage_ERROR) IP (DMA) : Parameter (MemInc) has Id (USART1_RX) currently not set
2025-05-26 04:06:53,654 [INFO] ImportTextPane:218 - (OptionalMessage_ERROR) IP (DMA) : Parameter (PeriphDataAlignment) has Id (USART1_RX) currently not set
2025-05-26 04:06:53,654 [INFO] ImportTextPane:218 - (OptionalMessage_ERROR) IP (DMA) : Parameter (MemDataAlignment) has Id (USART1_RX) currently not set
2025-05-26 04:06:53,654 [INFO] ImportTextPane:218 - (OptionalMessage_ERROR) IP (DMA) : Parameter (Mode) has Id (USART1_RX) currently not set
2025-05-26 04:06:53,654 [INFO] ImportTextPane:218 - (OptionalMessage_ERROR) IP (DMA) : Parameter (Priority) has Id (USART1_RX) currently not set
2025-05-26 04:06:53,654 [INFO] ImportTextPane:218 - (OptionalMessage_ERROR) IP (DMA) : Parameter (FIFOMode) has Id (USART1_RX) currently not set
2025-05-26 04:06:53,669 [INFO] ImportTextPane:218 - (OptionalMessage_ERROR) IP (RCC) : Parameter (48MHZClocksFreq_Value) has invalid value (50000000)
2025-05-26 04:06:53,669 [INFO] ImportTextPane:218 - (OptionalMessage_ERROR) IP (RCC) : Parameter (RTCHSEDivFreq_Value) has invalid value (12500000)
2025-05-26 04:06:53,923 [INFO] UtilMem:75 - End LoadConfig() Used Memory: 819297480 Bytes (1073741824)
2025-05-26 04:06:54,140 [WARN] ThirdParty:833 - waiting for thirdparty lock release [change project]
2025-05-26 04:06:54,140 [INFO] ThirdParty:835 - entering critical section [change project]
2025-05-26 04:06:54,140 [INFO] ThirdParty:1030 - CMSIS Pack Vendor :STMicroelectronics USBPD 4.1
2025-05-26 04:06:54,141 [INFO] ThirdParty:1030 - CMSIS Pack Vendor :STMicroelectronics X-CUBE-AZRTOS-H7 3.3.0
2025-05-26 04:06:54,141 [INFO] ThirdParty:1030 - CMSIS Pack Vendor :STMicroelectronics X-CUBE-NFC9 1.0.0
2025-05-26 04:06:54,141 [INFO] ThirdParty:1030 - CMSIS Pack Vendor :STMicroelectronics USB_HOST 2.0.0
2025-05-26 04:06:54,141 [INFO] ThirdParty:1030 - CMSIS Pack Vendor :STMicroelectronics FP-SNS-MOTENVWB1 1.4.0
2025-05-26 04:06:54,141 [INFO] ThirdParty:1030 - CMSIS Pack Vendor :STMicroelectronics X-CUBE-AZRTOS-F4 1.1.0
2025-05-26 04:06:54,141 [INFO] ThirdParty:1030 - CMSIS Pack Vendor :STMicroelectronics LIBJPEG 8.0.0
2025-05-26 04:06:54,141 [INFO] ThirdParty:1030 - CMSIS Pack Vendor :STMicroelectronics FP-ATR-ASTRA1 2.0.2
2025-05-26 04:06:54,141 [INFO] ThirdParty:1030 - CMSIS Pack Vendor :STMicroelectronics FP-ATR-ASTRA1 2.0.1
2025-05-26 04:06:54,141 [INFO] ThirdParty:1030 - CMSIS Pack Vendor :STMicroelectronics X-CUBE-BLE1 7.1.0
2025-05-26 04:06:54,141 [INFO] ThirdParty:1030 - CMSIS Pack Vendor :Avnet-IotConnect X-CUBE-IoTC-DA16k-PMOD 1.0.0
2025-05-26 04:06:54,141 [INFO] ThirdParty:1030 - CMSIS Pack Vendor :STMicroelectronics X-CUBE-SMBUS 2.1.0
2025-05-26 04:06:54,141 [INFO] ThirdParty:1030 - CMSIS Pack Vendor :STMicroelectronics X-CUBE-WB05N 1.1.0
2025-05-26 04:06:54,141 [INFO] ThirdParty:1030 - CMSIS Pack Vendor :STMicroelectronics USB_DEVICE 3.0.0
2025-05-26 04:06:54,141 [INFO] ThirdParty:1030 - CMSIS Pack Vendor :STMicroelectronics X-CUBE-ISPU 2.1.0
2025-05-26 04:06:54,141 [INFO] ThirdParty:1030 - CMSIS Pack Vendor :STMicroelectronics X-CUBE-AZRTOS-WB 2.0.0
2025-05-26 04:06:54,141 [INFO] ThirdParty:1030 - CMSIS Pack Vendor :STMicroelectronics X-CUBE-GNSS1 7.0.1
2025-05-26 04:06:54,141 [INFO] ThirdParty:1030 - CMSIS Pack Vendor :STMicroelectronics X-CUBE-AZRTOS-F7 1.1.0
2025-05-26 04:06:54,141 [INFO] ThirdParty:1030 - CMSIS Pack Vendor :STMicroelectronics X-CUBE-AZRTOS-L5 2.0.0
2025-05-26 04:06:54,141 [INFO] ThirdParty:1030 - CMSIS Pack Vendor :STMicroelectronics X-CUBE-TOUCHGFX 4.25.0
2025-05-26 04:06:54,141 [INFO] ThirdParty:1030 - CMSIS Pack Vendor :STMicroelectronics USB_DEVICE 2.0.0
2025-05-26 04:06:54,141 [INFO] ThirdParty:1030 - CMSIS Pack Vendor :STMicroelectronics X-CUBE-NFC6 3.1.0
2025-05-26 04:06:54,141 [INFO] ThirdParty:1030 - CMSIS Pack Vendor :STMicroelectronics FP-SNS-STBOX1 2.0.0
2025-05-26 04:06:54,141 [INFO] ThirdParty:1030 - CMSIS Pack Vendor :STMicroelectronics X-CUBE-MEMS1 11.2.0
2025-05-26 04:06:54,141 [INFO] ThirdParty:1030 - CMSIS Pack Vendor :STMicroelectronics FreeRTOS 0.0.1
2025-05-26 04:06:54,141 [INFO] ThirdParty:1030 - CMSIS Pack Vendor :STMicroelectronics X-CUBE-AZRTOS-G0 1.1.0
2025-05-26 04:06:54,141 [INFO] ThirdParty:1030 - CMSIS Pack Vendor :STMicroelectronics X-CUBE-SAFEA1 1.2.2
2025-05-26 04:06:54,141 [INFO] ThirdParty:1030 - CMSIS Pack Vendor :STMicroelectronics X-CUBE-NFC4 3.0.0
2025-05-26 04:06:54,141 [INFO] ThirdParty:1030 - CMSIS Pack Vendor :STMicroelectronics X-CUBE-DPower 1.2.0
2025-05-26 04:06:54,141 [INFO] ThirdParty:1030 - CMSIS Pack Vendor :STMicroelectronics X-CUBE-SUBG2 5.0.0
2025-05-26 04:06:54,141 [INFO] ThirdParty:1030 - CMSIS Pack Vendor :STMicroelectronics X-CUBE-AZRTOS-H7RS 1.1.0
2025-05-26 04:06:54,141 [INFO] ThirdParty:1030 - CMSIS Pack Vendor :STMicroelectronics STM32_WPAN 1.0.0
2025-05-26 04:06:54,141 [INFO] ThirdParty:1030 - CMSIS Pack Vendor :EmbeddedOffice I-CUBE-FS-RTOS 1.0.1
2025-05-26 04:06:54,141 [INFO] ThirdParty:1030 - CMSIS Pack Vendor :STMicroelectronics lwIP 2.0.3
2025-05-26 04:06:54,141 [INFO] ThirdParty:1030 - CMSIS Pack Vendor :STMicroelectronics FP-SNS-FLIGHT1 5.0.2
2025-05-26 04:06:54,141 [INFO] ThirdParty:1030 - CMSIS Pack Vendor :Cesanta I-CUBE-Mongoose 7.13.0
2025-05-26 04:06:54,141 [INFO] ThirdParty:1030 - CMSIS Pack Vendor :STMicroelectronics USB_HOST 1.0.0
2025-05-26 04:06:54,141 [INFO] ThirdParty:1030 - CMSIS Pack Vendor :Infineon AIROC-Wi-Fi-Bluetooth-STM32 1.7.0
2025-05-26 04:06:54,141 [INFO] ThirdParty:1030 - CMSIS Pack Vendor :STMicroelectronics X-CUBE-AZRTOS-G4 2.0.0
2025-05-26 04:06:54,141 [INFO] ThirdParty:1030 - CMSIS Pack Vendor :STMicroelectronics X-CUBE-WB05N 2.0.0
2025-05-26 04:06:54,141 [INFO] ThirdParty:1030 - CMSIS Pack Vendor :STMicroelectronics PDM2PCM 3.1.0
2025-05-26 04:06:54,141 [INFO] ThirdParty:1030 - CMSIS Pack Vendor :STMicroelectronics PDM2PCM 3.3.0
2025-05-26 04:06:54,141 [INFO] ThirdParty:1030 - CMSIS Pack Vendor :STMicroelectronics X-CUBE-DISPLAY 3.0.0
2025-05-26 04:06:54,141 [INFO] ThirdParty:1030 - CMSIS Pack Vendor :STMicroelectronics X-CUBE-NFC7 2.0.0
2025-05-26 04:06:54,141 [INFO] ThirdParty:1030 - CMSIS Pack Vendor :STMicroelectronics X-CUBE-TCPP 4.2.0
2025-05-26 04:06:54,141 [INFO] ThirdParty:1030 - CMSIS Pack Vendor :RealThread X-CUBE-RT-Thread_Nano 4.1.1
2025-05-26 04:06:54,141 [INFO] ThirdParty:1030 - CMSIS Pack Vendor :STMicroelectronics X-CUBE-BLE1 7.0.0
2025-05-26 04:06:54,141 [INFO] ThirdParty:1030 - CMSIS Pack Vendor :STMicroelectronics FP-ATR-SIGFOX1 3.2.0
2025-05-26 04:06:54,141 [INFO] ThirdParty:1030 - CMSIS Pack Vendor :STMicroelectronics X-CUBE-NFC10 1.0.0
2025-05-26 04:06:54,141 [INFO] ThirdParty:1030 - CMSIS Pack Vendor :quantropi X-CUBE-qispace-sdk-base 1.9.3
2025-05-26 04:06:54,141 [INFO] ThirdParty:1030 - CMSIS Pack Vendor :STMicroelectronics X-CUBE-BLEMGR 4.0.0
2025-05-26 04:06:54,141 [INFO] ThirdParty:1030 - CMSIS Pack Vendor :STMicroelectronics X-CUBE-EEPRMA1 5.1.0
2025-05-26 04:06:54,141 [INFO] ThirdParty:1030 - CMSIS Pack Vendor :STMicroelectronics X-CUBE-FREERTOS 1.3.1
2025-05-26 04:06:54,141 [INFO] ThirdParty:1030 - CMSIS Pack Vendor :STMicroelectronics HAL Drivers 0.0.0
2025-05-26 04:06:54,141 [INFO] ThirdParty:1030 - CMSIS Pack Vendor :STMicroelectronics MBEDTLS 2.16.2
2025-05-26 04:06:54,141 [INFO] ThirdParty:1030 - CMSIS Pack Vendor :STMicroelectronics X-CUBE-IPS 3.1.0
2025-05-26 04:06:54,141 [INFO] ThirdParty:1030 - CMSIS Pack Vendor :STMicroelectronics X-CUBE-ALS 1.0.2
2025-05-26 04:06:54,141 [INFO] ThirdParty:1030 - CMSIS Pack Vendor :emotas I-CUBE-CANOPEN 1.3.0
2025-05-26 04:06:54,141 [INFO] ThirdParty:1030 - CMSIS Pack Vendor :STMicroelectronics X-CUBE-FREERTOS 1.3.0
2025-05-26 04:06:54,141 [INFO] ThirdParty:1030 - CMSIS Pack Vendor :wolfSSL I-CUBE-wolfSSL 5.7.4
2025-05-26 04:06:54,141 [INFO] ThirdParty:1030 - CMSIS Pack Vendor :STMicroelectronics X-CUBE-NFC7 1.0.1
2025-05-26 04:06:54,141 [INFO] ThirdParty:1030 - CMSIS Pack Vendor :STMicroelectronics MBEDTLS 2.14.1
2025-05-26 04:06:54,141 [INFO] ThirdParty:1030 - CMSIS Pack Vendor :ITTIA_DB I-CUBE-ITTIADB 8.9.0
2025-05-26 04:06:54,141 [INFO] ThirdParty:1030 - CMSIS Pack Vendor :STMicroelectronics X-CUBE-TOUCHGFX 4.24.2
2025-05-26 04:06:54,141 [INFO] ThirdParty:1030 - CMSIS Pack Vendor :wolfSSL I-CUBE-wolfTPM 3.4.0
2025-05-26 04:06:54,141 [INFO] ThirdParty:1030 - CMSIS Pack Vendor :portGmbH I-Cube-SoM-uGOAL 1.1.0
2025-05-26 04:06:54,141 [INFO] ThirdParty:1030 - CMSIS Pack Vendor :STMicroelectronics X-CUBE-AI 10.0.0
2025-05-26 04:06:54,141 [INFO] ThirdParty:1030 - CMSIS Pack Vendor :STMicroelectronics ThreadX 1.0.0
2025-05-26 04:06:54,141 [INFO] ThirdParty:1030 - CMSIS Pack Vendor :STMicroelectronics FP-SNS-SMARTAG2 1.2.0
2025-05-26 04:06:54,141 [INFO] ThirdParty:1030 - CMSIS Pack Vendor :STMicroelectronics FP-SNS-FLIGHT1 5.1.0
2025-05-26 04:06:54,141 [INFO] ThirdParty:1030 - CMSIS Pack Vendor :STMicroelectronics X-CUBE-MEMS1 11.1.0
2025-05-26 04:06:54,142 [INFO] ThirdParty:1030 - CMSIS Pack Vendor :STMicroelectronics X-CUBE-AZRTOS-WL 2.0.0
2025-05-26 04:06:54,142 [INFO] ThirdParty:1030 - CMSIS Pack Vendor :SEGGER I-CUBE-embOS 1.3.1
2025-05-26 04:06:54,142 [INFO] ThirdParty:1030 - CMSIS Pack Vendor :STMicroelectronics X-CUBE-ALGOBUILD 1.4.0
2025-05-26 04:06:54,142 [INFO] ThirdParty:1030 - CMSIS Pack Vendor :STMicroelectronics X-CUBE-DPower 1.3.0
2025-05-26 04:06:54,142 [INFO] ThirdParty:1030 - CMSIS Pack Vendor :STMicroelectronics FP-SNS-MOTENV1 5.0.0
2025-05-26 04:06:54,142 [INFO] ThirdParty:1030 - CMSIS Pack Vendor :STMicroelectronics USB_DEVICE 1.0.0
2025-05-26 04:06:54,142 [INFO] ThirdParty:1030 - CMSIS Pack Vendor :STMicroelectronics X-CUBE-AZRTOS-H7RS 1.0.0
2025-05-26 04:06:54,142 [INFO] ThirdParty:1030 - CMSIS Pack Vendor :wolfSSL I-CUBE-wolfMQTT 1.19.0
2025-05-26 04:06:54,142 [INFO] ThirdParty:1030 - CMSIS Pack Vendor :STMicroelectronics X-CUBE-AZRTOS-L4 2.0.0
2025-05-26 04:06:54,142 [INFO] ThirdParty:1030 - CMSIS Pack Vendor :STMicroelectronics ThreadX 0.0.2
2025-05-26 04:06:54,142 [INFO] ThirdParty:1030 - CMSIS Pack Vendor :WES I-CUBE-Cesium 1.3.0
2025-05-26 04:06:54,142 [INFO] ThirdParty:1030 - CMSIS Pack Vendor :STMicroelectronics lwIP 2.1.2
2025-05-26 04:06:54,142 [INFO] ThirdParty:1030 - CMSIS Pack Vendor :STMicroelectronics X-CUBE-SFXS2LP1 4.0.0
2025-05-26 04:06:54,142 [INFO] ThirdParty:1030 - CMSIS Pack Vendor :STMicroelectronics X-CUBE-BLE2 3.3.0
2025-05-26 04:06:54,142 [INFO] ThirdParty:1030 - CMSIS Pack Vendor :STMicroelectronics X-CUBE-TOF1 3.4.2
2025-05-26 04:06:54,142 [INFO] ThirdParty:1030 - CMSIS Pack Vendor :STMicroelectronics X-CUBE-TOF1 3.4.3
2025-05-26 04:06:54,142 [INFO] ThirdParty:1030 - CMSIS Pack Vendor :STMicroelectronics X-CUBE-AI 9.1.0
2025-05-26 04:06:54,142 [INFO] ThirdParty:1030 - CMSIS Pack Vendor :STMicroelectronics PDM2PCM 3.2.0
2025-05-26 04:06:54,142 [INFO] ThirdParty:1030 - CMSIS Pack Vendor :wolfSSL I-CUBE-wolfSSH 1.4.17
2025-05-26 04:06:54,143 [INFO] ThirdParty:841 - exiting critical section [change project]
2025-05-26 04:06:54,547 [INFO] PinOutPanel:1589 - setPackage(No Configuration,No Configuration)
2025-05-26 04:06:54,549 [INFO] PinOutPanel:1589 - setPackage(STM32F411CEUx,UFQFPN48)
2025-05-26 04:06:55,525 [INFO] UtilMem:75 - Before build in PCC Used Memory: 874456792 Bytes (1073741824)
2025-05-26 04:06:56,192 [INFO] UtilMem:75 - After build in PCC Used Memory: 917448408 Bytes (1073741824)
2025-05-26 04:06:56,232 [INFO] ApiDbMcu:508 - Load IP Config File for FREERTOS
2025-05-26 04:06:56,297 [INFO] IPUIPlugin:80 - create IPUIPlugin
2025-05-26 04:06:56,299 [INFO] IPUIPlugin:80 - create IPUIPlugin
2025-05-26 04:06:56,299 [INFO] IPUIPlugin:80 - create IPUIPlugin
2025-05-26 04:06:56,299 [INFO] IPUIPlugin:80 - create IPUIPlugin
2025-05-26 04:06:56,299 [INFO] IPUIPlugin:80 - create IPUIPlugin
2025-05-26 04:06:56,299 [INFO] IPUIPlugin:80 - create IPUIPlugin
2025-05-26 04:06:56,299 [INFO] IPUIPlugin:80 - create IPUIPlugin
2025-05-26 04:06:56,299 [INFO] IPUIPlugin:80 - create IPUIPlugin
2025-05-26 04:06:56,300 [INFO] IPUIPlugin:80 - create IPUIPlugin
2025-05-26 04:06:56,300 [INFO] IPUIPlugin:80 - create IPUIPlugin
2025-05-26 04:06:56,300 [INFO] IPUIPlugin:80 - create IPUIPlugin
2025-05-26 04:06:56,300 [INFO] IPUIPlugin:80 - create IPUIPlugin
2025-05-26 04:06:56,300 [INFO] IPUIPlugin:80 - create IPUIPlugin
2025-05-26 04:06:56,300 [INFO] IPUIPlugin:80 - create IPUIPlugin
2025-05-26 04:06:56,300 [INFO] IPUIPlugin:80 - create IPUIPlugin
2025-05-26 04:06:56,300 [INFO] IPUIPlugin:80 - create IPUIPlugin
2025-05-26 04:06:56,300 [INFO] IPUIPlugin:80 - create IPUIPlugin
2025-05-26 04:06:56,300 [INFO] IPUIPlugin:80 - create IPUIPlugin
2025-05-26 04:06:56,300 [INFO] IPUIPlugin:80 - create IPUIPlugin
2025-05-26 04:06:56,301 [INFO] IPUIPlugin:80 - create IPUIPlugin
2025-05-26 04:06:56,301 [INFO] IPUIPlugin:80 - create IPUIPlugin
2025-05-26 04:06:56,301 [INFO] IPUIPlugin:80 - create IPUIPlugin
2025-05-26 04:06:56,301 [INFO] IPUIPlugin:80 - create IPUIPlugin
2025-05-26 04:06:56,301 [INFO] IPUIPlugin:80 - create IPUIPlugin
2025-05-26 04:06:56,301 [INFO] IPUIPlugin:80 - create IPUIPlugin
2025-05-26 04:06:56,301 [INFO] IPUIPlugin:80 - create IPUIPlugin
2025-05-26 04:06:56,301 [INFO] IPUIPlugin:80 - create IPUIPlugin
2025-05-26 04:06:56,301 [INFO] IPUIPlugin:80 - create IPUIPlugin
2025-05-26 04:06:56,301 [INFO] IPUIPlugin:80 - create IPUIPlugin
2025-05-26 04:06:56,301 [INFO] IPUIPlugin:80 - create IPUIPlugin
2025-05-26 04:06:56,301 [INFO] IPUIPlugin:80 - create IPUIPlugin
2025-05-26 04:06:56,301 [INFO] IPUIPlugin:80 - create IPUIPlugin
2025-05-26 04:06:56,301 [INFO] IPUIPlugin:80 - create IPUIPlugin
2025-05-26 04:06:56,301 [INFO] IPUIPlugin:80 - create IPUIPlugin
2025-05-26 04:06:56,301 [INFO] IPUIPlugin:80 - create IPUIPlugin
2025-05-26 04:06:56,302 [INFO] IPUIPlugin:80 - create IPUIPlugin
2025-05-26 04:06:56,302 [INFO] IPUIPlugin:80 - create IPUIPlugin
2025-05-26 04:06:56,302 [INFO] IPUIPlugin:80 - create IPUIPlugin
2025-05-26 04:06:56,302 [INFO] IPUIPlugin:80 - create IPUIPlugin
2025-05-26 04:06:56,302 [INFO] IPUIPlugin:80 - create IPUIPlugin
2025-05-26 04:06:56,302 [INFO] IPUIPlugin:80 - create IPUIPlugin
2025-05-26 04:06:56,302 [INFO] IPUIPlugin:80 - create IPUIPlugin
2025-05-26 04:06:56,303 [INFO] IPUIPlugin:80 - create IPUIPlugin
2025-05-26 04:06:56,315 [INFO] ApiDbMcu:508 - Load IP Config File for PDM2PCM
2025-05-26 04:06:56,343 [WARN] FreeRTOS:1023 - Null or empty value: should not occur! (nothing added to the table)
2025-05-26 04:06:56,462 [INFO] CADModel:165 - CPN selected for project levelSTM32F411CEU6
2025-05-26 04:06:56,462 [INFO] CADModel:114 - Register for checkConnection events
2025-05-26 04:06:56,470 [INFO] RtosManager:697 - Active RTOS found at IOC load: FREERTOS [Cortex-M4NS]
2025-05-26 04:06:56,539 [INFO] OpenFileManager:363 - Restore cursor
